
 /----------------------------------------------------------------------------\
 |  yosys -- Yosys Open SYnthesis Suite                                       |
 |  Copyright (C) 2012 - 2026  Claire Xenia Wolf <claire@yosyshq.com>         |
 |  Distributed under an ISC-like license, type "license" to see terms        |
 \----------------------------------------------------------------------------/
 Yosys 0.67+40 (git sha1 45ea2b8d6-dirty, Release, Clang /usr/bin/clang++ 18.1.8)

-- Running command `read_verilog -sv *.v; synth -top arm16_top -flatten; dfflibmap -liberty /home/moein/.ciel/ciel/sky130/versions/8afc8346a57fe1ab7934ba5a6056ea8b43078e71/sky130A/libs.ref/sky130_fd_sc_hd/lib/sky130_fd_sc_hd__tt_025C_1v80.lib; abc -liberty /home/moein/.ciel/ciel/sky130/versions/8afc8346a57fe1ab7934ba5a6056ea8b43078e71/sky130A/libs.ref/sky130_fd_sc_hd/lib/sky130_fd_sc_hd__tt_025C_1v80.lib; opt_clean -purge; stat -liberty /home/moein/.ciel/ciel/sky130/versions/8afc8346a57fe1ab7934ba5a6056ea8b43078e71/sky130A/libs.ref/sky130_fd_sc_hd/lib/sky130_fd_sc_hd__tt_025C_1v80.lib' --

1. Executing Verilog-2005 frontend: EXE_stage.v
Parsing SystemVerilog input from `EXE_stage.v' to AST representation.
Generating RTLIL representation for module `\EXE_stage'.
Successfully finished Verilog frontend.

2. Executing Verilog-2005 frontend: EXE_stage_reg.v
Parsing SystemVerilog input from `EXE_stage_reg.v' to AST representation.
Generating RTLIL representation for module `\EXE_stage_reg'.
Successfully finished Verilog frontend.

3. Executing Verilog-2005 frontend: ID_stage.v
Parsing SystemVerilog input from `ID_stage.v' to AST representation.
Generating RTLIL representation for module `\ID_stage'.
Successfully finished Verilog frontend.

4. Executing Verilog-2005 frontend: ID_stage_reg.v
Parsing SystemVerilog input from `ID_stage_reg.v' to AST representation.
Generating RTLIL representation for module `\ID_stage_reg'.
Successfully finished Verilog frontend.

5. Executing Verilog-2005 frontend: IF_stage.v
Parsing SystemVerilog input from `IF_stage.v' to AST representation.
Generating RTLIL representation for module `\IF_stage'.
Successfully finished Verilog frontend.

6. Executing Verilog-2005 frontend: IF_stage_reg.v
Parsing SystemVerilog input from `IF_stage_reg.v' to AST representation.
Generating RTLIL representation for module `\IF_stage_reg'.
Successfully finished Verilog frontend.

7. Executing Verilog-2005 frontend: MEM_stage.v
Parsing SystemVerilog input from `MEM_stage.v' to AST representation.
Generating RTLIL representation for module `\MEM_stage'.
Successfully finished Verilog frontend.

8. Executing Verilog-2005 frontend: MEM_stage_reg.v
Parsing SystemVerilog input from `MEM_stage_reg.v' to AST representation.
Generating RTLIL representation for module `\MEM_stage_reg'.
Successfully finished Verilog frontend.

9. Executing Verilog-2005 frontend: WB_stage.v
Parsing SystemVerilog input from `WB_stage.v' to AST representation.
Generating RTLIL representation for module `\WB_stage'.
Successfully finished Verilog frontend.

10. Executing Verilog-2005 frontend: alu.v
Parsing SystemVerilog input from `alu.v' to AST representation.
Generating RTLIL representation for module `\alu'.
alu.v:29: Warning: Range select out of bounds on signal `\alu_result': Setting result bit to undef.
alu.v:32: Warning: Range select out of bounds on signal `\alu_in_1': Setting result bit to undef.
alu.v:32: Warning: Range select out of bounds on signal `\alu_in_2': Setting result bit to undef.
alu.v:32: Warning: Range select out of bounds on signal `\alu_result': Setting result bit to undef.
alu.v:33: Warning: Range select out of bounds on signal `\alu_in_1': Setting result bit to undef.
alu.v:33: Warning: Range select out of bounds on signal `\alu_in_2': Setting result bit to undef.
alu.v:33: Warning: Range select out of bounds on signal `\alu_result': Setting result bit to undef.
alu.v:33: Warning: Range select out of bounds on signal `\alu_in_2': Setting result bit to undef.
Successfully finished Verilog frontend.

11. Executing Verilog-2005 frontend: arm16_top.v
Parsing SystemVerilog input from `arm16_top.v' to AST representation.
Generating RTLIL representation for module `\arm16_top'.
Successfully finished Verilog frontend.

12. Executing Verilog-2005 frontend: arm_processor.v
Parsing SystemVerilog input from `arm_processor.v' to AST representation.
Generating RTLIL representation for module `\arm_processor'.
Successfully finished Verilog frontend.

13. Executing Verilog-2005 frontend: condition_check.v
Parsing SystemVerilog input from `condition_check.v' to AST representation.
Generating RTLIL representation for module `\condition_check'.
Successfully finished Verilog frontend.

14. Executing Verilog-2005 frontend: control_unit.v
Parsing SystemVerilog input from `control_unit.v' to AST representation.
Generating RTLIL representation for module `\control_unit'.
Successfully finished Verilog frontend.

15. Executing Verilog-2005 frontend: forwarding_unit.v
Parsing SystemVerilog input from `forwarding_unit.v' to AST representation.
Generating RTLIL representation for module `\forwarding_unit'.
Successfully finished Verilog frontend.

16. Executing Verilog-2005 frontend: hazard_detection.v
Parsing SystemVerilog input from `hazard_detection.v' to AST representation.
Generating RTLIL representation for module `\hazard_detection'.
Successfully finished Verilog frontend.

17. Executing Verilog-2005 frontend: qspi_master.v
Parsing SystemVerilog input from `qspi_master.v' to AST representation.
Generating RTLIL representation for module `\qspi_master'.
Successfully finished Verilog frontend.

18. Executing Verilog-2005 frontend: register_file.v
Parsing SystemVerilog input from `register_file.v' to AST representation.
Generating RTLIL representation for module `\register_file'.
Successfully finished Verilog frontend.

19. Executing Verilog-2005 frontend: status_register.v
Parsing SystemVerilog input from `status_register.v' to AST representation.
Generating RTLIL representation for module `\status_register'.
Successfully finished Verilog frontend.

20. Executing Verilog-2005 frontend: val2_generator.v
Parsing SystemVerilog input from `val2_generator.v' to AST representation.
Generating RTLIL representation for module `\val2_generator'.
Successfully finished Verilog frontend.

21. Executing SYNTH pass.

21.1. Executing HIERARCHY pass (managing design hierarchy).

21.1.1. Analyzing design hierarchy..
Top module:  \arm16_top
Used module:     \qspi_master
Used module:     \arm_processor
Used module:         \WB_stage
Used module:         \MEM_stage_reg
Used module:         \MEM_stage
Used module:         \EXE_stage_reg
Used module:         \EXE_stage
Used module:             \alu
Used module:             \val2_generator
Used module:         \ID_stage_reg
Used module:         \ID_stage
Used module:             \register_file
Used module:             \control_unit
Used module:             \condition_check
Used module:         \IF_stage_reg
Used module:         \IF_stage
Used module:         \status_register
Used module:         \forwarding_unit
Used module:         \hazard_detection

21.1.2. Analyzing design hierarchy..
Top module:  \arm16_top
Used module:     \qspi_master
Used module:     \arm_processor
Used module:         \WB_stage
Used module:         \MEM_stage_reg
Used module:         \MEM_stage
Used module:         \EXE_stage_reg
Used module:         \EXE_stage
Used module:             \alu
Used module:             \val2_generator
Used module:         \ID_stage_reg
Used module:         \ID_stage
Used module:             \register_file
Used module:             \control_unit
Used module:             \condition_check
Used module:         \IF_stage_reg
Used module:         \IF_stage
Used module:         \status_register
Used module:         \forwarding_unit
Used module:         \hazard_detection
Removed 0 unused modules.

21.2. Executing PROC pass (convert processes to netlists).

21.2.1. Executing PROC_CLEAN pass (remove empty switches from decision trees).
Cleaned up 0 empty switches.

21.2.2. Executing PROC_RMDEAD pass (remove dead branches from decision trees).
Marked 2 switch rules as full_case in process $proc$status_register.v:10$279 in module status_register.
Marked 1 switch rules as full_case in process $proc$register_file.v:26$233 in module register_file.
Marked 4 switch rules as full_case in process $proc$qspi_master.v:40$200 in module qspi_master.
Marked 1 switch rules as full_case in process $proc$control_unit.v:89$148 in module control_unit.
Marked 1 switch rules as full_case in process $proc$condition_check.v:34$64 in module condition_check.
Marked 1 switch rules as full_case in process $proc$alu.v:37$49 in module alu.
Marked 2 switch rules as full_case in process $proc$MEM_stage_reg.v:18$34 in module MEM_stage_reg.
Marked 2 switch rules as full_case in process $proc$IF_stage_reg.v:18$29 in module IF_stage_reg.
Marked 1 switch rules as full_case in process $proc$IF_stage.v:30$27 in module IF_stage.
Marked 3 switch rules as full_case in process $proc$IF_stage.v:23$26 in module IF_stage.
Marked 2 switch rules as full_case in process $proc$ID_stage_reg.v:49$22 in module ID_stage_reg.
Marked 2 switch rules as full_case in process $proc$EXE_stage_reg.v:20$9 in module EXE_stage_reg.
Removed a total of 0 dead cases.

21.2.3. Executing PROC_PRUNE pass (remove redundant assignments in processes).
Removed 35 redundant assignments.
Promoted 25 assignments to connections.

21.2.4. Executing PROC_INIT pass (extract init attributes).

21.2.5. Executing PROC_ARST pass (detect async resets in processes).
Found async reset \rst in `\status_register.$proc$status_register.v:10$279'.
Found async reset \rst in `\MEM_stage_reg.$proc$MEM_stage_reg.v:18$34'.
Found async reset \rst in `\EXE_stage_reg.$proc$EXE_stage_reg.v:20$9'.

21.2.6. Executing PROC_ROM pass (convert switches to ROMs).
Converted 0 switches.
<suppressed ~28 debug messages>

21.2.7. Executing PROC_MUX pass (convert decision trees to multiplexers).
Creating decoders for process `\status_register.$proc$status_register.v:10$279'.
     1/1: $0\status_output[3:0]
Creating decoders for process `\register_file.$proc$register_file.v:17$263'.
Creating decoders for process `\register_file.$proc$register_file.v:15$262'.
Creating decoders for process `\register_file.$proc$register_file.v:26$233'.
     1/6: $1$memwr$\register_file_data$register_file.v:27$229_EN[15:0]$242
     2/6: $1$memwr$\register_file_data$register_file.v:27$229_DATA[15:0]$241
     3/6: $1$memwr$\register_file_data$register_file.v:27$229_ADDR[3:0]$240
     4/6: $1$memwr$\register_file_data$register_file.v:28$230_EN[15:0]$245
     5/6: $1$memwr$\register_file_data$register_file.v:28$230_DATA[15:0]$244
     6/6: $1$memwr$\register_file_data$register_file.v:28$230_ADDR[3:0]$243
Creating decoders for process `\qspi_master.$proc$qspi_master.v:40$200'.
     1/15: $0\data_ready_out[0:0]
     2/15: $0\instr_ready_out[0:0]
     3/15: $0\is_write[0:0]
     4/15: $0\is_instr[0:0]
     5/15: $0\rxreg[31:0]
     6/15: $0\shifter[31:0]
     7/15: $0\bitcnt[5:0]
     8/15: $0\state[2:0]
     9/15: $0\qspi_dq_oe_out[3:0]
    10/15: $0\qspi_cs_ram_n_out[0:0]
    11/15: $0\qspi_cs_flash_n_out[0:0]
    12/15: $0\qspi_clk_out[0:0]
    13/15: $0\data_rdata_out[15:0]
    14/15: $0\instr_data_out[31:0]
    15/15: $0\dq_o[3:0]
Creating decoders for process `\control_unit.$proc$control_unit.v:89$148'.
     1/5: $0\wb_en[0:0]
     2/5: $0\execute_command[3:0]
     3/5: $0\branch_taken[0:0]
     4/5: $0\mem_r_en[0:0]
     5/5: $0\mem_w_en[0:0]
Creating decoders for process `\condition_check.$proc$condition_check.v:34$64'.
     1/1: $0\condition_is_met[0:0]
Creating decoders for process `\alu.$proc$alu.v:37$49'.
     1/2: $1\sr_bit_C_out[0:0]
     2/2: $1\alu_result[15:0]
Creating decoders for process `\MEM_stage_reg.$proc$MEM_stage_reg.v:18$34'.
     1/5: $0\wb_reg_dest_out[3:0]
     2/5: $0\data_memory_result_out[15:0]
     3/5: $0\alu_result_out[15:0]
     4/5: $0\mem_r_en_out[0:0]
     5/5: $0\wb_en_out[0:0]
Creating decoders for process `\IF_stage_reg.$proc$IF_stage_reg.v:18$29'.
     1/1: { $0\pc_plus_four_out[15:0] $0\instruction_out[31:0] }
Creating decoders for process `\IF_stage.$proc$IF_stage.v:30$27'.
     1/1: $0\instruction_mem_out[31:0]
Creating decoders for process `\IF_stage.$proc$IF_stage.v:23$26'.
     1/1: $0\pc_reg_out[15:0]
Creating decoders for process `\ID_stage_reg.$proc$ID_stage_reg.v:49$22'.
     1/18: $0\instr_has_src2_out[0:0]
     2/18: $0\instr_has_src1_out[0:0]
     3/18: $0\exe_src2_out[3:0]
     4/18: $0\exe_src1_out[3:0]
     5/18: $0\status_bits_out[3:0]
     6/18: $0\val_rm_out[15:0]
     7/18: $0\val_rn_out[15:0]
     8/18: $0\instr_is_immediate_out[0:0]
     9/18: $0\instr_shifter_opperand_out[11:0]
    10/18: $0\branch_immediate_out[15:0]
    11/18: $0\pc_plus_four_out[15:0]
    12/18: $0\wb_reg_dest_out[3:0]
    13/18: $0\do_update_sr_out[0:0]
    14/18: $0\execute_command_out[3:0]
    15/18: $0\branch_taken_out[0:0]
    16/18: $0\mem_w_en_out[0:0]
    17/18: $0\mem_r_en_out[0:0]
    18/18: $0\wb_en_out[0:0]
Creating decoders for process `\EXE_stage_reg.$proc$EXE_stage_reg.v:20$9'.
     1/6: $0\val_rm_out[15:0]
     2/6: $0\wb_reg_dest_out[3:0]
     3/6: $0\ALU_result_out[15:0]
     4/6: $0\mem_w_en_out[0:0]
     5/6: $0\mem_r_en_out[0:0]
     6/6: $0\wb_en_out[0:0]

21.2.8. Executing PROC_DLATCH pass (convert process syncs to latches).
No latch inferred for signal `\register_file.\i' from process `\register_file.$proc$register_file.v:17$263'.
No latch inferred for signal `\register_file.$memwr$\register_file_data$register_file.v:19$214_EN' from process `\register_file.$proc$register_file.v:17$263'.
No latch inferred for signal `\register_file.$memwr$\register_file_data$register_file.v:19$215_EN' from process `\register_file.$proc$register_file.v:17$263'.
No latch inferred for signal `\register_file.$memwr$\register_file_data$register_file.v:19$216_EN' from process `\register_file.$proc$register_file.v:17$263'.
No latch inferred for signal `\register_file.$memwr$\register_file_data$register_file.v:19$217_EN' from process `\register_file.$proc$register_file.v:17$263'.
No latch inferred for signal `\register_file.$memwr$\register_file_data$register_file.v:19$218_EN' from process `\register_file.$proc$register_file.v:17$263'.
No latch inferred for signal `\register_file.$memwr$\register_file_data$register_file.v:19$219_EN' from process `\register_file.$proc$register_file.v:17$263'.
No latch inferred for signal `\register_file.$memwr$\register_file_data$register_file.v:19$220_EN' from process `\register_file.$proc$register_file.v:17$263'.
No latch inferred for signal `\register_file.$memwr$\register_file_data$register_file.v:19$221_EN' from process `\register_file.$proc$register_file.v:17$263'.
No latch inferred for signal `\register_file.$memwr$\register_file_data$register_file.v:19$222_EN' from process `\register_file.$proc$register_file.v:17$263'.
No latch inferred for signal `\register_file.$memwr$\register_file_data$register_file.v:19$223_EN' from process `\register_file.$proc$register_file.v:17$263'.
No latch inferred for signal `\register_file.$memwr$\register_file_data$register_file.v:19$224_EN' from process `\register_file.$proc$register_file.v:17$263'.
No latch inferred for signal `\register_file.$memwr$\register_file_data$register_file.v:19$225_EN' from process `\register_file.$proc$register_file.v:17$263'.
No latch inferred for signal `\register_file.$memwr$\register_file_data$register_file.v:19$226_EN' from process `\register_file.$proc$register_file.v:17$263'.
No latch inferred for signal `\register_file.$memwr$\register_file_data$register_file.v:19$227_EN' from process `\register_file.$proc$register_file.v:17$263'.
No latch inferred for signal `\register_file.$memwr$\register_file_data$register_file.v:19$228_EN' from process `\register_file.$proc$register_file.v:17$263'.
No latch inferred for signal `\register_file.\i' from process `\register_file.$proc$register_file.v:15$262'.
No latch inferred for signal `\control_unit.\execute_command' from process `\control_unit.$proc$control_unit.v:89$148'.
No latch inferred for signal `\control_unit.\wb_en' from process `\control_unit.$proc$control_unit.v:89$148'.
No latch inferred for signal `\control_unit.\mem_r_en' from process `\control_unit.$proc$control_unit.v:89$148'.
No latch inferred for signal `\control_unit.\mem_w_en' from process `\control_unit.$proc$control_unit.v:89$148'.
No latch inferred for signal `\control_unit.\branch_taken' from process `\control_unit.$proc$control_unit.v:89$148'.
No latch inferred for signal `\condition_check.\condition_is_met' from process `\condition_check.$proc$condition_check.v:34$64'.
No latch inferred for signal `\alu.\alu_result' from process `\alu.$proc$alu.v:37$49'.
No latch inferred for signal `\alu.\sr_bit_C_out' from process `\alu.$proc$alu.v:37$49'.

21.2.9. Executing PROC_DFF pass (convert process syncs to FFs).
Creating register for signal `\status_register.\status_output' using process `\status_register.$proc$status_register.v:10$279'.
  created $adff cell `$procdff$765' with negative edge clock and positive level reset.
Creating register for signal `\register_file.$memwr$\register_file_data$register_file.v:27$229_ADDR' using process `\register_file.$proc$register_file.v:26$233'.
  created $dff cell `$procdff$766' with negative edge clock.
Creating register for signal `\register_file.$memwr$\register_file_data$register_file.v:27$229_DATA' using process `\register_file.$proc$register_file.v:26$233'.
  created $dff cell `$procdff$767' with negative edge clock.
Creating register for signal `\register_file.$memwr$\register_file_data$register_file.v:27$229_EN' using process `\register_file.$proc$register_file.v:26$233'.
  created $dff cell `$procdff$768' with negative edge clock.
Creating register for signal `\register_file.$memwr$\register_file_data$register_file.v:28$230_ADDR' using process `\register_file.$proc$register_file.v:26$233'.
  created $dff cell `$procdff$769' with negative edge clock.
Creating register for signal `\register_file.$memwr$\register_file_data$register_file.v:28$230_DATA' using process `\register_file.$proc$register_file.v:26$233'.
  created $dff cell `$procdff$770' with negative edge clock.
Creating register for signal `\register_file.$memwr$\register_file_data$register_file.v:28$230_EN' using process `\register_file.$proc$register_file.v:26$233'.
  created $dff cell `$procdff$771' with negative edge clock.
Creating register for signal `\qspi_master.\dq_o' using process `\qspi_master.$proc$qspi_master.v:40$200'.
  created $dff cell `$procdff$772' with positive edge clock.
Creating register for signal `\qspi_master.\instr_data_out' using process `\qspi_master.$proc$qspi_master.v:40$200'.
  created $dff cell `$procdff$773' with positive edge clock.
Creating register for signal `\qspi_master.\instr_ready_out' using process `\qspi_master.$proc$qspi_master.v:40$200'.
  created $dff cell `$procdff$774' with positive edge clock.
Creating register for signal `\qspi_master.\data_rdata_out' using process `\qspi_master.$proc$qspi_master.v:40$200'.
  created $dff cell `$procdff$775' with positive edge clock.
Creating register for signal `\qspi_master.\data_ready_out' using process `\qspi_master.$proc$qspi_master.v:40$200'.
  created $dff cell `$procdff$776' with positive edge clock.
Creating register for signal `\qspi_master.\qspi_clk_out' using process `\qspi_master.$proc$qspi_master.v:40$200'.
  created $dff cell `$procdff$777' with positive edge clock.
Creating register for signal `\qspi_master.\qspi_cs_flash_n_out' using process `\qspi_master.$proc$qspi_master.v:40$200'.
  created $dff cell `$procdff$778' with positive edge clock.
Creating register for signal `\qspi_master.\qspi_cs_ram_n_out' using process `\qspi_master.$proc$qspi_master.v:40$200'.
  created $dff cell `$procdff$779' with positive edge clock.
Creating register for signal `\qspi_master.\qspi_dq_oe_out' using process `\qspi_master.$proc$qspi_master.v:40$200'.
  created $dff cell `$procdff$780' with positive edge clock.
Creating register for signal `\qspi_master.\state' using process `\qspi_master.$proc$qspi_master.v:40$200'.
  created $dff cell `$procdff$781' with positive edge clock.
Creating register for signal `\qspi_master.\bitcnt' using process `\qspi_master.$proc$qspi_master.v:40$200'.
  created $dff cell `$procdff$782' with positive edge clock.
Creating register for signal `\qspi_master.\shifter' using process `\qspi_master.$proc$qspi_master.v:40$200'.
  created $dff cell `$procdff$783' with positive edge clock.
Creating register for signal `\qspi_master.\rxreg' using process `\qspi_master.$proc$qspi_master.v:40$200'.
  created $dff cell `$procdff$784' with positive edge clock.
Creating register for signal `\qspi_master.\is_instr' using process `\qspi_master.$proc$qspi_master.v:40$200'.
  created $dff cell `$procdff$785' with positive edge clock.
Creating register for signal `\qspi_master.\is_write' using process `\qspi_master.$proc$qspi_master.v:40$200'.
  created $dff cell `$procdff$786' with positive edge clock.
Creating register for signal `\MEM_stage_reg.\wb_reg_dest_out' using process `\MEM_stage_reg.$proc$MEM_stage_reg.v:18$34'.
  created $adff cell `$procdff$789' with positive edge clock and positive level reset.
Creating register for signal `\MEM_stage_reg.\wb_en_out' using process `\MEM_stage_reg.$proc$MEM_stage_reg.v:18$34'.
  created $adff cell `$procdff$792' with positive edge clock and positive level reset.
Creating register for signal `\MEM_stage_reg.\mem_r_en_out' using process `\MEM_stage_reg.$proc$MEM_stage_reg.v:18$34'.
  created $adff cell `$procdff$795' with positive edge clock and positive level reset.
Creating register for signal `\MEM_stage_reg.\alu_result_out' using process `\MEM_stage_reg.$proc$MEM_stage_reg.v:18$34'.
  created $adff cell `$procdff$798' with positive edge clock and positive level reset.
Creating register for signal `\MEM_stage_reg.\data_memory_result_out' using process `\MEM_stage_reg.$proc$MEM_stage_reg.v:18$34'.
  created $adff cell `$procdff$801' with positive edge clock and positive level reset.
Creating register for signal `\IF_stage_reg.\pc_plus_four_out' using process `\IF_stage_reg.$proc$IF_stage_reg.v:18$29'.
  created $dff cell `$procdff$802' with positive edge clock.
Creating register for signal `\IF_stage_reg.\instruction_out' using process `\IF_stage_reg.$proc$IF_stage_reg.v:18$29'.
  created $dff cell `$procdff$803' with positive edge clock.
Creating register for signal `\IF_stage.\instruction_mem_out' using process `\IF_stage.$proc$IF_stage.v:30$27'.
  created $dff cell `$procdff$804' with positive edge clock.
Creating register for signal `\IF_stage.\pc_reg_out' using process `\IF_stage.$proc$IF_stage.v:23$26'.
  created $dff cell `$procdff$805' with positive edge clock.
Creating register for signal `\ID_stage_reg.\wb_reg_dest_out' using process `\ID_stage_reg.$proc$ID_stage_reg.v:49$22'.
  created $dff cell `$procdff$806' with positive edge clock.
Creating register for signal `\ID_stage_reg.\wb_en_out' using process `\ID_stage_reg.$proc$ID_stage_reg.v:49$22'.
  created $dff cell `$procdff$807' with positive edge clock.
Creating register for signal `\ID_stage_reg.\do_update_sr_out' using process `\ID_stage_reg.$proc$ID_stage_reg.v:49$22'.
  created $dff cell `$procdff$808' with positive edge clock.
Creating register for signal `\ID_stage_reg.\mem_r_en_out' using process `\ID_stage_reg.$proc$ID_stage_reg.v:49$22'.
  created $dff cell `$procdff$809' with positive edge clock.
Creating register for signal `\ID_stage_reg.\mem_w_en_out' using process `\ID_stage_reg.$proc$ID_stage_reg.v:49$22'.
  created $dff cell `$procdff$810' with positive edge clock.
Creating register for signal `\ID_stage_reg.\branch_taken_out' using process `\ID_stage_reg.$proc$ID_stage_reg.v:49$22'.
  created $dff cell `$procdff$811' with positive edge clock.
Creating register for signal `\ID_stage_reg.\val_rm_out' using process `\ID_stage_reg.$proc$ID_stage_reg.v:49$22'.
  created $dff cell `$procdff$812' with positive edge clock.
Creating register for signal `\ID_stage_reg.\status_bits_out' using process `\ID_stage_reg.$proc$ID_stage_reg.v:49$22'.
  created $dff cell `$procdff$813' with positive edge clock.
Creating register for signal `\ID_stage_reg.\execute_command_out' using process `\ID_stage_reg.$proc$ID_stage_reg.v:49$22'.
  created $dff cell `$procdff$814' with positive edge clock.
Creating register for signal `\ID_stage_reg.\pc_plus_four_out' using process `\ID_stage_reg.$proc$ID_stage_reg.v:49$22'.
  created $dff cell `$procdff$815' with positive edge clock.
Creating register for signal `\ID_stage_reg.\branch_immediate_out' using process `\ID_stage_reg.$proc$ID_stage_reg.v:49$22'.
  created $dff cell `$procdff$816' with positive edge clock.
Creating register for signal `\ID_stage_reg.\instr_is_immediate_out' using process `\ID_stage_reg.$proc$ID_stage_reg.v:49$22'.
  created $dff cell `$procdff$817' with positive edge clock.
Creating register for signal `\ID_stage_reg.\instr_shifter_opperand_out' using process `\ID_stage_reg.$proc$ID_stage_reg.v:49$22'.
  created $dff cell `$procdff$818' with positive edge clock.
Creating register for signal `\ID_stage_reg.\val_rn_out' using process `\ID_stage_reg.$proc$ID_stage_reg.v:49$22'.
  created $dff cell `$procdff$819' with positive edge clock.
Creating register for signal `\ID_stage_reg.\instr_has_src1_out' using process `\ID_stage_reg.$proc$ID_stage_reg.v:49$22'.
  created $dff cell `$procdff$820' with positive edge clock.
Creating register for signal `\ID_stage_reg.\instr_has_src2_out' using process `\ID_stage_reg.$proc$ID_stage_reg.v:49$22'.
  created $dff cell `$procdff$821' with positive edge clock.
Creating register for signal `\ID_stage_reg.\exe_src1_out' using process `\ID_stage_reg.$proc$ID_stage_reg.v:49$22'.
  created $dff cell `$procdff$822' with positive edge clock.
Creating register for signal `\ID_stage_reg.\exe_src2_out' using process `\ID_stage_reg.$proc$ID_stage_reg.v:49$22'.
  created $dff cell `$procdff$823' with positive edge clock.
Creating register for signal `\EXE_stage_reg.\wb_reg_dest_out' using process `\EXE_stage_reg.$proc$EXE_stage_reg.v:20$9'.
  created $adff cell `$procdff$826' with positive edge clock and positive level reset.
Creating register for signal `\EXE_stage_reg.\wb_en_out' using process `\EXE_stage_reg.$proc$EXE_stage_reg.v:20$9'.
  created $adff cell `$procdff$829' with positive edge clock and positive level reset.
Creating register for signal `\EXE_stage_reg.\mem_r_en_out' using process `\EXE_stage_reg.$proc$EXE_stage_reg.v:20$9'.
  created $adff cell `$procdff$832' with positive edge clock and positive level reset.
Creating register for signal `\EXE_stage_reg.\mem_w_en_out' using process `\EXE_stage_reg.$proc$EXE_stage_reg.v:20$9'.
  created $adff cell `$procdff$835' with positive edge clock and positive level reset.
Creating register for signal `\EXE_stage_reg.\val_rm_out' using process `\EXE_stage_reg.$proc$EXE_stage_reg.v:20$9'.
  created $adff cell `$procdff$838' with positive edge clock and positive level reset.
Creating register for signal `\EXE_stage_reg.\ALU_result_out' using process `\EXE_stage_reg.$proc$EXE_stage_reg.v:20$9'.
  created $adff cell `$procdff$841' with positive edge clock and positive level reset.

21.2.10. Executing PROC_MEMWR pass (convert process memory writes to cells).

21.2.11. Executing PROC_CLEAN pass (remove empty switches from decision trees).
Found and cleaned up 1 empty switch in `\status_register.$proc$status_register.v:10$279'.
Removing empty process `status_register.$proc$status_register.v:10$279'.
Removing empty process `register_file.$proc$register_file.v:17$263'.
Removing empty process `register_file.$proc$register_file.v:15$262'.
Found and cleaned up 1 empty switch in `\register_file.$proc$register_file.v:26$233'.
Removing empty process `register_file.$proc$register_file.v:26$233'.
Found and cleaned up 11 empty switches in `\qspi_master.$proc$qspi_master.v:40$200'.
Removing empty process `qspi_master.$proc$qspi_master.v:40$200'.
Found and cleaned up 1 empty switch in `\control_unit.$proc$control_unit.v:89$148'.
Removing empty process `control_unit.$proc$control_unit.v:89$148'.
Found and cleaned up 1 empty switch in `\condition_check.$proc$condition_check.v:34$64'.
Removing empty process `condition_check.$proc$condition_check.v:34$64'.
Found and cleaned up 1 empty switch in `\alu.$proc$alu.v:37$49'.
Removing empty process `alu.$proc$alu.v:37$49'.
Found and cleaned up 1 empty switch in `\MEM_stage_reg.$proc$MEM_stage_reg.v:18$34'.
Removing empty process `MEM_stage_reg.$proc$MEM_stage_reg.v:18$34'.
Found and cleaned up 2 empty switches in `\IF_stage_reg.$proc$IF_stage_reg.v:18$29'.
Removing empty process `IF_stage_reg.$proc$IF_stage_reg.v:18$29'.
Found and cleaned up 2 empty switches in `\IF_stage.$proc$IF_stage.v:30$27'.
Removing empty process `IF_stage.$proc$IF_stage.v:30$27'.
Found and cleaned up 4 empty switches in `\IF_stage.$proc$IF_stage.v:23$26'.
Removing empty process `IF_stage.$proc$IF_stage.v:23$26'.
Found and cleaned up 2 empty switches in `\ID_stage_reg.$proc$ID_stage_reg.v:49$22'.
Removing empty process `ID_stage_reg.$proc$ID_stage_reg.v:49$22'.
Found and cleaned up 1 empty switch in `\EXE_stage_reg.$proc$EXE_stage_reg.v:20$9'.
Removing empty process `EXE_stage_reg.$proc$EXE_stage_reg.v:20$9'.
Cleaned up 28 empty switches.

21.2.12. Executing OPT_EXPR pass (perform const folding).
Optimizing module val2_generator.
<suppressed ~3 debug messages>
Optimizing module status_register.
<suppressed ~1 debug messages>
Optimizing module register_file.
Optimizing module qspi_master.
<suppressed ~9 debug messages>
Optimizing module hazard_detection.
Optimizing module forwarding_unit.
<suppressed ~2 debug messages>
Optimizing module control_unit.
<suppressed ~12 debug messages>
Optimizing module condition_check.
<suppressed ~1 debug messages>
Optimizing module arm_processor.
Optimizing module arm16_top.
Optimizing module alu.
<suppressed ~7 debug messages>
Optimizing module WB_stage.
Optimizing module MEM_stage_reg.
<suppressed ~5 debug messages>
Optimizing module MEM_stage.
Optimizing module IF_stage_reg.
Optimizing module IF_stage.
Optimizing module ID_stage_reg.
Optimizing module ID_stage.
<suppressed ~1 debug messages>
Optimizing module EXE_stage_reg.
<suppressed ~6 debug messages>
Optimizing module EXE_stage.

21.3. Executing CHECK pass (checking for obvious problems).
Checking module val2_generator...
Checking module status_register...
Checking module register_file...
Checking module qspi_master...
Checking module hazard_detection...
Checking module forwarding_unit...
Checking module control_unit...
Checking module condition_check...
Checking module arm_processor...
Checking module arm16_top...
Checking module alu...
Checking module WB_stage...
Checking module MEM_stage_reg...
Checking module MEM_stage...
Checking module IF_stage_reg...
Checking module IF_stage...
Checking module ID_stage_reg...
Checking module ID_stage...
Checking module EXE_stage_reg...
Checking module EXE_stage...
Found and reported 0 problems.

21.4. Executing FLATTEN pass (flatten design).
Deleting now unused module val2_generator.
Deleting now unused module status_register.
Deleting now unused module register_file.
Deleting now unused module qspi_master.
Deleting now unused module hazard_detection.
Deleting now unused module forwarding_unit.
Deleting now unused module control_unit.
Deleting now unused module condition_check.
Deleting now unused module arm_processor.
Deleting now unused module alu.
Deleting now unused module WB_stage.
Deleting now unused module MEM_stage_reg.
Deleting now unused module MEM_stage.
Deleting now unused module IF_stage_reg.
Deleting now unused module IF_stage.
Deleting now unused module ID_stage_reg.
Deleting now unused module ID_stage.
Deleting now unused module EXE_stage_reg.
Deleting now unused module EXE_stage.
<suppressed ~19 debug messages>

21.5. Executing OPT_EXPR pass (perform const folding).
Optimizing module arm16_top.
Couldn't topologically sort cells, optimizing module arm16_top may take a longer time.
Couldn't topologically sort cells, optimizing module arm16_top may take a longer time.
Couldn't topologically sort cells, optimizing module arm16_top may take a longer time.
<suppressed ~40 debug messages>

21.6. Executing OPT_CLEAN pass (remove unused cells and wires).
Finding unused cells or wires in module \arm16_top..
Removed 14 unused cells and 315 unused wires.
<suppressed ~26 debug messages>

21.7. Executing CHECK pass (checking for obvious problems).
Checking module arm16_top...
Warning: found logic loop in module arm16_top:
    cell $flatten\cpu.\id_stage_unit.$ternary$ID_stage.v:111$17 ($mux) source: ID_stage.v:111.39-111.88
      S[0] --> Y[0]
    wire \cpu.id_reg_unit.mem_w_en_in source: ID_stage_reg.v:8.25-8.36
    cell $flatten\cpu.\id_stage_unit.$ternary$ID_stage.v:102$12 ($mux) source: ID_stage.v:102.39-102.79
      S[0] --> Y[0]
    wire \cpu.hazard_unit.id_src2_in [0] source: hazard_detection.v:3.25-3.35
    cell $flatten\cpu.\hazard_unit.$eq$hazard_detection.v:23$180 ($eq) source: hazard_detection.v:23.22-23.54
      B[0] --> Y[0]
    cell $flatten\cpu.\hazard_unit.$and$hazard_detection.v:23$181 ($and) source: hazard_detection.v:23.21-23.73
      A[0] --> Y[0]
    cell $flatten\cpu.\hazard_unit.$or$hazard_detection.v:20$182 ($or) source: hazard_detection.v:20.39-23.74
      B[0] --> Y[0]
    cell $flatten\cpu.\hazard_unit.$and$hazard_detection.v:20$183 ($and) source: hazard_detection.v:20.21-23.75
      B[0] --> Y[0]
    cell $flatten\cpu.\hazard_unit.$or$hazard_detection.v:19$190 ($or) source: hazard_detection.v:19.17-29.18
      A[0] --> Y[0]
    cell $flatten\cpu.\hazard_unit.$and$hazard_detection.v:18$191 ($and) source: hazard_detection.v:18.13-30.14
      B[0] --> Y[0]
    cell $flatten\cpu.\hazard_unit.$or$hazard_detection.v:17$199 ($or) source: hazard_detection.v:17.9-36.10
      A[0] --> Y[0]
    wire \cpu.hazard_out_hazard source: arm_processor.v:22.25-22.42
    cell $flatten\cpu.\id_stage_unit.$or$ID_stage.v:108$14 ($or) source: ID_stage.v:108.40-108.69
      B[0] --> Y[0]
    wire \cpu.id_stage_unit.terminate_ctrl_signals source: ID_stage.v:71.25-71.47
Found and reported 1 problems.

21.8. Executing OPT pass (performing simple optimizations).

21.8.1. Executing OPT_EXPR pass (perform const folding).
Optimizing module arm16_top.
Couldn't topologically sort cells, optimizing module arm16_top may take a longer time.
Couldn't topologically sort cells, optimizing module arm16_top may take a longer time.

21.8.2. Executing OPT_MERGE pass (detect identical cells).
Finding identical cells in module `\arm16_top'.
Computing hashes of 518 cells of `\arm16_top'.
Finding duplicate cells in `\arm16_top'.
Computing hashes of 439 cells of `\arm16_top'.
Finding duplicate cells in `\arm16_top'.
Computing hashes of 432 cells of `\arm16_top'.
Finding duplicate cells in `\arm16_top'.
Computing hashes of 431 cells of `\arm16_top'.
Finding duplicate cells in `\arm16_top'.
<suppressed ~261 debug messages>
Removed a total of 87 cells.

21.8.3. Executing OPT_MUXTREE pass (detect dead branches in mux trees).
Running muxtree optimizer on module \arm16_top..
  Creating internal representation of mux trees.
  Evaluating internal representation of mux trees.
  Analyzing evaluation results.
    dead port 2/2 on $mux $flatten\cpu.\forward_unit.$ternary$forwarding_unit.v:42$175.
    dead port 2/2 on $mux $flatten\cpu.\forward_unit.$ternary$forwarding_unit.v:38$169.
    dead port 1/2 on $mux $flatten\cpu.\exe_stage_unit.\val_unit.$ternary$val2_generator.v:47$281.
Removed 3 multiplexer ports.
<suppressed ~246 debug messages>

21.8.4. Executing OPT_REDUCE pass (consolidate $*mux and $reduce_* inputs).
  Optimizing cells in module \arm16_top.
    Consolidated identical input bits for $mux cell $flatten\cpu.\id_stage_unit.\regfile_unit.$procmux$302:
      Old ports: A=16'0000000000000000, B=16'1111111111111111, Y=$flatten\cpu.\id_stage_unit.\regfile_unit.$0$memwr$\register_file_data$register_file.v:27$229_EN[15:0]$236
      New ports: A=1'0, B=1'1, Y=$flatten\cpu.\id_stage_unit.\regfile_unit.$0$memwr$\register_file_data$register_file.v:27$229_EN[15:0]$236 [0]
      New connections: $flatten\cpu.\id_stage_unit.\regfile_unit.$0$memwr$\register_file_data$register_file.v:27$229_EN[15:0]$236 [15:1] = { $flatten\cpu.\id_stage_unit.\regfile_unit.$0$memwr$\register_file_data$register_file.v:27$229_EN[15:0]$236 [0] $flatten\cpu.\id_stage_unit.\regfile_unit.$0$memwr$\register_file_data$register_file.v:27$229_EN[15:0]$236 [0] $flatten\cpu.\id_stage_unit.\regfile_unit.$0$memwr$\register_file_data$register_file.v:27$229_EN[15:0]$236 [0] $flatten\cpu.\id_stage_unit.\regfile_unit.$0$memwr$\register_file_data$register_file.v:27$229_EN[15:0]$236 [0] $flatten\cpu.\id_stage_unit.\regfile_unit.$0$memwr$\register_file_data$register_file.v:27$229_EN[15:0]$236 [0] $flatten\cpu.\id_stage_unit.\regfile_unit.$0$memwr$\register_file_data$register_file.v:27$229_EN[15:0]$236 [0] $flatten\cpu.\id_stage_unit.\regfile_unit.$0$memwr$\register_file_data$register_file.v:27$229_EN[15:0]$236 [0] $flatten\cpu.\id_stage_unit.\regfile_unit.$0$memwr$\register_file_data$register_file.v:27$229_EN[15:0]$236 [0] $flatten\cpu.\id_stage_unit.\regfile_unit.$0$memwr$\register_file_data$register_file.v:27$229_EN[15:0]$236 [0] $flatten\cpu.\id_stage_unit.\regfile_unit.$0$memwr$\register_file_data$register_file.v:27$229_EN[15:0]$236 [0] $flatten\cpu.\id_stage_unit.\regfile_unit.$0$memwr$\register_file_data$register_file.v:27$229_EN[15:0]$236 [0] $flatten\cpu.\id_stage_unit.\regfile_unit.$0$memwr$\register_file_data$register_file.v:27$229_EN[15:0]$236 [0] $flatten\cpu.\id_stage_unit.\regfile_unit.$0$memwr$\register_file_data$register_file.v:27$229_EN[15:0]$236 [0] $flatten\cpu.\id_stage_unit.\regfile_unit.$0$memwr$\register_file_data$register_file.v:27$229_EN[15:0]$236 [0] $flatten\cpu.\id_stage_unit.\regfile_unit.$0$memwr$\register_file_data$register_file.v:27$229_EN[15:0]$236 [0] }
    Consolidated identical input bits for $mux cell $flatten\cpu.\id_stage_unit.\regfile_unit.$procmux$311:
      Old ports: A=16'1111111111111111, B=16'0000000000000000, Y=$flatten\cpu.\id_stage_unit.\regfile_unit.$0$memwr$\register_file_data$register_file.v:28$230_EN[15:0]$239
      New ports: A=1'1, B=1'0, Y=$flatten\cpu.\id_stage_unit.\regfile_unit.$0$memwr$\register_file_data$register_file.v:28$230_EN[15:0]$239 [0]
      New connections: $flatten\cpu.\id_stage_unit.\regfile_unit.$0$memwr$\register_file_data$register_file.v:28$230_EN[15:0]$239 [15:1] = { $flatten\cpu.\id_stage_unit.\regfile_unit.$0$memwr$\register_file_data$register_file.v:28$230_EN[15:0]$239 [0] $flatten\cpu.\id_stage_unit.\regfile_unit.$0$memwr$\register_file_data$register_file.v:28$230_EN[15:0]$239 [0] $flatten\cpu.\id_stage_unit.\regfile_unit.$0$memwr$\register_file_data$register_file.v:28$230_EN[15:0]$239 [0] $flatten\cpu.\id_stage_unit.\regfile_unit.$0$memwr$\register_file_data$register_file.v:28$230_EN[15:0]$239 [0] $flatten\cpu.\id_stage_unit.\regfile_unit.$0$memwr$\register_file_data$register_file.v:28$230_EN[15:0]$239 [0] $flatten\cpu.\id_stage_unit.\regfile_unit.$0$memwr$\register_file_data$register_file.v:28$230_EN[15:0]$239 [0] $flatten\cpu.\id_stage_unit.\regfile_unit.$0$memwr$\register_file_data$register_file.v:28$230_EN[15:0]$239 [0] $flatten\cpu.\id_stage_unit.\regfile_unit.$0$memwr$\register_file_data$register_file.v:28$230_EN[15:0]$239 [0] $flatten\cpu.\id_stage_unit.\regfile_unit.$0$memwr$\register_file_data$register_file.v:28$230_EN[15:0]$239 [0] $flatten\cpu.\id_stage_unit.\regfile_unit.$0$memwr$\register_file_data$register_file.v:28$230_EN[15:0]$239 [0] $flatten\cpu.\id_stage_unit.\regfile_unit.$0$memwr$\register_file_data$register_file.v:28$230_EN[15:0]$239 [0] $flatten\cpu.\id_stage_unit.\regfile_unit.$0$memwr$\register_file_data$register_file.v:28$230_EN[15:0]$239 [0] $flatten\cpu.\id_stage_unit.\regfile_unit.$0$memwr$\register_file_data$register_file.v:28$230_EN[15:0]$239 [0] $flatten\cpu.\id_stage_unit.\regfile_unit.$0$memwr$\register_file_data$register_file.v:28$230_EN[15:0]$239 [0] $flatten\cpu.\id_stage_unit.\regfile_unit.$0$memwr$\register_file_data$register_file.v:28$230_EN[15:0]$239 [0] }
    New ctrl vector for $pmux cell $flatten\cpu.\id_stage_unit.\ctrl_unit.$procmux$522: $auto$opt_reduce.cc:137:opt_pmux$864
    New ctrl vector for $pmux cell $flatten\cpu.\id_stage_unit.\ctrl_unit.$procmux$535: { $auto$opt_reduce.cc:137:opt_pmux$870 $auto$opt_reduce.cc:137:opt_pmux$868 $auto$opt_reduce.cc:137:opt_pmux$866 $flatten\cpu.\id_stage_unit.\ctrl_unit.$procmux$524_CMP $flatten\cpu.\id_stage_unit.\ctrl_unit.$procmux$525_CMP $flatten\cpu.\id_stage_unit.\ctrl_unit.$procmux$527_CMP $flatten\cpu.\id_stage_unit.\ctrl_unit.$procmux$529_CMP $flatten\cpu.\id_stage_unit.\ctrl_unit.$procmux$531_CMP $flatten\cpu.\id_stage_unit.\ctrl_unit.$procmux$532_CMP }
    New ctrl vector for $pmux cell $flatten\qspi.$procmux$481: { $auto$opt_reduce.cc:137:opt_pmux$874 $auto$opt_reduce.cc:137:opt_pmux$872 }
    New input vector for $reduce_or cell $auto$opt_reduce.cc:131:opt_pmux$871: { $flatten\qspi.$procmux$372_CMP $flatten\qspi.$procmux$383_CMP $flatten\qspi.$procmux$403_CMP }
  Optimizing cells in module \arm16_top.
Performed a total of 6 changes.

21.8.5. Executing OPT_MERGE pass (detect identical cells).
Finding identical cells in module `\arm16_top'.
Computing hashes of 434 cells of `\arm16_top'.
Finding duplicate cells in `\arm16_top'.
Removed a total of 0 cells.

21.8.6. Executing OPT_DFF pass (perform DFF optimizations).

21.8.7. Executing OPT_CLEAN pass (remove unused cells and wires).
Finding unused cells or wires in module \arm16_top..
Removed 0 unused cells and 85 unused wires.
<suppressed ~1 debug messages>

21.8.8. Executing OPT_EXPR pass (perform const folding).
Optimizing module arm16_top.
Couldn't topologically sort cells, optimizing module arm16_top may take a longer time.
Couldn't topologically sort cells, optimizing module arm16_top may take a longer time.

21.8.9. Rerunning OPT passes. (Maybe there is more to do..)

21.8.10. Executing OPT_MUXTREE pass (detect dead branches in mux trees).
Running muxtree optimizer on module \arm16_top..
  Creating internal representation of mux trees.
  Evaluating internal representation of mux trees.
  Analyzing evaluation results.
Removed 0 multiplexer ports.
<suppressed ~243 debug messages>

21.8.11. Executing OPT_REDUCE pass (consolidate $*mux and $reduce_* inputs).
  Optimizing cells in module \arm16_top.
Performed a total of 0 changes.

21.8.12. Executing OPT_MERGE pass (detect identical cells).
Finding identical cells in module `\arm16_top'.
Computing hashes of 434 cells of `\arm16_top'.
Finding duplicate cells in `\arm16_top'.
Removed a total of 0 cells.

21.8.13. Executing OPT_DFF pass (perform DFF optimizations).

21.8.14. Executing OPT_CLEAN pass (remove unused cells and wires).
Finding unused cells or wires in module \arm16_top..

21.8.15. Executing OPT_EXPR pass (perform const folding).
Optimizing module arm16_top.
Couldn't topologically sort cells, optimizing module arm16_top may take a longer time.
Couldn't topologically sort cells, optimizing module arm16_top may take a longer time.

21.8.16. Finished fast OPT passes. (There is nothing left to do.)

21.9. Executing FSM pass (extract and optimize FSM).

21.9.1. Executing FSM_DETECT pass (finding FSMs in design).
Found FSM state register arm16_top.cpu.id_reg_unit.execute_command_out.
Found FSM state register arm16_top.qspi.state.
Not marking arm16_top.qspi.qspi_dq_oe_out as FSM state register:
    Register is connected to module port.
    Users of register don't seem to benefit from recoding.

21.9.2. Executing FSM_EXTRACT pass (extracting FSM from design).
Extracting FSM `\cpu.id_reg_unit.execute_command_out' from module `\arm16_top'.
  found $dff cell for state register: $flatten\cpu.\id_reg_unit.$procdff$814
  root of input selection tree: $flatten\cpu.\id_reg_unit.$0\execute_command_out[3:0]
  found reset state: 4'0000 (guessed from mux tree)
  found ctrl input: \cpu.id_reg_unit.clear
  found ctrl input: \cpu.mem_out_stage_busy
  found ctrl input: \cpu.id_stage_unit.terminate_ctrl_signals
  found ctrl input: $flatten\cpu.\id_stage_unit.\ctrl_unit.$procmux$532_CMP
  found ctrl input: $flatten\cpu.\id_stage_unit.\ctrl_unit.$procmux$531_CMP
  found ctrl input: $flatten\cpu.\id_stage_unit.\ctrl_unit.$procmux$529_CMP
  found ctrl input: $flatten\cpu.\id_stage_unit.\ctrl_unit.$procmux$527_CMP
  found ctrl input: $flatten\cpu.\id_stage_unit.\ctrl_unit.$procmux$525_CMP
  found ctrl input: $flatten\cpu.\id_stage_unit.\ctrl_unit.$procmux$524_CMP
  found ctrl input: $auto$opt_reduce.cc:137:opt_pmux$866
  found ctrl input: $auto$opt_reduce.cc:137:opt_pmux$868
  found ctrl input: $auto$opt_reduce.cc:137:opt_pmux$870
  found state code: 4'0000
  found state code: 4'0001
  found state code: 4'1001
  found state code: 4'0011
  found state code: 4'0101
  found state code: 4'0111
  found state code: 4'1000
  found state code: 4'0100
  found state code: 4'0110
  found state code: 4'0010
  found ctrl output: $flatten\cpu.\exe_stage_unit.\alu_unit.$procmux$593_CMP
  found ctrl output: $flatten\cpu.\exe_stage_unit.\alu_unit.$procmux$592_CMP
  found ctrl output: $flatten\cpu.\exe_stage_unit.\alu_unit.$procmux$591_CMP
  found ctrl output: $flatten\cpu.\exe_stage_unit.\alu_unit.$procmux$590_CMP
  found ctrl output: $flatten\cpu.\exe_stage_unit.\alu_unit.$procmux$584_CMP
  found ctrl output: $flatten\cpu.\exe_stage_unit.\alu_unit.$procmux$585_CMP
  found ctrl output: $flatten\cpu.\exe_stage_unit.\alu_unit.$procmux$586_CMP
  found ctrl output: $flatten\cpu.\exe_stage_unit.\alu_unit.$procmux$587_CMP
  found ctrl output: $flatten\cpu.\exe_stage_unit.\alu_unit.$procmux$598_CMP
  found ctrl output: $flatten\cpu.\exe_stage_unit.\alu_unit.$procmux$599_CMP
  ctrl inputs: { \cpu.mem_out_stage_busy $flatten\cpu.\id_stage_unit.\ctrl_unit.$procmux$524_CMP $flatten\cpu.\id_stage_unit.\ctrl_unit.$procmux$525_CMP $flatten\cpu.\id_stage_unit.\ctrl_unit.$procmux$527_CMP $flatten\cpu.\id_stage_unit.\ctrl_unit.$procmux$529_CMP $flatten\cpu.\id_stage_unit.\ctrl_unit.$procmux$531_CMP $flatten\cpu.\id_stage_unit.\ctrl_unit.$procmux$532_CMP \cpu.id_stage_unit.terminate_ctrl_signals \cpu.id_reg_unit.clear $auto$opt_reduce.cc:137:opt_pmux$866 $auto$opt_reduce.cc:137:opt_pmux$868 $auto$opt_reduce.cc:137:opt_pmux$870 }
  ctrl outputs: { $flatten\cpu.\id_reg_unit.$0\execute_command_out[3:0] $flatten\cpu.\exe_stage_unit.\alu_unit.$procmux$584_CMP $flatten\cpu.\exe_stage_unit.\alu_unit.$procmux$585_CMP $flatten\cpu.\exe_stage_unit.\alu_unit.$procmux$586_CMP $flatten\cpu.\exe_stage_unit.\alu_unit.$procmux$587_CMP $flatten\cpu.\exe_stage_unit.\alu_unit.$procmux$590_CMP $flatten\cpu.\exe_stage_unit.\alu_unit.$procmux$591_CMP $flatten\cpu.\exe_stage_unit.\alu_unit.$procmux$592_CMP $flatten\cpu.\exe_stage_unit.\alu_unit.$procmux$593_CMP $flatten\cpu.\exe_stage_unit.\alu_unit.$procmux$598_CMP $flatten\cpu.\exe_stage_unit.\alu_unit.$procmux$599_CMP }
  transition:     4'0000 12'000000000000 ->     4'0000 14'00000000000001
  transition:     4'0000 12'0------00--1 ->     4'0010 14'00100000000001
  transition:     4'0000 12'0------00-1- ->     4'0110 14'01100000000001
  transition:     4'0000 12'0------001-- ->     4'0100 14'01000000000001
  transition:     4'0000 12'01-----00--- ->     4'1000 14'10000000000001
  transition:     4'0000 12'0-1----00--- ->     4'0111 14'01110000000001
  transition:     4'0000 12'0--1---00--- ->     4'0101 14'01010000000001
  transition:     4'0000 12'0---1--00--- ->     4'0011 14'00110000000001
  transition:     4'0000 12'0----1-00--- ->     4'1001 14'10010000000001
  transition:     4'0000 12'0-----100--- ->     4'0001 14'00010000000001
  transition:     4'0000 12'0------10--- ->     4'0000 14'00000000000001
  transition:     4'0000 12'1-------0--- ->     4'0000 14'00000000000001
  transition:     4'0000 12'--------1--- ->     4'0000 14'00000000000001
  transition:     4'1000 12'000000000000 ->     4'0000 14'00000000010000
  transition:     4'1000 12'0------00--1 ->     4'0010 14'00100000010000
  transition:     4'1000 12'0------00-1- ->     4'0110 14'01100000010000
  transition:     4'1000 12'0------001-- ->     4'0100 14'01000000010000
  transition:     4'1000 12'01-----00--- ->     4'1000 14'10000000010000
  transition:     4'1000 12'0-1----00--- ->     4'0111 14'01110000010000
  transition:     4'1000 12'0--1---00--- ->     4'0101 14'01010000010000
  transition:     4'1000 12'0---1--00--- ->     4'0011 14'00110000010000
  transition:     4'1000 12'0----1-00--- ->     4'1001 14'10010000010000
  transition:     4'1000 12'0-----100--- ->     4'0001 14'00010000010000
  transition:     4'1000 12'0------10--- ->     4'0000 14'00000000010000
  transition:     4'1000 12'1-------0--- ->     4'1000 14'10000000010000
  transition:     4'1000 12'--------1--- ->     4'0000 14'00000000010000
  transition:     4'0100 12'000000000000 ->     4'0000 14'00000100000000
  transition:     4'0100 12'0------00--1 ->     4'0010 14'00100100000000
  transition:     4'0100 12'0------00-1- ->     4'0110 14'01100100000000
  transition:     4'0100 12'0------001-- ->     4'0100 14'01000100000000
  transition:     4'0100 12'01-----00--- ->     4'1000 14'10000100000000
  transition:     4'0100 12'0-1----00--- ->     4'0111 14'01110100000000
  transition:     4'0100 12'0--1---00--- ->     4'0101 14'01010100000000
  transition:     4'0100 12'0---1--00--- ->     4'0011 14'00110100000000
  transition:     4'0100 12'0----1-00--- ->     4'1001 14'10010100000000
  transition:     4'0100 12'0-----100--- ->     4'0001 14'00010100000000
  transition:     4'0100 12'0------10--- ->     4'0000 14'00000100000000
  transition:     4'0100 12'1-------0--- ->     4'0100 14'01000100000000
  transition:     4'0100 12'--------1--- ->     4'0000 14'00000100000000
  transition:     4'0010 12'000000000000 ->     4'0000 14'00000001000000
  transition:     4'0010 12'0------00--1 ->     4'0010 14'00100001000000
  transition:     4'0010 12'0------00-1- ->     4'0110 14'01100001000000
  transition:     4'0010 12'0------001-- ->     4'0100 14'01000001000000
  transition:     4'0010 12'01-----00--- ->     4'1000 14'10000001000000
  transition:     4'0010 12'0-1----00--- ->     4'0111 14'01110001000000
  transition:     4'0010 12'0--1---00--- ->     4'0101 14'01010001000000
  transition:     4'0010 12'0---1--00--- ->     4'0011 14'00110001000000
  transition:     4'0010 12'0----1-00--- ->     4'1001 14'10010001000000
  transition:     4'0010 12'0-----100--- ->     4'0001 14'00010001000000
  transition:     4'0010 12'0------10--- ->     4'0000 14'00000001000000
  transition:     4'0010 12'1-------0--- ->     4'0010 14'00100001000000
  transition:     4'0010 12'--------1--- ->     4'0000 14'00000001000000
  transition:     4'0110 12'000000000000 ->     4'0000 14'00000000000100
  transition:     4'0110 12'0------00--1 ->     4'0010 14'00100000000100
  transition:     4'0110 12'0------00-1- ->     4'0110 14'01100000000100
  transition:     4'0110 12'0------001-- ->     4'0100 14'01000000000100
  transition:     4'0110 12'01-----00--- ->     4'1000 14'10000000000100
  transition:     4'0110 12'0-1----00--- ->     4'0111 14'01110000000100
  transition:     4'0110 12'0--1---00--- ->     4'0101 14'01010000000100
  transition:     4'0110 12'0---1--00--- ->     4'0011 14'00110000000100
  transition:     4'0110 12'0----1-00--- ->     4'1001 14'10010000000100
  transition:     4'0110 12'0-----100--- ->     4'0001 14'00010000000100
  transition:     4'0110 12'0------10--- ->     4'0000 14'00000000000100
  transition:     4'0110 12'1-------0--- ->     4'0110 14'01100000000100
  transition:     4'0110 12'--------1--- ->     4'0000 14'00000000000100
  transition:     4'0001 12'000000000000 ->     4'0000 14'00000000000010
  transition:     4'0001 12'0------00--1 ->     4'0010 14'00100000000010
  transition:     4'0001 12'0------00-1- ->     4'0110 14'01100000000010
  transition:     4'0001 12'0------001-- ->     4'0100 14'01000000000010
  transition:     4'0001 12'01-----00--- ->     4'1000 14'10000000000010
  transition:     4'0001 12'0-1----00--- ->     4'0111 14'01110000000010
  transition:     4'0001 12'0--1---00--- ->     4'0101 14'01010000000010
  transition:     4'0001 12'0---1--00--- ->     4'0011 14'00110000000010
  transition:     4'0001 12'0----1-00--- ->     4'1001 14'10010000000010
  transition:     4'0001 12'0-----100--- ->     4'0001 14'00010000000010
  transition:     4'0001 12'0------10--- ->     4'0000 14'00000000000010
  transition:     4'0001 12'1-------0--- ->     4'0001 14'00010000000010
  transition:     4'0001 12'--------1--- ->     4'0000 14'00000000000010
  transition:     4'1001 12'000000000000 ->     4'0000 14'00000000100000
  transition:     4'1001 12'0------00--1 ->     4'0010 14'00100000100000
  transition:     4'1001 12'0------00-1- ->     4'0110 14'01100000100000
  transition:     4'1001 12'0------001-- ->     4'0100 14'01000000100000
  transition:     4'1001 12'01-----00--- ->     4'1000 14'10000000100000
  transition:     4'1001 12'0-1----00--- ->     4'0111 14'01110000100000
  transition:     4'1001 12'0--1---00--- ->     4'0101 14'01010000100000
  transition:     4'1001 12'0---1--00--- ->     4'0011 14'00110000100000
  transition:     4'1001 12'0----1-00--- ->     4'1001 14'10010000100000
  transition:     4'1001 12'0-----100--- ->     4'0001 14'00010000100000
  transition:     4'1001 12'0------10--- ->     4'0000 14'00000000100000
  transition:     4'1001 12'1-------0--- ->     4'1001 14'10010000100000
  transition:     4'1001 12'--------1--- ->     4'0000 14'00000000100000
  transition:     4'0101 12'000000000000 ->     4'0000 14'00001000000000
  transition:     4'0101 12'0------00--1 ->     4'0010 14'00101000000000
  transition:     4'0101 12'0------00-1- ->     4'0110 14'01101000000000
  transition:     4'0101 12'0------001-- ->     4'0100 14'01001000000000
  transition:     4'0101 12'01-----00--- ->     4'1000 14'10001000000000
  transition:     4'0101 12'0-1----00--- ->     4'0111 14'01111000000000
  transition:     4'0101 12'0--1---00--- ->     4'0101 14'01011000000000
  transition:     4'0101 12'0---1--00--- ->     4'0011 14'00111000000000
  transition:     4'0101 12'0----1-00--- ->     4'1001 14'10011000000000
  transition:     4'0101 12'0-----100--- ->     4'0001 14'00011000000000
  transition:     4'0101 12'0------10--- ->     4'0000 14'00001000000000
  transition:     4'0101 12'1-------0--- ->     4'0101 14'01011000000000
  transition:     4'0101 12'--------1--- ->     4'0000 14'00001000000000
  transition:     4'0011 12'000000000000 ->     4'0000 14'00000010000000
  transition:     4'0011 12'0------00--1 ->     4'0010 14'00100010000000
  transition:     4'0011 12'0------00-1- ->     4'0110 14'01100010000000
  transition:     4'0011 12'0------001-- ->     4'0100 14'01000010000000
  transition:     4'0011 12'01-----00--- ->     4'1000 14'10000010000000
  transition:     4'0011 12'0-1----00--- ->     4'0111 14'01110010000000
  transition:     4'0011 12'0--1---00--- ->     4'0101 14'01010010000000
  transition:     4'0011 12'0---1--00--- ->     4'0011 14'00110010000000
  transition:     4'0011 12'0----1-00--- ->     4'1001 14'10010010000000
  transition:     4'0011 12'0-----100--- ->     4'0001 14'00010010000000
  transition:     4'0011 12'0------10--- ->     4'0000 14'00000010000000
  transition:     4'0011 12'1-------0--- ->     4'0011 14'00110010000000
  transition:     4'0011 12'--------1--- ->     4'0000 14'00000010000000
  transition:     4'0111 12'000000000000 ->     4'0000 14'00000000001000
  transition:     4'0111 12'0------00--1 ->     4'0010 14'00100000001000
  transition:     4'0111 12'0------00-1- ->     4'0110 14'01100000001000
  transition:     4'0111 12'0------001-- ->     4'0100 14'01000000001000
  transition:     4'0111 12'01-----00--- ->     4'1000 14'10000000001000
  transition:     4'0111 12'0-1----00--- ->     4'0111 14'01110000001000
  transition:     4'0111 12'0--1---00--- ->     4'0101 14'01010000001000
  transition:     4'0111 12'0---1--00--- ->     4'0011 14'00110000001000
  transition:     4'0111 12'0----1-00--- ->     4'1001 14'10010000001000
  transition:     4'0111 12'0-----100--- ->     4'0001 14'00010000001000
  transition:     4'0111 12'0------10--- ->     4'0000 14'00000000001000
  transition:     4'0111 12'1-------0--- ->     4'0111 14'01110000001000
  transition:     4'0111 12'--------1--- ->     4'0000 14'00000000001000
Extracting FSM `\qspi.state' from module `\arm16_top'.
  found $dff cell for state register: $flatten\qspi.$procdff$781
  root of input selection tree: $flatten\qspi.$0\state[2:0]
  found reset state: 3'000 (guessed from mux tree)
  found ctrl input: \rst_n
  found state code: 3'000
  found ctrl input: $flatten\qspi.$procmux$372_CMP
  found ctrl input: $flatten\qspi.$procmux$403_CMP
  found ctrl input: $flatten\qspi.$procmux$383_CTRL
  found ctrl input: $flatten\qspi.$procmux$348_CMP
  found ctrl input: \qspi.qspi_clk_out
  found ctrl input: $flatten\qspi.$eq$qspi_master.v:69$204_Y
  found state code: 3'101
  found state code: 3'100
  found state code: 3'011
  found ctrl input: \cpu.if_in_freeze
  found state code: 3'001
  found ctrl input: \cpu.mem_stage_unit.access_pending
  found ctrl output: $flatten\qspi.$procmux$403_CMP
  found ctrl output: $flatten\qspi.$procmux$383_CMP [1]
  found ctrl output: $flatten\qspi.$procmux$383_CMP [0]
  found ctrl output: $flatten\qspi.$procmux$372_CMP
  found ctrl output: $flatten\qspi.$procmux$348_CMP
  found ctrl output: $flatten\qspi.$procmux$324_CMP
  ctrl inputs: { \qspi.qspi_clk_out $flatten\qspi.$eq$qspi_master.v:69$204_Y $flatten\qspi.$procmux$383_CTRL \cpu.if_in_freeze \cpu.mem_stage_unit.access_pending \rst_n }
  ctrl outputs: { $flatten\qspi.$0\state[2:0] $flatten\qspi.$procmux$324_CMP $flatten\qspi.$procmux$348_CMP $flatten\qspi.$procmux$372_CMP $flatten\qspi.$procmux$383_CMP $flatten\qspi.$procmux$403_CMP }
  transition:      3'000 6'-----0 ->      3'000 9'000010000
  transition:      3'000 6'---0-1 ->      3'001 9'001010000
  transition:      3'000 6'---101 ->      3'000 9'000010000
  transition:      3'000 6'---111 ->      3'001 9'001010000
  transition:      3'100 6'-----0 ->      3'000 9'000001000
  transition:      3'100 6'0----1 ->      3'100 9'100001000
  transition:      3'100 6'10---1 ->      3'100 9'100001000
  transition:      3'100 6'11---1 ->      3'101 9'101001000
  transition:      3'001 6'-----0 ->      3'000 9'000000010
  transition:      3'001 6'0----1 ->      3'001 9'001000010
  transition:      3'001 6'10---1 ->      3'001 9'001000010
  transition:      3'001 6'11---1 ->      3'011 9'011000010
  transition:      3'101 6'-----0 ->      3'000 9'000100000
  transition:      3'101 6'-----1 ->      3'000 9'000100000
  transition:      3'011 6'-----0 ->      3'000 9'000000001
  transition:      3'011 6'0----1 ->      3'011 9'011000001
  transition:      3'011 6'10---1 ->      3'011 9'011000001
  transition:      3'011 6'11---1 ->      3'100 9'100000001

21.9.3. Executing FSM_OPT pass (simple optimizations of FSMs).
Optimizing FSM `$fsm$\qspi.state$887' from module `\arm16_top'.
  Merging pattern 6'-----0 and 6'-----1 from group (3 0 9'000100000).
  Merging pattern 6'-----1 and 6'-----0 from group (3 0 9'000100000).
  Removing unused input signal $flatten\qspi.$procmux$383_CTRL.
Optimizing FSM `$fsm$\cpu.id_reg_unit.execute_command_out$875' from module `\arm16_top'.

21.9.4. Executing OPT_CLEAN pass (remove unused cells and wires).
Finding unused cells or wires in module \arm16_top..
Removed 32 unused cells and 38 unused wires.
<suppressed ~41 debug messages>

21.9.5. Executing FSM_OPT pass (simple optimizations of FSMs).
Optimizing FSM `$fsm$\cpu.id_reg_unit.execute_command_out$875' from module `\arm16_top'.
  Removing unused output signal $flatten\cpu.\id_reg_unit.$0\execute_command_out[3:0] [0].
  Removing unused output signal $flatten\cpu.\id_reg_unit.$0\execute_command_out[3:0] [1].
  Removing unused output signal $flatten\cpu.\id_reg_unit.$0\execute_command_out[3:0] [2].
  Removing unused output signal $flatten\cpu.\id_reg_unit.$0\execute_command_out[3:0] [3].
Optimizing FSM `$fsm$\qspi.state$887' from module `\arm16_top'.
  Removing unused output signal $flatten\qspi.$0\state[2:0] [0].
  Removing unused output signal $flatten\qspi.$0\state[2:0] [1].
  Removing unused output signal $flatten\qspi.$0\state[2:0] [2].

21.9.6. Executing FSM_RECODE pass (re-assigning FSM state encoding).
Recoding FSM `$fsm$\cpu.id_reg_unit.execute_command_out$875' from module `\arm16_top' using `auto' encoding:
  mapping auto encoding to `one-hot` for this FSM.
  0000 -> ---------1
  1000 -> --------1-
  0100 -> -------1--
  0010 -> ------1---
  0110 -> -----1----
  0001 -> ----1-----
  1001 -> ---1------
  0101 -> --1-------
  0011 -> -1--------
  0111 -> 1---------
Recoding FSM `$fsm$\qspi.state$887' from module `\arm16_top' using `auto' encoding:
  mapping auto encoding to `one-hot` for this FSM.
  000 -> ----1
  100 -> ---1-
  001 -> --1--
  101 -> -1---
  011 -> 1----

21.9.7. Executing FSM_INFO pass (dumping all available information on FSM cells).

FSM `$fsm$\cpu.id_reg_unit.execute_command_out$875' from module `arm16_top':
-------------------------------------

  Information on FSM $fsm$\cpu.id_reg_unit.execute_command_out$875 (\cpu.id_reg_unit.execute_command_out):

  Number of input signals:   12
  Number of output signals:  10
  Number of state bits:      10

  Input signals:
    0: $auto$opt_reduce.cc:137:opt_pmux$870
    1: $auto$opt_reduce.cc:137:opt_pmux$868
    2: $auto$opt_reduce.cc:137:opt_pmux$866
    3: \cpu.id_reg_unit.clear
    4: \cpu.id_stage_unit.terminate_ctrl_signals
    5: $flatten\cpu.\id_stage_unit.\ctrl_unit.$procmux$532_CMP
    6: $flatten\cpu.\id_stage_unit.\ctrl_unit.$procmux$531_CMP
    7: $flatten\cpu.\id_stage_unit.\ctrl_unit.$procmux$529_CMP
    8: $flatten\cpu.\id_stage_unit.\ctrl_unit.$procmux$527_CMP
    9: $flatten\cpu.\id_stage_unit.\ctrl_unit.$procmux$525_CMP
   10: $flatten\cpu.\id_stage_unit.\ctrl_unit.$procmux$524_CMP
   11: \cpu.mem_out_stage_busy

  Output signals:
    0: $flatten\cpu.\exe_stage_unit.\alu_unit.$procmux$599_CMP
    1: $flatten\cpu.\exe_stage_unit.\alu_unit.$procmux$598_CMP
    2: $flatten\cpu.\exe_stage_unit.\alu_unit.$procmux$593_CMP
    3: $flatten\cpu.\exe_stage_unit.\alu_unit.$procmux$592_CMP
    4: $flatten\cpu.\exe_stage_unit.\alu_unit.$procmux$591_CMP
    5: $flatten\cpu.\exe_stage_unit.\alu_unit.$procmux$590_CMP
    6: $flatten\cpu.\exe_stage_unit.\alu_unit.$procmux$587_CMP
    7: $flatten\cpu.\exe_stage_unit.\alu_unit.$procmux$586_CMP
    8: $flatten\cpu.\exe_stage_unit.\alu_unit.$procmux$585_CMP
    9: $flatten\cpu.\exe_stage_unit.\alu_unit.$procmux$584_CMP

  State encoding:
    0: 10'---------1  <RESET STATE>
    1: 10'--------1-
    2: 10'-------1--
    3: 10'------1---
    4: 10'-----1----
    5: 10'----1-----
    6: 10'---1------
    7: 10'--1-------
    8: 10'-1--------
    9: 10'1---------

  Transition Table (state_in, ctrl_in, state_out, ctrl_out):
      0:     0 12'000000000000   ->     0 10'0000000001
      1:     0 12'0------10---   ->     0 10'0000000001
      2:     0 12'1-------0---   ->     0 10'0000000001
      3:     0 12'--------1---   ->     0 10'0000000001
      4:     0 12'01-----00---   ->     1 10'0000000001
      5:     0 12'0------001--   ->     2 10'0000000001
      6:     0 12'0------00--1   ->     3 10'0000000001
      7:     0 12'0------00-1-   ->     4 10'0000000001
      8:     0 12'0-----100---   ->     5 10'0000000001
      9:     0 12'0----1-00---   ->     6 10'0000000001
     10:     0 12'0--1---00---   ->     7 10'0000000001
     11:     0 12'0---1--00---   ->     8 10'0000000001
     12:     0 12'0-1----00---   ->     9 10'0000000001
     13:     1 12'000000000000   ->     0 10'0000010000
     14:     1 12'0------10---   ->     0 10'0000010000
     15:     1 12'--------1---   ->     0 10'0000010000
     16:     1 12'01-----00---   ->     1 10'0000010000
     17:     1 12'1-------0---   ->     1 10'0000010000
     18:     1 12'0------001--   ->     2 10'0000010000
     19:     1 12'0------00--1   ->     3 10'0000010000
     20:     1 12'0------00-1-   ->     4 10'0000010000
     21:     1 12'0-----100---   ->     5 10'0000010000
     22:     1 12'0----1-00---   ->     6 10'0000010000
     23:     1 12'0--1---00---   ->     7 10'0000010000
     24:     1 12'0---1--00---   ->     8 10'0000010000
     25:     1 12'0-1----00---   ->     9 10'0000010000
     26:     2 12'000000000000   ->     0 10'0100000000
     27:     2 12'0------10---   ->     0 10'0100000000
     28:     2 12'--------1---   ->     0 10'0100000000
     29:     2 12'01-----00---   ->     1 10'0100000000
     30:     2 12'0------001--   ->     2 10'0100000000
     31:     2 12'1-------0---   ->     2 10'0100000000
     32:     2 12'0------00--1   ->     3 10'0100000000
     33:     2 12'0------00-1-   ->     4 10'0100000000
     34:     2 12'0-----100---   ->     5 10'0100000000
     35:     2 12'0----1-00---   ->     6 10'0100000000
     36:     2 12'0--1---00---   ->     7 10'0100000000
     37:     2 12'0---1--00---   ->     8 10'0100000000
     38:     2 12'0-1----00---   ->     9 10'0100000000
     39:     3 12'000000000000   ->     0 10'0001000000
     40:     3 12'0------10---   ->     0 10'0001000000
     41:     3 12'--------1---   ->     0 10'0001000000
     42:     3 12'01-----00---   ->     1 10'0001000000
     43:     3 12'0------001--   ->     2 10'0001000000
     44:     3 12'0------00--1   ->     3 10'0001000000
     45:     3 12'1-------0---   ->     3 10'0001000000
     46:     3 12'0------00-1-   ->     4 10'0001000000
     47:     3 12'0-----100---   ->     5 10'0001000000
     48:     3 12'0----1-00---   ->     6 10'0001000000
     49:     3 12'0--1---00---   ->     7 10'0001000000
     50:     3 12'0---1--00---   ->     8 10'0001000000
     51:     3 12'0-1----00---   ->     9 10'0001000000
     52:     4 12'000000000000   ->     0 10'0000000100
     53:     4 12'0------10---   ->     0 10'0000000100
     54:     4 12'--------1---   ->     0 10'0000000100
     55:     4 12'01-----00---   ->     1 10'0000000100
     56:     4 12'0------001--   ->     2 10'0000000100
     57:     4 12'0------00--1   ->     3 10'0000000100
     58:     4 12'0------00-1-   ->     4 10'0000000100
     59:     4 12'1-------0---   ->     4 10'0000000100
     60:     4 12'0-----100---   ->     5 10'0000000100
     61:     4 12'0----1-00---   ->     6 10'0000000100
     62:     4 12'0--1---00---   ->     7 10'0000000100
     63:     4 12'0---1--00---   ->     8 10'0000000100
     64:     4 12'0-1----00---   ->     9 10'0000000100
     65:     5 12'000000000000   ->     0 10'0000000010
     66:     5 12'0------10---   ->     0 10'0000000010
     67:     5 12'--------1---   ->     0 10'0000000010
     68:     5 12'01-----00---   ->     1 10'0000000010
     69:     5 12'0------001--   ->     2 10'0000000010
     70:     5 12'0------00--1   ->     3 10'0000000010
     71:     5 12'0------00-1-   ->     4 10'0000000010
     72:     5 12'0-----100---   ->     5 10'0000000010
     73:     5 12'1-------0---   ->     5 10'0000000010
     74:     5 12'0----1-00---   ->     6 10'0000000010
     75:     5 12'0--1---00---   ->     7 10'0000000010
     76:     5 12'0---1--00---   ->     8 10'0000000010
     77:     5 12'0-1----00---   ->     9 10'0000000010
     78:     6 12'000000000000   ->     0 10'0000100000
     79:     6 12'0------10---   ->     0 10'0000100000
     80:     6 12'--------1---   ->     0 10'0000100000
     81:     6 12'01-----00---   ->     1 10'0000100000
     82:     6 12'0------001--   ->     2 10'0000100000
     83:     6 12'0------00--1   ->     3 10'0000100000
     84:     6 12'0------00-1-   ->     4 10'0000100000
     85:     6 12'0-----100---   ->     5 10'0000100000
     86:     6 12'0----1-00---   ->     6 10'0000100000
     87:     6 12'1-------0---   ->     6 10'0000100000
     88:     6 12'0--1---00---   ->     7 10'0000100000
     89:     6 12'0---1--00---   ->     8 10'0000100000
     90:     6 12'0-1----00---   ->     9 10'0000100000
     91:     7 12'000000000000   ->     0 10'1000000000
     92:     7 12'0------10---   ->     0 10'1000000000
     93:     7 12'--------1---   ->     0 10'1000000000
     94:     7 12'01-----00---   ->     1 10'1000000000
     95:     7 12'0------001--   ->     2 10'1000000000
     96:     7 12'0------00--1   ->     3 10'1000000000
     97:     7 12'0------00-1-   ->     4 10'1000000000
     98:     7 12'0-----100---   ->     5 10'1000000000
     99:     7 12'0----1-00---   ->     6 10'1000000000
    100:     7 12'0--1---00---   ->     7 10'1000000000
    101:     7 12'1-------0---   ->     7 10'1000000000
    102:     7 12'0---1--00---   ->     8 10'1000000000
    103:     7 12'0-1----00---   ->     9 10'1000000000
    104:     8 12'000000000000   ->     0 10'0010000000
    105:     8 12'0------10---   ->     0 10'0010000000
    106:     8 12'--------1---   ->     0 10'0010000000
    107:     8 12'01-----00---   ->     1 10'0010000000
    108:     8 12'0------001--   ->     2 10'0010000000
    109:     8 12'0------00--1   ->     3 10'0010000000
    110:     8 12'0------00-1-   ->     4 10'0010000000
    111:     8 12'0-----100---   ->     5 10'0010000000
    112:     8 12'0----1-00---   ->     6 10'0010000000
    113:     8 12'0--1---00---   ->     7 10'0010000000
    114:     8 12'0---1--00---   ->     8 10'0010000000
    115:     8 12'1-------0---   ->     8 10'0010000000
    116:     8 12'0-1----00---   ->     9 10'0010000000
    117:     9 12'000000000000   ->     0 10'0000001000
    118:     9 12'0------10---   ->     0 10'0000001000
    119:     9 12'--------1---   ->     0 10'0000001000
    120:     9 12'01-----00---   ->     1 10'0000001000
    121:     9 12'0------001--   ->     2 10'0000001000
    122:     9 12'0------00--1   ->     3 10'0000001000
    123:     9 12'0------00-1-   ->     4 10'0000001000
    124:     9 12'0-----100---   ->     5 10'0000001000
    125:     9 12'0----1-00---   ->     6 10'0000001000
    126:     9 12'0--1---00---   ->     7 10'0000001000
    127:     9 12'0---1--00---   ->     8 10'0000001000
    128:     9 12'0-1----00---   ->     9 10'0000001000
    129:     9 12'1-------0---   ->     9 10'0000001000

-------------------------------------

FSM `$fsm$\qspi.state$887' from module `arm16_top':
-------------------------------------

  Information on FSM $fsm$\qspi.state$887 (\qspi.state):

  Number of input signals:    5
  Number of output signals:   6
  Number of state bits:       5

  Input signals:
    0: \rst_n
    1: \cpu.mem_stage_unit.access_pending
    2: \cpu.if_in_freeze
    3: $flatten\qspi.$eq$qspi_master.v:69$204_Y
    4: \qspi.qspi_clk_out

  Output signals:
    0: $flatten\qspi.$procmux$403_CMP
    1: $flatten\qspi.$procmux$383_CMP [0]
    2: $flatten\qspi.$procmux$383_CMP [1]
    3: $flatten\qspi.$procmux$372_CMP
    4: $flatten\qspi.$procmux$348_CMP
    5: $flatten\qspi.$procmux$324_CMP

  State encoding:
    0:    5'----1  <RESET STATE>
    1:    5'---1-
    2:    5'--1--
    3:    5'-1---
    4:    5'1----

  Transition Table (state_in, ctrl_in, state_out, ctrl_out):
      0:     0 5'----0   ->     0 6'010000
      1:     0 5'--101   ->     0 6'010000
      2:     0 5'--111   ->     2 6'010000
      3:     0 5'--0-1   ->     2 6'010000
      4:     1 5'----0   ->     0 6'001000
      5:     1 5'10--1   ->     1 6'001000
      6:     1 5'0---1   ->     1 6'001000
      7:     1 5'11--1   ->     3 6'001000
      8:     2 5'----0   ->     0 6'000010
      9:     2 5'10--1   ->     2 6'000010
     10:     2 5'0---1   ->     2 6'000010
     11:     2 5'11--1   ->     4 6'000010
     12:     3 5'-----   ->     0 6'100000
     13:     4 5'----0   ->     0 6'000001
     14:     4 5'11--1   ->     1 6'000001
     15:     4 5'10--1   ->     4 6'000001
     16:     4 5'0---1   ->     4 6'000001

-------------------------------------

21.9.8. Executing FSM_MAP pass (mapping FSMs to basic logic).
Mapping FSM `$fsm$\cpu.id_reg_unit.execute_command_out$875' from module `\arm16_top'.
Mapping FSM `$fsm$\qspi.state$887' from module `\arm16_top'.

21.10. Executing OPT pass (performing simple optimizations).

21.10.1. Executing OPT_EXPR pass (perform const folding).
Optimizing module arm16_top.
Couldn't topologically sort cells, optimizing module arm16_top may take a longer time.
Couldn't topologically sort cells, optimizing module arm16_top may take a longer time.
Couldn't topologically sort cells, optimizing module arm16_top may take a longer time.
<suppressed ~4 debug messages>

21.10.2. Executing OPT_MERGE pass (detect identical cells).
Finding identical cells in module `\arm16_top'.
Computing hashes of 473 cells of `\arm16_top'.
Finding duplicate cells in `\arm16_top'.
Computing hashes of 457 cells of `\arm16_top'.
Finding duplicate cells in `\arm16_top'.
<suppressed ~48 debug messages>
Removed a total of 16 cells.

21.10.3. Executing OPT_MUXTREE pass (detect dead branches in mux trees).
Running muxtree optimizer on module \arm16_top..
  Creating internal representation of mux trees.
  Evaluating internal representation of mux trees.
  Analyzing evaluation results.
Removed 0 multiplexer ports.
<suppressed ~227 debug messages>

21.10.4. Executing OPT_REDUCE pass (consolidate $*mux and $reduce_* inputs).
  Optimizing cells in module \arm16_top.
    New input vector for $reduce_or cell $auto$opt_reduce.cc:131:opt_pmux$871: { \qspi.state [4] \qspi.state [2:1] }
  Optimizing cells in module \arm16_top.
Performed a total of 1 changes.

21.10.5. Executing OPT_MERGE pass (detect identical cells).
Finding identical cells in module `\arm16_top'.
Computing hashes of 457 cells of `\arm16_top'.
Finding duplicate cells in `\arm16_top'.
Removed a total of 0 cells.

21.10.6. Executing OPT_DFF pass (perform DFF optimizations).
Adding EN signal on $flatten\cpu.\mem_reg_unit.$procdff$795 ($adff) from module arm16_top (D = \cpu.exe_reg_unit.mem_r_en_out, Q = \cpu.mem_reg_unit.mem_r_en_out).
Adding EN signal on $flatten\cpu.\mem_reg_unit.$procdff$789 ($adff) from module arm16_top (D = \cpu.exe_reg_unit.wb_reg_dest_out, Q = \cpu.mem_reg_unit.wb_reg_dest_out).
Adding EN signal on $flatten\cpu.\mem_reg_unit.$procdff$801 ($adff) from module arm16_top (D = \qspi.data_rdata_out, Q = \cpu.mem_reg_unit.data_memory_result_out).
Adding EN signal on $flatten\cpu.\mem_reg_unit.$procdff$792 ($adff) from module arm16_top (D = \cpu.exe_reg_unit.wb_en_out, Q = \cpu.mem_reg_unit.wb_en_out).
Adding EN signal on $flatten\cpu.\mem_reg_unit.$procdff$798 ($adff) from module arm16_top (D = \cpu.exe_reg_unit.ALU_result_out, Q = \cpu.mem_reg_unit.alu_result_out).
Adding SRST signal on $flatten\qspi.$procdff$783 ($dff) from module arm16_top (D = $flatten\qspi.$procmux$382_Y, Q = \qspi.shifter, rval = 0).
Adding EN signal on $auto$ff.cc:337:slice$1036 ($sdff) from module arm16_top (D = $flatten\qspi.$procmux$382_Y, Q = \qspi.shifter).
Adding EN signal on $flatten\cpu.\exe_reg_unit.$procdff$826 ($adff) from module arm16_top (D = \cpu.id_reg_unit.wb_reg_dest_out, Q = \cpu.exe_reg_unit.wb_reg_dest_out).
Adding EN signal on $flatten\cpu.\exe_reg_unit.$procdff$835 ($adff) from module arm16_top (D = \cpu.id_reg_unit.mem_w_en_out, Q = \cpu.exe_reg_unit.mem_w_en_out).
Adding EN signal on $flatten\cpu.\exe_reg_unit.$procdff$829 ($adff) from module arm16_top (D = \cpu.id_reg_unit.wb_en_out, Q = \cpu.exe_reg_unit.wb_en_out).
Adding EN signal on $flatten\cpu.\exe_reg_unit.$procdff$841 ($adff) from module arm16_top (D = \cpu.exe_reg_unit.ALU_result_in, Q = \cpu.exe_reg_unit.ALU_result_out).
Adding EN signal on $flatten\cpu.\exe_reg_unit.$procdff$832 ($adff) from module arm16_top (D = \cpu.id_reg_unit.mem_r_en_out, Q = \cpu.exe_reg_unit.mem_r_en_out).
Adding SRST signal on $flatten\qspi.$procdff$784 ($dff) from module arm16_top (D = $flatten\qspi.$procmux$371_Y, Q = \qspi.rxreg, rval = 0).
Adding EN signal on $auto$ff.cc:337:slice$1051 ($sdff) from module arm16_top (D = { \qspi.rxreg [27:0] \uio_in [3:0] }, Q = \qspi.rxreg).
Adding SRST signal on $flatten\cpu.\id_reg_unit.$procdff$806 ($dff) from module arm16_top (D = $flatten\cpu.\id_reg_unit.$procmux$704_Y, Q = \cpu.id_reg_unit.wb_reg_dest_out, rval = 4'0000).
Adding EN signal on $auto$ff.cc:337:slice$1055 ($sdff) from module arm16_top (D = \cpu.if_reg_unit.instruction_out [15:12], Q = \cpu.id_reg_unit.wb_reg_dest_out).
Adding SRST signal on $flatten\cpu.\id_reg_unit.$procdff$807 ($dff) from module arm16_top (D = $flatten\cpu.\id_reg_unit.$procmux$740_Y, Q = \cpu.id_reg_unit.wb_en_out, rval = 1'0).
Adding EN signal on $auto$ff.cc:337:slice$1057 ($sdff) from module arm16_top (D = \cpu.id_reg_unit.wb_en_in, Q = \cpu.id_reg_unit.wb_en_out).
Adding SRST signal on $flatten\cpu.\id_reg_unit.$procdff$808 ($dff) from module arm16_top (D = $flatten\cpu.\id_reg_unit.$procmux$710_Y, Q = \cpu.id_reg_unit.do_update_sr_out, rval = 1'0).
Adding EN signal on $auto$ff.cc:337:slice$1059 ($sdff) from module arm16_top (D = \cpu.id_reg_unit.do_update_sr_in, Q = \cpu.id_reg_unit.do_update_sr_out).
Adding SRST signal on $flatten\cpu.\id_reg_unit.$procdff$809 ($dff) from module arm16_top (D = $flatten\cpu.\id_reg_unit.$procmux$734_Y, Q = \cpu.id_reg_unit.mem_r_en_out, rval = 1'0).
Adding EN signal on $auto$ff.cc:337:slice$1061 ($sdff) from module arm16_top (D = \cpu.id_reg_unit.mem_r_en_in, Q = \cpu.id_reg_unit.mem_r_en_out).
Adding SRST signal on $flatten\cpu.\id_reg_unit.$procdff$810 ($dff) from module arm16_top (D = $flatten\cpu.\id_reg_unit.$procmux$728_Y, Q = \cpu.id_reg_unit.mem_w_en_out, rval = 1'0).
Adding EN signal on $auto$ff.cc:337:slice$1063 ($sdff) from module arm16_top (D = \cpu.id_reg_unit.mem_w_en_in, Q = \cpu.id_reg_unit.mem_w_en_out).
Adding SRST signal on $flatten\cpu.\id_reg_unit.$procdff$811 ($dff) from module arm16_top (D = $flatten\cpu.\id_reg_unit.$procmux$722_Y, Q = \cpu.id_reg_unit.branch_taken_out, rval = 1'0).
Adding EN signal on $auto$ff.cc:337:slice$1065 ($sdff) from module arm16_top (D = \cpu.id_reg_unit.branch_taken_in, Q = \cpu.id_reg_unit.branch_taken_out).
Adding SRST signal on $flatten\cpu.\id_reg_unit.$procdff$812 ($dff) from module arm16_top (D = $flatten\cpu.\id_reg_unit.$procmux$668_Y, Q = \cpu.id_reg_unit.val_rm_out, rval = 16'0000000000000000).
Adding EN signal on $auto$ff.cc:337:slice$1067 ($sdff) from module arm16_top (D = \cpu.id_reg_unit.val_rm_in, Q = \cpu.id_reg_unit.val_rm_out).
Adding SRST signal on $flatten\cpu.\id_reg_unit.$procdff$813 ($dff) from module arm16_top (D = $flatten\cpu.\id_reg_unit.$procmux$662_Y, Q = \cpu.id_reg_unit.status_bits_out, rval = 4'0000).
Adding EN signal on $auto$ff.cc:337:slice$1069 ($sdff) from module arm16_top (D = \cpu.sr_unit.status_output, Q = \cpu.id_reg_unit.status_bits_out).
Adding SRST signal on $flatten\cpu.\id_reg_unit.$procdff$815 ($dff) from module arm16_top (D = $flatten\cpu.\id_reg_unit.$procmux$698_Y, Q = \cpu.id_reg_unit.pc_plus_four_out, rval = 16'0000000000000000).
Adding EN signal on $auto$ff.cc:337:slice$1071 ($sdff) from module arm16_top (D = \cpu.if_reg_unit.pc_plus_four_out, Q = \cpu.id_reg_unit.pc_plus_four_out).
Adding SRST signal on $flatten\cpu.\id_reg_unit.$procdff$816 ($dff) from module arm16_top (D = $flatten\cpu.\id_reg_unit.$procmux$692_Y, Q = \cpu.id_reg_unit.branch_immediate_out, rval = 16'0000000000000000).
Adding EN signal on $auto$ff.cc:337:slice$1073 ($sdff) from module arm16_top (D = \cpu.if_reg_unit.instruction_out [15:0], Q = \cpu.id_reg_unit.branch_immediate_out).
Adding SRST signal on $flatten\cpu.\id_reg_unit.$procdff$817 ($dff) from module arm16_top (D = $flatten\cpu.\id_reg_unit.$procmux$680_Y, Q = \cpu.id_reg_unit.instr_is_immediate_out, rval = 1'0).
Adding EN signal on $auto$ff.cc:337:slice$1075 ($sdff) from module arm16_top (D = \cpu.if_reg_unit.instruction_out [25], Q = \cpu.id_reg_unit.instr_is_immediate_out).
Adding SRST signal on $flatten\cpu.\id_reg_unit.$procdff$818 ($dff) from module arm16_top (D = $flatten\cpu.\id_reg_unit.$procmux$686_Y, Q = \cpu.id_reg_unit.instr_shifter_opperand_out, rval = 12'000000000000).
Adding EN signal on $auto$ff.cc:337:slice$1077 ($sdff) from module arm16_top (D = \cpu.if_reg_unit.instruction_out [11:0], Q = \cpu.id_reg_unit.instr_shifter_opperand_out).
Adding SRST signal on $flatten\cpu.\id_reg_unit.$procdff$819 ($dff) from module arm16_top (D = $flatten\cpu.\id_reg_unit.$procmux$674_Y, Q = \cpu.id_reg_unit.val_rn_out, rval = 16'0000000000000000).
Adding EN signal on $auto$ff.cc:337:slice$1079 ($sdff) from module arm16_top (D = \cpu.id_reg_unit.val_rn_in, Q = \cpu.id_reg_unit.val_rn_out).
Adding SRST signal on $flatten\cpu.\id_reg_unit.$procdff$820 ($dff) from module arm16_top (D = $flatten\cpu.\id_reg_unit.$procmux$644_Y, Q = \cpu.id_reg_unit.instr_has_src1_out, rval = 1'0).
Adding EN signal on $auto$ff.cc:337:slice$1081 ($sdff) from module arm16_top (D = \cpu.hazard_unit.id_instr_has_src1, Q = \cpu.id_reg_unit.instr_has_src1_out).
Adding SRST signal on $flatten\cpu.\id_reg_unit.$procdff$821 ($dff) from module arm16_top (D = $flatten\cpu.\id_reg_unit.$procmux$638_Y, Q = \cpu.id_reg_unit.instr_has_src2_out, rval = 1'0).
Adding EN signal on $auto$ff.cc:337:slice$1083 ($sdff) from module arm16_top (D = \cpu.hazard_unit.id_two_src_in, Q = \cpu.id_reg_unit.instr_has_src2_out).
Adding SRST signal on $flatten\cpu.\id_reg_unit.$procdff$822 ($dff) from module arm16_top (D = $flatten\cpu.\id_reg_unit.$procmux$656_Y, Q = \cpu.id_reg_unit.exe_src1_out, rval = 4'0000).
Adding EN signal on $auto$ff.cc:337:slice$1085 ($sdff) from module arm16_top (D = \cpu.if_reg_unit.instruction_out [19:16], Q = \cpu.id_reg_unit.exe_src1_out).
Adding SRST signal on $flatten\cpu.\id_reg_unit.$procdff$823 ($dff) from module arm16_top (D = $flatten\cpu.\id_reg_unit.$procmux$650_Y, Q = \cpu.id_reg_unit.exe_src2_out, rval = 4'0000).
Adding EN signal on $auto$ff.cc:337:slice$1087 ($sdff) from module arm16_top (D = \cpu.hazard_unit.id_src2_in, Q = \cpu.id_reg_unit.exe_src2_out).
Adding SRST signal on $flatten\qspi.$procdff$785 ($dff) from module arm16_top (D = $flatten\qspi.$procmux$362_Y, Q = \qspi.is_instr, rval = 1'0).
Adding EN signal on $auto$ff.cc:337:slice$1089 ($sdff) from module arm16_top (D = $flatten\qspi.$procmux$360_Y, Q = \qspi.is_instr).
Adding SRST signal on $flatten\qspi.$procdff$772 ($dff) from module arm16_top (D = $flatten\qspi.$procmux$514_Y, Q = \qspi.dq_o, rval = 4'0000).
Adding EN signal on $auto$ff.cc:337:slice$1095 ($sdff) from module arm16_top (D = \qspi.shifter [31:28], Q = \qspi.dq_o).
Adding SRST signal on $flatten\qspi.$procdff$773 ($dff) from module arm16_top (D = $flatten\qspi.$procmux$503_Y, Q = \qspi.instr_data_out, rval = 0).
Adding EN signal on $auto$ff.cc:337:slice$1099 ($sdff) from module arm16_top (D = \qspi.rxreg, Q = \qspi.instr_data_out).
Adding SRST signal on $flatten\qspi.$procdff$774 ($dff) from module arm16_top (D = $flatten\qspi.$procmux$330_Y, Q = \qspi.instr_ready_out, rval = 1'0).
Adding SRST signal on $flatten\qspi.$procdff$775 ($dff) from module arm16_top (D = $flatten\qspi.$procmux$494_Y, Q = \qspi.data_rdata_out, rval = 16'0000000000000000).
Adding EN signal on $auto$ff.cc:337:slice$1106 ($sdff) from module arm16_top (D = \qspi.rxreg [15:0], Q = \qspi.data_rdata_out).
Adding SRST signal on $flatten\qspi.$procdff$776 ($dff) from module arm16_top (D = $flatten\qspi.$procmux$321_Y, Q = \qspi.data_ready_out, rval = 1'0).
Adding SRST signal on $flatten\qspi.$procdff$777 ($dff) from module arm16_top (D = $flatten\qspi.$procmux$481_Y, Q = \qspi.qspi_clk_out, rval = 1'0).
Adding EN signal on $auto$ff.cc:337:slice$1115 ($sdff) from module arm16_top (D = $flatten\qspi.$procmux$481_Y, Q = \qspi.qspi_clk_out).
Adding SRST signal on $flatten\qspi.$procdff$778 ($dff) from module arm16_top (D = $flatten\qspi.$procmux$471_Y, Q = \qspi.qspi_cs_flash_n_out, rval = 1'1).
Adding EN signal on $auto$ff.cc:337:slice$1119 ($sdff) from module arm16_top (D = $flatten\qspi.$procmux$471_Y, Q = \qspi.qspi_cs_flash_n_out).
Adding SRST signal on $flatten\qspi.$procdff$779 ($dff) from module arm16_top (D = $flatten\qspi.$procmux$459_Y, Q = \qspi.qspi_cs_ram_n_out, rval = 1'1).
Adding EN signal on $auto$ff.cc:337:slice$1127 ($sdff) from module arm16_top (D = $flatten\qspi.$procmux$459_Y, Q = \qspi.qspi_cs_ram_n_out).
Adding SRST signal on $flatten\qspi.$procdff$780 ($dff) from module arm16_top (D = $flatten\qspi.$procmux$446_Y, Q = \qspi.qspi_dq_oe_out, rval = 4'0000).
Adding EN signal on $auto$ff.cc:337:slice$1137 ($sdff) from module arm16_top (D = $flatten\qspi.$procmux$446_Y, Q = \qspi.qspi_dq_oe_out).
Adding SRST signal on $flatten\qspi.$procdff$786 ($dff) from module arm16_top (D = $flatten\qspi.$procmux$347_Y, Q = \qspi.is_write, rval = 1'0).
Adding EN signal on $auto$ff.cc:337:slice$1145 ($sdff) from module arm16_top (D = $flatten\qspi.$procmux$345_Y, Q = \qspi.is_write).
Adding SRST signal on $flatten\cpu.\if_reg_unit.$procdff$802 ($dff) from module arm16_top (D = $flatten\cpu.\if_reg_unit.$procmux$616_Y [47:32], Q = \cpu.if_reg_unit.pc_plus_four_out, rval = 16'0000000000000000).
Adding EN signal on $auto$ff.cc:337:slice$1151 ($sdff) from module arm16_top (D = \cpu.if_reg_unit.pc_plus_four_in, Q = \cpu.if_reg_unit.pc_plus_four_out).
Adding SRST signal on $flatten\cpu.\if_reg_unit.$procdff$803 ($dff) from module arm16_top (D = $flatten\cpu.\if_reg_unit.$procmux$616_Y [31:0], Q = \cpu.if_reg_unit.instruction_out, rval = 0).
Adding EN signal on $auto$ff.cc:337:slice$1153 ($sdff) from module arm16_top (D = \cpu.if_stage_unit.instruction_mem_out, Q = \cpu.if_reg_unit.instruction_out).
Adding SRST signal on $flatten\qspi.$procdff$782 ($dff) from module arm16_top (D = $flatten\qspi.$procmux$397_Y, Q = \qspi.bitcnt, rval = 6'000000).
Adding EN signal on $auto$ff.cc:337:slice$1155 ($sdff) from module arm16_top (D = $flatten\qspi.$procmux$397_Y, Q = \qspi.bitcnt).
Adding SRST signal on $flatten\cpu.\if_stage_unit.$procdff$804 ($dff) from module arm16_top (D = $flatten\cpu.\if_stage_unit.$procmux$621_Y, Q = \cpu.if_stage_unit.instruction_mem_out, rval = 0).
Adding EN signal on $auto$ff.cc:337:slice$1169 ($sdff) from module arm16_top (D = \qspi.instr_data_out, Q = \cpu.if_stage_unit.instruction_mem_out).
Adding SRST signal on $flatten\cpu.\if_stage_unit.$procdff$805 ($dff) from module arm16_top (D = $flatten\cpu.\if_stage_unit.$procmux$632_Y, Q = \cpu.if_stage_unit.pc_reg_out, rval = 16'0000000000000000).
Adding EN signal on $auto$ff.cc:337:slice$1171 ($sdff) from module arm16_top (D = $flatten\cpu.\if_stage_unit.$procmux$632_Y, Q = \cpu.if_stage_unit.pc_reg_out).
Adding EN signal on $flatten\cpu.\sr_unit.$procdff$765 ($adff) from module arm16_top (D = { 1'x \cpu.exe_stage_unit.alu_unit.sr_bit_Z_out \cpu.exe_stage_unit.alu_unit.sr_bit_C_out 1'0 }, Q = \cpu.sr_unit.status_output).
Setting constant 0-bit at position 0 on $auto$ff.cc:337:slice$1179 ($adffe) from module arm16_top.
Setting constant 0-bit at position 3 on $auto$ff.cc:337:slice$1179 ($adffe) from module arm16_top.

21.10.7. Executing OPT_CLEAN pass (remove unused cells and wires).
Finding unused cells or wires in module \arm16_top..
Removed 76 unused cells and 116 unused wires.
<suppressed ~77 debug messages>

21.10.8. Executing OPT_EXPR pass (perform const folding).
Optimizing module arm16_top.
Couldn't topologically sort cells, optimizing module arm16_top may take a longer time.
Couldn't topologically sort cells, optimizing module arm16_top may take a longer time.
Couldn't topologically sort cells, optimizing module arm16_top may take a longer time.
<suppressed ~13 debug messages>

21.10.9. Rerunning OPT passes. (Maybe there is more to do..)

21.10.10. Executing OPT_MUXTREE pass (detect dead branches in mux trees).
Running muxtree optimizer on module \arm16_top..
  Creating internal representation of mux trees.
  Evaluating internal representation of mux trees.
  Analyzing evaluation results.
Removed 0 multiplexer ports.
<suppressed ~122 debug messages>

21.10.11. Executing OPT_REDUCE pass (consolidate $*mux and $reduce_* inputs).
  Optimizing cells in module \arm16_top.
    New ctrl vector for $pmux cell $flatten\cpu.\id_stage_unit.\cond_unit.$procmux$562: { $auto$opt_reduce.cc:137:opt_pmux$1186 $auto$opt_reduce.cc:137:opt_pmux$1184 $auto$opt_reduce.cc:137:opt_pmux$1182 $flatten\cpu.\id_stage_unit.\cond_unit.$procmux$568_CMP $flatten\cpu.\id_stage_unit.\cond_unit.$procmux$569_CMP $flatten\cpu.\id_stage_unit.\cond_unit.$procmux$574_CMP $flatten\cpu.\id_stage_unit.\cond_unit.$procmux$575_CMP }
  Optimizing cells in module \arm16_top.
Performed a total of 1 changes.

21.10.12. Executing OPT_MERGE pass (detect identical cells).
Finding identical cells in module `\arm16_top'.
Computing hashes of 413 cells of `\arm16_top'.
Finding duplicate cells in `\arm16_top'.
Computing hashes of 406 cells of `\arm16_top'.
Finding duplicate cells in `\arm16_top'.
Computing hashes of 405 cells of `\arm16_top'.
Finding duplicate cells in `\arm16_top'.
<suppressed ~24 debug messages>
Removed a total of 8 cells.

21.10.13. Executing OPT_DFF pass (perform DFF optimizations).
Setting constant 0-bit at position 0 on $auto$ff.cc:337:slice$1070 ($sdffe) from module arm16_top.
Setting constant 0-bit at position 3 on $auto$ff.cc:337:slice$1070 ($sdffe) from module arm16_top.

21.10.14. Executing OPT_CLEAN pass (remove unused cells and wires).
Finding unused cells or wires in module \arm16_top..
Removed 3 unused cells and 17 unused wires.
<suppressed ~4 debug messages>

21.10.15. Executing OPT_EXPR pass (perform const folding).
Optimizing module arm16_top.
Couldn't topologically sort cells, optimizing module arm16_top may take a longer time.
Couldn't topologically sort cells, optimizing module arm16_top may take a longer time.

21.10.16. Rerunning OPT passes. (Maybe there is more to do..)

21.10.17. Executing OPT_MUXTREE pass (detect dead branches in mux trees).
Running muxtree optimizer on module \arm16_top..
  Creating internal representation of mux trees.
  Evaluating internal representation of mux trees.
  Analyzing evaluation results.
Removed 0 multiplexer ports.
<suppressed ~124 debug messages>

21.10.18. Executing OPT_REDUCE pass (consolidate $*mux and $reduce_* inputs).
  Optimizing cells in module \arm16_top.
Performed a total of 0 changes.

21.10.19. Executing OPT_MERGE pass (detect identical cells).
Finding identical cells in module `\arm16_top'.
Computing hashes of 402 cells of `\arm16_top'.
Finding duplicate cells in `\arm16_top'.
Removed a total of 0 cells.

21.10.20. Executing OPT_DFF pass (perform DFF optimizations).

21.10.21. Executing OPT_CLEAN pass (remove unused cells and wires).
Finding unused cells or wires in module \arm16_top..

21.10.22. Executing OPT_EXPR pass (perform const folding).
Optimizing module arm16_top.
Couldn't topologically sort cells, optimizing module arm16_top may take a longer time.
Couldn't topologically sort cells, optimizing module arm16_top may take a longer time.

21.10.23. Finished fast OPT passes. (There is nothing left to do.)

21.11. Executing WREDUCE pass (reducing word size of cells).
Removed top 28 address bits (of 32) from memory init port arm16_top.$flatten\cpu.\id_stage_unit.\regfile_unit.$meminit$\register_file_data$register_file.v:19$247 (cpu.id_stage_unit.regfile_unit.register_file_data).
Removed top 28 address bits (of 32) from memory init port arm16_top.$flatten\cpu.\id_stage_unit.\regfile_unit.$meminit$\register_file_data$register_file.v:19$248 (cpu.id_stage_unit.regfile_unit.register_file_data).
Removed top 28 address bits (of 32) from memory init port arm16_top.$flatten\cpu.\id_stage_unit.\regfile_unit.$meminit$\register_file_data$register_file.v:19$249 (cpu.id_stage_unit.regfile_unit.register_file_data).
Removed top 28 address bits (of 32) from memory init port arm16_top.$flatten\cpu.\id_stage_unit.\regfile_unit.$meminit$\register_file_data$register_file.v:19$250 (cpu.id_stage_unit.regfile_unit.register_file_data).
Removed top 28 address bits (of 32) from memory init port arm16_top.$flatten\cpu.\id_stage_unit.\regfile_unit.$meminit$\register_file_data$register_file.v:19$251 (cpu.id_stage_unit.regfile_unit.register_file_data).
Removed top 28 address bits (of 32) from memory init port arm16_top.$flatten\cpu.\id_stage_unit.\regfile_unit.$meminit$\register_file_data$register_file.v:19$252 (cpu.id_stage_unit.regfile_unit.register_file_data).
Removed top 28 address bits (of 32) from memory init port arm16_top.$flatten\cpu.\id_stage_unit.\regfile_unit.$meminit$\register_file_data$register_file.v:19$253 (cpu.id_stage_unit.regfile_unit.register_file_data).
Removed top 28 address bits (of 32) from memory init port arm16_top.$flatten\cpu.\id_stage_unit.\regfile_unit.$meminit$\register_file_data$register_file.v:19$254 (cpu.id_stage_unit.regfile_unit.register_file_data).
Removed top 28 address bits (of 32) from memory init port arm16_top.$flatten\cpu.\id_stage_unit.\regfile_unit.$meminit$\register_file_data$register_file.v:19$255 (cpu.id_stage_unit.regfile_unit.register_file_data).
Removed top 28 address bits (of 32) from memory init port arm16_top.$flatten\cpu.\id_stage_unit.\regfile_unit.$meminit$\register_file_data$register_file.v:19$256 (cpu.id_stage_unit.regfile_unit.register_file_data).
Removed top 28 address bits (of 32) from memory init port arm16_top.$flatten\cpu.\id_stage_unit.\regfile_unit.$meminit$\register_file_data$register_file.v:19$257 (cpu.id_stage_unit.regfile_unit.register_file_data).
Removed top 28 address bits (of 32) from memory init port arm16_top.$flatten\cpu.\id_stage_unit.\regfile_unit.$meminit$\register_file_data$register_file.v:19$258 (cpu.id_stage_unit.regfile_unit.register_file_data).
Removed top 28 address bits (of 32) from memory init port arm16_top.$flatten\cpu.\id_stage_unit.\regfile_unit.$meminit$\register_file_data$register_file.v:19$259 (cpu.id_stage_unit.regfile_unit.register_file_data).
Removed top 28 address bits (of 32) from memory init port arm16_top.$flatten\cpu.\id_stage_unit.\regfile_unit.$meminit$\register_file_data$register_file.v:19$260 (cpu.id_stage_unit.regfile_unit.register_file_data).
Removed top 28 address bits (of 32) from memory init port arm16_top.$flatten\cpu.\id_stage_unit.\regfile_unit.$meminit$\register_file_data$register_file.v:19$261 (cpu.id_stage_unit.regfile_unit.register_file_data).
Removed top 1 bits (of 2) from FF cell arm16_top.$auto$ff.cc:337:slice$1187 ($sdffe).
Removed top 1 bits (of 2) from port B of cell arm16_top.$auto$opt_dff.cc:320:make_patterns_logic$1166 ($ne).
Removed top 1 bits (of 2) from port B of cell arm16_top.$auto$opt_dff.cc:320:make_patterns_logic$1162 ($ne).
Removed top 1 bits (of 2) from port B of cell arm16_top.$auto$opt_dff.cc:320:make_patterns_logic$1043 ($ne).
Removed top 1 bits (of 2) from port B of cell arm16_top.$auto$fsm_map.cc:77:implement_pattern_cache$1010 ($eq).
Removed top 1 bits (of 2) from port B of cell arm16_top.$auto$fsm_map.cc:77:implement_pattern_cache$1002 ($eq).
Removed top 1 bits (of 4) from port B of cell arm16_top.$auto$fsm_map.cc:77:implement_pattern_cache$967 ($eq).
Removed top 1 bits (of 4) from port B of cell arm16_top.$auto$fsm_map.cc:77:implement_pattern_cache$960 ($eq).
Removed top 1 bits (of 4) from port B of cell arm16_top.$auto$fsm_map.cc:77:implement_pattern_cache$953 ($eq).
Removed top 1 bits (of 4) from port B of cell arm16_top.$auto$fsm_map.cc:77:implement_pattern_cache$946 ($eq).
Removed top 1 bits (of 4) from port B of cell arm16_top.$auto$fsm_map.cc:77:implement_pattern_cache$939 ($eq).
Removed top 3 bits (of 4) from port B of cell arm16_top.$auto$fsm_map.cc:77:implement_pattern_cache$932 ($eq).
Removed top 3 bits (of 4) from port B of cell arm16_top.$auto$fsm_map.cc:77:implement_pattern_cache$925 ($eq).
Removed top 3 bits (of 4) from port B of cell arm16_top.$auto$fsm_map.cc:77:implement_pattern_cache$918 ($eq).
Removed top 1 bits (of 4) from port B of cell arm16_top.$auto$fsm_map.cc:77:implement_pattern_cache$911 ($eq).
Removed top 1 bits (of 3) from port B of cell arm16_top.$auto$fsm_map.cc:77:implement_pattern_cache$902 ($eq).
Removed top 1 bits (of 2) from port B of cell arm16_top.$flatten\cpu.\exe_stage_unit.\val_unit.$eq$val2_generator.v:63$290 ($eq).
Removed top 32 bits (of 64) from port A of cell arm16_top.$flatten\cpu.\exe_stage_unit.\val_unit.$shr$val2_generator.v:55$285 ($shr).
Removed top 48 bits (of 64) from port Y of cell arm16_top.$flatten\cpu.\exe_stage_unit.\val_unit.$shr$val2_generator.v:55$285 ($shr).
Removed top 40 bits (of 64) from port A of cell arm16_top.$flatten\cpu.\exe_stage_unit.\val_unit.$shr$val2_generator.v:51$284 ($shr).
Removed top 48 bits (of 64) from port Y of cell arm16_top.$flatten\cpu.\exe_stage_unit.\val_unit.$shr$val2_generator.v:51$284 ($shr).
Removed top 31 bits (of 32) from port B of cell arm16_top.$flatten\cpu.\exe_stage_unit.\alu_unit.$sub$alu.v:46$56 ($sub).
Removed top 15 bits (of 32) from port Y of cell arm16_top.$flatten\cpu.\exe_stage_unit.\alu_unit.$sub$alu.v:46$56 ($sub).
Removed top 15 bits (of 32) from port A of cell arm16_top.$flatten\cpu.\exe_stage_unit.\alu_unit.$sub$alu.v:46$56 ($sub).
Removed top 15 bits (of 32) from port Y of cell arm16_top.$flatten\cpu.\exe_stage_unit.\alu_unit.$sub$alu.v:46$54 ($sub).
Removed top 31 bits (of 32) from port B of cell arm16_top.$flatten\cpu.\exe_stage_unit.\alu_unit.$add$alu.v:44$52 ($add).
Removed top 15 bits (of 32) from port Y of cell arm16_top.$flatten\cpu.\exe_stage_unit.\alu_unit.$add$alu.v:44$52 ($add).
Removed top 15 bits (of 32) from port A of cell arm16_top.$flatten\cpu.\exe_stage_unit.\alu_unit.$add$alu.v:44$52 ($add).
Removed top 15 bits (of 32) from port Y of cell arm16_top.$flatten\cpu.\exe_stage_unit.\alu_unit.$add$alu.v:44$51 ($add).
Removed top 3 bits (of 4) from port B of cell arm16_top.$flatten\cpu.\id_stage_unit.\cond_unit.$procmux$576_CMP0 ($eq).
Removed top 2 bits (of 4) from port B of cell arm16_top.$flatten\cpu.\id_stage_unit.\cond_unit.$procmux$575_CMP0 ($eq).
Removed top 2 bits (of 4) from port B of cell arm16_top.$flatten\cpu.\id_stage_unit.\cond_unit.$procmux$574_CMP0 ($eq).
Removed top 1 bits (of 4) from port B of cell arm16_top.$flatten\cpu.\id_stage_unit.\cond_unit.$procmux$572_CMP0 ($eq).
Removed top 1 bits (of 4) from port B of cell arm16_top.$flatten\cpu.\id_stage_unit.\cond_unit.$procmux$570_CMP0 ($eq).
Removed top 3 bits (of 4) from port B of cell arm16_top.$flatten\cpu.\id_stage_unit.\ctrl_unit.$procmux$532_CMP0 ($eq).
Removed top 2 bits (of 4) from port B of cell arm16_top.$flatten\cpu.\id_stage_unit.\ctrl_unit.$procmux$531_CMP0 ($eq).
Removed top 2 bits (of 4) from port B of cell arm16_top.$flatten\cpu.\id_stage_unit.\ctrl_unit.$procmux$530_CMP0 ($eq).
Removed top 1 bits (of 4) from port B of cell arm16_top.$flatten\cpu.\id_stage_unit.\ctrl_unit.$procmux$529_CMP0 ($eq).
Removed top 1 bits (of 4) from port B of cell arm16_top.$flatten\cpu.\id_stage_unit.\ctrl_unit.$procmux$528_CMP0 ($eq).
Removed top 1 bits (of 4) from port B of cell arm16_top.$flatten\cpu.\id_stage_unit.\ctrl_unit.$procmux$527_CMP0 ($eq).
Removed top 1 bits (of 4) from port B of cell arm16_top.$flatten\cpu.\id_stage_unit.\ctrl_unit.$procmux$526_CMP0 ($eq).
Removed top 1 bits (of 2) from port B of cell arm16_top.$flatten\cpu.\id_stage_unit.\ctrl_unit.$eq$control_unit.v:84$125 ($eq).
Removed top 3 bits (of 4) from port B of cell arm16_top.$flatten\cpu.\id_stage_unit.\ctrl_unit.$eq$control_unit.v:81$115 ($eq).
Removed top 1 bits (of 4) from port B of cell arm16_top.$flatten\cpu.\id_stage_unit.\ctrl_unit.$eq$control_unit.v:78$106 ($eq).
Removed top 2 bits (of 4) from port B of cell arm16_top.$flatten\cpu.\id_stage_unit.\ctrl_unit.$eq$control_unit.v:77$103 ($eq).
Removed top 1 bits (of 4) from port B of cell arm16_top.$flatten\cpu.\id_stage_unit.\ctrl_unit.$eq$control_unit.v:76$100 ($eq).
Removed top 1 bits (of 4) from port B of cell arm16_top.$flatten\cpu.\id_stage_unit.\ctrl_unit.$eq$control_unit.v:75$97 ($eq).
Removed top 13 bits (of 16) from port B of cell arm16_top.$flatten\cpu.\if_stage_unit.$add$IF_stage.v:19$24 ($add).
Removed top 5 bits (of 16) from port B of cell arm16_top.$flatten\cpu.\mem_stage_unit.$sub$MEM_stage.v:38$30 ($sub).
Removed top 5 bits (of 6) from port B of cell arm16_top.$flatten\qspi.$eq$qspi_master.v:85$212 ($eq).
Removed top 31 bits (of 32) from port B of cell arm16_top.$flatten\qspi.$sub$qspi_master.v:84$211 ($sub).
Removed top 26 bits (of 32) from port Y of cell arm16_top.$flatten\qspi.$sub$qspi_master.v:84$211 ($sub).
Removed top 2 bits (of 6) from mux cell arm16_top.$flatten\qspi.$ternary$qspi_master.v:77$209 ($mux).
Removed top 15 bits (of 32) from wire arm16_top.$flatten\cpu.\exe_stage_unit.\alu_unit.$add$alu.v:44$51_Y.
Removed top 15 bits (of 32) from wire arm16_top.$flatten\cpu.\exe_stage_unit.\alu_unit.$add$alu.v:44$52_Y.
Removed top 15 bits (of 32) from wire arm16_top.$flatten\cpu.\exe_stage_unit.\alu_unit.$sub$alu.v:46$54_Y.
Removed top 15 bits (of 32) from wire arm16_top.$flatten\cpu.\exe_stage_unit.\alu_unit.$sub$alu.v:46$56_Y.
Removed top 2 bits (of 6) from wire arm16_top.$flatten\qspi.$ternary$qspi_master.v:77$209_Y.
Removed top 26 bits (of 32) from wire arm16_top.$flatten\qspi.$sub$qspi_master.v:68$203_Y.
Removed top 1 bits (of 16) from wire arm16_top.mem_addr.

21.12. Executing PEEPOPT pass (run peephole optimizers).

21.13. Executing OPT_CLEAN pass (remove unused cells and wires).
Finding unused cells or wires in module \arm16_top..
Removed 0 unused cells and 7 unused wires.
<suppressed ~1 debug messages>

21.14. Executing ALUMACC pass (create $alu and $macc cells).
Extracting $alu and $macc cells in module arm16_top:
  creating $macc model for $flatten\cpu.\mem_stage_unit.$sub$MEM_stage.v:38$30 ($sub).
  creating $macc model for $flatten\cpu.\if_stage_unit.$add$IF_stage.v:19$24 ($add).
  creating $macc model for $flatten\qspi.$sub$qspi_master.v:84$211 ($sub).
  creating $macc model for $flatten\cpu.\exe_stage_unit.\alu_unit.$add$alu.v:43$50 ($add).
  creating $macc model for $flatten\cpu.\exe_stage_unit.\alu_unit.$add$alu.v:44$51 ($add).
  creating $macc model for $flatten\cpu.\exe_stage_unit.\alu_unit.$add$alu.v:44$52 ($add).
  creating $macc model for $flatten\cpu.\exe_stage_unit.\alu_unit.$sub$alu.v:45$53 ($sub).
  creating $macc model for $flatten\cpu.\exe_stage_unit.\alu_unit.$sub$alu.v:46$54 ($sub).
  creating $macc model for $flatten\cpu.\exe_stage_unit.\alu_unit.$sub$alu.v:46$56 ($sub).
  creating $macc model for $flatten\cpu.\exe_stage_unit.$add$EXE_stage.v:63$4 ($add).
  merging $macc model for $flatten\cpu.\exe_stage_unit.\alu_unit.$sub$alu.v:46$54 into $flatten\cpu.\exe_stage_unit.\alu_unit.$sub$alu.v:46$56.
  merging $macc model for $flatten\cpu.\exe_stage_unit.\alu_unit.$add$alu.v:44$51 into $flatten\cpu.\exe_stage_unit.\alu_unit.$add$alu.v:44$52.
  creating $alu model for $macc $flatten\cpu.\exe_stage_unit.\alu_unit.$sub$alu.v:45$53.
  creating $alu model for $macc $flatten\cpu.\exe_stage_unit.\alu_unit.$add$alu.v:44$52.
  creating $alu model for $macc $flatten\cpu.\exe_stage_unit.$add$EXE_stage.v:63$4.
  creating $alu model for $macc $flatten\cpu.\exe_stage_unit.\alu_unit.$add$alu.v:43$50.
  creating $alu model for $macc $flatten\qspi.$sub$qspi_master.v:84$211.
  creating $alu model for $macc $flatten\cpu.\if_stage_unit.$add$IF_stage.v:19$24.
  creating $alu model for $macc $flatten\cpu.\mem_stage_unit.$sub$MEM_stage.v:38$30.
  creating $macc cell for $flatten\cpu.\exe_stage_unit.\alu_unit.$sub$alu.v:46$56: $auto$alumacc.cc:382:replace_macc$1195
  creating $alu model for $flatten\qspi.$eq$qspi_master.v:85$212 ($eq): merged with $flatten\qspi.$sub$qspi_master.v:84$211.
  creating $alu cell for $flatten\cpu.\mem_stage_unit.$sub$MEM_stage.v:38$30: $auto$alumacc.cc:512:replace_alu$1196
  creating $alu cell for $flatten\cpu.\if_stage_unit.$add$IF_stage.v:19$24: $auto$alumacc.cc:512:replace_alu$1199
  creating $alu cell for $flatten\qspi.$sub$qspi_master.v:84$211, $flatten\qspi.$eq$qspi_master.v:85$212: $auto$alumacc.cc:512:replace_alu$1202
  creating $alu cell for $flatten\cpu.\exe_stage_unit.$add$EXE_stage.v:63$4: $auto$alumacc.cc:512:replace_alu$1207
  creating $alu cell for $flatten\cpu.\exe_stage_unit.\alu_unit.$add$alu.v:43$50: $auto$alumacc.cc:512:replace_alu$1210
  creating $alu cell for $flatten\cpu.\exe_stage_unit.\alu_unit.$add$alu.v:44$52: $auto$alumacc.cc:512:replace_alu$1213
  creating $alu cell for $flatten\cpu.\exe_stage_unit.\alu_unit.$sub$alu.v:45$53: $auto$alumacc.cc:512:replace_alu$1216
  created 7 $alu and 1 $macc cells.

21.15. Executing SHARE pass (SAT-based resource sharing).
Found 6 cells in module arm16_top that may be considered for resource sharing.
  Analyzing resource sharing options for $flatten\cpu.\exe_stage_unit.\val_unit.$sshr$val2_generator.v:59$288 ($sshr):
    Found cell that is never activated: $flatten\cpu.\exe_stage_unit.\alu_unit.$add$alu.v:44$51
    Found cell that is never activated: $flatten\cpu.\exe_stage_unit.\alu_unit.$sub$alu.v:46$54
    Found 9 activation_patterns using ctrl signal { \cpu.id_reg_unit.instr_is_immediate_out \cpu.id_reg_unit.execute_command_out [9:1] \cpu.exe_stage_unit.val_unit.instr_is_memory_access $flatten\cpu.\exe_stage_unit.\val_unit.$eq$val2_generator.v:62$289_Y $flatten\cpu.\exe_stage_unit.\val_unit.$eq$val2_generator.v:63$290_Y $flatten\cpu.\exe_stage_unit.\val_unit.$eq$val2_generator.v:64$291_Y }.
    No candidates found.
  Analyzing resource sharing options for $flatten\cpu.\exe_stage_unit.\val_unit.$shr$val2_generator.v:58$287 ($shr):
    Found 9 activation_patterns using ctrl signal { \cpu.id_reg_unit.instr_is_immediate_out \cpu.id_reg_unit.execute_command_out [9:1] \cpu.exe_stage_unit.val_unit.instr_is_memory_access $flatten\cpu.\exe_stage_unit.\val_unit.$eq$val2_generator.v:62$289_Y $flatten\cpu.\exe_stage_unit.\val_unit.$eq$val2_generator.v:63$290_Y }.
    Found 2 candidates: $flatten\cpu.\exe_stage_unit.\val_unit.$shr$val2_generator.v:55$285 $flatten\cpu.\exe_stage_unit.\val_unit.$shr$val2_generator.v:51$284
    Analyzing resource sharing with $flatten\cpu.\exe_stage_unit.\val_unit.$shr$val2_generator.v:55$285 ($shr):
      Found 9 activation_patterns using ctrl signal { \cpu.id_reg_unit.instr_is_immediate_out \cpu.id_reg_unit.execute_command_out [9:1] \cpu.exe_stage_unit.val_unit.instr_is_memory_access $flatten\cpu.\exe_stage_unit.\val_unit.$eq$val2_generator.v:62$289_Y $flatten\cpu.\exe_stage_unit.\val_unit.$eq$val2_generator.v:63$290_Y $flatten\cpu.\exe_stage_unit.\val_unit.$eq$val2_generator.v:64$291_Y $flatten\cpu.\exe_stage_unit.\val_unit.$eq$val2_generator.v:65$292_Y }.
      Activation pattern for cell $flatten\cpu.\exe_stage_unit.\val_unit.$shr$val2_generator.v:58$287: { \cpu.id_reg_unit.instr_is_immediate_out \cpu.id_reg_unit.execute_command_out [5] \cpu.exe_stage_unit.val_unit.instr_is_memory_access $flatten\cpu.\exe_stage_unit.\val_unit.$eq$val2_generator.v:62$289_Y $flatten\cpu.\exe_stage_unit.\val_unit.$eq$val2_generator.v:63$290_Y } = 5'01001
      Activation pattern for cell $flatten\cpu.\exe_stage_unit.\val_unit.$shr$val2_generator.v:58$287: { \cpu.id_reg_unit.instr_is_immediate_out \cpu.id_reg_unit.execute_command_out [3] \cpu.exe_stage_unit.val_unit.instr_is_memory_access $flatten\cpu.\exe_stage_unit.\val_unit.$eq$val2_generator.v:62$289_Y $flatten\cpu.\exe_stage_unit.\val_unit.$eq$val2_generator.v:63$290_Y } = 5'01001
      Activation pattern for cell $flatten\cpu.\exe_stage_unit.\val_unit.$shr$val2_generator.v:58$287: { \cpu.id_reg_unit.instr_is_immediate_out \cpu.id_reg_unit.execute_command_out [8] \cpu.exe_stage_unit.val_unit.instr_is_memory_access $flatten\cpu.\exe_stage_unit.\val_unit.$eq$val2_generator.v:62$289_Y $flatten\cpu.\exe_stage_unit.\val_unit.$eq$val2_generator.v:63$290_Y } = 5'01001
      Activation pattern for cell $flatten\cpu.\exe_stage_unit.\val_unit.$shr$val2_generator.v:58$287: { \cpu.id_reg_unit.instr_is_immediate_out \cpu.id_reg_unit.execute_command_out [2] \cpu.exe_stage_unit.val_unit.instr_is_memory_access $flatten\cpu.\exe_stage_unit.\val_unit.$eq$val2_generator.v:62$289_Y $flatten\cpu.\exe_stage_unit.\val_unit.$eq$val2_generator.v:63$290_Y } = 5'01001
      Activation pattern for cell $flatten\cpu.\exe_stage_unit.\val_unit.$shr$val2_generator.v:58$287: { \cpu.id_reg_unit.instr_is_immediate_out \cpu.id_reg_unit.execute_command_out [7] \cpu.exe_stage_unit.val_unit.instr_is_memory_access $flatten\cpu.\exe_stage_unit.\val_unit.$eq$val2_generator.v:62$289_Y $flatten\cpu.\exe_stage_unit.\val_unit.$eq$val2_generator.v:63$290_Y } = 5'01001
      Activation pattern for cell $flatten\cpu.\exe_stage_unit.\val_unit.$shr$val2_generator.v:58$287: { \cpu.id_reg_unit.instr_is_immediate_out \cpu.id_reg_unit.execute_command_out [4] \cpu.exe_stage_unit.val_unit.instr_is_memory_access $flatten\cpu.\exe_stage_unit.\val_unit.$eq$val2_generator.v:62$289_Y $flatten\cpu.\exe_stage_unit.\val_unit.$eq$val2_generator.v:63$290_Y } = 5'01001
      Activation pattern for cell $flatten\cpu.\exe_stage_unit.\val_unit.$shr$val2_generator.v:58$287: { \cpu.id_reg_unit.instr_is_immediate_out \cpu.id_reg_unit.execute_command_out [9] \cpu.exe_stage_unit.val_unit.instr_is_memory_access $flatten\cpu.\exe_stage_unit.\val_unit.$eq$val2_generator.v:62$289_Y $flatten\cpu.\exe_stage_unit.\val_unit.$eq$val2_generator.v:63$290_Y } = 5'01001
      Activation pattern for cell $flatten\cpu.\exe_stage_unit.\val_unit.$shr$val2_generator.v:58$287: { \cpu.id_reg_unit.instr_is_immediate_out \cpu.id_reg_unit.execute_command_out [1] \cpu.exe_stage_unit.val_unit.instr_is_memory_access $flatten\cpu.\exe_stage_unit.\val_unit.$eq$val2_generator.v:62$289_Y $flatten\cpu.\exe_stage_unit.\val_unit.$eq$val2_generator.v:63$290_Y } = 5'01001
      Activation pattern for cell $flatten\cpu.\exe_stage_unit.\val_unit.$shr$val2_generator.v:58$287: { \cpu.id_reg_unit.instr_is_immediate_out \cpu.id_reg_unit.execute_command_out [6] \cpu.exe_stage_unit.val_unit.instr_is_memory_access $flatten\cpu.\exe_stage_unit.\val_unit.$eq$val2_generator.v:62$289_Y $flatten\cpu.\exe_stage_unit.\val_unit.$eq$val2_generator.v:63$290_Y } = 5'01001
      Activation pattern for cell $flatten\cpu.\exe_stage_unit.\val_unit.$shr$val2_generator.v:55$285: { \cpu.id_reg_unit.instr_is_immediate_out \cpu.id_reg_unit.execute_command_out [5] \cpu.exe_stage_unit.val_unit.instr_is_memory_access $flatten\cpu.\exe_stage_unit.\val_unit.$eq$val2_generator.v:62$289_Y $flatten\cpu.\exe_stage_unit.\val_unit.$eq$val2_generator.v:63$290_Y $flatten\cpu.\exe_stage_unit.\val_unit.$eq$val2_generator.v:64$291_Y $flatten\cpu.\exe_stage_unit.\val_unit.$eq$val2_generator.v:65$292_Y } = 7'0100001
      Activation pattern for cell $flatten\cpu.\exe_stage_unit.\val_unit.$shr$val2_generator.v:55$285: { \cpu.id_reg_unit.instr_is_immediate_out \cpu.id_reg_unit.execute_command_out [3] \cpu.exe_stage_unit.val_unit.instr_is_memory_access $flatten\cpu.\exe_stage_unit.\val_unit.$eq$val2_generator.v:62$289_Y $flatten\cpu.\exe_stage_unit.\val_unit.$eq$val2_generator.v:63$290_Y $flatten\cpu.\exe_stage_unit.\val_unit.$eq$val2_generator.v:64$291_Y $flatten\cpu.\exe_stage_unit.\val_unit.$eq$val2_generator.v:65$292_Y } = 7'0100001
      Activation pattern for cell $flatten\cpu.\exe_stage_unit.\val_unit.$shr$val2_generator.v:55$285: { \cpu.id_reg_unit.instr_is_immediate_out \cpu.id_reg_unit.execute_command_out [8] \cpu.exe_stage_unit.val_unit.instr_is_memory_access $flatten\cpu.\exe_stage_unit.\val_unit.$eq$val2_generator.v:62$289_Y $flatten\cpu.\exe_stage_unit.\val_unit.$eq$val2_generator.v:63$290_Y $flatten\cpu.\exe_stage_unit.\val_unit.$eq$val2_generator.v:64$291_Y $flatten\cpu.\exe_stage_unit.\val_unit.$eq$val2_generator.v:65$292_Y } = 7'0100001
      Activation pattern for cell $flatten\cpu.\exe_stage_unit.\val_unit.$shr$val2_generator.v:55$285: { \cpu.id_reg_unit.instr_is_immediate_out \cpu.id_reg_unit.execute_command_out [2] \cpu.exe_stage_unit.val_unit.instr_is_memory_access $flatten\cpu.\exe_stage_unit.\val_unit.$eq$val2_generator.v:62$289_Y $flatten\cpu.\exe_stage_unit.\val_unit.$eq$val2_generator.v:63$290_Y $flatten\cpu.\exe_stage_unit.\val_unit.$eq$val2_generator.v:64$291_Y $flatten\cpu.\exe_stage_unit.\val_unit.$eq$val2_generator.v:65$292_Y } = 7'0100001
      Activation pattern for cell $flatten\cpu.\exe_stage_unit.\val_unit.$shr$val2_generator.v:55$285: { \cpu.id_reg_unit.instr_is_immediate_out \cpu.id_reg_unit.execute_command_out [7] \cpu.exe_stage_unit.val_unit.instr_is_memory_access $flatten\cpu.\exe_stage_unit.\val_unit.$eq$val2_generator.v:62$289_Y $flatten\cpu.\exe_stage_unit.\val_unit.$eq$val2_generator.v:63$290_Y $flatten\cpu.\exe_stage_unit.\val_unit.$eq$val2_generator.v:64$291_Y $flatten\cpu.\exe_stage_unit.\val_unit.$eq$val2_generator.v:65$292_Y } = 7'0100001
      Activation pattern for cell $flatten\cpu.\exe_stage_unit.\val_unit.$shr$val2_generator.v:55$285: { \cpu.id_reg_unit.instr_is_immediate_out \cpu.id_reg_unit.execute_command_out [4] \cpu.exe_stage_unit.val_unit.instr_is_memory_access $flatten\cpu.\exe_stage_unit.\val_unit.$eq$val2_generator.v:62$289_Y $flatten\cpu.\exe_stage_unit.\val_unit.$eq$val2_generator.v:63$290_Y $flatten\cpu.\exe_stage_unit.\val_unit.$eq$val2_generator.v:64$291_Y $flatten\cpu.\exe_stage_unit.\val_unit.$eq$val2_generator.v:65$292_Y } = 7'0100001
      Activation pattern for cell $flatten\cpu.\exe_stage_unit.\val_unit.$shr$val2_generator.v:55$285: { \cpu.id_reg_unit.instr_is_immediate_out \cpu.id_reg_unit.execute_command_out [9] \cpu.exe_stage_unit.val_unit.instr_is_memory_access $flatten\cpu.\exe_stage_unit.\val_unit.$eq$val2_generator.v:62$289_Y $flatten\cpu.\exe_stage_unit.\val_unit.$eq$val2_generator.v:63$290_Y $flatten\cpu.\exe_stage_unit.\val_unit.$eq$val2_generator.v:64$291_Y $flatten\cpu.\exe_stage_unit.\val_unit.$eq$val2_generator.v:65$292_Y } = 7'0100001
      Activation pattern for cell $flatten\cpu.\exe_stage_unit.\val_unit.$shr$val2_generator.v:55$285: { \cpu.id_reg_unit.instr_is_immediate_out \cpu.id_reg_unit.execute_command_out [1] \cpu.exe_stage_unit.val_unit.instr_is_memory_access $flatten\cpu.\exe_stage_unit.\val_unit.$eq$val2_generator.v:62$289_Y $flatten\cpu.\exe_stage_unit.\val_unit.$eq$val2_generator.v:63$290_Y $flatten\cpu.\exe_stage_unit.\val_unit.$eq$val2_generator.v:64$291_Y $flatten\cpu.\exe_stage_unit.\val_unit.$eq$val2_generator.v:65$292_Y } = 7'0100001
      Activation pattern for cell $flatten\cpu.\exe_stage_unit.\val_unit.$shr$val2_generator.v:55$285: { \cpu.id_reg_unit.instr_is_immediate_out \cpu.id_reg_unit.execute_command_out [6] \cpu.exe_stage_unit.val_unit.instr_is_memory_access $flatten\cpu.\exe_stage_unit.\val_unit.$eq$val2_generator.v:62$289_Y $flatten\cpu.\exe_stage_unit.\val_unit.$eq$val2_generator.v:63$290_Y $flatten\cpu.\exe_stage_unit.\val_unit.$eq$val2_generator.v:64$291_Y $flatten\cpu.\exe_stage_unit.\val_unit.$eq$val2_generator.v:65$292_Y } = 7'0100001
      According to the SAT solver this pair of cells can be shared. (Pattern only case)
      Simplified activation pattern for cell $flatten\cpu.\exe_stage_unit.\val_unit.$shr$val2_generator.v:58$287: $flatten\cpu.\exe_stage_unit.\val_unit.$eq$val2_generator.v:63$290_Y = 1'1
      Simplified activation pattern for cell $flatten\cpu.\exe_stage_unit.\val_unit.$shr$val2_generator.v:55$285: $flatten\cpu.\exe_stage_unit.\val_unit.$eq$val2_generator.v:63$290_Y = 1'0
      Activation signal for $flatten\cpu.\exe_stage_unit.\val_unit.$shr$val2_generator.v:58$287: $auto$share.cc:1062:make_cell_activation_logic$1219
      New cell: $auto$share.cc:663:make_supercell$1226 ($shr)
  Analyzing resource sharing options for $auto$share.cc:663:make_supercell$1226 ($shr):
    Found 18 activation_patterns using ctrl signal { \cpu.id_reg_unit.instr_is_immediate_out \cpu.id_reg_unit.execute_command_out [9:1] \cpu.exe_stage_unit.val_unit.instr_is_memory_access $flatten\cpu.\exe_stage_unit.\val_unit.$eq$val2_generator.v:62$289_Y $flatten\cpu.\exe_stage_unit.\val_unit.$eq$val2_generator.v:63$290_Y $flatten\cpu.\exe_stage_unit.\val_unit.$eq$val2_generator.v:64$291_Y $flatten\cpu.\exe_stage_unit.\val_unit.$eq$val2_generator.v:65$292_Y }.
    Found 1 candidates: $flatten\cpu.\exe_stage_unit.\val_unit.$shr$val2_generator.v:51$284
    Analyzing resource sharing with $flatten\cpu.\exe_stage_unit.\val_unit.$shr$val2_generator.v:51$284 ($shr):
      Found 9 activation_patterns using ctrl signal { \cpu.id_reg_unit.instr_is_immediate_out \cpu.id_reg_unit.execute_command_out [9:1] \cpu.exe_stage_unit.val_unit.instr_is_memory_access }.
      Activation pattern for cell $auto$share.cc:663:make_supercell$1226: { \cpu.id_reg_unit.instr_is_immediate_out \cpu.id_reg_unit.execute_command_out [5] \cpu.exe_stage_unit.val_unit.instr_is_memory_access $flatten\cpu.\exe_stage_unit.\val_unit.$eq$val2_generator.v:62$289_Y $flatten\cpu.\exe_stage_unit.\val_unit.$eq$val2_generator.v:63$290_Y } = 5'01001
      Activation pattern for cell $auto$share.cc:663:make_supercell$1226: { \cpu.id_reg_unit.instr_is_immediate_out \cpu.id_reg_unit.execute_command_out [3] \cpu.exe_stage_unit.val_unit.instr_is_memory_access $flatten\cpu.\exe_stage_unit.\val_unit.$eq$val2_generator.v:62$289_Y $flatten\cpu.\exe_stage_unit.\val_unit.$eq$val2_generator.v:63$290_Y } = 5'01001
      Activation pattern for cell $auto$share.cc:663:make_supercell$1226: { \cpu.id_reg_unit.instr_is_immediate_out \cpu.id_reg_unit.execute_command_out [8] \cpu.exe_stage_unit.val_unit.instr_is_memory_access $flatten\cpu.\exe_stage_unit.\val_unit.$eq$val2_generator.v:62$289_Y $flatten\cpu.\exe_stage_unit.\val_unit.$eq$val2_generator.v:63$290_Y } = 5'01001
      Activation pattern for cell $auto$share.cc:663:make_supercell$1226: { \cpu.id_reg_unit.instr_is_immediate_out \cpu.id_reg_unit.execute_command_out [2] \cpu.exe_stage_unit.val_unit.instr_is_memory_access $flatten\cpu.\exe_stage_unit.\val_unit.$eq$val2_generator.v:62$289_Y $flatten\cpu.\exe_stage_unit.\val_unit.$eq$val2_generator.v:63$290_Y } = 5'01001
      Activation pattern for cell $auto$share.cc:663:make_supercell$1226: { \cpu.id_reg_unit.instr_is_immediate_out \cpu.id_reg_unit.execute_command_out [7] \cpu.exe_stage_unit.val_unit.instr_is_memory_access $flatten\cpu.\exe_stage_unit.\val_unit.$eq$val2_generator.v:62$289_Y $flatten\cpu.\exe_stage_unit.\val_unit.$eq$val2_generator.v:63$290_Y } = 5'01001
      Activation pattern for cell $auto$share.cc:663:make_supercell$1226: { \cpu.id_reg_unit.instr_is_immediate_out \cpu.id_reg_unit.execute_command_out [4] \cpu.exe_stage_unit.val_unit.instr_is_memory_access $flatten\cpu.\exe_stage_unit.\val_unit.$eq$val2_generator.v:62$289_Y $flatten\cpu.\exe_stage_unit.\val_unit.$eq$val2_generator.v:63$290_Y } = 5'01001
      Activation pattern for cell $auto$share.cc:663:make_supercell$1226: { \cpu.id_reg_unit.instr_is_immediate_out \cpu.id_reg_unit.execute_command_out [9] \cpu.exe_stage_unit.val_unit.instr_is_memory_access $flatten\cpu.\exe_stage_unit.\val_unit.$eq$val2_generator.v:62$289_Y $flatten\cpu.\exe_stage_unit.\val_unit.$eq$val2_generator.v:63$290_Y } = 5'01001
      Activation pattern for cell $auto$share.cc:663:make_supercell$1226: { \cpu.id_reg_unit.instr_is_immediate_out \cpu.id_reg_unit.execute_command_out [1] \cpu.exe_stage_unit.val_unit.instr_is_memory_access $flatten\cpu.\exe_stage_unit.\val_unit.$eq$val2_generator.v:62$289_Y $flatten\cpu.\exe_stage_unit.\val_unit.$eq$val2_generator.v:63$290_Y } = 5'01001
      Activation pattern for cell $auto$share.cc:663:make_supercell$1226: { \cpu.id_reg_unit.instr_is_immediate_out \cpu.id_reg_unit.execute_command_out [6] \cpu.exe_stage_unit.val_unit.instr_is_memory_access $flatten\cpu.\exe_stage_unit.\val_unit.$eq$val2_generator.v:62$289_Y $flatten\cpu.\exe_stage_unit.\val_unit.$eq$val2_generator.v:63$290_Y } = 5'01001
      Activation pattern for cell $auto$share.cc:663:make_supercell$1226: { \cpu.id_reg_unit.instr_is_immediate_out \cpu.id_reg_unit.execute_command_out [5] \cpu.exe_stage_unit.val_unit.instr_is_memory_access $flatten\cpu.\exe_stage_unit.\val_unit.$eq$val2_generator.v:62$289_Y $flatten\cpu.\exe_stage_unit.\val_unit.$eq$val2_generator.v:63$290_Y $flatten\cpu.\exe_stage_unit.\val_unit.$eq$val2_generator.v:64$291_Y $flatten\cpu.\exe_stage_unit.\val_unit.$eq$val2_generator.v:65$292_Y } = 7'0100001
      Activation pattern for cell $auto$share.cc:663:make_supercell$1226: { \cpu.id_reg_unit.instr_is_immediate_out \cpu.id_reg_unit.execute_command_out [3] \cpu.exe_stage_unit.val_unit.instr_is_memory_access $flatten\cpu.\exe_stage_unit.\val_unit.$eq$val2_generator.v:62$289_Y $flatten\cpu.\exe_stage_unit.\val_unit.$eq$val2_generator.v:63$290_Y $flatten\cpu.\exe_stage_unit.\val_unit.$eq$val2_generator.v:64$291_Y $flatten\cpu.\exe_stage_unit.\val_unit.$eq$val2_generator.v:65$292_Y } = 7'0100001
      Activation pattern for cell $auto$share.cc:663:make_supercell$1226: { \cpu.id_reg_unit.instr_is_immediate_out \cpu.id_reg_unit.execute_command_out [8] \cpu.exe_stage_unit.val_unit.instr_is_memory_access $flatten\cpu.\exe_stage_unit.\val_unit.$eq$val2_generator.v:62$289_Y $flatten\cpu.\exe_stage_unit.\val_unit.$eq$val2_generator.v:63$290_Y $flatten\cpu.\exe_stage_unit.\val_unit.$eq$val2_generator.v:64$291_Y $flatten\cpu.\exe_stage_unit.\val_unit.$eq$val2_generator.v:65$292_Y } = 7'0100001
      Activation pattern for cell $auto$share.cc:663:make_supercell$1226: { \cpu.id_reg_unit.instr_is_immediate_out \cpu.id_reg_unit.execute_command_out [2] \cpu.exe_stage_unit.val_unit.instr_is_memory_access $flatten\cpu.\exe_stage_unit.\val_unit.$eq$val2_generator.v:62$289_Y $flatten\cpu.\exe_stage_unit.\val_unit.$eq$val2_generator.v:63$290_Y $flatten\cpu.\exe_stage_unit.\val_unit.$eq$val2_generator.v:64$291_Y $flatten\cpu.\exe_stage_unit.\val_unit.$eq$val2_generator.v:65$292_Y } = 7'0100001
      Activation pattern for cell $auto$share.cc:663:make_supercell$1226: { \cpu.id_reg_unit.instr_is_immediate_out \cpu.id_reg_unit.execute_command_out [7] \cpu.exe_stage_unit.val_unit.instr_is_memory_access $flatten\cpu.\exe_stage_unit.\val_unit.$eq$val2_generator.v:62$289_Y $flatten\cpu.\exe_stage_unit.\val_unit.$eq$val2_generator.v:63$290_Y $flatten\cpu.\exe_stage_unit.\val_unit.$eq$val2_generator.v:64$291_Y $flatten\cpu.\exe_stage_unit.\val_unit.$eq$val2_generator.v:65$292_Y } = 7'0100001
      Activation pattern for cell $auto$share.cc:663:make_supercell$1226: { \cpu.id_reg_unit.instr_is_immediate_out \cpu.id_reg_unit.execute_command_out [4] \cpu.exe_stage_unit.val_unit.instr_is_memory_access $flatten\cpu.\exe_stage_unit.\val_unit.$eq$val2_generator.v:62$289_Y $flatten\cpu.\exe_stage_unit.\val_unit.$eq$val2_generator.v:63$290_Y $flatten\cpu.\exe_stage_unit.\val_unit.$eq$val2_generator.v:64$291_Y $flatten\cpu.\exe_stage_unit.\val_unit.$eq$val2_generator.v:65$292_Y } = 7'0100001
      Activation pattern for cell $auto$share.cc:663:make_supercell$1226: { \cpu.id_reg_unit.instr_is_immediate_out \cpu.id_reg_unit.execute_command_out [9] \cpu.exe_stage_unit.val_unit.instr_is_memory_access $flatten\cpu.\exe_stage_unit.\val_unit.$eq$val2_generator.v:62$289_Y $flatten\cpu.\exe_stage_unit.\val_unit.$eq$val2_generator.v:63$290_Y $flatten\cpu.\exe_stage_unit.\val_unit.$eq$val2_generator.v:64$291_Y $flatten\cpu.\exe_stage_unit.\val_unit.$eq$val2_generator.v:65$292_Y } = 7'0100001
      Activation pattern for cell $auto$share.cc:663:make_supercell$1226: { \cpu.id_reg_unit.instr_is_immediate_out \cpu.id_reg_unit.execute_command_out [1] \cpu.exe_stage_unit.val_unit.instr_is_memory_access $flatten\cpu.\exe_stage_unit.\val_unit.$eq$val2_generator.v:62$289_Y $flatten\cpu.\exe_stage_unit.\val_unit.$eq$val2_generator.v:63$290_Y $flatten\cpu.\exe_stage_unit.\val_unit.$eq$val2_generator.v:64$291_Y $flatten\cpu.\exe_stage_unit.\val_unit.$eq$val2_generator.v:65$292_Y } = 7'0100001
      Activation pattern for cell $auto$share.cc:663:make_supercell$1226: { \cpu.id_reg_unit.instr_is_immediate_out \cpu.id_reg_unit.execute_command_out [6] \cpu.exe_stage_unit.val_unit.instr_is_memory_access $flatten\cpu.\exe_stage_unit.\val_unit.$eq$val2_generator.v:62$289_Y $flatten\cpu.\exe_stage_unit.\val_unit.$eq$val2_generator.v:63$290_Y $flatten\cpu.\exe_stage_unit.\val_unit.$eq$val2_generator.v:64$291_Y $flatten\cpu.\exe_stage_unit.\val_unit.$eq$val2_generator.v:65$292_Y } = 7'0100001
      Activation pattern for cell $flatten\cpu.\exe_stage_unit.\val_unit.$shr$val2_generator.v:51$284: { \cpu.id_reg_unit.instr_is_immediate_out \cpu.id_reg_unit.execute_command_out [5] \cpu.exe_stage_unit.val_unit.instr_is_memory_access } = 3'110
      Activation pattern for cell $flatten\cpu.\exe_stage_unit.\val_unit.$shr$val2_generator.v:51$284: { \cpu.id_reg_unit.instr_is_immediate_out \cpu.id_reg_unit.execute_command_out [3] \cpu.exe_stage_unit.val_unit.instr_is_memory_access } = 3'110
      Activation pattern for cell $flatten\cpu.\exe_stage_unit.\val_unit.$shr$val2_generator.v:51$284: { \cpu.id_reg_unit.instr_is_immediate_out \cpu.id_reg_unit.execute_command_out [8] \cpu.exe_stage_unit.val_unit.instr_is_memory_access } = 3'110
      Activation pattern for cell $flatten\cpu.\exe_stage_unit.\val_unit.$shr$val2_generator.v:51$284: { \cpu.id_reg_unit.instr_is_immediate_out \cpu.id_reg_unit.execute_command_out [2] \cpu.exe_stage_unit.val_unit.instr_is_memory_access } = 3'110
      Activation pattern for cell $flatten\cpu.\exe_stage_unit.\val_unit.$shr$val2_generator.v:51$284: { \cpu.id_reg_unit.instr_is_immediate_out \cpu.id_reg_unit.execute_command_out [7] \cpu.exe_stage_unit.val_unit.instr_is_memory_access } = 3'110
      Activation pattern for cell $flatten\cpu.\exe_stage_unit.\val_unit.$shr$val2_generator.v:51$284: { \cpu.id_reg_unit.instr_is_immediate_out \cpu.id_reg_unit.execute_command_out [4] \cpu.exe_stage_unit.val_unit.instr_is_memory_access } = 3'110
      Activation pattern for cell $flatten\cpu.\exe_stage_unit.\val_unit.$shr$val2_generator.v:51$284: { \cpu.id_reg_unit.instr_is_immediate_out \cpu.id_reg_unit.execute_command_out [9] \cpu.exe_stage_unit.val_unit.instr_is_memory_access } = 3'110
      Activation pattern for cell $flatten\cpu.\exe_stage_unit.\val_unit.$shr$val2_generator.v:51$284: { \cpu.id_reg_unit.instr_is_immediate_out \cpu.id_reg_unit.execute_command_out [1] \cpu.exe_stage_unit.val_unit.instr_is_memory_access } = 3'110
      Activation pattern for cell $flatten\cpu.\exe_stage_unit.\val_unit.$shr$val2_generator.v:51$284: { \cpu.id_reg_unit.instr_is_immediate_out \cpu.id_reg_unit.execute_command_out [6] \cpu.exe_stage_unit.val_unit.instr_is_memory_access } = 3'110
      According to the SAT solver this pair of cells can be shared. (Pattern only case)
      Simplified activation pattern for cell $auto$share.cc:663:make_supercell$1226: \cpu.id_reg_unit.instr_is_immediate_out = 1'0
      Simplified activation pattern for cell $flatten\cpu.\exe_stage_unit.\val_unit.$shr$val2_generator.v:51$284: \cpu.id_reg_unit.instr_is_immediate_out = 1'1
      Activation signal for $auto$share.cc:663:make_supercell$1226: $auto$share.cc:1062:make_cell_activation_logic$1229
      New cell: $auto$share.cc:663:make_supercell$1236 ($shr)
  Analyzing resource sharing options for $auto$share.cc:663:make_supercell$1236 ($shr):
    Found 27 activation_patterns using ctrl signal { \cpu.id_reg_unit.instr_is_immediate_out \cpu.id_reg_unit.execute_command_out [9:1] \cpu.exe_stage_unit.val_unit.instr_is_memory_access $flatten\cpu.\exe_stage_unit.\val_unit.$eq$val2_generator.v:62$289_Y $flatten\cpu.\exe_stage_unit.\val_unit.$eq$val2_generator.v:63$290_Y $flatten\cpu.\exe_stage_unit.\val_unit.$eq$val2_generator.v:64$291_Y $flatten\cpu.\exe_stage_unit.\val_unit.$eq$val2_generator.v:65$292_Y }.
    No candidates found.
  Analyzing resource sharing options for $flatten\cpu.\exe_stage_unit.\val_unit.$shl$val2_generator.v:57$286 ($shl):
    Found 9 activation_patterns using ctrl signal { \cpu.id_reg_unit.instr_is_immediate_out \cpu.id_reg_unit.execute_command_out [9:1] \cpu.exe_stage_unit.val_unit.instr_is_memory_access $flatten\cpu.\exe_stage_unit.\val_unit.$eq$val2_generator.v:62$289_Y }.
    No candidates found.
  Analyzing resource sharing options for $flatten\cpu.\id_stage_unit.\regfile_unit.$memrd$\register_file_data$register_file.v:28$246 ($memrd):
    Found 1 activation_patterns using ctrl signal \cpu.mem_reg_unit.wb_en_out.
    No candidates found.
Removing 6 cells in module arm16_top:
  Removing cell $flatten\cpu.\exe_stage_unit.\val_unit.$shr$val2_generator.v:51$284 ($shr).
  Removing cell $auto$share.cc:663:make_supercell$1226 ($shr).
  Removing cell $flatten\cpu.\exe_stage_unit.\val_unit.$shr$val2_generator.v:55$285 ($shr).
  Removing cell $flatten\cpu.\exe_stage_unit.\val_unit.$shr$val2_generator.v:58$287 ($shr).
  Removing cell $flatten\cpu.\exe_stage_unit.\alu_unit.$sub$alu.v:46$54 ($sub).
  Removing cell $flatten\cpu.\exe_stage_unit.\alu_unit.$add$alu.v:44$51 ($add).

21.16. Executing OPT pass (performing simple optimizations).

21.16.1. Executing OPT_EXPR pass (perform const folding).
Optimizing module arm16_top.
Couldn't topologically sort cells, optimizing module arm16_top may take a longer time.
Couldn't topologically sort cells, optimizing module arm16_top may take a longer time.
Couldn't topologically sort cells, optimizing module arm16_top may take a longer time.
Couldn't topologically sort cells, optimizing module arm16_top may take a longer time.
<suppressed ~5 debug messages>

21.16.2. Executing OPT_MERGE pass (detect identical cells).
Finding identical cells in module `\arm16_top'.
Computing hashes of 406 cells of `\arm16_top'.
Finding duplicate cells in `\arm16_top'.
Computing hashes of 404 cells of `\arm16_top'.
Finding duplicate cells in `\arm16_top'.
<suppressed ~6 debug messages>
Removed a total of 2 cells.

21.16.3. Executing OPT_MUXTREE pass (detect dead branches in mux trees).
Running muxtree optimizer on module \arm16_top..
  Creating internal representation of mux trees.
  Evaluating internal representation of mux trees.
  Analyzing evaluation results.
Removed 0 multiplexer ports.
<suppressed ~129 debug messages>

21.16.4. Executing OPT_REDUCE pass (consolidate $*mux and $reduce_* inputs).
  Optimizing cells in module \arm16_top.
Performed a total of 0 changes.

21.16.5. Executing OPT_MERGE pass (detect identical cells).
Finding identical cells in module `\arm16_top'.
Computing hashes of 404 cells of `\arm16_top'.
Finding duplicate cells in `\arm16_top'.
Removed a total of 0 cells.

21.16.6. Executing OPT_DFF pass (perform DFF optimizations).

21.16.7. Executing OPT_CLEAN pass (remove unused cells and wires).
Finding unused cells or wires in module \arm16_top..
Removed 1 unused cells and 8 unused wires.
<suppressed ~4 debug messages>

21.16.8. Executing OPT_EXPR pass (perform const folding).
Optimizing module arm16_top.
Couldn't topologically sort cells, optimizing module arm16_top may take a longer time.
Couldn't topologically sort cells, optimizing module arm16_top may take a longer time.

21.16.9. Rerunning OPT passes. (Maybe there is more to do..)

21.16.10. Executing OPT_MUXTREE pass (detect dead branches in mux trees).
Running muxtree optimizer on module \arm16_top..
  Creating internal representation of mux trees.
  Evaluating internal representation of mux trees.
  Analyzing evaluation results.
Removed 0 multiplexer ports.
<suppressed ~129 debug messages>

21.16.11. Executing OPT_REDUCE pass (consolidate $*mux and $reduce_* inputs).
  Optimizing cells in module \arm16_top.
Performed a total of 0 changes.

21.16.12. Executing OPT_MERGE pass (detect identical cells).
Finding identical cells in module `\arm16_top'.
Computing hashes of 401 cells of `\arm16_top'.
Finding duplicate cells in `\arm16_top'.
Removed a total of 0 cells.

21.16.13. Executing OPT_DFF pass (perform DFF optimizations).

21.16.14. Executing OPT_CLEAN pass (remove unused cells and wires).
Finding unused cells or wires in module \arm16_top..

21.16.15. Executing OPT_EXPR pass (perform const folding).
Optimizing module arm16_top.
Couldn't topologically sort cells, optimizing module arm16_top may take a longer time.
Couldn't topologically sort cells, optimizing module arm16_top may take a longer time.

21.16.16. Finished fast OPT passes. (There is nothing left to do.)

21.17. Executing MEMORY pass.

21.17.1. Executing OPT_MEM pass (optimize memories).
Performed a total of 0 transformations.

21.17.2. Executing OPT_MEM_PRIORITY pass (removing unnecessary memory write priority relations).
Performed a total of 0 transformations.

21.17.3. Executing OPT_MEM_FEEDBACK pass (finding memory read-to-write feedback paths).
  Analyzing arm16_top.cpu.id_stage_unit.regfile_unit.register_file_data write port 0.
  Analyzing arm16_top.cpu.id_stage_unit.regfile_unit.register_file_data write port 1.
Populating enable bits on write ports of memory arm16_top.cpu.id_stage_unit.regfile_unit.register_file_data with async read feedback:
    Port 1 bit 15: added enable logic for 1 different cases.
    Port 1 bit 14: added enable logic for 1 different cases.
    Port 1 bit 13: added enable logic for 1 different cases.
    Port 1 bit 12: added enable logic for 1 different cases.
    Port 1 bit 11: added enable logic for 1 different cases.
    Port 1 bit 10: added enable logic for 1 different cases.
    Port 1 bit 9: added enable logic for 1 different cases.
    Port 1 bit 8: added enable logic for 1 different cases.
    Port 1 bit 7: added enable logic for 1 different cases.
    Port 1 bit 6: added enable logic for 1 different cases.
    Port 1 bit 5: added enable logic for 1 different cases.
    Port 1 bit 4: added enable logic for 1 different cases.
    Port 1 bit 3: added enable logic for 1 different cases.
    Port 1 bit 2: added enable logic for 1 different cases.
    Port 1 bit 1: added enable logic for 1 different cases.
    Port 1 bit 0: added enable logic for 1 different cases.

21.17.4. Executing MEMORY_BMUX2ROM pass (converting muxes to ROMs).

21.17.5. Executing MEMORY_DFF pass (merging $dff cells to $memrd).
Checking read port `\cpu.id_stage_unit.regfile_unit.register_file_data'[0] in module `\arm16_top': merging output FF to cell.
Checking read port `\cpu.id_stage_unit.regfile_unit.register_file_data'[1] in module `\arm16_top': merging output FF to cell.

21.17.6. Executing OPT_CLEAN pass (remove unused cells and wires).
Finding unused cells or wires in module \arm16_top..
Removed 2 unused cells and 43 unused wires.
<suppressed ~13 debug messages>

21.17.7. Executing MEMORY_SHARE pass (consolidating $memrd/$memwr cells).
Consolidating read ports of memory arm16_top.cpu.id_stage_unit.regfile_unit.register_file_data by address:
Consolidating write ports of memory arm16_top.cpu.id_stage_unit.regfile_unit.register_file_data by address:
  Merging ports 0, 1 (address \cpu.mem_reg_unit.wb_reg_dest_out).

21.17.8. Executing OPT_MEM_WIDEN pass (optimize memories where all ports are wide).
Performed a total of 0 transformations.

21.17.9. Executing OPT_CLEAN pass (remove unused cells and wires).
Finding unused cells or wires in module \arm16_top..
Removed 2 unused cells and 2 unused wires.
<suppressed ~3 debug messages>

21.17.10. Executing MEMORY_COLLECT pass (generating $mem cells).

21.18. Executing OPT_CLEAN pass (remove unused cells and wires).
Finding unused cells or wires in module \arm16_top..

21.19. Executing OPT pass (performing simple optimizations).

21.19.1. Executing OPT_EXPR pass (perform const folding).
Optimizing module arm16_top.
Couldn't topologically sort cells, optimizing module arm16_top may take a longer time.
Couldn't topologically sort cells, optimizing module arm16_top may take a longer time.
Couldn't topologically sort cells, optimizing module arm16_top may take a longer time.
Couldn't topologically sort cells, optimizing module arm16_top may take a longer time.
Couldn't topologically sort cells, optimizing module arm16_top may take a longer time.
Couldn't topologically sort cells, optimizing module arm16_top may take a longer time.
<suppressed ~85 debug messages>

21.19.2. Executing OPT_MERGE pass (detect identical cells).
Finding identical cells in module `\arm16_top'.
Computing hashes of 363 cells of `\arm16_top'.
Finding duplicate cells in `\arm16_top'.
Computing hashes of 361 cells of `\arm16_top'.
Finding duplicate cells in `\arm16_top'.
<suppressed ~6 debug messages>
Removed a total of 2 cells.

21.19.3. Executing OPT_DFF pass (perform DFF optimizations).

21.19.4. Executing OPT_CLEAN pass (remove unused cells and wires).
Finding unused cells or wires in module \arm16_top..
Removed 12 unused cells and 45 unused wires.
<suppressed ~13 debug messages>

21.19.5. Finished fast OPT passes.

21.20. Executing MEMORY_MAP pass (converting memories to logic and flip-flops).
Mapping memory \cpu.id_stage_unit.regfile_unit.register_file_data in module \arm16_top:
  created 15 $dff cells and 0 static cells of width 16.
Extracted data FF from read port 0 of arm16_top.cpu.id_stage_unit.regfile_unit.register_file_data: $\cpu.id_stage_unit.regfile_unit.register_file_data$rdreg[0]
Extracted data FF from read port 1 of arm16_top.cpu.id_stage_unit.regfile_unit.register_file_data: $\cpu.id_stage_unit.regfile_unit.register_file_data$rdreg[1]
  read interface: 2 $dff and 30 $mux cells.
  write interface: 15 write mux blocks.

21.21. Executing OPT pass (performing simple optimizations).

21.21.1. Executing OPT_EXPR pass (perform const folding).
Optimizing module arm16_top.
Couldn't topologically sort cells, optimizing module arm16_top may take a longer time.
Couldn't topologically sort cells, optimizing module arm16_top may take a longer time.
Couldn't topologically sort cells, optimizing module arm16_top may take a longer time.
<suppressed ~13 debug messages>

21.21.2. Executing OPT_MERGE pass (detect identical cells).
Finding identical cells in module `\arm16_top'.
Computing hashes of 452 cells of `\arm16_top'.
Finding duplicate cells in `\arm16_top'.
Removed a total of 0 cells.

21.21.3. Executing OPT_MUXTREE pass (detect dead branches in mux trees).
Running muxtree optimizer on module \arm16_top..
  Creating internal representation of mux trees.
  Evaluating internal representation of mux trees.
  Analyzing evaluation results.
Removed 0 multiplexer ports.
<suppressed ~152 debug messages>

21.21.4. Executing OPT_REDUCE pass (consolidate $*mux and $reduce_* inputs).
  Optimizing cells in module \arm16_top.
    Consolidated identical input bits for $mux cell $flatten\qspi.$ternary$qspi_master.v:77$209:
      Old ports: A=4'0100, B=4'1000, Y=$auto$wreduce.cc:514:run$1192 [3:0]
      New ports: A=2'01, B=2'10, Y=$auto$wreduce.cc:514:run$1192 [3:2]
      New connections: $auto$wreduce.cc:514:run$1192 [1:0] = 2'00
    Consolidated identical input bits for $mux cell $flatten\qspi.$procmux$387:
      Old ports: A={ 8'01101011 \cpu.if_stage_unit.pc_reg_out 8'00000000 }, B={ 9'111010110 \cpu.mem_stage_unit.memory_address [15:10] \cpu.exe_reg_unit.ALU_result_out [9:1] 8'00000000 }, Y=$flatten\qspi.$procmux$387_Y
      New ports: A={ 1'0 \cpu.if_stage_unit.pc_reg_out }, B={ 2'10 \cpu.mem_stage_unit.memory_address [15:10] \cpu.exe_reg_unit.ALU_result_out [9:1] }, Y={ $flatten\qspi.$procmux$387_Y [31] $flatten\qspi.$procmux$387_Y [23:8] }
      New connections: { $flatten\qspi.$procmux$387_Y [30:24] $flatten\qspi.$procmux$387_Y [7:0] } = 15'110101100000000
    Consolidated identical input bits for $mux cell $flatten\cpu.\id_stage_unit.\ctrl_unit.$ternary$control_unit.v:86$134:
      Old ports: A=4'0000, B=4'1110, Y=$flatten\cpu.\id_stage_unit.\ctrl_unit.$ternary$control_unit.v:86$134_Y
      New ports: A=1'0, B=1'1, Y=$flatten\cpu.\id_stage_unit.\ctrl_unit.$ternary$control_unit.v:86$134_Y [1]
      New connections: { $flatten\cpu.\id_stage_unit.\ctrl_unit.$ternary$control_unit.v:86$134_Y [3:2] $flatten\cpu.\id_stage_unit.\ctrl_unit.$ternary$control_unit.v:86$134_Y [0] } = { $flatten\cpu.\id_stage_unit.\ctrl_unit.$ternary$control_unit.v:86$134_Y [1] $flatten\cpu.\id_stage_unit.\ctrl_unit.$ternary$control_unit.v:86$134_Y [1] 1'0 }
    Consolidated identical input bits for $mux cell $flatten\qspi.$ternary$qspi_master.v:74$206:
      Old ports: A=4'0000, B=4'1111, Y=$flatten\qspi.$ternary$qspi_master.v:74$206_Y
      New ports: A=1'0, B=1'1, Y=$flatten\qspi.$ternary$qspi_master.v:74$206_Y [0]
      New connections: $flatten\qspi.$ternary$qspi_master.v:74$206_Y [3:1] = { $flatten\qspi.$ternary$qspi_master.v:74$206_Y [0] $flatten\qspi.$ternary$qspi_master.v:74$206_Y [0] $flatten\qspi.$ternary$qspi_master.v:74$206_Y [0] }
    Consolidated identical input bits for $mux cell $auto$share.cc:656:make_supercell$1223:
      Old ports: A={ 1'0 \cpu.exe_stage_unit.val_unit.val_rm \cpu.exe_stage_unit.val_unit.val_rm }, B={ 17'00000000000000000 \cpu.exe_stage_unit.val_unit.val_rm }, Y=$auto$share.cc:653:make_supercell$1221
      New ports: A=\cpu.exe_stage_unit.val_unit.val_rm, B=16'0000000000000000, Y=$auto$share.cc:653:make_supercell$1221 [31:16]
      New connections: { $auto$share.cc:653:make_supercell$1221 [32] $auto$share.cc:653:make_supercell$1221 [15:0] } = { 1'0 \cpu.exe_stage_unit.val_unit.val_rm }
    Consolidated identical input bits for $mux cell $auto$share.cc:657:make_supercell$1234:
      Old ports: A=\cpu.id_reg_unit.instr_shifter_opperand_out [11:7], B={ \cpu.id_reg_unit.instr_shifter_opperand_out [11:8] 1'0 }, Y=$auto$share.cc:654:make_supercell$1232
      New ports: A=\cpu.id_reg_unit.instr_shifter_opperand_out [7], B=1'0, Y=$auto$share.cc:654:make_supercell$1232 [0]
      New connections: $auto$share.cc:654:make_supercell$1232 [4:1] = \cpu.id_reg_unit.instr_shifter_opperand_out [11:8]
  Optimizing cells in module \arm16_top.
    Consolidated identical input bits for $mux cell $flatten\cpu.\id_stage_unit.\ctrl_unit.$ternary$control_unit.v:85$135:
      Old ports: A=$flatten\cpu.\id_stage_unit.\ctrl_unit.$ternary$control_unit.v:86$134_Y, B=4'1101, Y=$flatten\cpu.\id_stage_unit.\ctrl_unit.$ternary$control_unit.v:85$135_Y
      New ports: A={ $flatten\cpu.\id_stage_unit.\ctrl_unit.$ternary$control_unit.v:86$134_Y [1] $flatten\cpu.\id_stage_unit.\ctrl_unit.$ternary$control_unit.v:86$134_Y [1] 1'0 }, B=3'101, Y=$flatten\cpu.\id_stage_unit.\ctrl_unit.$ternary$control_unit.v:85$135_Y [2:0]
      New connections: $flatten\cpu.\id_stage_unit.\ctrl_unit.$ternary$control_unit.v:85$135_Y [3] = $flatten\cpu.\id_stage_unit.\ctrl_unit.$ternary$control_unit.v:85$135_Y [2]
    Consolidated identical input bits for $pmux cell $flatten\qspi.$procmux$446:
      Old ports: A=4'1111, B={ $flatten\qspi.$ternary$qspi_master.v:74$206_Y 4'0000 }, Y=$flatten\qspi.$procmux$446_Y
      New ports: A=1'1, B={ $flatten\qspi.$ternary$qspi_master.v:74$206_Y [0] 1'0 }, Y=$flatten\qspi.$procmux$446_Y [0]
      New connections: $flatten\qspi.$procmux$446_Y [3:1] = { $flatten\qspi.$procmux$446_Y [0] $flatten\qspi.$procmux$446_Y [0] $flatten\qspi.$procmux$446_Y [0] }
    Consolidated identical input bits for $mux cell $flatten\qspi.$procmux$382:
      Old ports: A=$flatten\qspi.$procmux$387_Y, B={ \qspi.shifter [27:0] 4'0000 }, Y=$flatten\qspi.$procmux$382_Y
      New ports: A={ $flatten\qspi.$procmux$387_Y [31] 7'1101011 $flatten\qspi.$procmux$387_Y [23:8] 4'0000 }, B=\qspi.shifter [27:0], Y=$flatten\qspi.$procmux$382_Y [31:4]
      New connections: $flatten\qspi.$procmux$382_Y [3:0] = 4'0000
    Consolidated identical input bits for $mux cell $auto$share.cc:656:make_supercell$1233:
      Old ports: A=$auto$share.cc:653:make_supercell$1221, B={ 9'000000000 \cpu.id_reg_unit.instr_shifter_opperand_out [7:0] 8'00000000 \cpu.id_reg_unit.instr_shifter_opperand_out [7:0] }, Y=$auto$share.cc:653:make_supercell$1231
      New ports: A={ $auto$share.cc:653:make_supercell$1221 [31:16] \cpu.exe_stage_unit.val_unit.val_rm }, B={ 8'00000000 \cpu.id_reg_unit.instr_shifter_opperand_out [7:0] 8'00000000 \cpu.id_reg_unit.instr_shifter_opperand_out [7:0] }, Y=$auto$share.cc:653:make_supercell$1231 [31:0]
      New connections: $auto$share.cc:653:make_supercell$1231 [32] = 1'0
  Optimizing cells in module \arm16_top.
    Consolidated identical input bits for $mux cell $flatten\cpu.\id_stage_unit.\ctrl_unit.$ternary$control_unit.v:84$136:
      Old ports: A=$flatten\cpu.\id_stage_unit.\ctrl_unit.$ternary$control_unit.v:85$135_Y, B=4'1100, Y=$flatten\cpu.\id_stage_unit.\ctrl_unit.$ternary$control_unit.v:84$136_Y
      New ports: A=$flatten\cpu.\id_stage_unit.\ctrl_unit.$ternary$control_unit.v:85$135_Y [2:0], B=3'100, Y=$flatten\cpu.\id_stage_unit.\ctrl_unit.$ternary$control_unit.v:84$136_Y [2:0]
      New connections: $flatten\cpu.\id_stage_unit.\ctrl_unit.$ternary$control_unit.v:84$136_Y [3] = $flatten\cpu.\id_stage_unit.\ctrl_unit.$ternary$control_unit.v:84$136_Y [2]
  Optimizing cells in module \arm16_top.
Performed a total of 11 changes.

21.21.5. Executing OPT_MERGE pass (detect identical cells).
Finding identical cells in module `\arm16_top'.
Computing hashes of 452 cells of `\arm16_top'.
Finding duplicate cells in `\arm16_top'.
Removed a total of 0 cells.

21.21.6. Executing OPT_SHARE pass.

21.21.7. Executing OPT_DFF pass (perform DFF optimizations).
Adding EN signal on $auto$ff.cc:337:slice$1172 ($sdffe) from module arm16_top (D = \cpu.if_stage_unit.branch_address_in [1:0], Q = \cpu.if_stage_unit.pc_reg_out [1:0]).

21.21.8. Executing OPT_CLEAN pass (remove unused cells and wires).
Finding unused cells or wires in module \arm16_top..
Removed 1 unused cells and 52 unused wires.
<suppressed ~2 debug messages>

21.21.9. Executing OPT_EXPR pass (perform const folding).
Optimizing module arm16_top.
Couldn't topologically sort cells, optimizing module arm16_top may take a longer time.
Couldn't topologically sort cells, optimizing module arm16_top may take a longer time.
Couldn't topologically sort cells, optimizing module arm16_top may take a longer time.
<suppressed ~4 debug messages>

21.21.10. Rerunning OPT passes. (Maybe there is more to do..)

21.21.11. Executing OPT_MUXTREE pass (detect dead branches in mux trees).
Running muxtree optimizer on module \arm16_top..
  Creating internal representation of mux trees.
  Evaluating internal representation of mux trees.
  Analyzing evaluation results.
Removed 0 multiplexer ports.
<suppressed ~148 debug messages>

21.21.12. Executing OPT_REDUCE pass (consolidate $*mux and $reduce_* inputs).
  Optimizing cells in module \arm16_top.
    New input vector for $reduce_and cell $auto$opt_dff.cc:337:make_patterns_logic$1549: { \cpu.id_reg_unit.branch_taken_out $auto$opt_dff.cc:319:make_patterns_logic$1173 $auto$opt_dff.cc:319:make_patterns_logic$1175 }
  Optimizing cells in module \arm16_top.
Performed a total of 1 changes.

21.21.13. Executing OPT_MERGE pass (detect identical cells).
Finding identical cells in module `\arm16_top'.
Computing hashes of 449 cells of `\arm16_top'.
Finding duplicate cells in `\arm16_top'.
Removed a total of 0 cells.

21.21.14. Executing OPT_SHARE pass.

21.21.15. Executing OPT_DFF pass (perform DFF optimizations).
Adding EN signal on $memory\cpu.id_stage_unit.regfile_unit.register_file_data[0]$1305 ($dff) from module arm16_top (D = \cpu.exe_stage_unit.frwd_wb_value_in, Q = \cpu.id_stage_unit.regfile_unit.register_file_data[0]).
Adding EN signal on $memory\cpu.id_stage_unit.regfile_unit.register_file_data[1]$1307 ($dff) from module arm16_top (D = \cpu.exe_stage_unit.frwd_wb_value_in, Q = \cpu.id_stage_unit.regfile_unit.register_file_data[1]).
Adding EN signal on $memory\cpu.id_stage_unit.regfile_unit.register_file_data[2]$1309 ($dff) from module arm16_top (D = \cpu.exe_stage_unit.frwd_wb_value_in, Q = \cpu.id_stage_unit.regfile_unit.register_file_data[2]).
Adding EN signal on $memory\cpu.id_stage_unit.regfile_unit.register_file_data[3]$1311 ($dff) from module arm16_top (D = \cpu.exe_stage_unit.frwd_wb_value_in, Q = \cpu.id_stage_unit.regfile_unit.register_file_data[3]).
Adding EN signal on $memory\cpu.id_stage_unit.regfile_unit.register_file_data[4]$1313 ($dff) from module arm16_top (D = \cpu.exe_stage_unit.frwd_wb_value_in, Q = \cpu.id_stage_unit.regfile_unit.register_file_data[4]).
Adding EN signal on $memory\cpu.id_stage_unit.regfile_unit.register_file_data[5]$1315 ($dff) from module arm16_top (D = \cpu.exe_stage_unit.frwd_wb_value_in, Q = \cpu.id_stage_unit.regfile_unit.register_file_data[5]).
Adding EN signal on $memory\cpu.id_stage_unit.regfile_unit.register_file_data[6]$1317 ($dff) from module arm16_top (D = \cpu.exe_stage_unit.frwd_wb_value_in, Q = \cpu.id_stage_unit.regfile_unit.register_file_data[6]).
Adding EN signal on $memory\cpu.id_stage_unit.regfile_unit.register_file_data[7]$1319 ($dff) from module arm16_top (D = \cpu.exe_stage_unit.frwd_wb_value_in, Q = \cpu.id_stage_unit.regfile_unit.register_file_data[7]).
Adding EN signal on $memory\cpu.id_stage_unit.regfile_unit.register_file_data[8]$1321 ($dff) from module arm16_top (D = \cpu.exe_stage_unit.frwd_wb_value_in, Q = \cpu.id_stage_unit.regfile_unit.register_file_data[8]).
Adding EN signal on $memory\cpu.id_stage_unit.regfile_unit.register_file_data[9]$1323 ($dff) from module arm16_top (D = \cpu.exe_stage_unit.frwd_wb_value_in, Q = \cpu.id_stage_unit.regfile_unit.register_file_data[9]).
Adding EN signal on $memory\cpu.id_stage_unit.regfile_unit.register_file_data[10]$1325 ($dff) from module arm16_top (D = \cpu.exe_stage_unit.frwd_wb_value_in, Q = \cpu.id_stage_unit.regfile_unit.register_file_data[10]).
Adding EN signal on $memory\cpu.id_stage_unit.regfile_unit.register_file_data[11]$1327 ($dff) from module arm16_top (D = \cpu.exe_stage_unit.frwd_wb_value_in, Q = \cpu.id_stage_unit.regfile_unit.register_file_data[11]).
Adding EN signal on $memory\cpu.id_stage_unit.regfile_unit.register_file_data[12]$1329 ($dff) from module arm16_top (D = \cpu.exe_stage_unit.frwd_wb_value_in, Q = \cpu.id_stage_unit.regfile_unit.register_file_data[12]).
Adding EN signal on $memory\cpu.id_stage_unit.regfile_unit.register_file_data[13]$1331 ($dff) from module arm16_top (D = \cpu.exe_stage_unit.frwd_wb_value_in, Q = \cpu.id_stage_unit.regfile_unit.register_file_data[13]).
Adding EN signal on $memory\cpu.id_stage_unit.regfile_unit.register_file_data[14]$1333 ($dff) from module arm16_top (D = \cpu.exe_stage_unit.frwd_wb_value_in, Q = \cpu.id_stage_unit.regfile_unit.register_file_data[14]).
Setting constant 0-bit at position 0 on $auto$ff.cc:337:slice$1037 ($sdffe) from module arm16_top.
Setting constant 0-bit at position 1 on $auto$ff.cc:337:slice$1037 ($sdffe) from module arm16_top.
Setting constant 0-bit at position 2 on $auto$ff.cc:337:slice$1037 ($sdffe) from module arm16_top.
Setting constant 0-bit at position 3 on $auto$ff.cc:337:slice$1037 ($sdffe) from module arm16_top.

21.21.16. Executing OPT_CLEAN pass (remove unused cells and wires).
Finding unused cells or wires in module \arm16_top..
Removed 15 unused cells and 19 unused wires.
<suppressed ~16 debug messages>

21.21.17. Executing OPT_EXPR pass (perform const folding).
Optimizing module arm16_top.
Couldn't topologically sort cells, optimizing module arm16_top may take a longer time.
Couldn't topologically sort cells, optimizing module arm16_top may take a longer time.

21.21.18. Rerunning OPT passes. (Maybe there is more to do..)

21.21.19. Executing OPT_MUXTREE pass (detect dead branches in mux trees).
Running muxtree optimizer on module \arm16_top..
  Creating internal representation of mux trees.
  Evaluating internal representation of mux trees.
  Analyzing evaluation results.
Removed 0 multiplexer ports.
<suppressed ~101 debug messages>

21.21.20. Executing OPT_REDUCE pass (consolidate $*mux and $reduce_* inputs).
  Optimizing cells in module \arm16_top.
    Consolidated identical input bits for $mux cell $flatten\qspi.$procmux$382:
      Old ports: A={ $flatten\qspi.$procmux$387_Y [31] 7'1101011 $flatten\qspi.$procmux$387_Y [23:8] 4'0000 }, B={ \qspi.shifter [27:4] 4'0000 }, Y=$flatten\qspi.$procmux$382_Y [31:4]
      New ports: A={ $flatten\qspi.$procmux$387_Y [31] 7'1101011 $flatten\qspi.$procmux$387_Y [23:8] }, B=\qspi.shifter [27:4], Y=$flatten\qspi.$procmux$382_Y [31:8]
      New connections: $flatten\qspi.$procmux$382_Y [7:4] = 4'0000
  Optimizing cells in module \arm16_top.
Performed a total of 1 changes.

21.21.21. Executing OPT_MERGE pass (detect identical cells).
Finding identical cells in module `\arm16_top'.
Computing hashes of 434 cells of `\arm16_top'.
Finding duplicate cells in `\arm16_top'.
Removed a total of 0 cells.

21.21.22. Executing OPT_SHARE pass.

21.21.23. Executing OPT_DFF pass (perform DFF optimizations).

21.21.24. Executing OPT_CLEAN pass (remove unused cells and wires).
Finding unused cells or wires in module \arm16_top..

21.21.25. Executing OPT_EXPR pass (perform const folding).
Optimizing module arm16_top.
Couldn't topologically sort cells, optimizing module arm16_top may take a longer time.
Couldn't topologically sort cells, optimizing module arm16_top may take a longer time.

21.21.26. Rerunning OPT passes. (Maybe there is more to do..)

21.21.27. Executing OPT_MUXTREE pass (detect dead branches in mux trees).
Running muxtree optimizer on module \arm16_top..
  Creating internal representation of mux trees.
  Evaluating internal representation of mux trees.
  Analyzing evaluation results.
Removed 0 multiplexer ports.
<suppressed ~101 debug messages>

21.21.28. Executing OPT_REDUCE pass (consolidate $*mux and $reduce_* inputs).
  Optimizing cells in module \arm16_top.
Performed a total of 0 changes.

21.21.29. Executing OPT_MERGE pass (detect identical cells).
Finding identical cells in module `\arm16_top'.
Computing hashes of 434 cells of `\arm16_top'.
Finding duplicate cells in `\arm16_top'.
Removed a total of 0 cells.

21.21.30. Executing OPT_SHARE pass.

21.21.31. Executing OPT_DFF pass (perform DFF optimizations).
Setting constant 0-bit at position 0 on $auto$ff.cc:337:slice$1566 ($sdffe) from module arm16_top.
Setting constant 0-bit at position 1 on $auto$ff.cc:337:slice$1566 ($sdffe) from module arm16_top.
Setting constant 0-bit at position 2 on $auto$ff.cc:337:slice$1566 ($sdffe) from module arm16_top.
Setting constant 0-bit at position 3 on $auto$ff.cc:337:slice$1566 ($sdffe) from module arm16_top.

21.21.32. Executing OPT_CLEAN pass (remove unused cells and wires).
Finding unused cells or wires in module \arm16_top..

21.21.33. Executing OPT_EXPR pass (perform const folding).
Optimizing module arm16_top.
Couldn't topologically sort cells, optimizing module arm16_top may take a longer time.
Couldn't topologically sort cells, optimizing module arm16_top may take a longer time.

21.21.34. Rerunning OPT passes. (Maybe there is more to do..)

21.21.35. Executing OPT_MUXTREE pass (detect dead branches in mux trees).
Running muxtree optimizer on module \arm16_top..
  Creating internal representation of mux trees.
  Evaluating internal representation of mux trees.
  Analyzing evaluation results.
Removed 0 multiplexer ports.
<suppressed ~101 debug messages>

21.21.36. Executing OPT_REDUCE pass (consolidate $*mux and $reduce_* inputs).
  Optimizing cells in module \arm16_top.
Performed a total of 0 changes.

21.21.37. Executing OPT_MERGE pass (detect identical cells).
Finding identical cells in module `\arm16_top'.
Computing hashes of 434 cells of `\arm16_top'.
Finding duplicate cells in `\arm16_top'.
Removed a total of 0 cells.

21.21.38. Executing OPT_SHARE pass.

21.21.39. Executing OPT_DFF pass (perform DFF optimizations).

21.21.40. Executing OPT_CLEAN pass (remove unused cells and wires).
Finding unused cells or wires in module \arm16_top..

21.21.41. Executing OPT_EXPR pass (perform const folding).
Optimizing module arm16_top.
Couldn't topologically sort cells, optimizing module arm16_top may take a longer time.
Couldn't topologically sort cells, optimizing module arm16_top may take a longer time.

21.21.42. Finished fast OPT passes. (There is nothing left to do.)

21.22. Executing TECHMAP pass (map to technology primitives).

21.22.1. Executing Verilog-2005 frontend: /home/moein/oss-cad-suite/lib/../share/yosys/techmap.v
Parsing Verilog input from `/home/moein/oss-cad-suite/lib/../share/yosys/techmap.v' to AST representation.
Generating RTLIL representation for module `\_90_simplemap_bool_ops'.
Generating RTLIL representation for module `\_90_simplemap_reduce_ops'.
Generating RTLIL representation for module `\_90_simplemap_logic_ops'.
Generating RTLIL representation for module `\_90_simplemap_compare_ops'.
Generating RTLIL representation for module `\_90_simplemap_various'.
Generating RTLIL representation for module `\_90_simplemap_registers'.
Generating RTLIL representation for module `\_90_shift_ops_shr_shl_sshl_sshr'.
Generating RTLIL representation for module `\_90_shift_shiftx'.
Generating RTLIL representation for module `\_90_fa'.
Generating RTLIL representation for module `\_90_lcu_brent_kung'.
Generating RTLIL representation for module `\_90_alu'.
Generating RTLIL representation for module `\_90_macc'.
Generating RTLIL representation for module `\_90_alumacc'.
Generating RTLIL representation for module `$__div_mod_u'.
Generating RTLIL representation for module `$__div_mod_trunc'.
Generating RTLIL representation for module `\_90_div'.
Generating RTLIL representation for module `\_90_mod'.
Generating RTLIL representation for module `$__div_mod_floor'.
Generating RTLIL representation for module `\_90_divfloor'.
Generating RTLIL representation for module `\_90_modfloor'.
Generating RTLIL representation for module `\_90_pow'.
Generating RTLIL representation for module `\_90_demux'.
Generating RTLIL representation for module `\_90_lut'.
Generating RTLIL representation for module `$connect'.
Generating RTLIL representation for module `$input_port'.
Successfully finished Verilog frontend.

21.22.2. Continuing TECHMAP pass.
Using extmapper simplemap for cells of type $sdffe.
Using extmapper simplemap for cells of type $dffe.
Using extmapper simplemap for cells of type $reduce_and.
Using extmapper simplemap for cells of type $and.
Using extmapper simplemap for cells of type $not.
Using template $paramod$constmap:ec364406d1d307d9f3e8294a40bdc86e70c7a649$paramod$f04bd456c16f78234826f0f387a8f5a4aade21b2\_90_shift_ops_shr_shl_sshl_sshr for cells of type $shr.
Using template $paramod$2470b7ea32c975a55c3ab8b283381b72d09e16d3\_90_alu for cells of type $alu.
Using template $paramod$081ba1a4a7201ecdb44563d3c3bd7013d1ebf4eb\_90_alu for cells of type $alu.
Using template $paramod$6df0329addda9228fcc2546de2aaf14ad26c98e1\_90_alu for cells of type $alu.
Using template $paramod$a04dd9d4d8b430140c4ff94b50470fb380fda2a0\_90_alu for cells of type $alu.
Using template $paramod$713617589782cfade849bb573b5c36106c4b708f\_90_alu for cells of type $alu.
Using extmapper maccmap for cells of type $macc_v2.
  add \cpu.exe_stage_unit.alu_unit.alu_in_1 (16 bits, unsigned)
  sub $flatten\cpu.\exe_stage_unit.\alu_unit.$not$alu.v:46$55_Y (1 bits, unsigned)
  sub \cpu.exe_stage_unit.alu_unit.alu_in_2 (16 bits, unsigned)
  packed 2 (1) bits / 1 words into adder tree
Using extmapper simplemap for cells of type $reduce_or.
Using extmapper simplemap for cells of type $adffe.
Using extmapper simplemap for cells of type $reduce_bool.
Using extmapper simplemap for cells of type $ne.
Using extmapper simplemap for cells of type $sdff.
Using extmapper simplemap for cells of type $eq.
Using extmapper simplemap for cells of type $dff.
Using extmapper simplemap for cells of type $logic_not.
Using extmapper simplemap for cells of type $or.
Using template $paramod$constmap:c3f9db2ed086131a46ea635902d682d06f2a96c0$paramod$d6ad34c3e8b1036f1e4815fdfe7d812ab0f136af\_90_shift_ops_shr_shl_sshl_sshr for cells of type $sshr.
Using template $paramod$constmap:c3f9db2ed086131a46ea635902d682d06f2a96c0$paramod$24443aa3c76155c04e2d2d0b848788bbfe512c1c\_90_shift_ops_shr_shl_sshl_sshr for cells of type $shl.
Using extmapper simplemap for cells of type $pmux.
Using extmapper simplemap for cells of type $xor.
Using template $paramod\_90_fa\WIDTH=32'00000000000000000000000000010001 for cells of type $fa.
Using template $paramod$3bb72ad0665cdca279bbc49ed6a39f403f16497f\_90_alu for cells of type $alu.
Using extmapper simplemap for cells of type $pos.
Using template $paramod\_90_lcu_brent_kung\WIDTH=32'00000000000000000000000000010001 for cells of type $lcu.
Using template $paramod\_90_fa\WIDTH=32'00000000000000000000000000000110 for cells of type $fa.
Using template $paramod\_90_lcu_brent_kung\WIDTH=32'00000000000000000000000000000110 for cells of type $lcu.
Using template $paramod\_90_fa\WIDTH=32'00000000000000000000000000001110 for cells of type $fa.
Using template $paramod\_90_lcu_brent_kung\WIDTH=32'00000000000000000000000000001110 for cells of type $lcu.
Using template $paramod\_90_fa\WIDTH=32'00000000000000000000000000010000 for cells of type $fa.
Using template $paramod\_90_lcu_brent_kung\WIDTH=32'00000000000000000000000000010000 for cells of type $lcu.
No more expansions possible.
<suppressed ~2649 debug messages>

21.23. Executing OPT pass (performing simple optimizations).

21.23.1. Executing OPT_EXPR pass (perform const folding).
Optimizing module arm16_top.
Couldn't topologically sort cells, optimizing module arm16_top may take a longer time.
Couldn't topologically sort cells, optimizing module arm16_top may take a longer time.
Couldn't topologically sort cells, optimizing module arm16_top may take a longer time.
Couldn't topologically sort cells, optimizing module arm16_top may take a longer time.
<suppressed ~941 debug messages>

21.23.2. Executing OPT_MERGE pass (detect identical cells).
Finding identical cells in module `\arm16_top'.
Computing hashes of 3661 cells of `\arm16_top'.
Finding duplicate cells in `\arm16_top'.
Computing hashes of 3388 cells of `\arm16_top'.
Finding duplicate cells in `\arm16_top'.
Computing hashes of 3332 cells of `\arm16_top'.
Finding duplicate cells in `\arm16_top'.
Computing hashes of 3322 cells of `\arm16_top'.
Finding duplicate cells in `\arm16_top'.
Computing hashes of 3318 cells of `\arm16_top'.
Finding duplicate cells in `\arm16_top'.
Computing hashes of 3315 cells of `\arm16_top'.
Finding duplicate cells in `\arm16_top'.
Computing hashes of 3314 cells of `\arm16_top'.
Finding duplicate cells in `\arm16_top'.
Computing hashes of 3313 cells of `\arm16_top'.
Finding duplicate cells in `\arm16_top'.
<suppressed ~1044 debug messages>
Removed a total of 348 cells.

21.23.3. Executing OPT_DFF pass (perform DFF optimizations).

21.23.4. Executing OPT_CLEAN pass (remove unused cells and wires).
Finding unused cells or wires in module \arm16_top..
Removed 113 unused cells and 770 unused wires.
<suppressed ~114 debug messages>

21.23.5. Finished fast OPT passes.

21.24. Executing ABC pass (technology mapping using ABC).

21.24.1. Extracting gate netlist of module `\arm16_top' to `<abc-temp-dir>/input.blif'..
Breaking loop using new signal $abcloop$8150: \cpu.hazard_unit.id_src2_in [0] -> $memory\cpu.id_stage_unit.regfile_unit.register_file_data$rdmux[1][2][0]$a$1390 [15]
                                              \cpu.hazard_unit.id_src2_in [0] -> $memory\cpu.id_stage_unit.regfile_unit.register_file_data$rdmux[1][2][0]$b$1391 [15]
                                              \cpu.hazard_unit.id_src2_in [0] -> $memory\cpu.id_stage_unit.regfile_unit.register_file_data$rdmux[1][2][1]$a$1393 [15]
                                              \cpu.hazard_unit.id_src2_in [0] -> $memory\cpu.id_stage_unit.regfile_unit.register_file_data$rdmux[1][2][1]$b$1394 [15]
                                              \cpu.hazard_unit.id_src2_in [0] -> $memory\cpu.id_stage_unit.regfile_unit.register_file_data$rdmux[1][2][2]$a$1396 [15]
                                              \cpu.hazard_unit.id_src2_in [0] -> $memory\cpu.id_stage_unit.regfile_unit.register_file_data$rdmux[1][2][2]$b$1397 [15]
                                              \cpu.hazard_unit.id_src2_in [0] -> $memory\cpu.id_stage_unit.regfile_unit.register_file_data$rdmux[1][2][3]$a$1399 [15]
                                              \cpu.hazard_unit.id_src2_in [0] -> $memory\cpu.id_stage_unit.regfile_unit.register_file_data$rdmux[1][2][1]$b$1394 [0]
                                              \cpu.hazard_unit.id_src2_in [0] -> $memory\cpu.id_stage_unit.regfile_unit.register_file_data$rdmux[1][2][1]$a$1393 [0]
                                              \cpu.hazard_unit.id_src2_in [0] -> $memory\cpu.id_stage_unit.regfile_unit.register_file_data$rdmux[1][2][1]$b$1394 [1]
                                              \cpu.hazard_unit.id_src2_in [0] -> $memory\cpu.id_stage_unit.regfile_unit.register_file_data$rdmux[1][2][1]$a$1393 [1]
                                              \cpu.hazard_unit.id_src2_in [0] -> $memory\cpu.id_stage_unit.regfile_unit.register_file_data$rdmux[1][2][1]$b$1394 [2]
                                              \cpu.hazard_unit.id_src2_in [0] -> $memory\cpu.id_stage_unit.regfile_unit.register_file_data$rdmux[1][2][1]$a$1393 [2]
                                              \cpu.hazard_unit.id_src2_in [0] -> $memory\cpu.id_stage_unit.regfile_unit.register_file_data$rdmux[1][2][1]$b$1394 [3]
                                              \cpu.hazard_unit.id_src2_in [0] -> $memory\cpu.id_stage_unit.regfile_unit.register_file_data$rdmux[1][2][1]$a$1393 [3]
                                              \cpu.hazard_unit.id_src2_in [0] -> $memory\cpu.id_stage_unit.regfile_unit.register_file_data$rdmux[1][2][1]$b$1394 [4]
                                              \cpu.hazard_unit.id_src2_in [0] -> $memory\cpu.id_stage_unit.regfile_unit.register_file_data$rdmux[1][2][1]$a$1393 [4]
                                              \cpu.hazard_unit.id_src2_in [0] -> $memory\cpu.id_stage_unit.regfile_unit.register_file_data$rdmux[1][2][1]$b$1394 [5]
                                              \cpu.hazard_unit.id_src2_in [0] -> $memory\cpu.id_stage_unit.regfile_unit.register_file_data$rdmux[1][2][1]$a$1393 [5]
                                              \cpu.hazard_unit.id_src2_in [0] -> $memory\cpu.id_stage_unit.regfile_unit.register_file_data$rdmux[1][2][1]$b$1394 [6]
                                              \cpu.hazard_unit.id_src2_in [0] -> $memory\cpu.id_stage_unit.regfile_unit.register_file_data$rdmux[1][2][1]$a$1393 [6]
                                              \cpu.hazard_unit.id_src2_in [0] -> $memory\cpu.id_stage_unit.regfile_unit.register_file_data$rdmux[1][2][1]$b$1394 [7]
                                              \cpu.hazard_unit.id_src2_in [0] -> $memory\cpu.id_stage_unit.regfile_unit.register_file_data$rdmux[1][2][1]$a$1393 [7]
                                              \cpu.hazard_unit.id_src2_in [0] -> $memory\cpu.id_stage_unit.regfile_unit.register_file_data$rdmux[1][2][1]$b$1394 [8]
                                              \cpu.hazard_unit.id_src2_in [0] -> $memory\cpu.id_stage_unit.regfile_unit.register_file_data$rdmux[1][2][1]$a$1393 [8]
                                              \cpu.hazard_unit.id_src2_in [0] -> $memory\cpu.id_stage_unit.regfile_unit.register_file_data$rdmux[1][2][1]$b$1394 [9]
                                              \cpu.hazard_unit.id_src2_in [0] -> $memory\cpu.id_stage_unit.regfile_unit.register_file_data$rdmux[1][2][1]$a$1393 [9]
                                              \cpu.hazard_unit.id_src2_in [0] -> $memory\cpu.id_stage_unit.regfile_unit.register_file_data$rdmux[1][2][1]$b$1394 [10]
                                              \cpu.hazard_unit.id_src2_in [0] -> $memory\cpu.id_stage_unit.regfile_unit.register_file_data$rdmux[1][2][1]$a$1393 [10]
                                              \cpu.hazard_unit.id_src2_in [0] -> $memory\cpu.id_stage_unit.regfile_unit.register_file_data$rdmux[1][2][1]$b$1394 [11]
                                              \cpu.hazard_unit.id_src2_in [0] -> $memory\cpu.id_stage_unit.regfile_unit.register_file_data$rdmux[1][2][1]$a$1393 [11]
                                              \cpu.hazard_unit.id_src2_in [0] -> $memory\cpu.id_stage_unit.regfile_unit.register_file_data$rdmux[1][2][1]$b$1394 [12]
                                              \cpu.hazard_unit.id_src2_in [0] -> $memory\cpu.id_stage_unit.regfile_unit.register_file_data$rdmux[1][2][1]$a$1393 [12]
                                              \cpu.hazard_unit.id_src2_in [0] -> $memory\cpu.id_stage_unit.regfile_unit.register_file_data$rdmux[1][2][1]$b$1394 [13]
                                              \cpu.hazard_unit.id_src2_in [0] -> $memory\cpu.id_stage_unit.regfile_unit.register_file_data$rdmux[1][2][1]$a$1393 [13]
                                              \cpu.hazard_unit.id_src2_in [0] -> $memory\cpu.id_stage_unit.regfile_unit.register_file_data$rdmux[1][2][1]$b$1394 [14]
                                              \cpu.hazard_unit.id_src2_in [0] -> $memory\cpu.id_stage_unit.regfile_unit.register_file_data$rdmux[1][2][1]$a$1393 [14]
                                              \cpu.hazard_unit.id_src2_in [0] -> $memory\cpu.id_stage_unit.regfile_unit.register_file_data$rdmux[1][2][0]$b$1391 [0]
                                              \cpu.hazard_unit.id_src2_in [0] -> $memory\cpu.id_stage_unit.regfile_unit.register_file_data$rdmux[1][2][0]$a$1390 [0]
                                              \cpu.hazard_unit.id_src2_in [0] -> $memory\cpu.id_stage_unit.regfile_unit.register_file_data$rdmux[1][2][0]$b$1391 [1]
                                              \cpu.hazard_unit.id_src2_in [0] -> $memory\cpu.id_stage_unit.regfile_unit.register_file_data$rdmux[1][2][0]$a$1390 [1]
                                              \cpu.hazard_unit.id_src2_in [0] -> $memory\cpu.id_stage_unit.regfile_unit.register_file_data$rdmux[1][2][0]$b$1391 [2]
                                              \cpu.hazard_unit.id_src2_in [0] -> $memory\cpu.id_stage_unit.regfile_unit.register_file_data$rdmux[1][2][0]$a$1390 [2]
                                              \cpu.hazard_unit.id_src2_in [0] -> $memory\cpu.id_stage_unit.regfile_unit.register_file_data$rdmux[1][2][0]$b$1391 [3]
                                              \cpu.hazard_unit.id_src2_in [0] -> $memory\cpu.id_stage_unit.regfile_unit.register_file_data$rdmux[1][2][0]$a$1390 [3]
                                              \cpu.hazard_unit.id_src2_in [0] -> $memory\cpu.id_stage_unit.regfile_unit.register_file_data$rdmux[1][2][0]$b$1391 [4]
                                              \cpu.hazard_unit.id_src2_in [0] -> $memory\cpu.id_stage_unit.regfile_unit.register_file_data$rdmux[1][2][0]$a$1390 [4]
                                              \cpu.hazard_unit.id_src2_in [0] -> $memory\cpu.id_stage_unit.regfile_unit.register_file_data$rdmux[1][2][0]$b$1391 [5]
                                              \cpu.hazard_unit.id_src2_in [0] -> $memory\cpu.id_stage_unit.regfile_unit.register_file_data$rdmux[1][2][0]$a$1390 [5]
                                              \cpu.hazard_unit.id_src2_in [0] -> $memory\cpu.id_stage_unit.regfile_unit.register_file_data$rdmux[1][2][0]$b$1391 [6]
                                              \cpu.hazard_unit.id_src2_in [0] -> $memory\cpu.id_stage_unit.regfile_unit.register_file_data$rdmux[1][2][0]$a$1390 [6]
                                              \cpu.hazard_unit.id_src2_in [0] -> $memory\cpu.id_stage_unit.regfile_unit.register_file_data$rdmux[1][2][0]$b$1391 [7]
                                              \cpu.hazard_unit.id_src2_in [0] -> $memory\cpu.id_stage_unit.regfile_unit.register_file_data$rdmux[1][2][0]$a$1390 [7]
                                              \cpu.hazard_unit.id_src2_in [0] -> $memory\cpu.id_stage_unit.regfile_unit.register_file_data$rdmux[1][2][0]$b$1391 [8]
                                              \cpu.hazard_unit.id_src2_in [0] -> $memory\cpu.id_stage_unit.regfile_unit.register_file_data$rdmux[1][2][0]$a$1390 [8]
                                              \cpu.hazard_unit.id_src2_in [0] -> $memory\cpu.id_stage_unit.regfile_unit.register_file_data$rdmux[1][2][0]$b$1391 [9]
                                              \cpu.hazard_unit.id_src2_in [0] -> $memory\cpu.id_stage_unit.regfile_unit.register_file_data$rdmux[1][2][0]$a$1390 [9]
                                              \cpu.hazard_unit.id_src2_in [0] -> $memory\cpu.id_stage_unit.regfile_unit.register_file_data$rdmux[1][2][0]$b$1391 [10]
                                              \cpu.hazard_unit.id_src2_in [0] -> $memory\cpu.id_stage_unit.regfile_unit.register_file_data$rdmux[1][2][0]$a$1390 [10]
                                              \cpu.hazard_unit.id_src2_in [0] -> $memory\cpu.id_stage_unit.regfile_unit.register_file_data$rdmux[1][2][0]$b$1391 [11]
                                              \cpu.hazard_unit.id_src2_in [0] -> $memory\cpu.id_stage_unit.regfile_unit.register_file_data$rdmux[1][2][0]$a$1390 [11]
                                              \cpu.hazard_unit.id_src2_in [0] -> $memory\cpu.id_stage_unit.regfile_unit.register_file_data$rdmux[1][2][0]$b$1391 [12]
                                              \cpu.hazard_unit.id_src2_in [0] -> $memory\cpu.id_stage_unit.regfile_unit.register_file_data$rdmux[1][2][0]$a$1390 [12]
                                              \cpu.hazard_unit.id_src2_in [0] -> $memory\cpu.id_stage_unit.regfile_unit.register_file_data$rdmux[1][2][0]$b$1391 [13]
                                              \cpu.hazard_unit.id_src2_in [0] -> $memory\cpu.id_stage_unit.regfile_unit.register_file_data$rdmux[1][2][0]$a$1390 [13]
                                              \cpu.hazard_unit.id_src2_in [0] -> $memory\cpu.id_stage_unit.regfile_unit.register_file_data$rdmux[1][2][0]$b$1391 [14]
                                              \cpu.hazard_unit.id_src2_in [0] -> $memory\cpu.id_stage_unit.regfile_unit.register_file_data$rdmux[1][2][0]$a$1390 [14]
                                              \cpu.hazard_unit.id_src2_in [0] -> $auto$simplemap.cc:271:simplemap_eqne$5761 [0]
                                              \cpu.hazard_unit.id_src2_in [0] -> $auto$simplemap.cc:271:simplemap_eqne$5798 [0]
                                              \cpu.hazard_unit.id_src2_in [0] -> $memory\cpu.id_stage_unit.regfile_unit.register_file_data$rdmux[1][2][3]$a$1399 [0]
                                              \cpu.hazard_unit.id_src2_in [0] -> $memory\cpu.id_stage_unit.regfile_unit.register_file_data$rdmux[1][2][3]$a$1399 [1]
                                              \cpu.hazard_unit.id_src2_in [0] -> $memory\cpu.id_stage_unit.regfile_unit.register_file_data$rdmux[1][2][3]$a$1399 [2]
                                              \cpu.hazard_unit.id_src2_in [0] -> $memory\cpu.id_stage_unit.regfile_unit.register_file_data$rdmux[1][2][3]$a$1399 [3]
                                              \cpu.hazard_unit.id_src2_in [0] -> $memory\cpu.id_stage_unit.regfile_unit.register_file_data$rdmux[1][2][3]$a$1399 [4]
                                              \cpu.hazard_unit.id_src2_in [0] -> $memory\cpu.id_stage_unit.regfile_unit.register_file_data$rdmux[1][2][3]$a$1399 [5]
                                              \cpu.hazard_unit.id_src2_in [0] -> $memory\cpu.id_stage_unit.regfile_unit.register_file_data$rdmux[1][2][3]$a$1399 [6]
                                              \cpu.hazard_unit.id_src2_in [0] -> $memory\cpu.id_stage_unit.regfile_unit.register_file_data$rdmux[1][2][3]$a$1399 [7]
                                              \cpu.hazard_unit.id_src2_in [0] -> $memory\cpu.id_stage_unit.regfile_unit.register_file_data$rdmux[1][2][3]$a$1399 [8]
                                              \cpu.hazard_unit.id_src2_in [0] -> $memory\cpu.id_stage_unit.regfile_unit.register_file_data$rdmux[1][2][3]$a$1399 [9]
                                              \cpu.hazard_unit.id_src2_in [0] -> $memory\cpu.id_stage_unit.regfile_unit.register_file_data$rdmux[1][2][3]$a$1399 [10]
                                              \cpu.hazard_unit.id_src2_in [0] -> $memory\cpu.id_stage_unit.regfile_unit.register_file_data$rdmux[1][2][3]$a$1399 [11]
                                              \cpu.hazard_unit.id_src2_in [0] -> $memory\cpu.id_stage_unit.regfile_unit.register_file_data$rdmux[1][2][3]$a$1399 [12]
                                              \cpu.hazard_unit.id_src2_in [0] -> $memory\cpu.id_stage_unit.regfile_unit.register_file_data$rdmux[1][2][3]$a$1399 [13]
                                              \cpu.hazard_unit.id_src2_in [0] -> $memory\cpu.id_stage_unit.regfile_unit.register_file_data$rdmux[1][2][3]$a$1399 [14]
                                              \cpu.hazard_unit.id_src2_in [0] -> $memory\cpu.id_stage_unit.regfile_unit.register_file_data$rdmux[1][2][2]$b$1397 [0]
                                              \cpu.hazard_unit.id_src2_in [0] -> $memory\cpu.id_stage_unit.regfile_unit.register_file_data$rdmux[1][2][2]$b$1397 [1]
                                              \cpu.hazard_unit.id_src2_in [0] -> $memory\cpu.id_stage_unit.regfile_unit.register_file_data$rdmux[1][2][2]$b$1397 [2]
                                              \cpu.hazard_unit.id_src2_in [0] -> $memory\cpu.id_stage_unit.regfile_unit.register_file_data$rdmux[1][2][2]$b$1397 [3]
                                              \cpu.hazard_unit.id_src2_in [0] -> $memory\cpu.id_stage_unit.regfile_unit.register_file_data$rdmux[1][2][2]$b$1397 [4]
                                              \cpu.hazard_unit.id_src2_in [0] -> $memory\cpu.id_stage_unit.regfile_unit.register_file_data$rdmux[1][2][2]$b$1397 [5]
                                              \cpu.hazard_unit.id_src2_in [0] -> $memory\cpu.id_stage_unit.regfile_unit.register_file_data$rdmux[1][2][2]$b$1397 [6]
                                              \cpu.hazard_unit.id_src2_in [0] -> $memory\cpu.id_stage_unit.regfile_unit.register_file_data$rdmux[1][2][2]$b$1397 [7]
                                              \cpu.hazard_unit.id_src2_in [0] -> $memory\cpu.id_stage_unit.regfile_unit.register_file_data$rdmux[1][2][2]$b$1397 [8]
                                              \cpu.hazard_unit.id_src2_in [0] -> $memory\cpu.id_stage_unit.regfile_unit.register_file_data$rdmux[1][2][2]$b$1397 [9]
                                              \cpu.hazard_unit.id_src2_in [0] -> $memory\cpu.id_stage_unit.regfile_unit.register_file_data$rdmux[1][2][2]$b$1397 [10]
                                              \cpu.hazard_unit.id_src2_in [0] -> $memory\cpu.id_stage_unit.regfile_unit.register_file_data$rdmux[1][2][2]$b$1397 [11]
                                              \cpu.hazard_unit.id_src2_in [0] -> $memory\cpu.id_stage_unit.regfile_unit.register_file_data$rdmux[1][2][2]$b$1397 [12]
                                              \cpu.hazard_unit.id_src2_in [0] -> $memory\cpu.id_stage_unit.regfile_unit.register_file_data$rdmux[1][2][2]$b$1397 [13]
                                              \cpu.hazard_unit.id_src2_in [0] -> $memory\cpu.id_stage_unit.regfile_unit.register_file_data$rdmux[1][2][2]$b$1397 [14]
                                              \cpu.hazard_unit.id_src2_in [0] -> $memory\cpu.id_stage_unit.regfile_unit.register_file_data$rdmux[1][2][2]$a$1396 [0]
                                              \cpu.hazard_unit.id_src2_in [0] -> $memory\cpu.id_stage_unit.regfile_unit.register_file_data$rdmux[1][2][2]$a$1396 [1]
                                              \cpu.hazard_unit.id_src2_in [0] -> $memory\cpu.id_stage_unit.regfile_unit.register_file_data$rdmux[1][2][2]$a$1396 [2]
                                              \cpu.hazard_unit.id_src2_in [0] -> $memory\cpu.id_stage_unit.regfile_unit.register_file_data$rdmux[1][2][2]$a$1396 [3]
                                              \cpu.hazard_unit.id_src2_in [0] -> $memory\cpu.id_stage_unit.regfile_unit.register_file_data$rdmux[1][2][2]$a$1396 [4]
                                              \cpu.hazard_unit.id_src2_in [0] -> $memory\cpu.id_stage_unit.regfile_unit.register_file_data$rdmux[1][2][2]$a$1396 [5]
                                              \cpu.hazard_unit.id_src2_in [0] -> $memory\cpu.id_stage_unit.regfile_unit.register_file_data$rdmux[1][2][2]$a$1396 [6]
                                              \cpu.hazard_unit.id_src2_in [0] -> $memory\cpu.id_stage_unit.regfile_unit.register_file_data$rdmux[1][2][2]$a$1396 [7]
                                              \cpu.hazard_unit.id_src2_in [0] -> $memory\cpu.id_stage_unit.regfile_unit.register_file_data$rdmux[1][2][2]$a$1396 [8]
                                              \cpu.hazard_unit.id_src2_in [0] -> $memory\cpu.id_stage_unit.regfile_unit.register_file_data$rdmux[1][2][2]$a$1396 [9]
                                              \cpu.hazard_unit.id_src2_in [0] -> $memory\cpu.id_stage_unit.regfile_unit.register_file_data$rdmux[1][2][2]$a$1396 [10]
                                              \cpu.hazard_unit.id_src2_in [0] -> $memory\cpu.id_stage_unit.regfile_unit.register_file_data$rdmux[1][2][2]$a$1396 [11]
                                              \cpu.hazard_unit.id_src2_in [0] -> $memory\cpu.id_stage_unit.regfile_unit.register_file_data$rdmux[1][2][2]$a$1396 [12]
                                              \cpu.hazard_unit.id_src2_in [0] -> $memory\cpu.id_stage_unit.regfile_unit.register_file_data$rdmux[1][2][2]$a$1396 [13]
                                              \cpu.hazard_unit.id_src2_in [0] -> $memory\cpu.id_stage_unit.regfile_unit.register_file_data$rdmux[1][2][2]$a$1396 [14]
Breaking loop using new signal $abcloop$8151: \cpu.hazard_unit.id_src2_in [1] -> $memory\cpu.id_stage_unit.regfile_unit.register_file_data$rdmux[1][1][0]$a$1384 [15]
                                              \cpu.hazard_unit.id_src2_in [1] -> $memory\cpu.id_stage_unit.regfile_unit.register_file_data$rdmux[1][1][0]$b$1385 [15]
                                              \cpu.hazard_unit.id_src2_in [1] -> $memory\cpu.id_stage_unit.regfile_unit.register_file_data$rdmux[1][1][1]$a$1387 [15]
                                              \cpu.hazard_unit.id_src2_in [1] -> $memory\cpu.id_stage_unit.regfile_unit.register_file_data$rdmux[1][1][1]$b$1388 [15]
                                              \cpu.hazard_unit.id_src2_in [1] -> $memory\cpu.id_stage_unit.regfile_unit.register_file_data$rdmux[1][1][1]$b$1388 [0]
                                              \cpu.hazard_unit.id_src2_in [1] -> $memory\cpu.id_stage_unit.regfile_unit.register_file_data$rdmux[1][1][1]$a$1387 [0]
                                              \cpu.hazard_unit.id_src2_in [1] -> $memory\cpu.id_stage_unit.regfile_unit.register_file_data$rdmux[1][1][1]$b$1388 [1]
                                              \cpu.hazard_unit.id_src2_in [1] -> $memory\cpu.id_stage_unit.regfile_unit.register_file_data$rdmux[1][1][1]$a$1387 [1]
                                              \cpu.hazard_unit.id_src2_in [1] -> $memory\cpu.id_stage_unit.regfile_unit.register_file_data$rdmux[1][1][1]$b$1388 [2]
                                              \cpu.hazard_unit.id_src2_in [1] -> $memory\cpu.id_stage_unit.regfile_unit.register_file_data$rdmux[1][1][1]$a$1387 [2]
                                              \cpu.hazard_unit.id_src2_in [1] -> $memory\cpu.id_stage_unit.regfile_unit.register_file_data$rdmux[1][1][1]$b$1388 [3]
                                              \cpu.hazard_unit.id_src2_in [1] -> $memory\cpu.id_stage_unit.regfile_unit.register_file_data$rdmux[1][1][1]$a$1387 [3]
                                              \cpu.hazard_unit.id_src2_in [1] -> $memory\cpu.id_stage_unit.regfile_unit.register_file_data$rdmux[1][1][1]$b$1388 [4]
                                              \cpu.hazard_unit.id_src2_in [1] -> $memory\cpu.id_stage_unit.regfile_unit.register_file_data$rdmux[1][1][1]$a$1387 [4]
                                              \cpu.hazard_unit.id_src2_in [1] -> $memory\cpu.id_stage_unit.regfile_unit.register_file_data$rdmux[1][1][1]$b$1388 [5]
                                              \cpu.hazard_unit.id_src2_in [1] -> $memory\cpu.id_stage_unit.regfile_unit.register_file_data$rdmux[1][1][1]$a$1387 [5]
                                              \cpu.hazard_unit.id_src2_in [1] -> $memory\cpu.id_stage_unit.regfile_unit.register_file_data$rdmux[1][1][1]$b$1388 [6]
                                              \cpu.hazard_unit.id_src2_in [1] -> $memory\cpu.id_stage_unit.regfile_unit.register_file_data$rdmux[1][1][1]$a$1387 [6]
                                              \cpu.hazard_unit.id_src2_in [1] -> $memory\cpu.id_stage_unit.regfile_unit.register_file_data$rdmux[1][1][1]$b$1388 [7]
                                              \cpu.hazard_unit.id_src2_in [1] -> $memory\cpu.id_stage_unit.regfile_unit.register_file_data$rdmux[1][1][1]$a$1387 [7]
                                              \cpu.hazard_unit.id_src2_in [1] -> $memory\cpu.id_stage_unit.regfile_unit.register_file_data$rdmux[1][1][1]$b$1388 [8]
                                              \cpu.hazard_unit.id_src2_in [1] -> $memory\cpu.id_stage_unit.regfile_unit.register_file_data$rdmux[1][1][1]$a$1387 [8]
                                              \cpu.hazard_unit.id_src2_in [1] -> $memory\cpu.id_stage_unit.regfile_unit.register_file_data$rdmux[1][1][1]$b$1388 [9]
                                              \cpu.hazard_unit.id_src2_in [1] -> $memory\cpu.id_stage_unit.regfile_unit.register_file_data$rdmux[1][1][1]$a$1387 [9]
                                              \cpu.hazard_unit.id_src2_in [1] -> $memory\cpu.id_stage_unit.regfile_unit.register_file_data$rdmux[1][1][1]$b$1388 [10]
                                              \cpu.hazard_unit.id_src2_in [1] -> $memory\cpu.id_stage_unit.regfile_unit.register_file_data$rdmux[1][1][1]$a$1387 [10]
                                              \cpu.hazard_unit.id_src2_in [1] -> $memory\cpu.id_stage_unit.regfile_unit.register_file_data$rdmux[1][1][1]$b$1388 [11]
                                              \cpu.hazard_unit.id_src2_in [1] -> $memory\cpu.id_stage_unit.regfile_unit.register_file_data$rdmux[1][1][1]$a$1387 [11]
                                              \cpu.hazard_unit.id_src2_in [1] -> $memory\cpu.id_stage_unit.regfile_unit.register_file_data$rdmux[1][1][1]$b$1388 [12]
                                              \cpu.hazard_unit.id_src2_in [1] -> $memory\cpu.id_stage_unit.regfile_unit.register_file_data$rdmux[1][1][1]$a$1387 [12]
                                              \cpu.hazard_unit.id_src2_in [1] -> $memory\cpu.id_stage_unit.regfile_unit.register_file_data$rdmux[1][1][1]$b$1388 [13]
                                              \cpu.hazard_unit.id_src2_in [1] -> $memory\cpu.id_stage_unit.regfile_unit.register_file_data$rdmux[1][1][1]$a$1387 [13]
                                              \cpu.hazard_unit.id_src2_in [1] -> $memory\cpu.id_stage_unit.regfile_unit.register_file_data$rdmux[1][1][1]$b$1388 [14]
                                              \cpu.hazard_unit.id_src2_in [1] -> $memory\cpu.id_stage_unit.regfile_unit.register_file_data$rdmux[1][1][1]$a$1387 [14]
                                              \cpu.hazard_unit.id_src2_in [1] -> $memory\cpu.id_stage_unit.regfile_unit.register_file_data$rdmux[1][1][0]$b$1385 [0]
                                              \cpu.hazard_unit.id_src2_in [1] -> $memory\cpu.id_stage_unit.regfile_unit.register_file_data$rdmux[1][1][0]$a$1384 [0]
                                              \cpu.hazard_unit.id_src2_in [1] -> $memory\cpu.id_stage_unit.regfile_unit.register_file_data$rdmux[1][1][0]$b$1385 [1]
                                              \cpu.hazard_unit.id_src2_in [1] -> $memory\cpu.id_stage_unit.regfile_unit.register_file_data$rdmux[1][1][0]$a$1384 [1]
                                              \cpu.hazard_unit.id_src2_in [1] -> $memory\cpu.id_stage_unit.regfile_unit.register_file_data$rdmux[1][1][0]$b$1385 [2]
                                              \cpu.hazard_unit.id_src2_in [1] -> $memory\cpu.id_stage_unit.regfile_unit.register_file_data$rdmux[1][1][0]$a$1384 [2]
                                              \cpu.hazard_unit.id_src2_in [1] -> $memory\cpu.id_stage_unit.regfile_unit.register_file_data$rdmux[1][1][0]$b$1385 [3]
                                              \cpu.hazard_unit.id_src2_in [1] -> $memory\cpu.id_stage_unit.regfile_unit.register_file_data$rdmux[1][1][0]$a$1384 [3]
                                              \cpu.hazard_unit.id_src2_in [1] -> $memory\cpu.id_stage_unit.regfile_unit.register_file_data$rdmux[1][1][0]$b$1385 [4]
                                              \cpu.hazard_unit.id_src2_in [1] -> $memory\cpu.id_stage_unit.regfile_unit.register_file_data$rdmux[1][1][0]$a$1384 [4]
                                              \cpu.hazard_unit.id_src2_in [1] -> $memory\cpu.id_stage_unit.regfile_unit.register_file_data$rdmux[1][1][0]$b$1385 [5]
                                              \cpu.hazard_unit.id_src2_in [1] -> $memory\cpu.id_stage_unit.regfile_unit.register_file_data$rdmux[1][1][0]$a$1384 [5]
                                              \cpu.hazard_unit.id_src2_in [1] -> $memory\cpu.id_stage_unit.regfile_unit.register_file_data$rdmux[1][1][0]$b$1385 [6]
                                              \cpu.hazard_unit.id_src2_in [1] -> $memory\cpu.id_stage_unit.regfile_unit.register_file_data$rdmux[1][1][0]$a$1384 [6]
                                              \cpu.hazard_unit.id_src2_in [1] -> $memory\cpu.id_stage_unit.regfile_unit.register_file_data$rdmux[1][1][0]$b$1385 [7]
                                              \cpu.hazard_unit.id_src2_in [1] -> $memory\cpu.id_stage_unit.regfile_unit.register_file_data$rdmux[1][1][0]$a$1384 [7]
                                              \cpu.hazard_unit.id_src2_in [1] -> $memory\cpu.id_stage_unit.regfile_unit.register_file_data$rdmux[1][1][0]$b$1385 [8]
                                              \cpu.hazard_unit.id_src2_in [1] -> $memory\cpu.id_stage_unit.regfile_unit.register_file_data$rdmux[1][1][0]$a$1384 [8]
                                              \cpu.hazard_unit.id_src2_in [1] -> $memory\cpu.id_stage_unit.regfile_unit.register_file_data$rdmux[1][1][0]$b$1385 [9]
                                              \cpu.hazard_unit.id_src2_in [1] -> $memory\cpu.id_stage_unit.regfile_unit.register_file_data$rdmux[1][1][0]$a$1384 [9]
                                              \cpu.hazard_unit.id_src2_in [1] -> $memory\cpu.id_stage_unit.regfile_unit.register_file_data$rdmux[1][1][0]$b$1385 [10]
                                              \cpu.hazard_unit.id_src2_in [1] -> $memory\cpu.id_stage_unit.regfile_unit.register_file_data$rdmux[1][1][0]$a$1384 [10]
                                              \cpu.hazard_unit.id_src2_in [1] -> $memory\cpu.id_stage_unit.regfile_unit.register_file_data$rdmux[1][1][0]$b$1385 [11]
                                              \cpu.hazard_unit.id_src2_in [1] -> $memory\cpu.id_stage_unit.regfile_unit.register_file_data$rdmux[1][1][0]$a$1384 [11]
                                              \cpu.hazard_unit.id_src2_in [1] -> $memory\cpu.id_stage_unit.regfile_unit.register_file_data$rdmux[1][1][0]$b$1385 [12]
                                              \cpu.hazard_unit.id_src2_in [1] -> $memory\cpu.id_stage_unit.regfile_unit.register_file_data$rdmux[1][1][0]$a$1384 [12]
                                              \cpu.hazard_unit.id_src2_in [1] -> $memory\cpu.id_stage_unit.regfile_unit.register_file_data$rdmux[1][1][0]$b$1385 [13]
                                              \cpu.hazard_unit.id_src2_in [1] -> $memory\cpu.id_stage_unit.regfile_unit.register_file_data$rdmux[1][1][0]$a$1384 [13]
                                              \cpu.hazard_unit.id_src2_in [1] -> $memory\cpu.id_stage_unit.regfile_unit.register_file_data$rdmux[1][1][0]$b$1385 [14]
                                              \cpu.hazard_unit.id_src2_in [1] -> $memory\cpu.id_stage_unit.regfile_unit.register_file_data$rdmux[1][1][0]$a$1384 [14]
                                              \cpu.hazard_unit.id_src2_in [1] -> $auto$simplemap.cc:271:simplemap_eqne$5761 [1]
                                              \cpu.hazard_unit.id_src2_in [1] -> $auto$simplemap.cc:271:simplemap_eqne$5798 [1]
Breaking loop using new signal $abcloop$8152: \cpu.hazard_unit.id_src2_in [2] -> $memory\cpu.id_stage_unit.regfile_unit.register_file_data$rdmux[1][0][0]$a$1381 [15]
                                              \cpu.hazard_unit.id_src2_in [2] -> $memory\cpu.id_stage_unit.regfile_unit.register_file_data$rdmux[1][0][0]$b$1382 [15]
                                              \cpu.hazard_unit.id_src2_in [2] -> $memory\cpu.id_stage_unit.regfile_unit.register_file_data$rdmux[1][0][0]$b$1382 [0]
                                              \cpu.hazard_unit.id_src2_in [2] -> $memory\cpu.id_stage_unit.regfile_unit.register_file_data$rdmux[1][0][0]$a$1381 [0]
                                              \cpu.hazard_unit.id_src2_in [2] -> $memory\cpu.id_stage_unit.regfile_unit.register_file_data$rdmux[1][0][0]$b$1382 [1]
                                              \cpu.hazard_unit.id_src2_in [2] -> $memory\cpu.id_stage_unit.regfile_unit.register_file_data$rdmux[1][0][0]$a$1381 [1]
                                              \cpu.hazard_unit.id_src2_in [2] -> $memory\cpu.id_stage_unit.regfile_unit.register_file_data$rdmux[1][0][0]$b$1382 [2]
                                              \cpu.hazard_unit.id_src2_in [2] -> $memory\cpu.id_stage_unit.regfile_unit.register_file_data$rdmux[1][0][0]$a$1381 [2]
                                              \cpu.hazard_unit.id_src2_in [2] -> $memory\cpu.id_stage_unit.regfile_unit.register_file_data$rdmux[1][0][0]$b$1382 [3]
                                              \cpu.hazard_unit.id_src2_in [2] -> $memory\cpu.id_stage_unit.regfile_unit.register_file_data$rdmux[1][0][0]$a$1381 [3]
                                              \cpu.hazard_unit.id_src2_in [2] -> $memory\cpu.id_stage_unit.regfile_unit.register_file_data$rdmux[1][0][0]$b$1382 [4]
                                              \cpu.hazard_unit.id_src2_in [2] -> $memory\cpu.id_stage_unit.regfile_unit.register_file_data$rdmux[1][0][0]$a$1381 [4]
                                              \cpu.hazard_unit.id_src2_in [2] -> $memory\cpu.id_stage_unit.regfile_unit.register_file_data$rdmux[1][0][0]$b$1382 [5]
                                              \cpu.hazard_unit.id_src2_in [2] -> $memory\cpu.id_stage_unit.regfile_unit.register_file_data$rdmux[1][0][0]$a$1381 [5]
                                              \cpu.hazard_unit.id_src2_in [2] -> $memory\cpu.id_stage_unit.regfile_unit.register_file_data$rdmux[1][0][0]$b$1382 [6]
                                              \cpu.hazard_unit.id_src2_in [2] -> $memory\cpu.id_stage_unit.regfile_unit.register_file_data$rdmux[1][0][0]$a$1381 [6]
                                              \cpu.hazard_unit.id_src2_in [2] -> $memory\cpu.id_stage_unit.regfile_unit.register_file_data$rdmux[1][0][0]$b$1382 [7]
                                              \cpu.hazard_unit.id_src2_in [2] -> $memory\cpu.id_stage_unit.regfile_unit.register_file_data$rdmux[1][0][0]$a$1381 [7]
                                              \cpu.hazard_unit.id_src2_in [2] -> $memory\cpu.id_stage_unit.regfile_unit.register_file_data$rdmux[1][0][0]$b$1382 [8]
                                              \cpu.hazard_unit.id_src2_in [2] -> $memory\cpu.id_stage_unit.regfile_unit.register_file_data$rdmux[1][0][0]$a$1381 [8]
                                              \cpu.hazard_unit.id_src2_in [2] -> $memory\cpu.id_stage_unit.regfile_unit.register_file_data$rdmux[1][0][0]$b$1382 [9]
                                              \cpu.hazard_unit.id_src2_in [2] -> $memory\cpu.id_stage_unit.regfile_unit.register_file_data$rdmux[1][0][0]$a$1381 [9]
                                              \cpu.hazard_unit.id_src2_in [2] -> $memory\cpu.id_stage_unit.regfile_unit.register_file_data$rdmux[1][0][0]$b$1382 [10]
                                              \cpu.hazard_unit.id_src2_in [2] -> $memory\cpu.id_stage_unit.regfile_unit.register_file_data$rdmux[1][0][0]$a$1381 [10]
                                              \cpu.hazard_unit.id_src2_in [2] -> $memory\cpu.id_stage_unit.regfile_unit.register_file_data$rdmux[1][0][0]$b$1382 [11]
                                              \cpu.hazard_unit.id_src2_in [2] -> $memory\cpu.id_stage_unit.regfile_unit.register_file_data$rdmux[1][0][0]$a$1381 [11]
                                              \cpu.hazard_unit.id_src2_in [2] -> $memory\cpu.id_stage_unit.regfile_unit.register_file_data$rdmux[1][0][0]$b$1382 [12]
                                              \cpu.hazard_unit.id_src2_in [2] -> $memory\cpu.id_stage_unit.regfile_unit.register_file_data$rdmux[1][0][0]$a$1381 [12]
                                              \cpu.hazard_unit.id_src2_in [2] -> $memory\cpu.id_stage_unit.regfile_unit.register_file_data$rdmux[1][0][0]$b$1382 [13]
                                              \cpu.hazard_unit.id_src2_in [2] -> $memory\cpu.id_stage_unit.regfile_unit.register_file_data$rdmux[1][0][0]$a$1381 [13]
                                              \cpu.hazard_unit.id_src2_in [2] -> $memory\cpu.id_stage_unit.regfile_unit.register_file_data$rdmux[1][0][0]$b$1382 [14]
                                              \cpu.hazard_unit.id_src2_in [2] -> $memory\cpu.id_stage_unit.regfile_unit.register_file_data$rdmux[1][0][0]$a$1381 [14]
                                              \cpu.hazard_unit.id_src2_in [2] -> $auto$simplemap.cc:271:simplemap_eqne$5761 [2]
                                              \cpu.hazard_unit.id_src2_in [2] -> $auto$simplemap.cc:271:simplemap_eqne$5798 [2]
Breaking loop using new signal $abcloop$8153: \cpu.if_in_freeze -> $flatten\qspi.$procmux$382_Y [31]
                                              \cpu.if_in_freeze -> $flatten\qspi.$procmux$345_Y
                                              \cpu.if_in_freeze -> $auto$opt_dff.cc:319:make_patterns_logic$1131
                                              \cpu.if_in_freeze -> $auto$simplemap.cc:277:simplemap_eqne$3066
                                              \cpu.if_in_freeze -> $auto$rtlil.cc:3504:NotGate$8104
                                              \cpu.if_in_freeze -> $flatten\qspi.$procmux$387_Y [8]
                                              \cpu.if_in_freeze -> $flatten\qspi.$procmux$387_Y [9]
                                              \cpu.if_in_freeze -> $flatten\qspi.$procmux$387_Y [10]
                                              \cpu.if_in_freeze -> $flatten\qspi.$procmux$387_Y [11]
                                              \cpu.if_in_freeze -> $flatten\qspi.$procmux$387_Y [12]
                                              \cpu.if_in_freeze -> $flatten\qspi.$procmux$387_Y [13]
                                              \cpu.if_in_freeze -> $flatten\qspi.$procmux$387_Y [14]
                                              \cpu.if_in_freeze -> $flatten\qspi.$procmux$387_Y [15]
                                              \cpu.if_in_freeze -> $flatten\qspi.$procmux$387_Y [16]
                                              \cpu.if_in_freeze -> $flatten\qspi.$procmux$387_Y [17]
                                              \cpu.if_in_freeze -> $flatten\qspi.$procmux$387_Y [18]
                                              \cpu.if_in_freeze -> $flatten\qspi.$procmux$387_Y [19]
                                              \cpu.if_in_freeze -> $flatten\qspi.$procmux$387_Y [20]
                                              \cpu.if_in_freeze -> $flatten\qspi.$procmux$387_Y [21]
                                              \cpu.if_in_freeze -> $flatten\qspi.$procmux$387_Y [22]
                                              \cpu.if_in_freeze -> $flatten\qspi.$procmux$387_Y [23]
Breaking loop using new signal $abcloop$8154: \cpu.hazard_unit.id_src2_in [3] -> $\cpu.id_stage_unit.regfile_unit.register_file_data$rdreg[1]$d [15]
                                              \cpu.hazard_unit.id_src2_in [3] -> $\cpu.id_stage_unit.regfile_unit.register_file_data$rdreg[1]$d [0]
                                              \cpu.hazard_unit.id_src2_in [3] -> $\cpu.id_stage_unit.regfile_unit.register_file_data$rdreg[1]$d [1]
                                              \cpu.hazard_unit.id_src2_in [3] -> $\cpu.id_stage_unit.regfile_unit.register_file_data$rdreg[1]$d [2]
                                              \cpu.hazard_unit.id_src2_in [3] -> $\cpu.id_stage_unit.regfile_unit.register_file_data$rdreg[1]$d [3]
                                              \cpu.hazard_unit.id_src2_in [3] -> $\cpu.id_stage_unit.regfile_unit.register_file_data$rdreg[1]$d [4]
                                              \cpu.hazard_unit.id_src2_in [3] -> $\cpu.id_stage_unit.regfile_unit.register_file_data$rdreg[1]$d [5]
                                              \cpu.hazard_unit.id_src2_in [3] -> $\cpu.id_stage_unit.regfile_unit.register_file_data$rdreg[1]$d [6]
                                              \cpu.hazard_unit.id_src2_in [3] -> $\cpu.id_stage_unit.regfile_unit.register_file_data$rdreg[1]$d [7]
                                              \cpu.hazard_unit.id_src2_in [3] -> $\cpu.id_stage_unit.regfile_unit.register_file_data$rdreg[1]$d [8]
                                              \cpu.hazard_unit.id_src2_in [3] -> $\cpu.id_stage_unit.regfile_unit.register_file_data$rdreg[1]$d [9]
                                              \cpu.hazard_unit.id_src2_in [3] -> $\cpu.id_stage_unit.regfile_unit.register_file_data$rdreg[1]$d [10]
                                              \cpu.hazard_unit.id_src2_in [3] -> $\cpu.id_stage_unit.regfile_unit.register_file_data$rdreg[1]$d [11]
                                              \cpu.hazard_unit.id_src2_in [3] -> $\cpu.id_stage_unit.regfile_unit.register_file_data$rdreg[1]$d [12]
                                              \cpu.hazard_unit.id_src2_in [3] -> $\cpu.id_stage_unit.regfile_unit.register_file_data$rdreg[1]$d [13]
                                              \cpu.hazard_unit.id_src2_in [3] -> $\cpu.id_stage_unit.regfile_unit.register_file_data$rdreg[1]$d [14]
                                              \cpu.hazard_unit.id_src2_in [3] -> $auto$simplemap.cc:271:simplemap_eqne$5761 [3]
                                              \cpu.hazard_unit.id_src2_in [3] -> $auto$simplemap.cc:271:simplemap_eqne$5798 [3]

21.24.1.1. Executed ABC.
Extracted 2565 gates and 3043 wires to a netlist network with 476 inputs and 196 outputs.
Running ABC script: <abc-temp-dir>/abc.script
ABC: UC Berkeley, ABC 1.01 (compiled Jul 16 2026 03:52:11)
ABC: abc 01> empty
ABC: abc 01> source <abc-temp-dir>/abc.script
ABC: + read_blif <abc-temp-dir>/input.blif 
ABC: + read_library <abc-temp-dir>/stdcells.genlib 
ABC: + strash 
ABC: + &get -n 
ABC: + &fraig -x 
ABC: + &put 
ABC: + scorr 
ABC: Warning: The network is combinational (run "fraig" or "fraig_sweep").
ABC: + dc2 
ABC: + dretime 
ABC: + strash 
ABC: + &get -n 
ABC: + &dch -f 
ABC: + &nf 
ABC: + &put 
ABC: + write_blif <abc-temp-dir>/output.blif 
ABC: 
ABC: YOSYS_ABC_DONE 

21.24.1.2. Re-integrating ABC results.
ABC RESULTS:               AND cells:      456
ABC RESULTS:            ANDNOT cells:       90
ABC RESULTS:               BUF cells:        1
ABC RESULTS:               MUX cells:      669
ABC RESULTS:              NAND cells:      624
ABC RESULTS:               NOR cells:       45
ABC RESULTS:               NOT cells:       24
ABC RESULTS:                OR cells:      172
ABC RESULTS:             ORNOT cells:       96
ABC RESULTS:              XNOR cells:       83
ABC RESULTS:               XOR cells:       57
ABC RESULTS:        internal signals:     2371
ABC RESULTS:           input signals:      476
ABC RESULTS:          output signals:      196
Removing temp directory.
Removing global temp directory.

21.25. Executing OPT pass (performing simple optimizations).

21.25.1. Executing OPT_EXPR pass (perform const folding).
Optimizing module arm16_top.
Couldn't topologically sort cells, optimizing module arm16_top may take a longer time.
Couldn't topologically sort cells, optimizing module arm16_top may take a longer time.
Couldn't topologically sort cells, optimizing module arm16_top may take a longer time.
<suppressed ~68 debug messages>

21.25.2. Executing OPT_MERGE pass (detect identical cells).
Finding identical cells in module `\arm16_top'.
Computing hashes of 2951 cells of `\arm16_top'.
Finding duplicate cells in `\arm16_top'.
Removed a total of 0 cells.

21.25.3. Executing OPT_DFF pass (perform DFF optimizations).

21.25.4. Executing OPT_CLEAN pass (remove unused cells and wires).
Finding unused cells or wires in module \arm16_top..
Removed 0 unused cells and 1626 unused wires.
<suppressed ~72 debug messages>

21.25.5. Finished fast OPT passes.

21.26. Executing HIERARCHY pass (managing design hierarchy).
Attribute `top' found on module `arm16_top'. Setting top module to arm16_top.

21.26.1. Analyzing design hierarchy..
Top module:  \arm16_top

21.26.2. Analyzing design hierarchy..
Top module:  \arm16_top
Removed 0 unused modules.

21.27. Printing statistics.

=== arm16_top ===

        +----------Local Count, excluding submodules.
        | 
     2567 wires
     4944 wire bits
      367 public wires
     2714 public wire bits
        8 ports
       43 port bits
     2951 cells
       90   $_ANDNOT_
      456   $_AND_
        2   $_DFFE_NN0P_
      240   $_DFFE_NP_
       61   $_DFFE_PN0N_
       14   $_DFF_P_
      669   $_MUX_
      624   $_NAND_
       45   $_NOR_
       24   $_NOT_
       96   $_ORNOT_
      172   $_OR_
      166   $_SDFFE_PN0P_
        2   $_SDFFE_PN1P_
      129   $_SDFFE_PP0N_
        2   $_SDFF_PN0_
       83   $_XNOR_
       57   $_XOR_
       19   $scopeinfo

21.28. Executing CHECK pass (checking for obvious problems).
Checking module arm16_top...
Warning: found logic loop in module arm16_top:
    cell $abc$8149$auto$blifparse.cc:397:parse_blif$8328 ($_AND_)
      A[0] --> Y[0]
    cell $abc$8149$auto$blifparse.cc:397:parse_blif$8330 ($_AND_)
      A[0] --> Y[0]
    wire \cpu.id_reg_unit.mem_w_en_in source: ID_stage_reg.v:8.25-8.36
    cell $abc$8149$auto$blifparse.cc:397:parse_blif$8460 ($_MUX_)
      S[0] --> Y[0]
    wire \cpu.hazard_unit.id_src2_in [1] source: hazard_detection.v:3.25-3.35
    cell $abc$8149$auto$blifparse.cc:397:parse_blif$8264 ($_XNOR_)
      B[0] --> Y[0]
    cell $abc$8149$auto$blifparse.cc:397:parse_blif$8265 ($_AND_)
      B[0] --> Y[0]
    cell $abc$8149$auto$blifparse.cc:397:parse_blif$8266 ($_AND_)
      B[0] --> Y[0]
    cell $abc$8149$auto$blifparse.cc:397:parse_blif$8267 ($_NAND_)
      B[0] --> Y[0]
    cell $abc$8149$auto$blifparse.cc:397:parse_blif$8276 ($_NAND_)
      A[0] --> Y[0]
    cell $abc$8149$auto$blifparse.cc:397:parse_blif$8278 ($_NAND_)
      A[0] --> Y[0]
    cell $abc$8149$auto$blifparse.cc:397:parse_blif$8279 ($_AND_)
      B[0] --> Y[0]
Found and reported 1 problems.

22. Executing DFFLIBMAP pass (mapping DFF cells to sequential cells from liberty file).
  cell sky130_fd_sc_hd__dfxtp_1 (noninv, pins=3, area=20.02) is a direct match for cell type $_DFF_P_.
  cell sky130_fd_sc_hd__dfrtn_1 (noninv, pins=4, area=25.02) is a direct match for cell type $_DFF_NN0_.
  cell sky130_fd_sc_hd__dfrtp_1 (noninv, pins=4, area=25.02) is a direct match for cell type $_DFF_PN0_.
  cell sky130_fd_sc_hd__dfstp_2 (noninv, pins=4, area=26.28) is a direct match for cell type $_DFF_PN1_.
  cell sky130_fd_sc_hd__edfxtp_1 (noninv, pins=4, area=30.03) is a direct match for cell type $_DFFE_PP_.
  cell sky130_fd_sc_hd__dfbbn_1 (noninv, pins=6, area=32.53) is a direct match for cell type $_DFFSR_NNN_.
  cell sky130_fd_sc_hd__dfbbp_1 (noninv, pins=6, area=32.53) is a direct match for cell type $_DFFSR_PNN_.
  final dff cell mappings:
    unmapped dff cell: $_DFF_N_
    \sky130_fd_sc_hd__dfxtp_1 _DFF_P_ (.CLK( C), .D( D), .Q( Q));
    \sky130_fd_sc_hd__dfrtn_1 _DFF_NN0_ (.CLK_N( C), .D( D), .Q( Q), .RESET_B( R));
    unmapped dff cell: $_DFF_NN1_
    unmapped dff cell: $_DFF_NP0_
    unmapped dff cell: $_DFF_NP1_
    \sky130_fd_sc_hd__dfrtp_1 _DFF_PN0_ (.CLK( C), .D( D), .Q( Q), .RESET_B( R));
    \sky130_fd_sc_hd__dfstp_2 _DFF_PN1_ (.CLK( C), .D( D), .Q( Q), .SET_B( R));
    unmapped dff cell: $_DFF_PP0_
    unmapped dff cell: $_DFF_PP1_
    unmapped dff cell: $_DFFE_NN_
    unmapped dff cell: $_DFFE_NP_
    unmapped dff cell: $_DFFE_PN_
    \sky130_fd_sc_hd__edfxtp_1 _DFFE_PP_ (.CLK( C), .D( D), .DE( E), .Q( Q));
    \sky130_fd_sc_hd__dfbbn_1 _DFFSR_NNN_ (.CLK_N( C), .D( D), .Q( Q), .Q_N(~Q), .RESET_B( R), .SET_B( S));
    unmapped dff cell: $_DFFSR_NNP_
    unmapped dff cell: $_DFFSR_NPN_
    unmapped dff cell: $_DFFSR_NPP_
    \sky130_fd_sc_hd__dfbbp_1 _DFFSR_PNN_ (.CLK( C), .D( D), .Q( Q), .Q_N(~Q), .RESET_B( R), .SET_B( S));
    unmapped dff cell: $_DFFSR_PNP_
    unmapped dff cell: $_DFFSR_PPN_
    unmapped dff cell: $_DFFSR_PPP_

22.1. Executing DFFLEGALIZE pass (convert FFs to types supported by the target).
<suppressed ~24 debug messages>
Mapping DFF cells in module `\arm16_top':
  mapped 240 $_DFFE_PP_ cells to \sky130_fd_sc_hd__edfxtp_1 cells.
  mapped 2 $_DFF_NN0_ cells to \sky130_fd_sc_hd__dfrtn_1 cells.
  mapped 61 $_DFF_PN0_ cells to \sky130_fd_sc_hd__dfrtp_1 cells.
  mapped 313 $_DFF_P_ cells to \sky130_fd_sc_hd__dfxtp_1 cells.

23. Executing ABC pass (technology mapping using ABC).

23.1. Extracting gate netlist of module `\arm16_top' to `<abc-temp-dir>/input.blif'..
ABC: using cached merged SCL: /tmp/yosys-liberty-scl-cache/yosys_merged_26d78acf.scl (1 files)
Breaking loop using new signal $abcloop$12271: \cpu.hazard_unit.id_src2_in [2] -> $abc$8149$new_n2828
                                               \cpu.hazard_unit.id_src2_in [2] -> $abc$8149$new_n2826
                                               \cpu.hazard_unit.id_src2_in [2] -> $abc$8149$new_n2822
                                               \cpu.hazard_unit.id_src2_in [2] -> $abc$8149$new_n2820
                                               \cpu.hazard_unit.id_src2_in [2] -> $abc$8149$new_n2817
                                               \cpu.hazard_unit.id_src2_in [2] -> $abc$8149$new_n2816
                                               \cpu.hazard_unit.id_src2_in [2] -> $abc$8149$new_n2814
                                               \cpu.hazard_unit.id_src2_in [2] -> $abc$8149$new_n2813
                                               \cpu.hazard_unit.id_src2_in [2] -> $abc$8149$new_n1247
                                               \cpu.hazard_unit.id_src2_in [2] -> $abc$8149$new_n1244
                                               \cpu.hazard_unit.id_src2_in [2] -> $abc$8149$new_n1243
                                               \cpu.hazard_unit.id_src2_in [2] -> $abc$8149$new_n1239
                                               \cpu.hazard_unit.id_src2_in [2] -> $abc$8149$new_n1238
                                               \cpu.hazard_unit.id_src2_in [2] -> $abc$8149$new_n1236
                                               \cpu.hazard_unit.id_src2_in [2] -> $abc$8149$new_n1234
                                               \cpu.hazard_unit.id_src2_in [2] -> $abc$8149$new_n1231
                                               \cpu.hazard_unit.id_src2_in [2] -> $abc$8149$new_n1225
                                               \cpu.hazard_unit.id_src2_in [2] -> $abc$8149$new_n1223
                                               \cpu.hazard_unit.id_src2_in [2] -> $abc$8149$new_n1219
                                               \cpu.hazard_unit.id_src2_in [2] -> $abc$8149$new_n1217
                                               \cpu.hazard_unit.id_src2_in [2] -> $abc$8149$new_n1214
                                               \cpu.hazard_unit.id_src2_in [2] -> $abc$8149$new_n1213
                                               \cpu.hazard_unit.id_src2_in [2] -> $abc$8149$new_n1211
                                               \cpu.hazard_unit.id_src2_in [2] -> $abc$8149$new_n1210
                                               \cpu.hazard_unit.id_src2_in [2] -> $abc$8149$new_n1206
                                               \cpu.hazard_unit.id_src2_in [2] -> $abc$8149$new_n1205
                                               \cpu.hazard_unit.id_src2_in [2] -> $abc$8149$new_n1203
                                               \cpu.hazard_unit.id_src2_in [2] -> $abc$8149$new_n1202
                                               \cpu.hazard_unit.id_src2_in [2] -> $abc$8149$new_n1199
                                               \cpu.hazard_unit.id_src2_in [2] -> $abc$8149$new_n1195
                                               \cpu.hazard_unit.id_src2_in [2] -> $abc$8149$new_n1192
                                               \cpu.hazard_unit.id_src2_in [2] -> $abc$8149$new_n1189
                                               \cpu.hazard_unit.id_src2_in [2] -> $abc$8149$new_n1186
                                               \cpu.hazard_unit.id_src2_in [2] -> $abc$8149$new_n1182
                                               \cpu.hazard_unit.id_src2_in [2] -> $abc$8149$new_n1181
                                               \cpu.hazard_unit.id_src2_in [2] -> $abc$8149$new_n1179
                                               \cpu.hazard_unit.id_src2_in [2] -> $abc$8149$new_n1178
                                               \cpu.hazard_unit.id_src2_in [2] -> $abc$8149$new_n1175
                                               \cpu.hazard_unit.id_src2_in [2] -> $abc$8149$new_n1172
                                               \cpu.hazard_unit.id_src2_in [2] -> $abc$8149$new_n1168
                                               \cpu.hazard_unit.id_src2_in [2] -> $abc$8149$new_n1165
                                               \cpu.hazard_unit.id_src2_in [2] -> $abc$8149$new_n1159
                                               \cpu.hazard_unit.id_src2_in [2] -> $abc$8149$new_n1156
                                               \cpu.hazard_unit.id_src2_in [2] -> $abc$8149$new_n1155
                                               \cpu.hazard_unit.id_src2_in [2] -> $abc$8149$new_n1151
                                               \cpu.hazard_unit.id_src2_in [2] -> $abc$8149$new_n1150
                                               \cpu.hazard_unit.id_src2_in [2] -> $abc$8149$new_n1148
                                               \cpu.hazard_unit.id_src2_in [2] -> $abc$8149$new_n1146
                                               \cpu.hazard_unit.id_src2_in [2] -> $abc$8149$new_n1143
                                               \cpu.hazard_unit.id_src2_in [2] -> $abc$8149$new_n1137
                                               \cpu.hazard_unit.id_src2_in [2] -> $abc$8149$new_n1134
                                               \cpu.hazard_unit.id_src2_in [2] -> $abc$8149$new_n1133
                                               \cpu.hazard_unit.id_src2_in [2] -> $abc$8149$new_n1129
                                               \cpu.hazard_unit.id_src2_in [2] -> $abc$8149$new_n1128
                                               \cpu.hazard_unit.id_src2_in [2] -> $abc$8149$new_n1126
                                               \cpu.hazard_unit.id_src2_in [2] -> $abc$8149$new_n1124
                                               \cpu.hazard_unit.id_src2_in [2] -> $abc$8149$new_n1121
                                               \cpu.hazard_unit.id_src2_in [2] -> $abc$8149$new_n1115
                                               \cpu.hazard_unit.id_src2_in [2] -> $abc$8149$new_n1112
                                               \cpu.hazard_unit.id_src2_in [2] -> $abc$8149$new_n1111
                                               \cpu.hazard_unit.id_src2_in [2] -> $abc$8149$new_n1107
                                               \cpu.hazard_unit.id_src2_in [2] -> $abc$8149$new_n1106
                                               \cpu.hazard_unit.id_src2_in [2] -> $abc$8149$new_n1104
                                               \cpu.hazard_unit.id_src2_in [2] -> $abc$8149$new_n1102
                                               \cpu.hazard_unit.id_src2_in [2] -> $abc$8149$new_n1099
                                               \cpu.hazard_unit.id_src2_in [2] -> $abc$8149$new_n1093
                                               \cpu.hazard_unit.id_src2_in [2] -> $abc$8149$new_n1091
                                               \cpu.hazard_unit.id_src2_in [2] -> $abc$8149$new_n1087
                                               \cpu.hazard_unit.id_src2_in [2] -> $abc$8149$new_n1085
                                               \cpu.hazard_unit.id_src2_in [2] -> $abc$8149$new_n1082
                                               \cpu.hazard_unit.id_src2_in [2] -> $abc$8149$new_n1081
                                               \cpu.hazard_unit.id_src2_in [2] -> $abc$8149$new_n1079
                                               \cpu.hazard_unit.id_src2_in [2] -> $abc$8149$new_n1078
                                               \cpu.hazard_unit.id_src2_in [2] -> $abc$8149$new_n1075
                                               \cpu.hazard_unit.id_src2_in [2] -> $abc$8149$new_n1072
                                               \cpu.hazard_unit.id_src2_in [2] -> $abc$8149$new_n1068
                                               \cpu.hazard_unit.id_src2_in [2] -> $abc$8149$new_n1067
                                               \cpu.hazard_unit.id_src2_in [2] -> $abc$8149$new_n1065
                                               \cpu.hazard_unit.id_src2_in [2] -> $abc$8149$new_n1064
                                               \cpu.hazard_unit.id_src2_in [2] -> $abc$8149$new_n1061
                                               \cpu.hazard_unit.id_src2_in [2] -> $abc$8149$new_n1058
                                               \cpu.hazard_unit.id_src2_in [2] -> $abc$8149$new_n1054
                                               \cpu.hazard_unit.id_src2_in [2] -> $abc$8149$new_n1051
                                               \cpu.hazard_unit.id_src2_in [2] -> $abc$8149$new_n1045
                                               \cpu.hazard_unit.id_src2_in [2] -> $abc$8149$new_n1043
                                               \cpu.hazard_unit.id_src2_in [2] -> $abc$8149$new_n1039
                                               \cpu.hazard_unit.id_src2_in [2] -> $abc$8149$new_n1037
                                               \cpu.hazard_unit.id_src2_in [2] -> $abc$8149$new_n1034
                                               \cpu.hazard_unit.id_src2_in [2] -> $abc$8149$new_n1033
                                               \cpu.hazard_unit.id_src2_in [2] -> $abc$8149$new_n1031
                                               \cpu.hazard_unit.id_src2_in [2] -> $abc$8149$new_n1030
                                               \cpu.hazard_unit.id_src2_in [2] -> $abc$8149$new_n1027
                                               \cpu.hazard_unit.id_src2_in [2] -> $abc$8149$new_n1024
                                               \cpu.hazard_unit.id_src2_in [2] -> $abc$8149$new_n1020
                                               \cpu.hazard_unit.id_src2_in [2] -> $abc$8149$new_n1017
                                               \cpu.hazard_unit.id_src2_in [2] -> $abc$8149$new_n1011
                                               \cpu.hazard_unit.id_src2_in [2] -> $abc$8149$new_n1008
                                               \cpu.hazard_unit.id_src2_in [2] -> $abc$8149$new_n1007
                                               \cpu.hazard_unit.id_src2_in [2] -> $abc$8149$new_n1003
                                               \cpu.hazard_unit.id_src2_in [2] -> $abc$8149$new_n1002
                                               \cpu.hazard_unit.id_src2_in [2] -> $abc$8149$new_n1000
                                               \cpu.hazard_unit.id_src2_in [2] -> $abc$8149$new_n998
                                               \cpu.hazard_unit.id_src2_in [2] -> $abc$8149$new_n995
                                               \cpu.hazard_unit.id_src2_in [2] -> $abc$8149$new_n991
                                               \cpu.hazard_unit.id_src2_in [2] -> $abc$8149$new_n988
                                               \cpu.hazard_unit.id_src2_in [2] -> $abc$8149$new_n984
                                               \cpu.hazard_unit.id_src2_in [2] -> $abc$8149$new_n983
                                               \cpu.hazard_unit.id_src2_in [2] -> $abc$8149$new_n981
                                               \cpu.hazard_unit.id_src2_in [2] -> $abc$8149$new_n980
                                               \cpu.hazard_unit.id_src2_in [2] -> $abc$8149$new_n778
                                               \cpu.hazard_unit.id_src2_in [2] -> $abc$8149$new_n757
                                               \cpu.hazard_unit.id_src2_in [2] -> $auto$rtlil.cc:3513:MuxGate$11601
Breaking loop using new signal $abcloop$12272: \cpu.hazard_unit.id_src2_in [0] -> $abc$8149$new_n2827
                                               \cpu.hazard_unit.id_src2_in [0] -> $abc$8149$new_n2825
                                               \cpu.hazard_unit.id_src2_in [0] -> $abc$8149$new_n2821
                                               \cpu.hazard_unit.id_src2_in [0] -> $abc$8149$new_n2818
                                               \cpu.hazard_unit.id_src2_in [0] -> $abc$8149$new_n2815
                                               \cpu.hazard_unit.id_src2_in [0] -> $abc$8149$new_n1248
                                               \cpu.hazard_unit.id_src2_in [0] -> $abc$8149$new_n1245
                                               \cpu.hazard_unit.id_src2_in [0] -> $abc$8149$new_n1240
                                               \cpu.hazard_unit.id_src2_in [0] -> $abc$8149$new_n1237
                                               \cpu.hazard_unit.id_src2_in [0] -> $abc$8149$new_n1233
                                               \cpu.hazard_unit.id_src2_in [0] -> $abc$8149$new_n1232
                                               \cpu.hazard_unit.id_src2_in [0] -> $abc$8149$new_n1230
                                               \cpu.hazard_unit.id_src2_in [0] -> $abc$8149$new_n1224
                                               \cpu.hazard_unit.id_src2_in [0] -> $abc$8149$new_n1222
                                               \cpu.hazard_unit.id_src2_in [0] -> $abc$8149$new_n1218
                                               \cpu.hazard_unit.id_src2_in [0] -> $abc$8149$new_n1215
                                               \cpu.hazard_unit.id_src2_in [0] -> $abc$8149$new_n1212
                                               \cpu.hazard_unit.id_src2_in [0] -> $abc$8149$new_n1207
                                               \cpu.hazard_unit.id_src2_in [0] -> $abc$8149$new_n1204
                                               \cpu.hazard_unit.id_src2_in [0] -> $abc$8149$new_n1198
                                               \cpu.hazard_unit.id_src2_in [0] -> $abc$8149$new_n1197
                                               \cpu.hazard_unit.id_src2_in [0] -> $abc$8149$new_n1194
                                               \cpu.hazard_unit.id_src2_in [0] -> $abc$8149$new_n1188
                                               \cpu.hazard_unit.id_src2_in [0] -> $abc$8149$new_n1187
                                               \cpu.hazard_unit.id_src2_in [0] -> $abc$8149$new_n1185
                                               \cpu.hazard_unit.id_src2_in [0] -> $abc$8149$new_n1183
                                               \cpu.hazard_unit.id_src2_in [0] -> $abc$8149$new_n1180
                                               \cpu.hazard_unit.id_src2_in [0] -> $abc$8149$new_n1174
                                               \cpu.hazard_unit.id_src2_in [0] -> $abc$8149$new_n1173
                                               \cpu.hazard_unit.id_src2_in [0] -> $abc$8149$new_n1171
                                               \cpu.hazard_unit.id_src2_in [0] -> $abc$8149$new_n1170
                                               \cpu.hazard_unit.id_src2_in [0] -> $abc$8149$new_n1167
                                               \cpu.hazard_unit.id_src2_in [0] -> $abc$8149$new_n1166
                                               \cpu.hazard_unit.id_src2_in [0] -> $abc$8149$new_n1164
                                               \cpu.hazard_unit.id_src2_in [0] -> $abc$8149$new_n1160
                                               \cpu.hazard_unit.id_src2_in [0] -> $abc$8149$new_n1157
                                               \cpu.hazard_unit.id_src2_in [0] -> $abc$8149$new_n1152
                                               \cpu.hazard_unit.id_src2_in [0] -> $abc$8149$new_n1149
                                               \cpu.hazard_unit.id_src2_in [0] -> $abc$8149$new_n1145
                                               \cpu.hazard_unit.id_src2_in [0] -> $abc$8149$new_n1144
                                               \cpu.hazard_unit.id_src2_in [0] -> $abc$8149$new_n1142
                                               \cpu.hazard_unit.id_src2_in [0] -> $abc$8149$new_n1138
                                               \cpu.hazard_unit.id_src2_in [0] -> $abc$8149$new_n1135
                                               \cpu.hazard_unit.id_src2_in [0] -> $abc$8149$new_n1130
                                               \cpu.hazard_unit.id_src2_in [0] -> $abc$8149$new_n1127
                                               \cpu.hazard_unit.id_src2_in [0] -> $abc$8149$new_n1123
                                               \cpu.hazard_unit.id_src2_in [0] -> $abc$8149$new_n1122
                                               \cpu.hazard_unit.id_src2_in [0] -> $abc$8149$new_n1120
                                               \cpu.hazard_unit.id_src2_in [0] -> $abc$8149$new_n1116
                                               \cpu.hazard_unit.id_src2_in [0] -> $abc$8149$new_n1113
                                               \cpu.hazard_unit.id_src2_in [0] -> $abc$8149$new_n1108
                                               \cpu.hazard_unit.id_src2_in [0] -> $abc$8149$new_n1105
                                               \cpu.hazard_unit.id_src2_in [0] -> $abc$8149$new_n1101
                                               \cpu.hazard_unit.id_src2_in [0] -> $abc$8149$new_n1100
                                               \cpu.hazard_unit.id_src2_in [0] -> $abc$8149$new_n1098
                                               \cpu.hazard_unit.id_src2_in [0] -> $abc$8149$new_n1092
                                               \cpu.hazard_unit.id_src2_in [0] -> $abc$8149$new_n1090
                                               \cpu.hazard_unit.id_src2_in [0] -> $abc$8149$new_n1086
                                               \cpu.hazard_unit.id_src2_in [0] -> $abc$8149$new_n1083
                                               \cpu.hazard_unit.id_src2_in [0] -> $abc$8149$new_n1080
                                               \cpu.hazard_unit.id_src2_in [0] -> $abc$8149$new_n1074
                                               \cpu.hazard_unit.id_src2_in [0] -> $abc$8149$new_n1073
                                               \cpu.hazard_unit.id_src2_in [0] -> $abc$8149$new_n1071
                                               \cpu.hazard_unit.id_src2_in [0] -> $abc$8149$new_n1069
                                               \cpu.hazard_unit.id_src2_in [0] -> $abc$8149$new_n1066
                                               \cpu.hazard_unit.id_src2_in [0] -> $abc$8149$new_n1060
                                               \cpu.hazard_unit.id_src2_in [0] -> $abc$8149$new_n1059
                                               \cpu.hazard_unit.id_src2_in [0] -> $abc$8149$new_n1057
                                               \cpu.hazard_unit.id_src2_in [0] -> $abc$8149$new_n1056
                                               \cpu.hazard_unit.id_src2_in [0] -> $abc$8149$new_n1053
                                               \cpu.hazard_unit.id_src2_in [0] -> $abc$8149$new_n1052
                                               \cpu.hazard_unit.id_src2_in [0] -> $abc$8149$new_n1050
                                               \cpu.hazard_unit.id_src2_in [0] -> $abc$8149$new_n1044
                                               \cpu.hazard_unit.id_src2_in [0] -> $abc$8149$new_n1042
                                               \cpu.hazard_unit.id_src2_in [0] -> $abc$8149$new_n1038
                                               \cpu.hazard_unit.id_src2_in [0] -> $abc$8149$new_n1035
                                               \cpu.hazard_unit.id_src2_in [0] -> $abc$8149$new_n1032
                                               \cpu.hazard_unit.id_src2_in [0] -> $abc$8149$new_n1026
                                               \cpu.hazard_unit.id_src2_in [0] -> $abc$8149$new_n1025
                                               \cpu.hazard_unit.id_src2_in [0] -> $abc$8149$new_n1023
                                               \cpu.hazard_unit.id_src2_in [0] -> $abc$8149$new_n1022
                                               \cpu.hazard_unit.id_src2_in [0] -> $abc$8149$new_n1019
                                               \cpu.hazard_unit.id_src2_in [0] -> $abc$8149$new_n1018
                                               \cpu.hazard_unit.id_src2_in [0] -> $abc$8149$new_n1016
                                               \cpu.hazard_unit.id_src2_in [0] -> $abc$8149$new_n1012
                                               \cpu.hazard_unit.id_src2_in [0] -> $abc$8149$new_n1009
                                               \cpu.hazard_unit.id_src2_in [0] -> $abc$8149$new_n1004
                                               \cpu.hazard_unit.id_src2_in [0] -> $abc$8149$new_n1001
                                               \cpu.hazard_unit.id_src2_in [0] -> $abc$8149$new_n997
                                               \cpu.hazard_unit.id_src2_in [0] -> $abc$8149$new_n996
                                               \cpu.hazard_unit.id_src2_in [0] -> $abc$8149$new_n994
                                               \cpu.hazard_unit.id_src2_in [0] -> $abc$8149$new_n990
                                               \cpu.hazard_unit.id_src2_in [0] -> $abc$8149$new_n989
                                               \cpu.hazard_unit.id_src2_in [0] -> $abc$8149$new_n987
                                               \cpu.hazard_unit.id_src2_in [0] -> $abc$8149$new_n985
                                               \cpu.hazard_unit.id_src2_in [0] -> $abc$8149$new_n982
                                               \cpu.hazard_unit.id_src2_in [0] -> $abc$8149$new_n779
                                               \cpu.hazard_unit.id_src2_in [0] -> $abc$8149$new_n756
                                               \cpu.hazard_unit.id_src2_in [0] -> $auto$rtlil.cc:3513:MuxGate$11609
Breaking loop using new signal $abcloop$12273: \cpu.if_in_freeze -> $abc$8149$new_n2918
                                               \cpu.if_in_freeze -> $abc$8149$new_n2896
                                               \cpu.if_in_freeze -> $abc$8149$new_n2895
                                               \cpu.if_in_freeze -> $abc$8149$new_n2787
                                               \cpu.if_in_freeze -> $abc$8149$new_n728
                                               \cpu.if_in_freeze -> $abc$8149$new_n726
                                               \cpu.if_in_freeze -> $abc$8149$new_n724
                                               \cpu.if_in_freeze -> $abc$8149$new_n722
                                               \cpu.if_in_freeze -> $abc$8149$new_n720
                                               \cpu.if_in_freeze -> $abc$8149$new_n718
                                               \cpu.if_in_freeze -> $abc$8149$new_n716
                                               \cpu.if_in_freeze -> $abc$8149$new_n713
                                               \cpu.if_in_freeze -> $abc$8149$new_n710
                                               \cpu.if_in_freeze -> $abc$8149$new_n707
                                               \cpu.if_in_freeze -> $abc$8149$new_n705
                                               \cpu.if_in_freeze -> $abc$8149$new_n703
                                               \cpu.if_in_freeze -> $abc$8149$new_n696
                                               \cpu.if_in_freeze -> $abc$8149$new_n695
                                               \cpu.if_in_freeze -> $abc$8149$flatten\qspi.$procmux$382_Y[31]
                                               \cpu.if_in_freeze -> $auto$rtlil.cc:3513:MuxGate$10925
                                               \cpu.if_in_freeze -> $auto$rtlil.cc:3513:MuxGate$10929
                                               \cpu.if_in_freeze -> $auto$rtlil.cc:3513:MuxGate$10933
                                               \cpu.if_in_freeze -> $auto$rtlil.cc:3513:MuxGate$10937
                                               \cpu.if_in_freeze -> $auto$rtlil.cc:3513:MuxGate$11207
                                               \cpu.if_in_freeze -> $auto$rtlil.cc:3513:MuxGate$11211
                                               \cpu.if_in_freeze -> $abc$8149$flatten\qspi.$procmux$345_Y
                                               \cpu.if_in_freeze -> $abc$8149$auto$rtlil.cc:3504:NotGate$8104
                                               \cpu.if_in_freeze -> $auto$rtlil.cc:3513:MuxGate$11927
                                               \cpu.if_in_freeze -> $auto$rtlil.cc:3513:MuxGate$11931
                                               \cpu.if_in_freeze -> $auto$rtlil.cc:3513:MuxGate$11935
                                               \cpu.if_in_freeze -> $auto$rtlil.cc:3513:MuxGate$11939
                                               \cpu.if_in_freeze -> $auto$rtlil.cc:3513:MuxGate$11943
                                               \cpu.if_in_freeze -> $auto$rtlil.cc:3513:MuxGate$11947
                                               \cpu.if_in_freeze -> $auto$rtlil.cc:3513:MuxGate$11951
                                               \cpu.if_in_freeze -> $auto$rtlil.cc:3513:MuxGate$11955
                                               \cpu.if_in_freeze -> $auto$rtlil.cc:3513:MuxGate$11959
                                               \cpu.if_in_freeze -> $auto$rtlil.cc:3513:MuxGate$11963
                                               \cpu.if_in_freeze -> $auto$rtlil.cc:3513:MuxGate$11967
                                               \cpu.if_in_freeze -> $auto$rtlil.cc:3513:MuxGate$11971
                                               \cpu.if_in_freeze -> $auto$rtlil.cc:3513:MuxGate$11975
                                               \cpu.if_in_freeze -> $auto$rtlil.cc:3513:MuxGate$11979
                                               \cpu.if_in_freeze -> $auto$rtlil.cc:3513:MuxGate$11983
                                               \cpu.if_in_freeze -> $auto$rtlil.cc:3513:MuxGate$11987
                                               \cpu.if_in_freeze -> $auto$rtlil.cc:3513:MuxGate$11991
                                               \cpu.if_in_freeze -> $auto$rtlil.cc:3513:MuxGate$11995
                                               \cpu.if_in_freeze -> $auto$rtlil.cc:3513:MuxGate$11999
                                               \cpu.if_in_freeze -> $auto$rtlil.cc:3513:MuxGate$12003
                                               \cpu.if_in_freeze -> $auto$rtlil.cc:3513:MuxGate$12007
                                               \cpu.if_in_freeze -> $auto$rtlil.cc:3513:MuxGate$12011
                                               \cpu.if_in_freeze -> $auto$rtlil.cc:3513:MuxGate$12015
                                               \cpu.if_in_freeze -> $auto$rtlil.cc:3513:MuxGate$12019
                                               \cpu.if_in_freeze -> $auto$rtlil.cc:3513:MuxGate$12023
                                               \cpu.if_in_freeze -> $auto$rtlil.cc:3513:MuxGate$12027
                                               \cpu.if_in_freeze -> $auto$rtlil.cc:3513:MuxGate$12031
                                               \cpu.if_in_freeze -> $auto$rtlil.cc:3513:MuxGate$12035
                                               \cpu.if_in_freeze -> $auto$rtlil.cc:3513:MuxGate$12039
                                               \cpu.if_in_freeze -> $auto$rtlil.cc:3513:MuxGate$12043
                                               \cpu.if_in_freeze -> $auto$rtlil.cc:3513:MuxGate$12047
                                               \cpu.if_in_freeze -> $auto$rtlil.cc:3513:MuxGate$12051
                                               \cpu.if_in_freeze -> $auto$rtlil.cc:3513:MuxGate$12055
                                               \cpu.if_in_freeze -> $auto$rtlil.cc:3513:MuxGate$12059
                                               \cpu.if_in_freeze -> $auto$rtlil.cc:3513:MuxGate$12063
                                               \cpu.if_in_freeze -> $auto$rtlil.cc:3513:MuxGate$12067
                                               \cpu.if_in_freeze -> $auto$rtlil.cc:3513:MuxGate$12071
                                               \cpu.if_in_freeze -> $auto$rtlil.cc:3513:MuxGate$12075
                                               \cpu.if_in_freeze -> $auto$rtlil.cc:3513:MuxGate$12079
                                               \cpu.if_in_freeze -> $auto$rtlil.cc:3513:MuxGate$12083
                                               \cpu.if_in_freeze -> $auto$rtlil.cc:3513:MuxGate$12087
                                               \cpu.if_in_freeze -> $auto$rtlil.cc:3513:MuxGate$12095
Breaking loop using new signal $abcloop$12274: \cpu.hazard_unit.id_src2_in [1] -> $abc$8149$new_n2829
                                               \cpu.hazard_unit.id_src2_in [1] -> $abc$8149$new_n2823
                                               \cpu.hazard_unit.id_src2_in [1] -> $abc$8149$new_n2819
                                               \cpu.hazard_unit.id_src2_in [1] -> $abc$8149$new_n1250
                                               \cpu.hazard_unit.id_src2_in [1] -> $abc$8149$new_n1235
                                               \cpu.hazard_unit.id_src2_in [1] -> $abc$8149$new_n1226
                                               \cpu.hazard_unit.id_src2_in [1] -> $abc$8149$new_n1220
                                               \cpu.hazard_unit.id_src2_in [1] -> $abc$8149$new_n1216
                                               \cpu.hazard_unit.id_src2_in [1] -> $abc$8149$new_n1208
                                               \cpu.hazard_unit.id_src2_in [1] -> $abc$8149$new_n1200
                                               \cpu.hazard_unit.id_src2_in [1] -> $abc$8149$new_n1193
                                               \cpu.hazard_unit.id_src2_in [1] -> $abc$8149$new_n1190
                                               \cpu.hazard_unit.id_src2_in [1] -> $abc$8149$new_n1184
                                               \cpu.hazard_unit.id_src2_in [1] -> $abc$8149$new_n1162
                                               \cpu.hazard_unit.id_src2_in [1] -> $abc$8149$new_n1147
                                               \cpu.hazard_unit.id_src2_in [1] -> $abc$8149$new_n1140
                                               \cpu.hazard_unit.id_src2_in [1] -> $abc$8149$new_n1125
                                               \cpu.hazard_unit.id_src2_in [1] -> $abc$8149$new_n1118
                                               \cpu.hazard_unit.id_src2_in [1] -> $abc$8149$new_n1103
                                               \cpu.hazard_unit.id_src2_in [1] -> $abc$8149$new_n1094
                                               \cpu.hazard_unit.id_src2_in [1] -> $abc$8149$new_n1088
                                               \cpu.hazard_unit.id_src2_in [1] -> $abc$8149$new_n1084
                                               \cpu.hazard_unit.id_src2_in [1] -> $abc$8149$new_n1076
                                               \cpu.hazard_unit.id_src2_in [1] -> $abc$8149$new_n1070
                                               \cpu.hazard_unit.id_src2_in [1] -> $abc$8149$new_n1046
                                               \cpu.hazard_unit.id_src2_in [1] -> $abc$8149$new_n1040
                                               \cpu.hazard_unit.id_src2_in [1] -> $abc$8149$new_n1036
                                               \cpu.hazard_unit.id_src2_in [1] -> $abc$8149$new_n1014
                                               \cpu.hazard_unit.id_src2_in [1] -> $abc$8149$new_n999
                                               \cpu.hazard_unit.id_src2_in [1] -> $abc$8149$new_n992
                                               \cpu.hazard_unit.id_src2_in [1] -> $abc$8149$new_n986
                                               \cpu.hazard_unit.id_src2_in [1] -> $abc$8149$new_n782
                                               \cpu.hazard_unit.id_src2_in [1] -> $abc$8149$new_n760
                                               \cpu.hazard_unit.id_src2_in [1] -> $\cpu.id_stage_unit.regfile_unit.register_file_data$rdreg[1]$d [12]
                                               \cpu.hazard_unit.id_src2_in [1] -> $\cpu.id_stage_unit.regfile_unit.register_file_data$rdreg[1]$d [10]
                                               \cpu.hazard_unit.id_src2_in [1] -> $auto$rtlil.cc:3513:MuxGate$11605
                                               \cpu.hazard_unit.id_src2_in [1] -> $\cpu.id_stage_unit.regfile_unit.register_file_data$rdreg[1]$d [4]
Breaking loop using new signal $abcloop$12275: \cpu.hazard_unit.id_src2_in [3] -> $abc$8149$new_n1176
                                               \cpu.hazard_unit.id_src2_in [3] -> $abc$8149$new_n1169
                                               \cpu.hazard_unit.id_src2_in [3] -> $abc$8149$new_n1062
                                               \cpu.hazard_unit.id_src2_in [3] -> $abc$8149$new_n1055
                                               \cpu.hazard_unit.id_src2_in [3] -> $abc$8149$new_n1028
                                               \cpu.hazard_unit.id_src2_in [3] -> $abc$8149$new_n1021
                                               \cpu.hazard_unit.id_src2_in [3] -> $abc$8149$new_n781
                                               \cpu.hazard_unit.id_src2_in [3] -> $abc$8149$new_n759
                                               \cpu.hazard_unit.id_src2_in [3] -> $\cpu.id_stage_unit.regfile_unit.register_file_data$rdreg[1]$d [15]
                                               \cpu.hazard_unit.id_src2_in [3] -> $\cpu.id_stage_unit.regfile_unit.register_file_data$rdreg[1]$d [14]
                                               \cpu.hazard_unit.id_src2_in [3] -> $\cpu.id_stage_unit.regfile_unit.register_file_data$rdreg[1]$d [13]
                                               \cpu.hazard_unit.id_src2_in [3] -> $\cpu.id_stage_unit.regfile_unit.register_file_data$rdreg[1]$d [11]
                                               \cpu.hazard_unit.id_src2_in [3] -> $\cpu.id_stage_unit.regfile_unit.register_file_data$rdreg[1]$d [9]
                                               \cpu.hazard_unit.id_src2_in [3] -> $\cpu.id_stage_unit.regfile_unit.register_file_data$rdreg[1]$d [8]
                                               \cpu.hazard_unit.id_src2_in [3] -> $\cpu.id_stage_unit.regfile_unit.register_file_data$rdreg[1]$d [7]
                                               \cpu.hazard_unit.id_src2_in [3] -> $\cpu.id_stage_unit.regfile_unit.register_file_data$rdreg[1]$d [6]
                                               \cpu.hazard_unit.id_src2_in [3] -> $\cpu.id_stage_unit.regfile_unit.register_file_data$rdreg[1]$d [5]
                                               \cpu.hazard_unit.id_src2_in [3] -> $auto$rtlil.cc:3513:MuxGate$11847
                                               \cpu.hazard_unit.id_src2_in [3] -> $\cpu.id_stage_unit.regfile_unit.register_file_data$rdreg[1]$d [3]
                                               \cpu.hazard_unit.id_src2_in [3] -> $\cpu.id_stage_unit.regfile_unit.register_file_data$rdreg[1]$d [2]
                                               \cpu.hazard_unit.id_src2_in [3] -> $\cpu.id_stage_unit.regfile_unit.register_file_data$rdreg[1]$d [1]
                                               \cpu.hazard_unit.id_src2_in [3] -> $\cpu.id_stage_unit.regfile_unit.register_file_data$rdreg[1]$d [0]

23.1.1. Executed ABC.
Extracted 3215 gates and 3846 wires to a netlist network with 629 inputs and 660 outputs.
Running ABC script: <abc-temp-dir>/abc.script
ABC: UC Berkeley, ABC 1.01 (compiled Jul 16 2026 03:52:11)
ABC: abc 01> empty
ABC: abc 01> source <abc-temp-dir>/abc.script
ABC: + read_blif <abc-temp-dir>/input.blif 
ABC: + read_scl /tmp/yosys-liberty-scl-cache/yosys_merged_26d78acf.scl 
ABC: Warning: Detected 9 multi-output cells (for example, "sky130_fd_sc_hd__fa_1").
ABC: + strash 
ABC: + &get -n 
ABC: + &fraig -x 
ABC: + &put 
ABC: + scorr 
ABC: Warning: The network is combinational (run "fraig" or "fraig_sweep").
ABC: + dc2 
ABC: + dretime 
ABC: + strash 
ABC: + &get -n 
ABC: + &dch -f 
ABC: + &nf 
ABC: + &put 
ABC: + write_blif <abc-temp-dir>/output.blif 
ABC: 
ABC: YOSYS_ABC_DONE 

23.1.2. Re-integrating ABC results.
ABC RESULTS:   sky130_fd_sc_hd__a2111o_1 cells:        1
ABC RESULTS:   sky130_fd_sc_hd__a2111oi_0 cells:        4
ABC RESULTS:   sky130_fd_sc_hd__a211o_1 cells:        6
ABC RESULTS:   sky130_fd_sc_hd__a211oi_1 cells:       28
ABC RESULTS:   sky130_fd_sc_hd__a21bo_1 cells:        1
ABC RESULTS:   sky130_fd_sc_hd__a21boi_0 cells:       10
ABC RESULTS:   sky130_fd_sc_hd__a21o_1 cells:       11
ABC RESULTS:   sky130_fd_sc_hd__a21oi_1 cells:      245
ABC RESULTS:   sky130_fd_sc_hd__a221o_1 cells:        5
ABC RESULTS:   sky130_fd_sc_hd__a221oi_1 cells:       31
ABC RESULTS:   sky130_fd_sc_hd__a222oi_1 cells:       10
ABC RESULTS:   sky130_fd_sc_hd__a22o_1 cells:       26
ABC RESULTS:   sky130_fd_sc_hd__a22oi_1 cells:       28
ABC RESULTS:   sky130_fd_sc_hd__a2bb2oi_1 cells:        3
ABC RESULTS:   sky130_fd_sc_hd__a311o_1 cells:        1
ABC RESULTS:   sky130_fd_sc_hd__a311oi_1 cells:        4
ABC RESULTS:   sky130_fd_sc_hd__a31o_1 cells:        3
ABC RESULTS:   sky130_fd_sc_hd__a31oi_1 cells:       41
ABC RESULTS:   sky130_fd_sc_hd__a32o_1 cells:        2
ABC RESULTS:   sky130_fd_sc_hd__a32oi_1 cells:        4
ABC RESULTS:   sky130_fd_sc_hd__a41o_1 cells:        1
ABC RESULTS:   sky130_fd_sc_hd__a41oi_1 cells:        2
ABC RESULTS:   sky130_fd_sc_hd__and2_0 cells:       32
ABC RESULTS:   sky130_fd_sc_hd__and3_1 cells:        6
ABC RESULTS:   sky130_fd_sc_hd__and4_1 cells:        3
ABC RESULTS:   sky130_fd_sc_hd__clkinv_1 cells:      351
ABC RESULTS:   sky130_fd_sc_hd__lpflow_inputiso1p_1 cells:       22
ABC RESULTS:   sky130_fd_sc_hd__lpflow_isobufsrc_1 cells:       35
ABC RESULTS:   sky130_fd_sc_hd__maj3_1 cells:       11
ABC RESULTS:   sky130_fd_sc_hd__mux2_1 cells:       37
ABC RESULTS:   sky130_fd_sc_hd__mux2i_1 cells:       63
ABC RESULTS:   sky130_fd_sc_hd__mux4_2 cells:      102
ABC RESULTS:   sky130_fd_sc_hd__nand2_1 cells:      385
ABC RESULTS:   sky130_fd_sc_hd__nand2b_1 cells:       26
ABC RESULTS:   sky130_fd_sc_hd__nand3_1 cells:       48
ABC RESULTS:   sky130_fd_sc_hd__nand3b_1 cells:        4
ABC RESULTS:   sky130_fd_sc_hd__nand4_1 cells:        8
ABC RESULTS:   sky130_fd_sc_hd__nor2_1 cells:      437
ABC RESULTS:   sky130_fd_sc_hd__nor2b_1 cells:        3
ABC RESULTS:   sky130_fd_sc_hd__nor3_1 cells:       45
ABC RESULTS:   sky130_fd_sc_hd__nor3b_1 cells:        1
ABC RESULTS:   sky130_fd_sc_hd__nor4_1 cells:       17
ABC RESULTS:   sky130_fd_sc_hd__o2111a_1 cells:        1
ABC RESULTS:   sky130_fd_sc_hd__o2111ai_1 cells:        4
ABC RESULTS:   sky130_fd_sc_hd__o211a_1 cells:        4
ABC RESULTS:   sky130_fd_sc_hd__o211ai_1 cells:       29
ABC RESULTS:   sky130_fd_sc_hd__o21a_1 cells:       10
ABC RESULTS:   sky130_fd_sc_hd__o21ai_0 cells:      410
ABC RESULTS:   sky130_fd_sc_hd__o21ba_1 cells:        1
ABC RESULTS:   sky130_fd_sc_hd__o21bai_1 cells:        9
ABC RESULTS:   sky130_fd_sc_hd__o221a_1 cells:        1
ABC RESULTS:   sky130_fd_sc_hd__o221ai_1 cells:       17
ABC RESULTS:   sky130_fd_sc_hd__o22a_1 cells:        9
ABC RESULTS:   sky130_fd_sc_hd__o22ai_1 cells:       20
ABC RESULTS:   sky130_fd_sc_hd__o2bb2ai_1 cells:        7
ABC RESULTS:   sky130_fd_sc_hd__o311a_1 cells:        3
ABC RESULTS:   sky130_fd_sc_hd__o311ai_0 cells:        1
ABC RESULTS:   sky130_fd_sc_hd__o31a_1 cells:        4
ABC RESULTS:   sky130_fd_sc_hd__o31ai_1 cells:       10
ABC RESULTS:   sky130_fd_sc_hd__o32a_1 cells:        2
ABC RESULTS:   sky130_fd_sc_hd__o32ai_1 cells:        5
ABC RESULTS:   sky130_fd_sc_hd__o41a_1 cells:        1
ABC RESULTS:   sky130_fd_sc_hd__o41ai_1 cells:        2
ABC RESULTS:   sky130_fd_sc_hd__or3_1 cells:       19
ABC RESULTS:   sky130_fd_sc_hd__or3b_1 cells:        3
ABC RESULTS:   sky130_fd_sc_hd__or4_1 cells:        2
ABC RESULTS:   sky130_fd_sc_hd__or4b_1 cells:        1
ABC RESULTS:   sky130_fd_sc_hd__xnor2_1 cells:       71
ABC RESULTS:   sky130_fd_sc_hd__xor2_1 cells:       38
ABC RESULTS:        internal signals:     2557
ABC RESULTS:           input signals:      629
ABC RESULTS:          output signals:      660
Removing temp directory.
Removing global temp directory.

24. Executing OPT_CLEAN pass (remove unused cells and wires).
Finding unused cells or wires in module \arm16_top..
Removed 19 unused cells and 4060 unused wires.
<suppressed ~318 debug messages>

25. Printing statistics.

=== arm16_top ===

        +----------Local Count, excluding submodules.
        |        +-Local Area, excluding submodules.
        |        | 
     2827        - wires
     3464        - wire bits
       69        - public wires
      706        - public wire bits
        8        - ports
       43        - port bits
     3403 3.17E+04 cells
        1   11.261   sky130_fd_sc_hd__a2111o_1
        4   35.034   sky130_fd_sc_hd__a2111oi_0
        6    52.55   sky130_fd_sc_hd__a211o_1
       28  210.202   sky130_fd_sc_hd__a211oi_1
        1    10.01   sky130_fd_sc_hd__a21bo_1
       10   75.072   sky130_fd_sc_hd__a21boi_0
       11   82.579   sky130_fd_sc_hd__a21o_1
      245 1.23E+03   sky130_fd_sc_hd__a21oi_1
        5   50.048   sky130_fd_sc_hd__a221o_1
       31   271.51   sky130_fd_sc_hd__a221oi_1
       10  100.096   sky130_fd_sc_hd__a222oi_1
       26  227.718   sky130_fd_sc_hd__a22o_1
       28  210.202   sky130_fd_sc_hd__a22oi_1
        3   26.275   sky130_fd_sc_hd__a2bb2oi_1
        1    10.01   sky130_fd_sc_hd__a311o_1
        4   35.034   sky130_fd_sc_hd__a311oi_1
        3   26.275   sky130_fd_sc_hd__a31o_1
       41  256.496   sky130_fd_sc_hd__a31oi_1
        2   20.019   sky130_fd_sc_hd__a32o_1
        4   35.034   sky130_fd_sc_hd__a32oi_1
        1    10.01   sky130_fd_sc_hd__a41o_1
        2   17.517   sky130_fd_sc_hd__a41oi_1
       32  200.192   sky130_fd_sc_hd__and2_0
        6   37.536   sky130_fd_sc_hd__and3_1
        3   26.275   sky130_fd_sc_hd__and4_1
      351 1.32E+03   sky130_fd_sc_hd__clkinv_1
        2   50.048   sky130_fd_sc_hd__dfrtn_1
       61 1.53E+03   sky130_fd_sc_hd__dfrtp_1
      313  6266.01   sky130_fd_sc_hd__dfxtp_1
      240 7.21E+03   sky130_fd_sc_hd__edfxtp_1
       22  137.632   sky130_fd_sc_hd__lpflow_inputiso1p_1
       35   218.96   sky130_fd_sc_hd__lpflow_isobufsrc_1
       11  110.106   sky130_fd_sc_hd__maj3_1
       37   416.65   sky130_fd_sc_hd__mux2_1
       63  630.605   sky130_fd_sc_hd__mux2i_1
      102  2.3E+03   sky130_fd_sc_hd__mux4_2
      385 1.45E+03   sky130_fd_sc_hd__nand2_1
       26  162.656   sky130_fd_sc_hd__nand2b_1
       48   240.23   sky130_fd_sc_hd__nand3_1
        4   30.029   sky130_fd_sc_hd__nand3b_1
        8   50.048   sky130_fd_sc_hd__nand4_1
      437 1.64E+03   sky130_fd_sc_hd__nor2_1
        3   18.768   sky130_fd_sc_hd__nor2b_1
       45  225.216   sky130_fd_sc_hd__nor3_1
        1    7.507   sky130_fd_sc_hd__nor3b_1
       17  106.352   sky130_fd_sc_hd__nor4_1
        1   11.261   sky130_fd_sc_hd__o2111a_1
        4   35.034   sky130_fd_sc_hd__o2111ai_1
        4   40.038   sky130_fd_sc_hd__o211a_1
       29  217.709   sky130_fd_sc_hd__o211ai_1
       10   75.072   sky130_fd_sc_hd__o21a_1
      410 2.05E+03   sky130_fd_sc_hd__o21ai_0
        1    10.01   sky130_fd_sc_hd__o21ba_1
        9   67.565   sky130_fd_sc_hd__o21bai_1
        1   11.261   sky130_fd_sc_hd__o221a_1
       17  148.893   sky130_fd_sc_hd__o221ai_1
        9   78.826   sky130_fd_sc_hd__o22a_1
       20   125.12   sky130_fd_sc_hd__o22ai_1
        7   61.309   sky130_fd_sc_hd__o2bb2ai_1
        3   30.029   sky130_fd_sc_hd__o311a_1
        1    8.758   sky130_fd_sc_hd__o311ai_0
        4   35.034   sky130_fd_sc_hd__o31a_1
       10   75.072   sky130_fd_sc_hd__o31ai_1
        2   20.019   sky130_fd_sc_hd__o32a_1
        5   43.792   sky130_fd_sc_hd__o32ai_1
        1   11.261   sky130_fd_sc_hd__o41a_1
        2   17.517   sky130_fd_sc_hd__o41ai_1
       19  118.864   sky130_fd_sc_hd__or3_1
        3   26.275   sky130_fd_sc_hd__or3b_1
        2   15.014   sky130_fd_sc_hd__or4_1
        1    10.01   sky130_fd_sc_hd__or4b_1
       71  621.846   sky130_fd_sc_hd__xnor2_1
       38  332.819   sky130_fd_sc_hd__xor2_1

   Chip area for module '\arm16_top': 31667.872000
     of which used for sequential elements: 15049.433600 (47.52%)

Warnings: 5 unique messages, 10 total
End of script. Logfile hash: ae1b0faa18, time: 1.28s, user: 0.56s, system: 0.02s, MEM: 52.50 MB peak
Yosys 0.67+40 (git sha1 45ea2b8d6-dirty, Release, Clang /usr/bin/clang++ 18.1.8)
Time spent: 59% 2x abc (0 sec), 8% 26x opt_clean (0 sec), ...
