
 /----------------------------------------------------------------------------\
 |  yosys -- Yosys Open SYnthesis Suite                                       |
 |  Copyright (C) 2012 - 2026  Claire Xenia Wolf <claire@yosyshq.com>         |
 |  Distributed under an ISC-like license, type "license" to see terms        |
 \----------------------------------------------------------------------------/
 Yosys 0.67+40 (git sha1 45ea2b8d6-dirty, Release, Clang /usr/bin/clang++ 18.1.8)

-- Running command `read_verilog -sv *.v; synth -top arm16_top -flatten; dfflibmap -liberty /home/moein/.ciel/ciel/sky130/versions/8afc8346a57fe1ab7934ba5a6056ea8b43078e71/sky130A/libs.ref/sky130_fd_sc_hd/lib/sky130_fd_sc_hd__tt_025C_1v80.lib; abc -liberty /home/moein/.ciel/ciel/sky130/versions/8afc8346a57fe1ab7934ba5a6056ea8b43078e71/sky130A/libs.ref/sky130_fd_sc_hd/lib/sky130_fd_sc_hd__tt_025C_1v80.lib; opt_clean -purge; stat -liberty /home/moein/.ciel/ciel/sky130/versions/8afc8346a57fe1ab7934ba5a6056ea8b43078e71/sky130A/libs.ref/sky130_fd_sc_hd/lib/sky130_fd_sc_hd__tt_025C_1v80.lib' --

1. Executing Verilog-2005 frontend: EXE_stage.v
Parsing SystemVerilog input from `EXE_stage.v' to AST representation.
Generating RTLIL representation for module `\EXE_stage'.
Successfully finished Verilog frontend.

2. Executing Verilog-2005 frontend: EXE_stage_reg.v
Parsing SystemVerilog input from `EXE_stage_reg.v' to AST representation.
Generating RTLIL representation for module `\EXE_stage_reg'.
Successfully finished Verilog frontend.

3. Executing Verilog-2005 frontend: ID_stage.v
Parsing SystemVerilog input from `ID_stage.v' to AST representation.
Generating RTLIL representation for module `\ID_stage'.
Successfully finished Verilog frontend.

4. Executing Verilog-2005 frontend: ID_stage_reg.v
Parsing SystemVerilog input from `ID_stage_reg.v' to AST representation.
Generating RTLIL representation for module `\ID_stage_reg'.
Successfully finished Verilog frontend.

5. Executing Verilog-2005 frontend: IF_stage.v
Parsing SystemVerilog input from `IF_stage.v' to AST representation.
Generating RTLIL representation for module `\IF_stage'.
Successfully finished Verilog frontend.

6. Executing Verilog-2005 frontend: IF_stage_reg.v
Parsing SystemVerilog input from `IF_stage_reg.v' to AST representation.
Generating RTLIL representation for module `\IF_stage_reg'.
Successfully finished Verilog frontend.

7. Executing Verilog-2005 frontend: MEM_stage.v
Parsing SystemVerilog input from `MEM_stage.v' to AST representation.
Generating RTLIL representation for module `\MEM_stage'.
Successfully finished Verilog frontend.

8. Executing Verilog-2005 frontend: MEM_stage_reg.v
Parsing SystemVerilog input from `MEM_stage_reg.v' to AST representation.
Generating RTLIL representation for module `\MEM_stage_reg'.
Successfully finished Verilog frontend.

9. Executing Verilog-2005 frontend: WB_stage.v
Parsing SystemVerilog input from `WB_stage.v' to AST representation.
Generating RTLIL representation for module `\WB_stage'.
Successfully finished Verilog frontend.

10. Executing Verilog-2005 frontend: alu.v
Parsing SystemVerilog input from `alu.v' to AST representation.
Generating RTLIL representation for module `\alu'.
alu.v:29: Warning: Range select out of bounds on signal `\alu_result': Setting result bit to undef.
alu.v:32: Warning: Range select out of bounds on signal `\alu_in_1': Setting result bit to undef.
alu.v:32: Warning: Range select out of bounds on signal `\alu_in_2': Setting result bit to undef.
alu.v:32: Warning: Range select out of bounds on signal `\alu_result': Setting result bit to undef.
alu.v:33: Warning: Range select out of bounds on signal `\alu_in_1': Setting result bit to undef.
alu.v:33: Warning: Range select out of bounds on signal `\alu_in_2': Setting result bit to undef.
alu.v:33: Warning: Range select out of bounds on signal `\alu_result': Setting result bit to undef.
alu.v:33: Warning: Range select out of bounds on signal `\alu_in_2': Setting result bit to undef.
Successfully finished Verilog frontend.

11. Executing Verilog-2005 frontend: arm16_top.v
Parsing SystemVerilog input from `arm16_top.v' to AST representation.
Generating RTLIL representation for module `\arm16_top'.
Successfully finished Verilog frontend.

12. Executing Verilog-2005 frontend: arm_processor.v
Parsing SystemVerilog input from `arm_processor.v' to AST representation.
Generating RTLIL representation for module `\arm_processor'.
Successfully finished Verilog frontend.

13. Executing Verilog-2005 frontend: condition_check.v
Parsing SystemVerilog input from `condition_check.v' to AST representation.
Generating RTLIL representation for module `\condition_check'.
Successfully finished Verilog frontend.

14. Executing Verilog-2005 frontend: control_unit.v
Parsing SystemVerilog input from `control_unit.v' to AST representation.
Generating RTLIL representation for module `\control_unit'.
Successfully finished Verilog frontend.

15. Executing Verilog-2005 frontend: forwarding_unit.v
Parsing SystemVerilog input from `forwarding_unit.v' to AST representation.
Generating RTLIL representation for module `\forwarding_unit'.
Successfully finished Verilog frontend.

16. Executing Verilog-2005 frontend: hazard_detection.v
Parsing SystemVerilog input from `hazard_detection.v' to AST representation.
Generating RTLIL representation for module `\hazard_detection'.
Successfully finished Verilog frontend.

17. Executing Verilog-2005 frontend: qspi_master_streaming.v
Parsing SystemVerilog input from `qspi_master_streaming.v' to AST representation.
Generating RTLIL representation for module `\qspi_master_streaming'.
Successfully finished Verilog frontend.

18. Executing Verilog-2005 frontend: register_file.v
Parsing SystemVerilog input from `register_file.v' to AST representation.
Generating RTLIL representation for module `\register_file'.
Successfully finished Verilog frontend.

19. Executing Verilog-2005 frontend: status_register.v
Parsing SystemVerilog input from `status_register.v' to AST representation.
Generating RTLIL representation for module `\status_register'.
Successfully finished Verilog frontend.

20. Executing Verilog-2005 frontend: val2_generator.v
Parsing SystemVerilog input from `val2_generator.v' to AST representation.
Generating RTLIL representation for module `\val2_generator'.
Successfully finished Verilog frontend.

21. Executing SYNTH pass.

21.1. Executing HIERARCHY pass (managing design hierarchy).

21.1.1. Analyzing design hierarchy..
Top module:  \arm16_top
Used module:     \qspi_master_streaming
Used module:     \arm_processor
Used module:         \WB_stage
Used module:         \MEM_stage_reg
Used module:         \MEM_stage
Used module:         \EXE_stage_reg
Used module:         \EXE_stage
Used module:             \alu
Used module:             \val2_generator
Used module:         \ID_stage_reg
Used module:         \ID_stage
Used module:             \register_file
Used module:             \control_unit
Used module:             \condition_check
Used module:         \IF_stage_reg
Used module:         \IF_stage
Used module:         \status_register
Used module:         \forwarding_unit
Used module:         \hazard_detection

21.1.2. Analyzing design hierarchy..
Top module:  \arm16_top
Used module:     \qspi_master_streaming
Used module:     \arm_processor
Used module:         \WB_stage
Used module:         \MEM_stage_reg
Used module:         \MEM_stage
Used module:         \EXE_stage_reg
Used module:         \EXE_stage
Used module:             \alu
Used module:             \val2_generator
Used module:         \ID_stage_reg
Used module:         \ID_stage
Used module:             \register_file
Used module:             \control_unit
Used module:             \condition_check
Used module:         \IF_stage_reg
Used module:         \IF_stage
Used module:         \status_register
Used module:         \forwarding_unit
Used module:         \hazard_detection
Removed 0 unused modules.

21.2. Executing PROC pass (convert processes to netlists).

21.2.1. Executing PROC_CLEAN pass (remove empty switches from decision trees).
Cleaned up 0 empty switches.

21.2.2. Executing PROC_RMDEAD pass (remove dead branches from decision trees).
Marked 2 switch rules as full_case in process $proc$status_register.v:10$283 in module status_register.
Marked 1 switch rules as full_case in process $proc$register_file.v:26$237 in module register_file.
Marked 5 switch rules as full_case in process $proc$qspi_master_streaming.v:47$203 in module qspi_master_streaming.
Marked 1 switch rules as full_case in process $proc$control_unit.v:89$148 in module control_unit.
Marked 1 switch rules as full_case in process $proc$condition_check.v:34$64 in module condition_check.
Marked 1 switch rules as full_case in process $proc$alu.v:37$49 in module alu.
Marked 2 switch rules as full_case in process $proc$MEM_stage_reg.v:18$34 in module MEM_stage_reg.
Marked 2 switch rules as full_case in process $proc$IF_stage_reg.v:18$29 in module IF_stage_reg.
Marked 1 switch rules as full_case in process $proc$IF_stage.v:30$27 in module IF_stage.
Marked 3 switch rules as full_case in process $proc$IF_stage.v:23$26 in module IF_stage.
Marked 2 switch rules as full_case in process $proc$ID_stage_reg.v:49$22 in module ID_stage_reg.
Marked 2 switch rules as full_case in process $proc$EXE_stage_reg.v:20$9 in module EXE_stage_reg.
Removed a total of 0 dead cases.

21.2.3. Executing PROC_PRUNE pass (remove redundant assignments in processes).
Removed 35 redundant assignments.
Promoted 25 assignments to connections.

21.2.4. Executing PROC_INIT pass (extract init attributes).

21.2.5. Executing PROC_ARST pass (detect async resets in processes).
Found async reset \rst in `\status_register.$proc$status_register.v:10$283'.
Found async reset \rst in `\MEM_stage_reg.$proc$MEM_stage_reg.v:18$34'.
Found async reset \rst in `\EXE_stage_reg.$proc$EXE_stage_reg.v:20$9'.

21.2.6. Executing PROC_ROM pass (convert switches to ROMs).
Converted 0 switches.
<suppressed ~29 debug messages>

21.2.7. Executing PROC_MUX pass (convert decision trees to multiplexers).
Creating decoders for process `\status_register.$proc$status_register.v:10$283'.
     1/1: $0\status_output[3:0]
Creating decoders for process `\register_file.$proc$register_file.v:17$267'.
Creating decoders for process `\register_file.$proc$register_file.v:15$266'.
Creating decoders for process `\register_file.$proc$register_file.v:26$237'.
     1/6: $1$memwr$\register_file_data$register_file.v:27$233_EN[15:0]$246
     2/6: $1$memwr$\register_file_data$register_file.v:27$233_DATA[15:0]$245
     3/6: $1$memwr$\register_file_data$register_file.v:27$233_ADDR[3:0]$244
     4/6: $1$memwr$\register_file_data$register_file.v:28$234_EN[15:0]$249
     5/6: $1$memwr$\register_file_data$register_file.v:28$234_DATA[15:0]$248
     6/6: $1$memwr$\register_file_data$register_file.v:28$234_ADDR[3:0]$247
Creating decoders for process `\qspi_master_streaming.$proc$qspi_master_streaming.v:47$203'.
     1/17: $0\data_ready_out[0:0]
     2/17: $0\instr_ready_out[0:0]
     3/17: $0\stream_open[0:0]
     4/17: $0\stream_next_addr[23:0]
     5/17: $0\is_write[0:0]
     6/17: $0\is_instr[0:0]
     7/17: $0\rxreg[31:0]
     8/17: $0\shifter[31:0]
     9/17: $0\bitcnt[5:0]
    10/17: $0\state[2:0]
    11/17: $0\qspi_dq_oe_out[3:0]
    12/17: $0\qspi_cs_rama_n_out[0:0]
    13/17: $0\qspi_cs_flash_n_out[0:0]
    14/17: $0\qspi_sck_out[0:0]
    15/17: $0\data_rdata_out[15:0]
    16/17: $0\instr_data_out[31:0]
    17/17: $0\dq_o[3:0]
Creating decoders for process `\control_unit.$proc$control_unit.v:89$148'.
     1/5: $0\wb_en[0:0]
     2/5: $0\execute_command[3:0]
     3/5: $0\branch_taken[0:0]
     4/5: $0\mem_r_en[0:0]
     5/5: $0\mem_w_en[0:0]
Creating decoders for process `\condition_check.$proc$condition_check.v:34$64'.
     1/1: $0\condition_is_met[0:0]
Creating decoders for process `\alu.$proc$alu.v:37$49'.
     1/2: $1\sr_bit_C_out[0:0]
     2/2: $1\alu_result[15:0]
Creating decoders for process `\MEM_stage_reg.$proc$MEM_stage_reg.v:18$34'.
     1/5: $0\wb_reg_dest_out[3:0]
     2/5: $0\data_memory_result_out[15:0]
     3/5: $0\alu_result_out[15:0]
     4/5: $0\mem_r_en_out[0:0]
     5/5: $0\wb_en_out[0:0]
Creating decoders for process `\IF_stage_reg.$proc$IF_stage_reg.v:18$29'.
     1/1: { $0\pc_plus_four_out[15:0] $0\instruction_out[31:0] }
Creating decoders for process `\IF_stage.$proc$IF_stage.v:30$27'.
     1/1: $0\instruction_mem_out[31:0]
Creating decoders for process `\IF_stage.$proc$IF_stage.v:23$26'.
     1/1: $0\pc_reg_out[15:0]
Creating decoders for process `\ID_stage_reg.$proc$ID_stage_reg.v:49$22'.
     1/18: $0\instr_has_src2_out[0:0]
     2/18: $0\instr_has_src1_out[0:0]
     3/18: $0\exe_src2_out[3:0]
     4/18: $0\exe_src1_out[3:0]
     5/18: $0\status_bits_out[3:0]
     6/18: $0\val_rm_out[15:0]
     7/18: $0\val_rn_out[15:0]
     8/18: $0\instr_is_immediate_out[0:0]
     9/18: $0\instr_shifter_opperand_out[11:0]
    10/18: $0\branch_immediate_out[15:0]
    11/18: $0\pc_plus_four_out[15:0]
    12/18: $0\wb_reg_dest_out[3:0]
    13/18: $0\do_update_sr_out[0:0]
    14/18: $0\execute_command_out[3:0]
    15/18: $0\branch_taken_out[0:0]
    16/18: $0\mem_w_en_out[0:0]
    17/18: $0\mem_r_en_out[0:0]
    18/18: $0\wb_en_out[0:0]
Creating decoders for process `\EXE_stage_reg.$proc$EXE_stage_reg.v:20$9'.
     1/6: $0\val_rm_out[15:0]
     2/6: $0\wb_reg_dest_out[3:0]
     3/6: $0\ALU_result_out[15:0]
     4/6: $0\mem_w_en_out[0:0]
     5/6: $0\mem_r_en_out[0:0]
     6/6: $0\wb_en_out[0:0]

21.2.8. Executing PROC_DLATCH pass (convert process syncs to latches).
No latch inferred for signal `\register_file.\i' from process `\register_file.$proc$register_file.v:17$267'.
No latch inferred for signal `\register_file.$memwr$\register_file_data$register_file.v:19$218_EN' from process `\register_file.$proc$register_file.v:17$267'.
No latch inferred for signal `\register_file.$memwr$\register_file_data$register_file.v:19$219_EN' from process `\register_file.$proc$register_file.v:17$267'.
No latch inferred for signal `\register_file.$memwr$\register_file_data$register_file.v:19$220_EN' from process `\register_file.$proc$register_file.v:17$267'.
No latch inferred for signal `\register_file.$memwr$\register_file_data$register_file.v:19$221_EN' from process `\register_file.$proc$register_file.v:17$267'.
No latch inferred for signal `\register_file.$memwr$\register_file_data$register_file.v:19$222_EN' from process `\register_file.$proc$register_file.v:17$267'.
No latch inferred for signal `\register_file.$memwr$\register_file_data$register_file.v:19$223_EN' from process `\register_file.$proc$register_file.v:17$267'.
No latch inferred for signal `\register_file.$memwr$\register_file_data$register_file.v:19$224_EN' from process `\register_file.$proc$register_file.v:17$267'.
No latch inferred for signal `\register_file.$memwr$\register_file_data$register_file.v:19$225_EN' from process `\register_file.$proc$register_file.v:17$267'.
No latch inferred for signal `\register_file.$memwr$\register_file_data$register_file.v:19$226_EN' from process `\register_file.$proc$register_file.v:17$267'.
No latch inferred for signal `\register_file.$memwr$\register_file_data$register_file.v:19$227_EN' from process `\register_file.$proc$register_file.v:17$267'.
No latch inferred for signal `\register_file.$memwr$\register_file_data$register_file.v:19$228_EN' from process `\register_file.$proc$register_file.v:17$267'.
No latch inferred for signal `\register_file.$memwr$\register_file_data$register_file.v:19$229_EN' from process `\register_file.$proc$register_file.v:17$267'.
No latch inferred for signal `\register_file.$memwr$\register_file_data$register_file.v:19$230_EN' from process `\register_file.$proc$register_file.v:17$267'.
No latch inferred for signal `\register_file.$memwr$\register_file_data$register_file.v:19$231_EN' from process `\register_file.$proc$register_file.v:17$267'.
No latch inferred for signal `\register_file.$memwr$\register_file_data$register_file.v:19$232_EN' from process `\register_file.$proc$register_file.v:17$267'.
No latch inferred for signal `\register_file.\i' from process `\register_file.$proc$register_file.v:15$266'.
No latch inferred for signal `\control_unit.\execute_command' from process `\control_unit.$proc$control_unit.v:89$148'.
No latch inferred for signal `\control_unit.\wb_en' from process `\control_unit.$proc$control_unit.v:89$148'.
No latch inferred for signal `\control_unit.\mem_r_en' from process `\control_unit.$proc$control_unit.v:89$148'.
No latch inferred for signal `\control_unit.\mem_w_en' from process `\control_unit.$proc$control_unit.v:89$148'.
No latch inferred for signal `\control_unit.\branch_taken' from process `\control_unit.$proc$control_unit.v:89$148'.
No latch inferred for signal `\condition_check.\condition_is_met' from process `\condition_check.$proc$condition_check.v:34$64'.
No latch inferred for signal `\alu.\alu_result' from process `\alu.$proc$alu.v:37$49'.
No latch inferred for signal `\alu.\sr_bit_C_out' from process `\alu.$proc$alu.v:37$49'.

21.2.9. Executing PROC_DFF pass (convert process syncs to FFs).
Creating register for signal `\status_register.\status_output' using process `\status_register.$proc$status_register.v:10$283'.
  created $adff cell `$procdff$828' with negative edge clock and positive level reset.
Creating register for signal `\register_file.$memwr$\register_file_data$register_file.v:27$233_ADDR' using process `\register_file.$proc$register_file.v:26$237'.
  created $dff cell `$procdff$829' with negative edge clock.
Creating register for signal `\register_file.$memwr$\register_file_data$register_file.v:27$233_DATA' using process `\register_file.$proc$register_file.v:26$237'.
  created $dff cell `$procdff$830' with negative edge clock.
Creating register for signal `\register_file.$memwr$\register_file_data$register_file.v:27$233_EN' using process `\register_file.$proc$register_file.v:26$237'.
  created $dff cell `$procdff$831' with negative edge clock.
Creating register for signal `\register_file.$memwr$\register_file_data$register_file.v:28$234_ADDR' using process `\register_file.$proc$register_file.v:26$237'.
  created $dff cell `$procdff$832' with negative edge clock.
Creating register for signal `\register_file.$memwr$\register_file_data$register_file.v:28$234_DATA' using process `\register_file.$proc$register_file.v:26$237'.
  created $dff cell `$procdff$833' with negative edge clock.
Creating register for signal `\register_file.$memwr$\register_file_data$register_file.v:28$234_EN' using process `\register_file.$proc$register_file.v:26$237'.
  created $dff cell `$procdff$834' with negative edge clock.
Creating register for signal `\qspi_master_streaming.\dq_o' using process `\qspi_master_streaming.$proc$qspi_master_streaming.v:47$203'.
  created $dff cell `$procdff$835' with positive edge clock.
Creating register for signal `\qspi_master_streaming.\instr_data_out' using process `\qspi_master_streaming.$proc$qspi_master_streaming.v:47$203'.
  created $dff cell `$procdff$836' with positive edge clock.
Creating register for signal `\qspi_master_streaming.\instr_ready_out' using process `\qspi_master_streaming.$proc$qspi_master_streaming.v:47$203'.
  created $dff cell `$procdff$837' with positive edge clock.
Creating register for signal `\qspi_master_streaming.\data_rdata_out' using process `\qspi_master_streaming.$proc$qspi_master_streaming.v:47$203'.
  created $dff cell `$procdff$838' with positive edge clock.
Creating register for signal `\qspi_master_streaming.\data_ready_out' using process `\qspi_master_streaming.$proc$qspi_master_streaming.v:47$203'.
  created $dff cell `$procdff$839' with positive edge clock.
Creating register for signal `\qspi_master_streaming.\qspi_sck_out' using process `\qspi_master_streaming.$proc$qspi_master_streaming.v:47$203'.
  created $dff cell `$procdff$840' with positive edge clock.
Creating register for signal `\qspi_master_streaming.\qspi_cs_flash_n_out' using process `\qspi_master_streaming.$proc$qspi_master_streaming.v:47$203'.
  created $dff cell `$procdff$841' with positive edge clock.
Creating register for signal `\qspi_master_streaming.\qspi_cs_rama_n_out' using process `\qspi_master_streaming.$proc$qspi_master_streaming.v:47$203'.
  created $dff cell `$procdff$842' with positive edge clock.
Creating register for signal `\qspi_master_streaming.\qspi_dq_oe_out' using process `\qspi_master_streaming.$proc$qspi_master_streaming.v:47$203'.
  created $dff cell `$procdff$843' with positive edge clock.
Creating register for signal `\qspi_master_streaming.\state' using process `\qspi_master_streaming.$proc$qspi_master_streaming.v:47$203'.
  created $dff cell `$procdff$844' with positive edge clock.
Creating register for signal `\qspi_master_streaming.\bitcnt' using process `\qspi_master_streaming.$proc$qspi_master_streaming.v:47$203'.
  created $dff cell `$procdff$845' with positive edge clock.
Creating register for signal `\qspi_master_streaming.\shifter' using process `\qspi_master_streaming.$proc$qspi_master_streaming.v:47$203'.
  created $dff cell `$procdff$846' with positive edge clock.
Creating register for signal `\qspi_master_streaming.\rxreg' using process `\qspi_master_streaming.$proc$qspi_master_streaming.v:47$203'.
  created $dff cell `$procdff$847' with positive edge clock.
Creating register for signal `\qspi_master_streaming.\is_instr' using process `\qspi_master_streaming.$proc$qspi_master_streaming.v:47$203'.
  created $dff cell `$procdff$848' with positive edge clock.
Creating register for signal `\qspi_master_streaming.\is_write' using process `\qspi_master_streaming.$proc$qspi_master_streaming.v:47$203'.
  created $dff cell `$procdff$849' with positive edge clock.
Creating register for signal `\qspi_master_streaming.\stream_next_addr' using process `\qspi_master_streaming.$proc$qspi_master_streaming.v:47$203'.
  created $dff cell `$procdff$850' with positive edge clock.
Creating register for signal `\qspi_master_streaming.\stream_open' using process `\qspi_master_streaming.$proc$qspi_master_streaming.v:47$203'.
  created $dff cell `$procdff$851' with positive edge clock.
Creating register for signal `\MEM_stage_reg.\wb_reg_dest_out' using process `\MEM_stage_reg.$proc$MEM_stage_reg.v:18$34'.
  created $adff cell `$procdff$854' with positive edge clock and positive level reset.
Creating register for signal `\MEM_stage_reg.\wb_en_out' using process `\MEM_stage_reg.$proc$MEM_stage_reg.v:18$34'.
  created $adff cell `$procdff$857' with positive edge clock and positive level reset.
Creating register for signal `\MEM_stage_reg.\mem_r_en_out' using process `\MEM_stage_reg.$proc$MEM_stage_reg.v:18$34'.
  created $adff cell `$procdff$860' with positive edge clock and positive level reset.
Creating register for signal `\MEM_stage_reg.\alu_result_out' using process `\MEM_stage_reg.$proc$MEM_stage_reg.v:18$34'.
  created $adff cell `$procdff$863' with positive edge clock and positive level reset.
Creating register for signal `\MEM_stage_reg.\data_memory_result_out' using process `\MEM_stage_reg.$proc$MEM_stage_reg.v:18$34'.
  created $adff cell `$procdff$866' with positive edge clock and positive level reset.
Creating register for signal `\IF_stage_reg.\pc_plus_four_out' using process `\IF_stage_reg.$proc$IF_stage_reg.v:18$29'.
  created $dff cell `$procdff$867' with positive edge clock.
Creating register for signal `\IF_stage_reg.\instruction_out' using process `\IF_stage_reg.$proc$IF_stage_reg.v:18$29'.
  created $dff cell `$procdff$868' with positive edge clock.
Creating register for signal `\IF_stage.\instruction_mem_out' using process `\IF_stage.$proc$IF_stage.v:30$27'.
  created $dff cell `$procdff$869' with positive edge clock.
Creating register for signal `\IF_stage.\pc_reg_out' using process `\IF_stage.$proc$IF_stage.v:23$26'.
  created $dff cell `$procdff$870' with positive edge clock.
Creating register for signal `\ID_stage_reg.\wb_reg_dest_out' using process `\ID_stage_reg.$proc$ID_stage_reg.v:49$22'.
  created $dff cell `$procdff$871' with positive edge clock.
Creating register for signal `\ID_stage_reg.\wb_en_out' using process `\ID_stage_reg.$proc$ID_stage_reg.v:49$22'.
  created $dff cell `$procdff$872' with positive edge clock.
Creating register for signal `\ID_stage_reg.\do_update_sr_out' using process `\ID_stage_reg.$proc$ID_stage_reg.v:49$22'.
  created $dff cell `$procdff$873' with positive edge clock.
Creating register for signal `\ID_stage_reg.\mem_r_en_out' using process `\ID_stage_reg.$proc$ID_stage_reg.v:49$22'.
  created $dff cell `$procdff$874' with positive edge clock.
Creating register for signal `\ID_stage_reg.\mem_w_en_out' using process `\ID_stage_reg.$proc$ID_stage_reg.v:49$22'.
  created $dff cell `$procdff$875' with positive edge clock.
Creating register for signal `\ID_stage_reg.\branch_taken_out' using process `\ID_stage_reg.$proc$ID_stage_reg.v:49$22'.
  created $dff cell `$procdff$876' with positive edge clock.
Creating register for signal `\ID_stage_reg.\val_rm_out' using process `\ID_stage_reg.$proc$ID_stage_reg.v:49$22'.
  created $dff cell `$procdff$877' with positive edge clock.
Creating register for signal `\ID_stage_reg.\status_bits_out' using process `\ID_stage_reg.$proc$ID_stage_reg.v:49$22'.
  created $dff cell `$procdff$878' with positive edge clock.
Creating register for signal `\ID_stage_reg.\execute_command_out' using process `\ID_stage_reg.$proc$ID_stage_reg.v:49$22'.
  created $dff cell `$procdff$879' with positive edge clock.
Creating register for signal `\ID_stage_reg.\pc_plus_four_out' using process `\ID_stage_reg.$proc$ID_stage_reg.v:49$22'.
  created $dff cell `$procdff$880' with positive edge clock.
Creating register for signal `\ID_stage_reg.\branch_immediate_out' using process `\ID_stage_reg.$proc$ID_stage_reg.v:49$22'.
  created $dff cell `$procdff$881' with positive edge clock.
Creating register for signal `\ID_stage_reg.\instr_is_immediate_out' using process `\ID_stage_reg.$proc$ID_stage_reg.v:49$22'.
  created $dff cell `$procdff$882' with positive edge clock.
Creating register for signal `\ID_stage_reg.\instr_shifter_opperand_out' using process `\ID_stage_reg.$proc$ID_stage_reg.v:49$22'.
  created $dff cell `$procdff$883' with positive edge clock.
Creating register for signal `\ID_stage_reg.\val_rn_out' using process `\ID_stage_reg.$proc$ID_stage_reg.v:49$22'.
  created $dff cell `$procdff$884' with positive edge clock.
Creating register for signal `\ID_stage_reg.\instr_has_src1_out' using process `\ID_stage_reg.$proc$ID_stage_reg.v:49$22'.
  created $dff cell `$procdff$885' with positive edge clock.
Creating register for signal `\ID_stage_reg.\instr_has_src2_out' using process `\ID_stage_reg.$proc$ID_stage_reg.v:49$22'.
  created $dff cell `$procdff$886' with positive edge clock.
Creating register for signal `\ID_stage_reg.\exe_src1_out' using process `\ID_stage_reg.$proc$ID_stage_reg.v:49$22'.
  created $dff cell `$procdff$887' with positive edge clock.
Creating register for signal `\ID_stage_reg.\exe_src2_out' using process `\ID_stage_reg.$proc$ID_stage_reg.v:49$22'.
  created $dff cell `$procdff$888' with positive edge clock.
Creating register for signal `\EXE_stage_reg.\wb_reg_dest_out' using process `\EXE_stage_reg.$proc$EXE_stage_reg.v:20$9'.
  created $adff cell `$procdff$891' with positive edge clock and positive level reset.
Creating register for signal `\EXE_stage_reg.\wb_en_out' using process `\EXE_stage_reg.$proc$EXE_stage_reg.v:20$9'.
  created $adff cell `$procdff$894' with positive edge clock and positive level reset.
Creating register for signal `\EXE_stage_reg.\mem_r_en_out' using process `\EXE_stage_reg.$proc$EXE_stage_reg.v:20$9'.
  created $adff cell `$procdff$897' with positive edge clock and positive level reset.
Creating register for signal `\EXE_stage_reg.\mem_w_en_out' using process `\EXE_stage_reg.$proc$EXE_stage_reg.v:20$9'.
  created $adff cell `$procdff$900' with positive edge clock and positive level reset.
Creating register for signal `\EXE_stage_reg.\val_rm_out' using process `\EXE_stage_reg.$proc$EXE_stage_reg.v:20$9'.
  created $adff cell `$procdff$903' with positive edge clock and positive level reset.
Creating register for signal `\EXE_stage_reg.\ALU_result_out' using process `\EXE_stage_reg.$proc$EXE_stage_reg.v:20$9'.
  created $adff cell `$procdff$906' with positive edge clock and positive level reset.

21.2.10. Executing PROC_MEMWR pass (convert process memory writes to cells).

21.2.11. Executing PROC_CLEAN pass (remove empty switches from decision trees).
Found and cleaned up 1 empty switch in `\status_register.$proc$status_register.v:10$283'.
Removing empty process `status_register.$proc$status_register.v:10$283'.
Removing empty process `register_file.$proc$register_file.v:17$267'.
Removing empty process `register_file.$proc$register_file.v:15$266'.
Found and cleaned up 1 empty switch in `\register_file.$proc$register_file.v:26$237'.
Removing empty process `register_file.$proc$register_file.v:26$237'.
Found and cleaned up 12 empty switches in `\qspi_master_streaming.$proc$qspi_master_streaming.v:47$203'.
Removing empty process `qspi_master_streaming.$proc$qspi_master_streaming.v:47$203'.
Found and cleaned up 1 empty switch in `\control_unit.$proc$control_unit.v:89$148'.
Removing empty process `control_unit.$proc$control_unit.v:89$148'.
Found and cleaned up 1 empty switch in `\condition_check.$proc$condition_check.v:34$64'.
Removing empty process `condition_check.$proc$condition_check.v:34$64'.
Found and cleaned up 1 empty switch in `\alu.$proc$alu.v:37$49'.
Removing empty process `alu.$proc$alu.v:37$49'.
Found and cleaned up 1 empty switch in `\MEM_stage_reg.$proc$MEM_stage_reg.v:18$34'.
Removing empty process `MEM_stage_reg.$proc$MEM_stage_reg.v:18$34'.
Found and cleaned up 2 empty switches in `\IF_stage_reg.$proc$IF_stage_reg.v:18$29'.
Removing empty process `IF_stage_reg.$proc$IF_stage_reg.v:18$29'.
Found and cleaned up 2 empty switches in `\IF_stage.$proc$IF_stage.v:30$27'.
Removing empty process `IF_stage.$proc$IF_stage.v:30$27'.
Found and cleaned up 4 empty switches in `\IF_stage.$proc$IF_stage.v:23$26'.
Removing empty process `IF_stage.$proc$IF_stage.v:23$26'.
Found and cleaned up 2 empty switches in `\ID_stage_reg.$proc$ID_stage_reg.v:49$22'.
Removing empty process `ID_stage_reg.$proc$ID_stage_reg.v:49$22'.
Found and cleaned up 1 empty switch in `\EXE_stage_reg.$proc$EXE_stage_reg.v:20$9'.
Removing empty process `EXE_stage_reg.$proc$EXE_stage_reg.v:20$9'.
Cleaned up 29 empty switches.

21.2.12. Executing OPT_EXPR pass (perform const folding).
Optimizing module val2_generator.
<suppressed ~3 debug messages>
Optimizing module status_register.
<suppressed ~1 debug messages>
Optimizing module register_file.
Optimizing module qspi_master_streaming.
<suppressed ~10 debug messages>
Optimizing module hazard_detection.
Optimizing module forwarding_unit.
<suppressed ~2 debug messages>
Optimizing module control_unit.
<suppressed ~12 debug messages>
Optimizing module condition_check.
<suppressed ~1 debug messages>
Optimizing module arm_processor.
Optimizing module arm16_top.
Optimizing module alu.
<suppressed ~7 debug messages>
Optimizing module WB_stage.
Optimizing module MEM_stage_reg.
<suppressed ~5 debug messages>
Optimizing module MEM_stage.
Optimizing module IF_stage_reg.
Optimizing module IF_stage.
Optimizing module ID_stage_reg.
Optimizing module ID_stage.
<suppressed ~1 debug messages>
Optimizing module EXE_stage_reg.
<suppressed ~6 debug messages>
Optimizing module EXE_stage.

21.3. Executing CHECK pass (checking for obvious problems).
Checking module val2_generator...
Checking module status_register...
Checking module register_file...
Checking module qspi_master_streaming...
Checking module hazard_detection...
Checking module forwarding_unit...
Checking module control_unit...
Checking module condition_check...
Checking module arm_processor...
Checking module arm16_top...
Checking module alu...
Checking module WB_stage...
Checking module MEM_stage_reg...
Checking module MEM_stage...
Checking module IF_stage_reg...
Checking module IF_stage...
Checking module ID_stage_reg...
Checking module ID_stage...
Checking module EXE_stage_reg...
Checking module EXE_stage...
Found and reported 0 problems.

21.4. Executing FLATTEN pass (flatten design).
Deleting now unused module val2_generator.
Deleting now unused module status_register.
Deleting now unused module register_file.
Deleting now unused module qspi_master_streaming.
Deleting now unused module hazard_detection.
Deleting now unused module forwarding_unit.
Deleting now unused module control_unit.
Deleting now unused module condition_check.
Deleting now unused module arm_processor.
Deleting now unused module alu.
Deleting now unused module WB_stage.
Deleting now unused module MEM_stage_reg.
Deleting now unused module MEM_stage.
Deleting now unused module IF_stage_reg.
Deleting now unused module IF_stage.
Deleting now unused module ID_stage_reg.
Deleting now unused module ID_stage.
Deleting now unused module EXE_stage_reg.
Deleting now unused module EXE_stage.
<suppressed ~19 debug messages>

21.5. Executing OPT_EXPR pass (perform const folding).
Optimizing module arm16_top.
Couldn't topologically sort cells, optimizing module arm16_top may take a longer time.
Couldn't topologically sort cells, optimizing module arm16_top may take a longer time.
Couldn't topologically sort cells, optimizing module arm16_top may take a longer time.
<suppressed ~43 debug messages>

21.6. Executing OPT_CLEAN pass (remove unused cells and wires).
Finding unused cells or wires in module \arm16_top..
Removed 13 unused cells and 332 unused wires.
<suppressed ~21 debug messages>

21.7. Executing CHECK pass (checking for obvious problems).
Checking module arm16_top...
Warning: found logic loop in module arm16_top:
    cell $flatten\cpu.\id_stage_unit.$ternary$ID_stage.v:111$17 ($mux) source: ID_stage.v:111.39-111.88
      S[0] --> Y[0]
    wire \cpu.id_reg_unit.mem_w_en_in source: ID_stage_reg.v:8.25-8.36
    cell $flatten\cpu.\id_stage_unit.$ternary$ID_stage.v:102$12 ($mux) source: ID_stage.v:102.39-102.79
      S[0] --> Y[0]
    wire \cpu.hazard_unit.id_src2_in [0] source: hazard_detection.v:3.25-3.35
    cell $flatten\cpu.\hazard_unit.$eq$hazard_detection.v:23$180 ($eq) source: hazard_detection.v:23.22-23.54
      B[0] --> Y[0]
    cell $flatten\cpu.\hazard_unit.$and$hazard_detection.v:23$181 ($and) source: hazard_detection.v:23.21-23.73
      A[0] --> Y[0]
    cell $flatten\cpu.\hazard_unit.$or$hazard_detection.v:20$182 ($or) source: hazard_detection.v:20.39-23.74
      B[0] --> Y[0]
    cell $flatten\cpu.\hazard_unit.$and$hazard_detection.v:20$183 ($and) source: hazard_detection.v:20.21-23.75
      B[0] --> Y[0]
    cell $flatten\cpu.\hazard_unit.$or$hazard_detection.v:19$190 ($or) source: hazard_detection.v:19.17-29.18
      A[0] --> Y[0]
    cell $flatten\cpu.\hazard_unit.$and$hazard_detection.v:18$191 ($and) source: hazard_detection.v:18.13-30.14
      B[0] --> Y[0]
    cell $flatten\cpu.\hazard_unit.$or$hazard_detection.v:17$199 ($or) source: hazard_detection.v:17.9-36.10
      A[0] --> Y[0]
    wire \cpu.hazard_out_hazard source: arm_processor.v:22.25-22.42
    cell $flatten\cpu.\id_stage_unit.$or$ID_stage.v:108$14 ($or) source: ID_stage.v:108.40-108.69
      B[0] --> Y[0]
    wire \cpu.id_stage_unit.terminate_ctrl_signals source: ID_stage.v:71.25-71.47
Found and reported 1 problems.

21.8. Executing OPT pass (performing simple optimizations).

21.8.1. Executing OPT_EXPR pass (perform const folding).
Optimizing module arm16_top.
Couldn't topologically sort cells, optimizing module arm16_top may take a longer time.
Couldn't topologically sort cells, optimizing module arm16_top may take a longer time.

21.8.2. Executing OPT_MERGE pass (detect identical cells).
Finding identical cells in module `\arm16_top'.
Computing hashes of 548 cells of `\arm16_top'.
Finding duplicate cells in `\arm16_top'.
Computing hashes of 466 cells of `\arm16_top'.
Finding duplicate cells in `\arm16_top'.
Computing hashes of 459 cells of `\arm16_top'.
Finding duplicate cells in `\arm16_top'.
Computing hashes of 458 cells of `\arm16_top'.
Finding duplicate cells in `\arm16_top'.
<suppressed ~270 debug messages>
Removed a total of 90 cells.

21.8.3. Executing OPT_MUXTREE pass (detect dead branches in mux trees).
Running muxtree optimizer on module \arm16_top..
  Creating internal representation of mux trees.
  Evaluating internal representation of mux trees.
  Analyzing evaluation results.
    dead port 2/2 on $mux $flatten\cpu.\forward_unit.$ternary$forwarding_unit.v:42$175.
    dead port 2/2 on $mux $flatten\cpu.\forward_unit.$ternary$forwarding_unit.v:38$169.
    dead port 1/2 on $mux $flatten\cpu.\exe_stage_unit.\val_unit.$ternary$val2_generator.v:47$285.
Removed 3 multiplexer ports.
<suppressed ~268 debug messages>

21.8.4. Executing OPT_REDUCE pass (consolidate $*mux and $reduce_* inputs).
  Optimizing cells in module \arm16_top.
    New ctrl vector for $pmux cell $flatten\qspi.$procmux$544: { $auto$opt_reduce.cc:137:opt_pmux$931 $auto$opt_reduce.cc:137:opt_pmux$929 }
    Consolidated identical input bits for $mux cell $flatten\cpu.\id_stage_unit.\regfile_unit.$procmux$306:
      Old ports: A=16'0000000000000000, B=16'1111111111111111, Y=$flatten\cpu.\id_stage_unit.\regfile_unit.$0$memwr$\register_file_data$register_file.v:27$233_EN[15:0]$240
      New ports: A=1'0, B=1'1, Y=$flatten\cpu.\id_stage_unit.\regfile_unit.$0$memwr$\register_file_data$register_file.v:27$233_EN[15:0]$240 [0]
      New connections: $flatten\cpu.\id_stage_unit.\regfile_unit.$0$memwr$\register_file_data$register_file.v:27$233_EN[15:0]$240 [15:1] = { $flatten\cpu.\id_stage_unit.\regfile_unit.$0$memwr$\register_file_data$register_file.v:27$233_EN[15:0]$240 [0] $flatten\cpu.\id_stage_unit.\regfile_unit.$0$memwr$\register_file_data$register_file.v:27$233_EN[15:0]$240 [0] $flatten\cpu.\id_stage_unit.\regfile_unit.$0$memwr$\register_file_data$register_file.v:27$233_EN[15:0]$240 [0] $flatten\cpu.\id_stage_unit.\regfile_unit.$0$memwr$\register_file_data$register_file.v:27$233_EN[15:0]$240 [0] $flatten\cpu.\id_stage_unit.\regfile_unit.$0$memwr$\register_file_data$register_file.v:27$233_EN[15:0]$240 [0] $flatten\cpu.\id_stage_unit.\regfile_unit.$0$memwr$\register_file_data$register_file.v:27$233_EN[15:0]$240 [0] $flatten\cpu.\id_stage_unit.\regfile_unit.$0$memwr$\register_file_data$register_file.v:27$233_EN[15:0]$240 [0] $flatten\cpu.\id_stage_unit.\regfile_unit.$0$memwr$\register_file_data$register_file.v:27$233_EN[15:0]$240 [0] $flatten\cpu.\id_stage_unit.\regfile_unit.$0$memwr$\register_file_data$register_file.v:27$233_EN[15:0]$240 [0] $flatten\cpu.\id_stage_unit.\regfile_unit.$0$memwr$\register_file_data$register_file.v:27$233_EN[15:0]$240 [0] $flatten\cpu.\id_stage_unit.\regfile_unit.$0$memwr$\register_file_data$register_file.v:27$233_EN[15:0]$240 [0] $flatten\cpu.\id_stage_unit.\regfile_unit.$0$memwr$\register_file_data$register_file.v:27$233_EN[15:0]$240 [0] $flatten\cpu.\id_stage_unit.\regfile_unit.$0$memwr$\register_file_data$register_file.v:27$233_EN[15:0]$240 [0] $flatten\cpu.\id_stage_unit.\regfile_unit.$0$memwr$\register_file_data$register_file.v:27$233_EN[15:0]$240 [0] $flatten\cpu.\id_stage_unit.\regfile_unit.$0$memwr$\register_file_data$register_file.v:27$233_EN[15:0]$240 [0] }
    Consolidated identical input bits for $mux cell $flatten\cpu.\id_stage_unit.\regfile_unit.$procmux$315:
      Old ports: A=16'1111111111111111, B=16'0000000000000000, Y=$flatten\cpu.\id_stage_unit.\regfile_unit.$0$memwr$\register_file_data$register_file.v:28$234_EN[15:0]$243
      New ports: A=1'1, B=1'0, Y=$flatten\cpu.\id_stage_unit.\regfile_unit.$0$memwr$\register_file_data$register_file.v:28$234_EN[15:0]$243 [0]
      New connections: $flatten\cpu.\id_stage_unit.\regfile_unit.$0$memwr$\register_file_data$register_file.v:28$234_EN[15:0]$243 [15:1] = { $flatten\cpu.\id_stage_unit.\regfile_unit.$0$memwr$\register_file_data$register_file.v:28$234_EN[15:0]$243 [0] $flatten\cpu.\id_stage_unit.\regfile_unit.$0$memwr$\register_file_data$register_file.v:28$234_EN[15:0]$243 [0] $flatten\cpu.\id_stage_unit.\regfile_unit.$0$memwr$\register_file_data$register_file.v:28$234_EN[15:0]$243 [0] $flatten\cpu.\id_stage_unit.\regfile_unit.$0$memwr$\register_file_data$register_file.v:28$234_EN[15:0]$243 [0] $flatten\cpu.\id_stage_unit.\regfile_unit.$0$memwr$\register_file_data$register_file.v:28$234_EN[15:0]$243 [0] $flatten\cpu.\id_stage_unit.\regfile_unit.$0$memwr$\register_file_data$register_file.v:28$234_EN[15:0]$243 [0] $flatten\cpu.\id_stage_unit.\regfile_unit.$0$memwr$\register_file_data$register_file.v:28$234_EN[15:0]$243 [0] $flatten\cpu.\id_stage_unit.\regfile_unit.$0$memwr$\register_file_data$register_file.v:28$234_EN[15:0]$243 [0] $flatten\cpu.\id_stage_unit.\regfile_unit.$0$memwr$\register_file_data$register_file.v:28$234_EN[15:0]$243 [0] $flatten\cpu.\id_stage_unit.\regfile_unit.$0$memwr$\register_file_data$register_file.v:28$234_EN[15:0]$243 [0] $flatten\cpu.\id_stage_unit.\regfile_unit.$0$memwr$\register_file_data$register_file.v:28$234_EN[15:0]$243 [0] $flatten\cpu.\id_stage_unit.\regfile_unit.$0$memwr$\register_file_data$register_file.v:28$234_EN[15:0]$243 [0] $flatten\cpu.\id_stage_unit.\regfile_unit.$0$memwr$\register_file_data$register_file.v:28$234_EN[15:0]$243 [0] $flatten\cpu.\id_stage_unit.\regfile_unit.$0$memwr$\register_file_data$register_file.v:28$234_EN[15:0]$243 [0] $flatten\cpu.\id_stage_unit.\regfile_unit.$0$memwr$\register_file_data$register_file.v:28$234_EN[15:0]$243 [0] }
    New ctrl vector for $pmux cell $flatten\cpu.\id_stage_unit.\ctrl_unit.$procmux$585: $auto$opt_reduce.cc:137:opt_pmux$933
    New ctrl vector for $pmux cell $flatten\cpu.\id_stage_unit.\ctrl_unit.$procmux$598: { $auto$opt_reduce.cc:137:opt_pmux$939 $auto$opt_reduce.cc:137:opt_pmux$937 $auto$opt_reduce.cc:137:opt_pmux$935 $flatten\cpu.\id_stage_unit.\ctrl_unit.$procmux$587_CMP $flatten\cpu.\id_stage_unit.\ctrl_unit.$procmux$588_CMP $flatten\cpu.\id_stage_unit.\ctrl_unit.$procmux$590_CMP $flatten\cpu.\id_stage_unit.\ctrl_unit.$procmux$592_CMP $flatten\cpu.\id_stage_unit.\ctrl_unit.$procmux$594_CMP $flatten\cpu.\id_stage_unit.\ctrl_unit.$procmux$595_CMP }
    New input vector for $reduce_or cell $auto$opt_reduce.cc:131:opt_pmux$928: { $flatten\qspi.$procmux$409_CMP $flatten\qspi.$procmux$420_CMP $flatten\qspi.$procmux$443_CMP }
  Optimizing cells in module \arm16_top.
Performed a total of 6 changes.

21.8.5. Executing OPT_MERGE pass (detect identical cells).
Finding identical cells in module `\arm16_top'.
Computing hashes of 461 cells of `\arm16_top'.
Finding duplicate cells in `\arm16_top'.
Computing hashes of 460 cells of `\arm16_top'.
Finding duplicate cells in `\arm16_top'.
<suppressed ~3 debug messages>
Removed a total of 1 cells.

21.8.6. Executing OPT_DFF pass (perform DFF optimizations).

21.8.7. Executing OPT_CLEAN pass (remove unused cells and wires).
Finding unused cells or wires in module \arm16_top..
Removed 0 unused cells and 89 unused wires.
<suppressed ~1 debug messages>

21.8.8. Executing OPT_EXPR pass (perform const folding).
Optimizing module arm16_top.
Couldn't topologically sort cells, optimizing module arm16_top may take a longer time.
Couldn't topologically sort cells, optimizing module arm16_top may take a longer time.

21.8.9. Rerunning OPT passes. (Maybe there is more to do..)

21.8.10. Executing OPT_MUXTREE pass (detect dead branches in mux trees).
Running muxtree optimizer on module \arm16_top..
  Creating internal representation of mux trees.
  Evaluating internal representation of mux trees.
  Analyzing evaluation results.
Removed 0 multiplexer ports.
<suppressed ~267 debug messages>

21.8.11. Executing OPT_REDUCE pass (consolidate $*mux and $reduce_* inputs).
  Optimizing cells in module \arm16_top.
Performed a total of 0 changes.

21.8.12. Executing OPT_MERGE pass (detect identical cells).
Finding identical cells in module `\arm16_top'.
Computing hashes of 460 cells of `\arm16_top'.
Finding duplicate cells in `\arm16_top'.
Removed a total of 0 cells.

21.8.13. Executing OPT_DFF pass (perform DFF optimizations).

21.8.14. Executing OPT_CLEAN pass (remove unused cells and wires).
Finding unused cells or wires in module \arm16_top..

21.8.15. Executing OPT_EXPR pass (perform const folding).
Optimizing module arm16_top.
Couldn't topologically sort cells, optimizing module arm16_top may take a longer time.
Couldn't topologically sort cells, optimizing module arm16_top may take a longer time.

21.8.16. Finished fast OPT passes. (There is nothing left to do.)

21.9. Executing FSM pass (extract and optimize FSM).

21.9.1. Executing FSM_DETECT pass (finding FSMs in design).
Found FSM state register arm16_top.cpu.id_reg_unit.execute_command_out.
Found FSM state register arm16_top.qspi.state.
Not marking arm16_top.qspi.qspi_dq_oe_out as FSM state register:
    Register is connected to module port.
    Users of register don't seem to benefit from recoding.

21.9.2. Executing FSM_EXTRACT pass (extracting FSM from design).
Extracting FSM `\cpu.id_reg_unit.execute_command_out' from module `\arm16_top'.
  found $dff cell for state register: $flatten\cpu.\id_reg_unit.$procdff$879
  root of input selection tree: $flatten\cpu.\id_reg_unit.$0\execute_command_out[3:0]
  found reset state: 4'0000 (guessed from mux tree)
  found ctrl input: \cpu.id_reg_unit.clear
  found ctrl input: \cpu.mem_out_stage_busy
  found ctrl input: \cpu.id_stage_unit.terminate_ctrl_signals
  found ctrl input: $flatten\cpu.\id_stage_unit.\ctrl_unit.$procmux$595_CMP
  found ctrl input: $flatten\cpu.\id_stage_unit.\ctrl_unit.$procmux$594_CMP
  found ctrl input: $flatten\cpu.\id_stage_unit.\ctrl_unit.$procmux$592_CMP
  found ctrl input: $flatten\cpu.\id_stage_unit.\ctrl_unit.$procmux$590_CMP
  found ctrl input: $flatten\cpu.\id_stage_unit.\ctrl_unit.$procmux$588_CMP
  found ctrl input: $flatten\cpu.\id_stage_unit.\ctrl_unit.$procmux$587_CMP
  found ctrl input: $auto$opt_reduce.cc:137:opt_pmux$935
  found ctrl input: $auto$opt_reduce.cc:137:opt_pmux$937
  found ctrl input: $auto$opt_reduce.cc:137:opt_pmux$939
  found state code: 4'0000
  found state code: 4'0001
  found state code: 4'1001
  found state code: 4'0011
  found state code: 4'0101
  found state code: 4'0111
  found state code: 4'1000
  found state code: 4'0100
  found state code: 4'0110
  found state code: 4'0010
  found ctrl output: $flatten\cpu.\exe_stage_unit.\alu_unit.$procmux$656_CMP
  found ctrl output: $flatten\cpu.\exe_stage_unit.\alu_unit.$procmux$655_CMP
  found ctrl output: $flatten\cpu.\exe_stage_unit.\alu_unit.$procmux$654_CMP
  found ctrl output: $flatten\cpu.\exe_stage_unit.\alu_unit.$procmux$653_CMP
  found ctrl output: $flatten\cpu.\exe_stage_unit.\alu_unit.$procmux$647_CMP
  found ctrl output: $flatten\cpu.\exe_stage_unit.\alu_unit.$procmux$648_CMP
  found ctrl output: $flatten\cpu.\exe_stage_unit.\alu_unit.$procmux$649_CMP
  found ctrl output: $flatten\cpu.\exe_stage_unit.\alu_unit.$procmux$650_CMP
  found ctrl output: $flatten\cpu.\exe_stage_unit.\alu_unit.$procmux$661_CMP
  found ctrl output: $flatten\cpu.\exe_stage_unit.\alu_unit.$procmux$662_CMP
  ctrl inputs: { \cpu.mem_out_stage_busy $flatten\cpu.\id_stage_unit.\ctrl_unit.$procmux$587_CMP $flatten\cpu.\id_stage_unit.\ctrl_unit.$procmux$588_CMP $flatten\cpu.\id_stage_unit.\ctrl_unit.$procmux$590_CMP $flatten\cpu.\id_stage_unit.\ctrl_unit.$procmux$592_CMP $flatten\cpu.\id_stage_unit.\ctrl_unit.$procmux$594_CMP $flatten\cpu.\id_stage_unit.\ctrl_unit.$procmux$595_CMP \cpu.id_stage_unit.terminate_ctrl_signals \cpu.id_reg_unit.clear $auto$opt_reduce.cc:137:opt_pmux$935 $auto$opt_reduce.cc:137:opt_pmux$937 $auto$opt_reduce.cc:137:opt_pmux$939 }
  ctrl outputs: { $flatten\cpu.\id_reg_unit.$0\execute_command_out[3:0] $flatten\cpu.\exe_stage_unit.\alu_unit.$procmux$647_CMP $flatten\cpu.\exe_stage_unit.\alu_unit.$procmux$648_CMP $flatten\cpu.\exe_stage_unit.\alu_unit.$procmux$649_CMP $flatten\cpu.\exe_stage_unit.\alu_unit.$procmux$650_CMP $flatten\cpu.\exe_stage_unit.\alu_unit.$procmux$653_CMP $flatten\cpu.\exe_stage_unit.\alu_unit.$procmux$654_CMP $flatten\cpu.\exe_stage_unit.\alu_unit.$procmux$655_CMP $flatten\cpu.\exe_stage_unit.\alu_unit.$procmux$656_CMP $flatten\cpu.\exe_stage_unit.\alu_unit.$procmux$661_CMP $flatten\cpu.\exe_stage_unit.\alu_unit.$procmux$662_CMP }
  transition:     4'0000 12'000000000000 ->     4'0000 14'00000000000001
  transition:     4'0000 12'0------00--1 ->     4'0010 14'00100000000001
  transition:     4'0000 12'0------00-1- ->     4'0110 14'01100000000001
  transition:     4'0000 12'0------001-- ->     4'0100 14'01000000000001
  transition:     4'0000 12'01-----00--- ->     4'1000 14'10000000000001
  transition:     4'0000 12'0-1----00--- ->     4'0111 14'01110000000001
  transition:     4'0000 12'0--1---00--- ->     4'0101 14'01010000000001
  transition:     4'0000 12'0---1--00--- ->     4'0011 14'00110000000001
  transition:     4'0000 12'0----1-00--- ->     4'1001 14'10010000000001
  transition:     4'0000 12'0-----100--- ->     4'0001 14'00010000000001
  transition:     4'0000 12'0------10--- ->     4'0000 14'00000000000001
  transition:     4'0000 12'1-------0--- ->     4'0000 14'00000000000001
  transition:     4'0000 12'--------1--- ->     4'0000 14'00000000000001
  transition:     4'1000 12'000000000000 ->     4'0000 14'00000000010000
  transition:     4'1000 12'0------00--1 ->     4'0010 14'00100000010000
  transition:     4'1000 12'0------00-1- ->     4'0110 14'01100000010000
  transition:     4'1000 12'0------001-- ->     4'0100 14'01000000010000
  transition:     4'1000 12'01-----00--- ->     4'1000 14'10000000010000
  transition:     4'1000 12'0-1----00--- ->     4'0111 14'01110000010000
  transition:     4'1000 12'0--1---00--- ->     4'0101 14'01010000010000
  transition:     4'1000 12'0---1--00--- ->     4'0011 14'00110000010000
  transition:     4'1000 12'0----1-00--- ->     4'1001 14'10010000010000
  transition:     4'1000 12'0-----100--- ->     4'0001 14'00010000010000
  transition:     4'1000 12'0------10--- ->     4'0000 14'00000000010000
  transition:     4'1000 12'1-------0--- ->     4'1000 14'10000000010000
  transition:     4'1000 12'--------1--- ->     4'0000 14'00000000010000
  transition:     4'0100 12'000000000000 ->     4'0000 14'00000100000000
  transition:     4'0100 12'0------00--1 ->     4'0010 14'00100100000000
  transition:     4'0100 12'0------00-1- ->     4'0110 14'01100100000000
  transition:     4'0100 12'0------001-- ->     4'0100 14'01000100000000
  transition:     4'0100 12'01-----00--- ->     4'1000 14'10000100000000
  transition:     4'0100 12'0-1----00--- ->     4'0111 14'01110100000000
  transition:     4'0100 12'0--1---00--- ->     4'0101 14'01010100000000
  transition:     4'0100 12'0---1--00--- ->     4'0011 14'00110100000000
  transition:     4'0100 12'0----1-00--- ->     4'1001 14'10010100000000
  transition:     4'0100 12'0-----100--- ->     4'0001 14'00010100000000
  transition:     4'0100 12'0------10--- ->     4'0000 14'00000100000000
  transition:     4'0100 12'1-------0--- ->     4'0100 14'01000100000000
  transition:     4'0100 12'--------1--- ->     4'0000 14'00000100000000
  transition:     4'0010 12'000000000000 ->     4'0000 14'00000001000000
  transition:     4'0010 12'0------00--1 ->     4'0010 14'00100001000000
  transition:     4'0010 12'0------00-1- ->     4'0110 14'01100001000000
  transition:     4'0010 12'0------001-- ->     4'0100 14'01000001000000
  transition:     4'0010 12'01-----00--- ->     4'1000 14'10000001000000
  transition:     4'0010 12'0-1----00--- ->     4'0111 14'01110001000000
  transition:     4'0010 12'0--1---00--- ->     4'0101 14'01010001000000
  transition:     4'0010 12'0---1--00--- ->     4'0011 14'00110001000000
  transition:     4'0010 12'0----1-00--- ->     4'1001 14'10010001000000
  transition:     4'0010 12'0-----100--- ->     4'0001 14'00010001000000
  transition:     4'0010 12'0------10--- ->     4'0000 14'00000001000000
  transition:     4'0010 12'1-------0--- ->     4'0010 14'00100001000000
  transition:     4'0010 12'--------1--- ->     4'0000 14'00000001000000
  transition:     4'0110 12'000000000000 ->     4'0000 14'00000000000100
  transition:     4'0110 12'0------00--1 ->     4'0010 14'00100000000100
  transition:     4'0110 12'0------00-1- ->     4'0110 14'01100000000100
  transition:     4'0110 12'0------001-- ->     4'0100 14'01000000000100
  transition:     4'0110 12'01-----00--- ->     4'1000 14'10000000000100
  transition:     4'0110 12'0-1----00--- ->     4'0111 14'01110000000100
  transition:     4'0110 12'0--1---00--- ->     4'0101 14'01010000000100
  transition:     4'0110 12'0---1--00--- ->     4'0011 14'00110000000100
  transition:     4'0110 12'0----1-00--- ->     4'1001 14'10010000000100
  transition:     4'0110 12'0-----100--- ->     4'0001 14'00010000000100
  transition:     4'0110 12'0------10--- ->     4'0000 14'00000000000100
  transition:     4'0110 12'1-------0--- ->     4'0110 14'01100000000100
  transition:     4'0110 12'--------1--- ->     4'0000 14'00000000000100
  transition:     4'0001 12'000000000000 ->     4'0000 14'00000000000010
  transition:     4'0001 12'0------00--1 ->     4'0010 14'00100000000010
  transition:     4'0001 12'0------00-1- ->     4'0110 14'01100000000010
  transition:     4'0001 12'0------001-- ->     4'0100 14'01000000000010
  transition:     4'0001 12'01-----00--- ->     4'1000 14'10000000000010
  transition:     4'0001 12'0-1----00--- ->     4'0111 14'01110000000010
  transition:     4'0001 12'0--1---00--- ->     4'0101 14'01010000000010
  transition:     4'0001 12'0---1--00--- ->     4'0011 14'00110000000010
  transition:     4'0001 12'0----1-00--- ->     4'1001 14'10010000000010
  transition:     4'0001 12'0-----100--- ->     4'0001 14'00010000000010
  transition:     4'0001 12'0------10--- ->     4'0000 14'00000000000010
  transition:     4'0001 12'1-------0--- ->     4'0001 14'00010000000010
  transition:     4'0001 12'--------1--- ->     4'0000 14'00000000000010
  transition:     4'1001 12'000000000000 ->     4'0000 14'00000000100000
  transition:     4'1001 12'0------00--1 ->     4'0010 14'00100000100000
  transition:     4'1001 12'0------00-1- ->     4'0110 14'01100000100000
  transition:     4'1001 12'0------001-- ->     4'0100 14'01000000100000
  transition:     4'1001 12'01-----00--- ->     4'1000 14'10000000100000
  transition:     4'1001 12'0-1----00--- ->     4'0111 14'01110000100000
  transition:     4'1001 12'0--1---00--- ->     4'0101 14'01010000100000
  transition:     4'1001 12'0---1--00--- ->     4'0011 14'00110000100000
  transition:     4'1001 12'0----1-00--- ->     4'1001 14'10010000100000
  transition:     4'1001 12'0-----100--- ->     4'0001 14'00010000100000
  transition:     4'1001 12'0------10--- ->     4'0000 14'00000000100000
  transition:     4'1001 12'1-------0--- ->     4'1001 14'10010000100000
  transition:     4'1001 12'--------1--- ->     4'0000 14'00000000100000
  transition:     4'0101 12'000000000000 ->     4'0000 14'00001000000000
  transition:     4'0101 12'0------00--1 ->     4'0010 14'00101000000000
  transition:     4'0101 12'0------00-1- ->     4'0110 14'01101000000000
  transition:     4'0101 12'0------001-- ->     4'0100 14'01001000000000
  transition:     4'0101 12'01-----00--- ->     4'1000 14'10001000000000
  transition:     4'0101 12'0-1----00--- ->     4'0111 14'01111000000000
  transition:     4'0101 12'0--1---00--- ->     4'0101 14'01011000000000
  transition:     4'0101 12'0---1--00--- ->     4'0011 14'00111000000000
  transition:     4'0101 12'0----1-00--- ->     4'1001 14'10011000000000
  transition:     4'0101 12'0-----100--- ->     4'0001 14'00011000000000
  transition:     4'0101 12'0------10--- ->     4'0000 14'00001000000000
  transition:     4'0101 12'1-------0--- ->     4'0101 14'01011000000000
  transition:     4'0101 12'--------1--- ->     4'0000 14'00001000000000
  transition:     4'0011 12'000000000000 ->     4'0000 14'00000010000000
  transition:     4'0011 12'0------00--1 ->     4'0010 14'00100010000000
  transition:     4'0011 12'0------00-1- ->     4'0110 14'01100010000000
  transition:     4'0011 12'0------001-- ->     4'0100 14'01000010000000
  transition:     4'0011 12'01-----00--- ->     4'1000 14'10000010000000
  transition:     4'0011 12'0-1----00--- ->     4'0111 14'01110010000000
  transition:     4'0011 12'0--1---00--- ->     4'0101 14'01010010000000
  transition:     4'0011 12'0---1--00--- ->     4'0011 14'00110010000000
  transition:     4'0011 12'0----1-00--- ->     4'1001 14'10010010000000
  transition:     4'0011 12'0-----100--- ->     4'0001 14'00010010000000
  transition:     4'0011 12'0------10--- ->     4'0000 14'00000010000000
  transition:     4'0011 12'1-------0--- ->     4'0011 14'00110010000000
  transition:     4'0011 12'--------1--- ->     4'0000 14'00000010000000
  transition:     4'0111 12'000000000000 ->     4'0000 14'00000000001000
  transition:     4'0111 12'0------00--1 ->     4'0010 14'00100000001000
  transition:     4'0111 12'0------00-1- ->     4'0110 14'01100000001000
  transition:     4'0111 12'0------001-- ->     4'0100 14'01000000001000
  transition:     4'0111 12'01-----00--- ->     4'1000 14'10000000001000
  transition:     4'0111 12'0-1----00--- ->     4'0111 14'01110000001000
  transition:     4'0111 12'0--1---00--- ->     4'0101 14'01010000001000
  transition:     4'0111 12'0---1--00--- ->     4'0011 14'00110000001000
  transition:     4'0111 12'0----1-00--- ->     4'1001 14'10010000001000
  transition:     4'0111 12'0-----100--- ->     4'0001 14'00010000001000
  transition:     4'0111 12'0------10--- ->     4'0000 14'00000000001000
  transition:     4'0111 12'1-------0--- ->     4'0111 14'01110000001000
  transition:     4'0111 12'--------1--- ->     4'0000 14'00000000001000
Extracting FSM `\qspi.state' from module `\arm16_top'.
  found $dff cell for state register: $flatten\qspi.$procdff$844
  root of input selection tree: $flatten\qspi.$0\state[2:0]
  found reset state: 3'000 (guessed from mux tree)
  found ctrl input: \rst_n
  found state code: 3'000
  found ctrl input: $flatten\qspi.$procmux$409_CMP
  found ctrl input: $flatten\qspi.$procmux$443_CMP
  found ctrl input: $flatten\qspi.$procmux$420_CTRL
  found ctrl input: $flatten\qspi.$procmux$355_CMP
  found ctrl input: \qspi.qspi_sck_out
  found ctrl input: $flatten\qspi.$eq$qspi_master_streaming.v:83$207_Y
  found state code: 3'101
  found state code: 3'100
  found state code: 3'011
  found ctrl input: \qspi.stream_hit
  found ctrl input: \cpu.if_stage_unit.freeze_in
  found state code: 3'001
  found ctrl input: \cpu.mem_stage_unit.access_pending
  found ctrl output: $flatten\qspi.$procmux$443_CMP
  found ctrl output: $flatten\qspi.$procmux$420_CMP [1]
  found ctrl output: $flatten\qspi.$procmux$420_CMP [0]
  found ctrl output: $flatten\qspi.$procmux$409_CMP
  found ctrl output: $flatten\qspi.$procmux$355_CMP
  found ctrl output: $flatten\qspi.$procmux$328_CMP
  ctrl inputs: { \qspi.qspi_sck_out \qspi.stream_hit $flatten\qspi.$eq$qspi_master_streaming.v:83$207_Y $flatten\qspi.$procmux$420_CTRL \cpu.if_stage_unit.freeze_in \cpu.mem_stage_unit.access_pending \rst_n }
  ctrl outputs: { $flatten\qspi.$0\state[2:0] $flatten\qspi.$procmux$328_CMP $flatten\qspi.$procmux$355_CMP $flatten\qspi.$procmux$409_CMP $flatten\qspi.$procmux$420_CMP $flatten\qspi.$procmux$443_CMP }
  transition:      3'000 7'------0 ->      3'000 9'000010000
  transition:      3'000 7'-0--0-1 ->      3'001 9'001010000
  transition:      3'000 7'-0--101 ->      3'000 9'000010000
  transition:      3'000 7'-0--111 ->      3'001 9'001010000
  transition:      3'000 7'-1----1 ->      3'100 9'100010000
  transition:      3'100 7'------0 ->      3'000 9'000001000
  transition:      3'100 7'0-----1 ->      3'100 9'100001000
  transition:      3'100 7'1-0---1 ->      3'100 9'100001000
  transition:      3'100 7'1-1---1 ->      3'101 9'101001000
  transition:      3'001 7'------0 ->      3'000 9'000000010
  transition:      3'001 7'0-----1 ->      3'001 9'001000010
  transition:      3'001 7'1-0---1 ->      3'001 9'001000010
  transition:      3'001 7'1-1---1 ->      3'011 9'011000010
  transition:      3'101 7'------0 ->      3'000 9'000100000
  transition:      3'101 7'------1 ->      3'000 9'000100000
  transition:      3'011 7'------0 ->      3'000 9'000000001
  transition:      3'011 7'0-----1 ->      3'011 9'011000001
  transition:      3'011 7'1-0---1 ->      3'011 9'011000001
  transition:      3'011 7'1-1---1 ->      3'100 9'100000001

21.9.3. Executing FSM_OPT pass (simple optimizations of FSMs).
Optimizing FSM `$fsm$\qspi.state$952' from module `\arm16_top'.
  Merging pattern 7'------0 and 7'------1 from group (3 0 9'000100000).
  Merging pattern 7'------1 and 7'------0 from group (3 0 9'000100000).
  Removing unused input signal $flatten\qspi.$procmux$420_CTRL.
Optimizing FSM `$fsm$\cpu.id_reg_unit.execute_command_out$940' from module `\arm16_top'.

21.9.4. Executing OPT_CLEAN pass (remove unused cells and wires).
Finding unused cells or wires in module \arm16_top..
Removed 33 unused cells and 39 unused wires.
<suppressed ~42 debug messages>

21.9.5. Executing FSM_OPT pass (simple optimizations of FSMs).
Optimizing FSM `$fsm$\cpu.id_reg_unit.execute_command_out$940' from module `\arm16_top'.
  Removing unused output signal $flatten\cpu.\id_reg_unit.$0\execute_command_out[3:0] [0].
  Removing unused output signal $flatten\cpu.\id_reg_unit.$0\execute_command_out[3:0] [1].
  Removing unused output signal $flatten\cpu.\id_reg_unit.$0\execute_command_out[3:0] [2].
  Removing unused output signal $flatten\cpu.\id_reg_unit.$0\execute_command_out[3:0] [3].
Optimizing FSM `$fsm$\qspi.state$952' from module `\arm16_top'.
  Removing unused output signal $flatten\qspi.$0\state[2:0] [0].
  Removing unused output signal $flatten\qspi.$0\state[2:0] [1].
  Removing unused output signal $flatten\qspi.$0\state[2:0] [2].

21.9.6. Executing FSM_RECODE pass (re-assigning FSM state encoding).
Recoding FSM `$fsm$\cpu.id_reg_unit.execute_command_out$940' from module `\arm16_top' using `auto' encoding:
  mapping auto encoding to `one-hot` for this FSM.
  0000 -> ---------1
  1000 -> --------1-
  0100 -> -------1--
  0010 -> ------1---
  0110 -> -----1----
  0001 -> ----1-----
  1001 -> ---1------
  0101 -> --1-------
  0011 -> -1--------
  0111 -> 1---------
Recoding FSM `$fsm$\qspi.state$952' from module `\arm16_top' using `auto' encoding:
  mapping auto encoding to `one-hot` for this FSM.
  000 -> ----1
  100 -> ---1-
  001 -> --1--
  101 -> -1---
  011 -> 1----

21.9.7. Executing FSM_INFO pass (dumping all available information on FSM cells).

FSM `$fsm$\cpu.id_reg_unit.execute_command_out$940' from module `arm16_top':
-------------------------------------

  Information on FSM $fsm$\cpu.id_reg_unit.execute_command_out$940 (\cpu.id_reg_unit.execute_command_out):

  Number of input signals:   12
  Number of output signals:  10
  Number of state bits:      10

  Input signals:
    0: $auto$opt_reduce.cc:137:opt_pmux$939
    1: $auto$opt_reduce.cc:137:opt_pmux$937
    2: $auto$opt_reduce.cc:137:opt_pmux$935
    3: \cpu.id_reg_unit.clear
    4: \cpu.id_stage_unit.terminate_ctrl_signals
    5: $flatten\cpu.\id_stage_unit.\ctrl_unit.$procmux$595_CMP
    6: $flatten\cpu.\id_stage_unit.\ctrl_unit.$procmux$594_CMP
    7: $flatten\cpu.\id_stage_unit.\ctrl_unit.$procmux$592_CMP
    8: $flatten\cpu.\id_stage_unit.\ctrl_unit.$procmux$590_CMP
    9: $flatten\cpu.\id_stage_unit.\ctrl_unit.$procmux$588_CMP
   10: $flatten\cpu.\id_stage_unit.\ctrl_unit.$procmux$587_CMP
   11: \cpu.mem_out_stage_busy

  Output signals:
    0: $flatten\cpu.\exe_stage_unit.\alu_unit.$procmux$662_CMP
    1: $flatten\cpu.\exe_stage_unit.\alu_unit.$procmux$661_CMP
    2: $flatten\cpu.\exe_stage_unit.\alu_unit.$procmux$656_CMP
    3: $flatten\cpu.\exe_stage_unit.\alu_unit.$procmux$655_CMP
    4: $flatten\cpu.\exe_stage_unit.\alu_unit.$procmux$654_CMP
    5: $flatten\cpu.\exe_stage_unit.\alu_unit.$procmux$653_CMP
    6: $flatten\cpu.\exe_stage_unit.\alu_unit.$procmux$650_CMP
    7: $flatten\cpu.\exe_stage_unit.\alu_unit.$procmux$649_CMP
    8: $flatten\cpu.\exe_stage_unit.\alu_unit.$procmux$648_CMP
    9: $flatten\cpu.\exe_stage_unit.\alu_unit.$procmux$647_CMP

  State encoding:
    0: 10'---------1  <RESET STATE>
    1: 10'--------1-
    2: 10'-------1--
    3: 10'------1---
    4: 10'-----1----
    5: 10'----1-----
    6: 10'---1------
    7: 10'--1-------
    8: 10'-1--------
    9: 10'1---------

  Transition Table (state_in, ctrl_in, state_out, ctrl_out):
      0:     0 12'000000000000   ->     0 10'0000000001
      1:     0 12'0------10---   ->     0 10'0000000001
      2:     0 12'1-------0---   ->     0 10'0000000001
      3:     0 12'--------1---   ->     0 10'0000000001
      4:     0 12'01-----00---   ->     1 10'0000000001
      5:     0 12'0------001--   ->     2 10'0000000001
      6:     0 12'0------00--1   ->     3 10'0000000001
      7:     0 12'0------00-1-   ->     4 10'0000000001
      8:     0 12'0-----100---   ->     5 10'0000000001
      9:     0 12'0----1-00---   ->     6 10'0000000001
     10:     0 12'0--1---00---   ->     7 10'0000000001
     11:     0 12'0---1--00---   ->     8 10'0000000001
     12:     0 12'0-1----00---   ->     9 10'0000000001
     13:     1 12'000000000000   ->     0 10'0000010000
     14:     1 12'0------10---   ->     0 10'0000010000
     15:     1 12'--------1---   ->     0 10'0000010000
     16:     1 12'01-----00---   ->     1 10'0000010000
     17:     1 12'1-------0---   ->     1 10'0000010000
     18:     1 12'0------001--   ->     2 10'0000010000
     19:     1 12'0------00--1   ->     3 10'0000010000
     20:     1 12'0------00-1-   ->     4 10'0000010000
     21:     1 12'0-----100---   ->     5 10'0000010000
     22:     1 12'0----1-00---   ->     6 10'0000010000
     23:     1 12'0--1---00---   ->     7 10'0000010000
     24:     1 12'0---1--00---   ->     8 10'0000010000
     25:     1 12'0-1----00---   ->     9 10'0000010000
     26:     2 12'000000000000   ->     0 10'0100000000
     27:     2 12'0------10---   ->     0 10'0100000000
     28:     2 12'--------1---   ->     0 10'0100000000
     29:     2 12'01-----00---   ->     1 10'0100000000
     30:     2 12'0------001--   ->     2 10'0100000000
     31:     2 12'1-------0---   ->     2 10'0100000000
     32:     2 12'0------00--1   ->     3 10'0100000000
     33:     2 12'0------00-1-   ->     4 10'0100000000
     34:     2 12'0-----100---   ->     5 10'0100000000
     35:     2 12'0----1-00---   ->     6 10'0100000000
     36:     2 12'0--1---00---   ->     7 10'0100000000
     37:     2 12'0---1--00---   ->     8 10'0100000000
     38:     2 12'0-1----00---   ->     9 10'0100000000
     39:     3 12'000000000000   ->     0 10'0001000000
     40:     3 12'0------10---   ->     0 10'0001000000
     41:     3 12'--------1---   ->     0 10'0001000000
     42:     3 12'01-----00---   ->     1 10'0001000000
     43:     3 12'0------001--   ->     2 10'0001000000
     44:     3 12'0------00--1   ->     3 10'0001000000
     45:     3 12'1-------0---   ->     3 10'0001000000
     46:     3 12'0------00-1-   ->     4 10'0001000000
     47:     3 12'0-----100---   ->     5 10'0001000000
     48:     3 12'0----1-00---   ->     6 10'0001000000
     49:     3 12'0--1---00---   ->     7 10'0001000000
     50:     3 12'0---1--00---   ->     8 10'0001000000
     51:     3 12'0-1----00---   ->     9 10'0001000000
     52:     4 12'000000000000   ->     0 10'0000000100
     53:     4 12'0------10---   ->     0 10'0000000100
     54:     4 12'--------1---   ->     0 10'0000000100
     55:     4 12'01-----00---   ->     1 10'0000000100
     56:     4 12'0------001--   ->     2 10'0000000100
     57:     4 12'0------00--1   ->     3 10'0000000100
     58:     4 12'0------00-1-   ->     4 10'0000000100
     59:     4 12'1-------0---   ->     4 10'0000000100
     60:     4 12'0-----100---   ->     5 10'0000000100
     61:     4 12'0----1-00---   ->     6 10'0000000100
     62:     4 12'0--1---00---   ->     7 10'0000000100
     63:     4 12'0---1--00---   ->     8 10'0000000100
     64:     4 12'0-1----00---   ->     9 10'0000000100
     65:     5 12'000000000000   ->     0 10'0000000010
     66:     5 12'0------10---   ->     0 10'0000000010
     67:     5 12'--------1---   ->     0 10'0000000010
     68:     5 12'01-----00---   ->     1 10'0000000010
     69:     5 12'0------001--   ->     2 10'0000000010
     70:     5 12'0------00--1   ->     3 10'0000000010
     71:     5 12'0------00-1-   ->     4 10'0000000010
     72:     5 12'0-----100---   ->     5 10'0000000010
     73:     5 12'1-------0---   ->     5 10'0000000010
     74:     5 12'0----1-00---   ->     6 10'0000000010
     75:     5 12'0--1---00---   ->     7 10'0000000010
     76:     5 12'0---1--00---   ->     8 10'0000000010
     77:     5 12'0-1----00---   ->     9 10'0000000010
     78:     6 12'000000000000   ->     0 10'0000100000
     79:     6 12'0------10---   ->     0 10'0000100000
     80:     6 12'--------1---   ->     0 10'0000100000
     81:     6 12'01-----00---   ->     1 10'0000100000
     82:     6 12'0------001--   ->     2 10'0000100000
     83:     6 12'0------00--1   ->     3 10'0000100000
     84:     6 12'0------00-1-   ->     4 10'0000100000
     85:     6 12'0-----100---   ->     5 10'0000100000
     86:     6 12'0----1-00---   ->     6 10'0000100000
     87:     6 12'1-------0---   ->     6 10'0000100000
     88:     6 12'0--1---00---   ->     7 10'0000100000
     89:     6 12'0---1--00---   ->     8 10'0000100000
     90:     6 12'0-1----00---   ->     9 10'0000100000
     91:     7 12'000000000000   ->     0 10'1000000000
     92:     7 12'0------10---   ->     0 10'1000000000
     93:     7 12'--------1---   ->     0 10'1000000000
     94:     7 12'01-----00---   ->     1 10'1000000000
     95:     7 12'0------001--   ->     2 10'1000000000
     96:     7 12'0------00--1   ->     3 10'1000000000
     97:     7 12'0------00-1-   ->     4 10'1000000000
     98:     7 12'0-----100---   ->     5 10'1000000000
     99:     7 12'0----1-00---   ->     6 10'1000000000
    100:     7 12'0--1---00---   ->     7 10'1000000000
    101:     7 12'1-------0---   ->     7 10'1000000000
    102:     7 12'0---1--00---   ->     8 10'1000000000
    103:     7 12'0-1----00---   ->     9 10'1000000000
    104:     8 12'000000000000   ->     0 10'0010000000
    105:     8 12'0------10---   ->     0 10'0010000000
    106:     8 12'--------1---   ->     0 10'0010000000
    107:     8 12'01-----00---   ->     1 10'0010000000
    108:     8 12'0------001--   ->     2 10'0010000000
    109:     8 12'0------00--1   ->     3 10'0010000000
    110:     8 12'0------00-1-   ->     4 10'0010000000
    111:     8 12'0-----100---   ->     5 10'0010000000
    112:     8 12'0----1-00---   ->     6 10'0010000000
    113:     8 12'0--1---00---   ->     7 10'0010000000
    114:     8 12'0---1--00---   ->     8 10'0010000000
    115:     8 12'1-------0---   ->     8 10'0010000000
    116:     8 12'0-1----00---   ->     9 10'0010000000
    117:     9 12'000000000000   ->     0 10'0000001000
    118:     9 12'0------10---   ->     0 10'0000001000
    119:     9 12'--------1---   ->     0 10'0000001000
    120:     9 12'01-----00---   ->     1 10'0000001000
    121:     9 12'0------001--   ->     2 10'0000001000
    122:     9 12'0------00--1   ->     3 10'0000001000
    123:     9 12'0------00-1-   ->     4 10'0000001000
    124:     9 12'0-----100---   ->     5 10'0000001000
    125:     9 12'0----1-00---   ->     6 10'0000001000
    126:     9 12'0--1---00---   ->     7 10'0000001000
    127:     9 12'0---1--00---   ->     8 10'0000001000
    128:     9 12'0-1----00---   ->     9 10'0000001000
    129:     9 12'1-------0---   ->     9 10'0000001000

-------------------------------------

FSM `$fsm$\qspi.state$952' from module `arm16_top':
-------------------------------------

  Information on FSM $fsm$\qspi.state$952 (\qspi.state):

  Number of input signals:    6
  Number of output signals:   6
  Number of state bits:       5

  Input signals:
    0: \rst_n
    1: \cpu.mem_stage_unit.access_pending
    2: \cpu.if_stage_unit.freeze_in
    3: $flatten\qspi.$eq$qspi_master_streaming.v:83$207_Y
    4: \qspi.stream_hit
    5: \qspi.qspi_sck_out

  Output signals:
    0: $flatten\qspi.$procmux$443_CMP
    1: $flatten\qspi.$procmux$420_CMP [0]
    2: $flatten\qspi.$procmux$420_CMP [1]
    3: $flatten\qspi.$procmux$409_CMP
    4: $flatten\qspi.$procmux$355_CMP
    5: $flatten\qspi.$procmux$328_CMP

  State encoding:
    0:    5'----1  <RESET STATE>
    1:    5'---1-
    2:    5'--1--
    3:    5'-1---
    4:    5'1----

  Transition Table (state_in, ctrl_in, state_out, ctrl_out):
      0:     0 6'-----0   ->     0 6'010000
      1:     0 6'-0-101   ->     0 6'010000
      2:     0 6'-1---1   ->     1 6'010000
      3:     0 6'-0-111   ->     2 6'010000
      4:     0 6'-0-0-1   ->     2 6'010000
      5:     1 6'-----0   ->     0 6'001000
      6:     1 6'1-0--1   ->     1 6'001000
      7:     1 6'0----1   ->     1 6'001000
      8:     1 6'1-1--1   ->     3 6'001000
      9:     2 6'-----0   ->     0 6'000010
     10:     2 6'1-0--1   ->     2 6'000010
     11:     2 6'0----1   ->     2 6'000010
     12:     2 6'1-1--1   ->     4 6'000010
     13:     3 6'------   ->     0 6'100000
     14:     4 6'-----0   ->     0 6'000001
     15:     4 6'1-1--1   ->     1 6'000001
     16:     4 6'1-0--1   ->     4 6'000001
     17:     4 6'0----1   ->     4 6'000001

-------------------------------------

21.9.8. Executing FSM_MAP pass (mapping FSMs to basic logic).
Mapping FSM `$fsm$\cpu.id_reg_unit.execute_command_out$940' from module `\arm16_top'.
Mapping FSM `$fsm$\qspi.state$952' from module `\arm16_top'.

21.10. Executing OPT pass (performing simple optimizations).

21.10.1. Executing OPT_EXPR pass (perform const folding).
Optimizing module arm16_top.
Couldn't topologically sort cells, optimizing module arm16_top may take a longer time.
Couldn't topologically sort cells, optimizing module arm16_top may take a longer time.
Couldn't topologically sort cells, optimizing module arm16_top may take a longer time.
<suppressed ~4 debug messages>

21.10.2. Executing OPT_MERGE pass (detect identical cells).
Finding identical cells in module `\arm16_top'.
Computing hashes of 500 cells of `\arm16_top'.
Finding duplicate cells in `\arm16_top'.
Computing hashes of 484 cells of `\arm16_top'.
Finding duplicate cells in `\arm16_top'.
<suppressed ~48 debug messages>
Removed a total of 16 cells.

21.10.3. Executing OPT_MUXTREE pass (detect dead branches in mux trees).
Running muxtree optimizer on module \arm16_top..
  Creating internal representation of mux trees.
  Evaluating internal representation of mux trees.
  Analyzing evaluation results.
Removed 0 multiplexer ports.
<suppressed ~250 debug messages>

21.10.4. Executing OPT_REDUCE pass (consolidate $*mux and $reduce_* inputs).
  Optimizing cells in module \arm16_top.
    New input vector for $reduce_or cell $auto$opt_reduce.cc:131:opt_pmux$928: { \qspi.state [4] \qspi.state [2:1] }
  Optimizing cells in module \arm16_top.
Performed a total of 1 changes.

21.10.5. Executing OPT_MERGE pass (detect identical cells).
Finding identical cells in module `\arm16_top'.
Computing hashes of 484 cells of `\arm16_top'.
Finding duplicate cells in `\arm16_top'.
Removed a total of 0 cells.

21.10.6. Executing OPT_DFF pass (perform DFF optimizations).
Adding EN signal on $flatten\cpu.\mem_reg_unit.$procdff$860 ($adff) from module arm16_top (D = \cpu.exe_reg_unit.mem_r_en_out, Q = \cpu.mem_reg_unit.mem_r_en_out).
Adding EN signal on $flatten\cpu.\mem_reg_unit.$procdff$854 ($adff) from module arm16_top (D = \cpu.exe_reg_unit.wb_reg_dest_out, Q = \cpu.mem_reg_unit.wb_reg_dest_out).
Adding EN signal on $flatten\cpu.\mem_reg_unit.$procdff$866 ($adff) from module arm16_top (D = \qspi.data_rdata_out, Q = \cpu.mem_reg_unit.data_memory_result_out).
Adding EN signal on $flatten\cpu.\mem_reg_unit.$procdff$857 ($adff) from module arm16_top (D = \cpu.exe_reg_unit.wb_en_out, Q = \cpu.mem_reg_unit.wb_en_out).
Adding EN signal on $flatten\cpu.\mem_reg_unit.$procdff$863 ($adff) from module arm16_top (D = \cpu.exe_reg_unit.ALU_result_out, Q = \cpu.mem_reg_unit.alu_result_out).
Adding EN signal on $flatten\cpu.\exe_reg_unit.$procdff$891 ($adff) from module arm16_top (D = \cpu.id_reg_unit.wb_reg_dest_out, Q = \cpu.exe_reg_unit.wb_reg_dest_out).
Adding EN signal on $flatten\cpu.\exe_reg_unit.$procdff$900 ($adff) from module arm16_top (D = \cpu.id_reg_unit.mem_w_en_out, Q = \cpu.exe_reg_unit.mem_w_en_out).
Adding EN signal on $flatten\cpu.\exe_reg_unit.$procdff$894 ($adff) from module arm16_top (D = \cpu.id_reg_unit.wb_en_out, Q = \cpu.exe_reg_unit.wb_en_out).
Adding EN signal on $flatten\cpu.\exe_reg_unit.$procdff$906 ($adff) from module arm16_top (D = \cpu.exe_reg_unit.ALU_result_in, Q = \cpu.exe_reg_unit.ALU_result_out).
Adding EN signal on $flatten\cpu.\exe_reg_unit.$procdff$897 ($adff) from module arm16_top (D = \cpu.id_reg_unit.mem_r_en_out, Q = \cpu.exe_reg_unit.mem_r_en_out).
Adding SRST signal on $flatten\cpu.\id_reg_unit.$procdff$871 ($dff) from module arm16_top (D = $flatten\cpu.\id_reg_unit.$procmux$767_Y, Q = \cpu.id_reg_unit.wb_reg_dest_out, rval = 4'0000).
Adding EN signal on $auto$ff.cc:337:slice$1110 ($sdff) from module arm16_top (D = \cpu.if_reg_unit.instruction_out [15:12], Q = \cpu.id_reg_unit.wb_reg_dest_out).
Adding SRST signal on $flatten\cpu.\id_reg_unit.$procdff$872 ($dff) from module arm16_top (D = $flatten\cpu.\id_reg_unit.$procmux$803_Y, Q = \cpu.id_reg_unit.wb_en_out, rval = 1'0).
Adding EN signal on $auto$ff.cc:337:slice$1112 ($sdff) from module arm16_top (D = \cpu.id_reg_unit.wb_en_in, Q = \cpu.id_reg_unit.wb_en_out).
Adding SRST signal on $flatten\cpu.\id_reg_unit.$procdff$873 ($dff) from module arm16_top (D = $flatten\cpu.\id_reg_unit.$procmux$773_Y, Q = \cpu.id_reg_unit.do_update_sr_out, rval = 1'0).
Adding EN signal on $auto$ff.cc:337:slice$1114 ($sdff) from module arm16_top (D = \cpu.id_reg_unit.do_update_sr_in, Q = \cpu.id_reg_unit.do_update_sr_out).
Adding SRST signal on $flatten\cpu.\id_reg_unit.$procdff$874 ($dff) from module arm16_top (D = $flatten\cpu.\id_reg_unit.$procmux$797_Y, Q = \cpu.id_reg_unit.mem_r_en_out, rval = 1'0).
Adding EN signal on $auto$ff.cc:337:slice$1116 ($sdff) from module arm16_top (D = \cpu.id_reg_unit.mem_r_en_in, Q = \cpu.id_reg_unit.mem_r_en_out).
Adding SRST signal on $flatten\cpu.\id_reg_unit.$procdff$875 ($dff) from module arm16_top (D = $flatten\cpu.\id_reg_unit.$procmux$791_Y, Q = \cpu.id_reg_unit.mem_w_en_out, rval = 1'0).
Adding EN signal on $auto$ff.cc:337:slice$1118 ($sdff) from module arm16_top (D = \cpu.id_reg_unit.mem_w_en_in, Q = \cpu.id_reg_unit.mem_w_en_out).
Adding SRST signal on $flatten\cpu.\id_reg_unit.$procdff$876 ($dff) from module arm16_top (D = $flatten\cpu.\id_reg_unit.$procmux$785_Y, Q = \cpu.id_reg_unit.branch_taken_out, rval = 1'0).
Adding EN signal on $auto$ff.cc:337:slice$1120 ($sdff) from module arm16_top (D = \cpu.id_reg_unit.branch_taken_in, Q = \cpu.id_reg_unit.branch_taken_out).
Adding SRST signal on $flatten\cpu.\id_reg_unit.$procdff$877 ($dff) from module arm16_top (D = $flatten\cpu.\id_reg_unit.$procmux$731_Y, Q = \cpu.id_reg_unit.val_rm_out, rval = 16'0000000000000000).
Adding EN signal on $auto$ff.cc:337:slice$1122 ($sdff) from module arm16_top (D = \cpu.id_reg_unit.val_rm_in, Q = \cpu.id_reg_unit.val_rm_out).
Adding SRST signal on $flatten\cpu.\id_reg_unit.$procdff$878 ($dff) from module arm16_top (D = $flatten\cpu.\id_reg_unit.$procmux$725_Y, Q = \cpu.id_reg_unit.status_bits_out, rval = 4'0000).
Adding EN signal on $auto$ff.cc:337:slice$1124 ($sdff) from module arm16_top (D = \cpu.sr_unit.status_output, Q = \cpu.id_reg_unit.status_bits_out).
Adding SRST signal on $flatten\cpu.\id_reg_unit.$procdff$880 ($dff) from module arm16_top (D = $flatten\cpu.\id_reg_unit.$procmux$761_Y, Q = \cpu.id_reg_unit.pc_plus_four_out, rval = 16'0000000000000000).
Adding EN signal on $auto$ff.cc:337:slice$1126 ($sdff) from module arm16_top (D = \cpu.if_reg_unit.pc_plus_four_out, Q = \cpu.id_reg_unit.pc_plus_four_out).
Adding SRST signal on $flatten\cpu.\id_reg_unit.$procdff$881 ($dff) from module arm16_top (D = $flatten\cpu.\id_reg_unit.$procmux$755_Y, Q = \cpu.id_reg_unit.branch_immediate_out, rval = 16'0000000000000000).
Adding EN signal on $auto$ff.cc:337:slice$1128 ($sdff) from module arm16_top (D = \cpu.if_reg_unit.instruction_out [15:0], Q = \cpu.id_reg_unit.branch_immediate_out).
Adding SRST signal on $flatten\cpu.\id_reg_unit.$procdff$882 ($dff) from module arm16_top (D = $flatten\cpu.\id_reg_unit.$procmux$743_Y, Q = \cpu.id_reg_unit.instr_is_immediate_out, rval = 1'0).
Adding EN signal on $auto$ff.cc:337:slice$1130 ($sdff) from module arm16_top (D = \cpu.if_reg_unit.instruction_out [25], Q = \cpu.id_reg_unit.instr_is_immediate_out).
Adding SRST signal on $flatten\cpu.\id_reg_unit.$procdff$883 ($dff) from module arm16_top (D = $flatten\cpu.\id_reg_unit.$procmux$749_Y, Q = \cpu.id_reg_unit.instr_shifter_opperand_out, rval = 12'000000000000).
Adding EN signal on $auto$ff.cc:337:slice$1132 ($sdff) from module arm16_top (D = \cpu.if_reg_unit.instruction_out [11:0], Q = \cpu.id_reg_unit.instr_shifter_opperand_out).
Adding SRST signal on $flatten\cpu.\id_reg_unit.$procdff$884 ($dff) from module arm16_top (D = $flatten\cpu.\id_reg_unit.$procmux$737_Y, Q = \cpu.id_reg_unit.val_rn_out, rval = 16'0000000000000000).
Adding EN signal on $auto$ff.cc:337:slice$1134 ($sdff) from module arm16_top (D = \cpu.id_reg_unit.val_rn_in, Q = \cpu.id_reg_unit.val_rn_out).
Adding SRST signal on $flatten\cpu.\id_reg_unit.$procdff$885 ($dff) from module arm16_top (D = $flatten\cpu.\id_reg_unit.$procmux$707_Y, Q = \cpu.id_reg_unit.instr_has_src1_out, rval = 1'0).
Adding EN signal on $auto$ff.cc:337:slice$1136 ($sdff) from module arm16_top (D = \cpu.hazard_unit.id_instr_has_src1, Q = \cpu.id_reg_unit.instr_has_src1_out).
Adding SRST signal on $flatten\cpu.\id_reg_unit.$procdff$886 ($dff) from module arm16_top (D = $flatten\cpu.\id_reg_unit.$procmux$701_Y, Q = \cpu.id_reg_unit.instr_has_src2_out, rval = 1'0).
Adding EN signal on $auto$ff.cc:337:slice$1138 ($sdff) from module arm16_top (D = \cpu.hazard_unit.id_two_src_in, Q = \cpu.id_reg_unit.instr_has_src2_out).
Adding SRST signal on $flatten\cpu.\id_reg_unit.$procdff$887 ($dff) from module arm16_top (D = $flatten\cpu.\id_reg_unit.$procmux$719_Y, Q = \cpu.id_reg_unit.exe_src1_out, rval = 4'0000).
Adding EN signal on $auto$ff.cc:337:slice$1140 ($sdff) from module arm16_top (D = \cpu.if_reg_unit.instruction_out [19:16], Q = \cpu.id_reg_unit.exe_src1_out).
Adding SRST signal on $flatten\cpu.\id_reg_unit.$procdff$888 ($dff) from module arm16_top (D = $flatten\cpu.\id_reg_unit.$procmux$713_Y, Q = \cpu.id_reg_unit.exe_src2_out, rval = 4'0000).
Adding EN signal on $auto$ff.cc:337:slice$1142 ($sdff) from module arm16_top (D = \cpu.hazard_unit.id_src2_in, Q = \cpu.id_reg_unit.exe_src2_out).
Adding SRST signal on $flatten\cpu.\if_reg_unit.$procdff$867 ($dff) from module arm16_top (D = $flatten\cpu.\if_reg_unit.$procmux$679_Y [47:32], Q = \cpu.if_reg_unit.pc_plus_four_out, rval = 16'0000000000000000).
Adding EN signal on $auto$ff.cc:337:slice$1144 ($sdff) from module arm16_top (D = \cpu.if_reg_unit.pc_plus_four_in, Q = \cpu.if_reg_unit.pc_plus_four_out).
Adding SRST signal on $flatten\cpu.\if_reg_unit.$procdff$868 ($dff) from module arm16_top (D = $flatten\cpu.\if_reg_unit.$procmux$679_Y [31:0], Q = \cpu.if_reg_unit.instruction_out, rval = 0).
Adding EN signal on $auto$ff.cc:337:slice$1146 ($sdff) from module arm16_top (D = \cpu.if_stage_unit.instruction_mem_out, Q = \cpu.if_reg_unit.instruction_out).
Adding SRST signal on $flatten\cpu.\if_stage_unit.$procdff$869 ($dff) from module arm16_top (D = $flatten\cpu.\if_stage_unit.$procmux$684_Y, Q = \cpu.if_stage_unit.instruction_mem_out, rval = 0).
Adding EN signal on $auto$ff.cc:337:slice$1148 ($sdff) from module arm16_top (D = \qspi.instr_data_out, Q = \cpu.if_stage_unit.instruction_mem_out).
Adding SRST signal on $flatten\cpu.\if_stage_unit.$procdff$870 ($dff) from module arm16_top (D = $flatten\cpu.\if_stage_unit.$procmux$695_Y, Q = \cpu.if_stage_unit.pc_reg_out, rval = 16'0000000000000000).
Adding EN signal on $auto$ff.cc:337:slice$1150 ($sdff) from module arm16_top (D = $flatten\cpu.\if_stage_unit.$procmux$695_Y, Q = \cpu.if_stage_unit.pc_reg_out).
Adding EN signal on $flatten\cpu.\sr_unit.$procdff$828 ($adff) from module arm16_top (D = { 1'x \cpu.exe_stage_unit.alu_unit.sr_bit_Z_out \cpu.exe_stage_unit.alu_unit.sr_bit_C_out 1'0 }, Q = \cpu.sr_unit.status_output).
Adding SRST signal on $flatten\qspi.$procdff$851 ($dff) from module arm16_top (D = $flatten\qspi.$procmux$345_Y, Q = \qspi.stream_open, rval = 1'0).
Adding EN signal on $auto$ff.cc:337:slice$1159 ($sdff) from module arm16_top (D = $flatten\qspi.$procmux$345_Y, Q = \qspi.stream_open).
Adding SRST signal on $flatten\qspi.$procdff$850 ($dff) from module arm16_top (D = $flatten\qspi.$procmux$363_Y, Q = \qspi.stream_next_addr, rval = 24'000000000000000000000000).
Adding EN signal on $auto$ff.cc:337:slice$1169 ($sdff) from module arm16_top (D = $flatten\qspi.$add$qspi_master_streaming.v:108$216_Y, Q = \qspi.stream_next_addr).
Adding SRST signal on $flatten\qspi.$procdff$849 ($dff) from module arm16_top (D = $flatten\qspi.$procmux$381_Y, Q = \qspi.is_write, rval = 1'0).
Adding EN signal on $auto$ff.cc:337:slice$1173 ($sdff) from module arm16_top (D = $flatten\qspi.$procmux$379_Y, Q = \qspi.is_write).
Adding SRST signal on $flatten\qspi.$procdff$848 ($dff) from module arm16_top (D = $flatten\qspi.$procmux$399_Y, Q = \qspi.is_instr, rval = 1'0).
Adding EN signal on $auto$ff.cc:337:slice$1179 ($sdff) from module arm16_top (D = $flatten\qspi.$procmux$397_Y, Q = \qspi.is_instr).
Adding SRST signal on $flatten\qspi.$procdff$847 ($dff) from module arm16_top (D = $flatten\qspi.$procmux$408_Y, Q = \qspi.rxreg, rval = 0).
Adding EN signal on $auto$ff.cc:337:slice$1185 ($sdff) from module arm16_top (D = { \qspi.rxreg [27:0] \uio_in [5:4] \uio_in [2:1] }, Q = \qspi.rxreg).
Adding SRST signal on $flatten\qspi.$procdff$846 ($dff) from module arm16_top (D = $flatten\qspi.$procmux$419_Y, Q = \qspi.shifter, rval = 0).
Adding EN signal on $auto$ff.cc:337:slice$1189 ($sdff) from module arm16_top (D = $flatten\qspi.$procmux$419_Y, Q = \qspi.shifter).
Adding SRST signal on $flatten\qspi.$procdff$845 ($dff) from module arm16_top (D = $flatten\qspi.$procmux$437_Y, Q = \qspi.bitcnt, rval = 6'000000).
Adding EN signal on $auto$ff.cc:337:slice$1201 ($sdff) from module arm16_top (D = $flatten\qspi.$procmux$437_Y, Q = \qspi.bitcnt).
Adding SRST signal on $flatten\qspi.$procdff$843 ($dff) from module arm16_top (D = $flatten\qspi.$procmux$492_Y, Q = \qspi.qspi_dq_oe_out, rval = 4'0000).
Adding EN signal on $auto$ff.cc:337:slice$1215 ($sdff) from module arm16_top (D = $flatten\qspi.$procmux$492_Y, Q = \qspi.qspi_dq_oe_out).
Adding SRST signal on $flatten\qspi.$procdff$842 ($dff) from module arm16_top (D = $flatten\qspi.$procmux$511_Y, Q = \qspi.qspi_cs_rama_n_out, rval = 1'1).
Adding EN signal on $auto$ff.cc:337:slice$1223 ($sdff) from module arm16_top (D = $flatten\qspi.$procmux$511_Y, Q = \qspi.qspi_cs_rama_n_out).
Adding SRST signal on $flatten\qspi.$procdff$841 ($dff) from module arm16_top (D = $flatten\qspi.$procmux$529_Y, Q = \qspi.qspi_cs_flash_n_out, rval = 1'1).
Adding EN signal on $auto$ff.cc:337:slice$1235 ($sdff) from module arm16_top (D = $flatten\qspi.$procmux$529_Y, Q = \qspi.qspi_cs_flash_n_out).
Adding SRST signal on $flatten\qspi.$procdff$840 ($dff) from module arm16_top (D = $flatten\qspi.$procmux$544_Y, Q = \qspi.qspi_sck_out, rval = 1'0).
Adding EN signal on $auto$ff.cc:337:slice$1247 ($sdff) from module arm16_top (D = $flatten\qspi.$procmux$544_Y, Q = \qspi.qspi_sck_out).
Adding SRST signal on $flatten\qspi.$procdff$839 ($dff) from module arm16_top (D = $flatten\qspi.$procmux$325_Y, Q = \qspi.data_ready_out, rval = 1'0).
Adding SRST signal on $flatten\qspi.$procdff$838 ($dff) from module arm16_top (D = $flatten\qspi.$procmux$557_Y, Q = \qspi.data_rdata_out, rval = 16'0000000000000000).
Adding EN signal on $auto$ff.cc:337:slice$1254 ($sdff) from module arm16_top (D = \qspi.rxreg [15:0], Q = \qspi.data_rdata_out).
Adding SRST signal on $flatten\qspi.$procdff$837 ($dff) from module arm16_top (D = $flatten\qspi.$procmux$334_Y, Q = \qspi.instr_ready_out, rval = 1'0).
Adding SRST signal on $flatten\qspi.$procdff$836 ($dff) from module arm16_top (D = $flatten\qspi.$procmux$566_Y, Q = \qspi.instr_data_out, rval = 0).
Adding EN signal on $auto$ff.cc:337:slice$1263 ($sdff) from module arm16_top (D = \qspi.rxreg, Q = \qspi.instr_data_out).
Adding SRST signal on $flatten\qspi.$procdff$835 ($dff) from module arm16_top (D = $flatten\qspi.$procmux$577_Y, Q = \qspi.dq_o, rval = 4'0000).
Adding EN signal on $auto$ff.cc:337:slice$1267 ($sdff) from module arm16_top (D = \qspi.shifter [31:28], Q = \qspi.dq_o).
Setting constant 0-bit at position 0 on $auto$ff.cc:337:slice$1158 ($adffe) from module arm16_top.
Setting constant 0-bit at position 3 on $auto$ff.cc:337:slice$1158 ($adffe) from module arm16_top.

21.10.7. Executing OPT_CLEAN pass (remove unused cells and wires).
Finding unused cells or wires in module \arm16_top..
Removed 80 unused cells and 120 unused wires.
<suppressed ~81 debug messages>

21.10.8. Executing OPT_EXPR pass (perform const folding).
Optimizing module arm16_top.
Couldn't topologically sort cells, optimizing module arm16_top may take a longer time.
Couldn't topologically sort cells, optimizing module arm16_top may take a longer time.
Couldn't topologically sort cells, optimizing module arm16_top may take a longer time.
<suppressed ~14 debug messages>

21.10.9. Rerunning OPT passes. (Maybe there is more to do..)

21.10.10. Executing OPT_MUXTREE pass (detect dead branches in mux trees).
Running muxtree optimizer on module \arm16_top..
  Creating internal representation of mux trees.
  Evaluating internal representation of mux trees.
  Analyzing evaluation results.
Removed 0 multiplexer ports.
<suppressed ~137 debug messages>

21.10.11. Executing OPT_REDUCE pass (consolidate $*mux and $reduce_* inputs).
  Optimizing cells in module \arm16_top.
    New ctrl vector for $pmux cell $flatten\cpu.\id_stage_unit.\cond_unit.$procmux$625: { $auto$opt_reduce.cc:137:opt_pmux$1277 $auto$opt_reduce.cc:137:opt_pmux$1275 $auto$opt_reduce.cc:137:opt_pmux$1273 $flatten\cpu.\id_stage_unit.\cond_unit.$procmux$631_CMP $flatten\cpu.\id_stage_unit.\cond_unit.$procmux$632_CMP $flatten\cpu.\id_stage_unit.\cond_unit.$procmux$637_CMP $flatten\cpu.\id_stage_unit.\cond_unit.$procmux$638_CMP }
  Optimizing cells in module \arm16_top.
Performed a total of 1 changes.

21.10.12. Executing OPT_MERGE pass (detect identical cells).
Finding identical cells in module `\arm16_top'.
Computing hashes of 445 cells of `\arm16_top'.
Finding duplicate cells in `\arm16_top'.
Computing hashes of 430 cells of `\arm16_top'.
Finding duplicate cells in `\arm16_top'.
Computing hashes of 428 cells of `\arm16_top'.
Finding duplicate cells in `\arm16_top'.
<suppressed ~51 debug messages>
Removed a total of 17 cells.

21.10.13. Executing OPT_DFF pass (perform DFF optimizations).
Setting constant 0-bit at position 0 on $auto$ff.cc:337:slice$1125 ($sdffe) from module arm16_top.
Setting constant 0-bit at position 3 on $auto$ff.cc:337:slice$1125 ($sdffe) from module arm16_top.

21.10.14. Executing OPT_CLEAN pass (remove unused cells and wires).
Finding unused cells or wires in module \arm16_top..
Removed 3 unused cells and 26 unused wires.
<suppressed ~4 debug messages>

21.10.15. Executing OPT_EXPR pass (perform const folding).
Optimizing module arm16_top.
Couldn't topologically sort cells, optimizing module arm16_top may take a longer time.
Couldn't topologically sort cells, optimizing module arm16_top may take a longer time.

21.10.16. Rerunning OPT passes. (Maybe there is more to do..)

21.10.17. Executing OPT_MUXTREE pass (detect dead branches in mux trees).
Running muxtree optimizer on module \arm16_top..
  Creating internal representation of mux trees.
  Evaluating internal representation of mux trees.
  Analyzing evaluation results.
Removed 0 multiplexer ports.
<suppressed ~142 debug messages>

21.10.18. Executing OPT_REDUCE pass (consolidate $*mux and $reduce_* inputs).
  Optimizing cells in module \arm16_top.
Performed a total of 0 changes.

21.10.19. Executing OPT_MERGE pass (detect identical cells).
Finding identical cells in module `\arm16_top'.
Computing hashes of 425 cells of `\arm16_top'.
Finding duplicate cells in `\arm16_top'.
Removed a total of 0 cells.

21.10.20. Executing OPT_DFF pass (perform DFF optimizations).

21.10.21. Executing OPT_CLEAN pass (remove unused cells and wires).
Finding unused cells or wires in module \arm16_top..

21.10.22. Executing OPT_EXPR pass (perform const folding).
Optimizing module arm16_top.
Couldn't topologically sort cells, optimizing module arm16_top may take a longer time.
Couldn't topologically sort cells, optimizing module arm16_top may take a longer time.

21.10.23. Finished fast OPT passes. (There is nothing left to do.)

21.11. Executing WREDUCE pass (reducing word size of cells).
Removed top 28 address bits (of 32) from memory init port arm16_top.$flatten\cpu.\id_stage_unit.\regfile_unit.$meminit$\register_file_data$register_file.v:19$251 (cpu.id_stage_unit.regfile_unit.register_file_data).
Removed top 28 address bits (of 32) from memory init port arm16_top.$flatten\cpu.\id_stage_unit.\regfile_unit.$meminit$\register_file_data$register_file.v:19$252 (cpu.id_stage_unit.regfile_unit.register_file_data).
Removed top 28 address bits (of 32) from memory init port arm16_top.$flatten\cpu.\id_stage_unit.\regfile_unit.$meminit$\register_file_data$register_file.v:19$253 (cpu.id_stage_unit.regfile_unit.register_file_data).
Removed top 28 address bits (of 32) from memory init port arm16_top.$flatten\cpu.\id_stage_unit.\regfile_unit.$meminit$\register_file_data$register_file.v:19$254 (cpu.id_stage_unit.regfile_unit.register_file_data).
Removed top 28 address bits (of 32) from memory init port arm16_top.$flatten\cpu.\id_stage_unit.\regfile_unit.$meminit$\register_file_data$register_file.v:19$255 (cpu.id_stage_unit.regfile_unit.register_file_data).
Removed top 28 address bits (of 32) from memory init port arm16_top.$flatten\cpu.\id_stage_unit.\regfile_unit.$meminit$\register_file_data$register_file.v:19$256 (cpu.id_stage_unit.regfile_unit.register_file_data).
Removed top 28 address bits (of 32) from memory init port arm16_top.$flatten\cpu.\id_stage_unit.\regfile_unit.$meminit$\register_file_data$register_file.v:19$257 (cpu.id_stage_unit.regfile_unit.register_file_data).
Removed top 28 address bits (of 32) from memory init port arm16_top.$flatten\cpu.\id_stage_unit.\regfile_unit.$meminit$\register_file_data$register_file.v:19$258 (cpu.id_stage_unit.regfile_unit.register_file_data).
Removed top 28 address bits (of 32) from memory init port arm16_top.$flatten\cpu.\id_stage_unit.\regfile_unit.$meminit$\register_file_data$register_file.v:19$259 (cpu.id_stage_unit.regfile_unit.register_file_data).
Removed top 28 address bits (of 32) from memory init port arm16_top.$flatten\cpu.\id_stage_unit.\regfile_unit.$meminit$\register_file_data$register_file.v:19$260 (cpu.id_stage_unit.regfile_unit.register_file_data).
Removed top 28 address bits (of 32) from memory init port arm16_top.$flatten\cpu.\id_stage_unit.\regfile_unit.$meminit$\register_file_data$register_file.v:19$261 (cpu.id_stage_unit.regfile_unit.register_file_data).
Removed top 28 address bits (of 32) from memory init port arm16_top.$flatten\cpu.\id_stage_unit.\regfile_unit.$meminit$\register_file_data$register_file.v:19$262 (cpu.id_stage_unit.regfile_unit.register_file_data).
Removed top 28 address bits (of 32) from memory init port arm16_top.$flatten\cpu.\id_stage_unit.\regfile_unit.$meminit$\register_file_data$register_file.v:19$263 (cpu.id_stage_unit.regfile_unit.register_file_data).
Removed top 28 address bits (of 32) from memory init port arm16_top.$flatten\cpu.\id_stage_unit.\regfile_unit.$meminit$\register_file_data$register_file.v:19$264 (cpu.id_stage_unit.regfile_unit.register_file_data).
Removed top 28 address bits (of 32) from memory init port arm16_top.$flatten\cpu.\id_stage_unit.\regfile_unit.$meminit$\register_file_data$register_file.v:19$265 (cpu.id_stage_unit.regfile_unit.register_file_data).
Removed top 1 bits (of 2) from FF cell arm16_top.$auto$ff.cc:337:slice$1278 ($sdffe).
Removed top 1 bits (of 2) from port B of cell arm16_top.$auto$opt_dff.cc:320:make_patterns_logic$1212 ($ne).
Removed top 1 bits (of 2) from port B of cell arm16_top.$auto$opt_dff.cc:320:make_patterns_logic$1208 ($ne).
Removed top 1 bits (of 2) from port B of cell arm16_top.$auto$opt_dff.cc:320:make_patterns_logic$1198 ($ne).
Removed top 1 bits (of 3) from port B of cell arm16_top.$auto$opt_dff.cc:320:make_patterns_logic$1176 ($ne).
Removed top 1 bits (of 2) from port B of cell arm16_top.$auto$fsm_map.cc:77:implement_pattern_cache$1079 ($eq).
Removed top 2 bits (of 3) from port B of cell arm16_top.$auto$fsm_map.cc:77:implement_pattern_cache$1071 ($eq).
Removed top 1 bits (of 4) from port B of cell arm16_top.$auto$fsm_map.cc:77:implement_pattern_cache$1067 ($eq).
Removed top 1 bits (of 4) from port B of cell arm16_top.$auto$fsm_map.cc:77:implement_pattern_cache$1045 ($eq).
Removed top 1 bits (of 4) from port B of cell arm16_top.$auto$fsm_map.cc:77:implement_pattern_cache$1032 ($eq).
Removed top 1 bits (of 4) from port B of cell arm16_top.$auto$fsm_map.cc:77:implement_pattern_cache$1025 ($eq).
Removed top 1 bits (of 4) from port B of cell arm16_top.$auto$fsm_map.cc:77:implement_pattern_cache$1018 ($eq).
Removed top 1 bits (of 4) from port B of cell arm16_top.$auto$fsm_map.cc:77:implement_pattern_cache$1011 ($eq).
Removed top 1 bits (of 4) from port B of cell arm16_top.$auto$fsm_map.cc:77:implement_pattern_cache$1004 ($eq).
Removed top 3 bits (of 4) from port B of cell arm16_top.$auto$fsm_map.cc:77:implement_pattern_cache$997 ($eq).
Removed top 3 bits (of 4) from port B of cell arm16_top.$auto$fsm_map.cc:77:implement_pattern_cache$990 ($eq).
Removed top 3 bits (of 4) from port B of cell arm16_top.$auto$fsm_map.cc:77:implement_pattern_cache$983 ($eq).
Removed top 1 bits (of 4) from port B of cell arm16_top.$auto$fsm_map.cc:77:implement_pattern_cache$976 ($eq).
Removed top 1 bits (of 3) from port B of cell arm16_top.$auto$fsm_map.cc:77:implement_pattern_cache$967 ($eq).
Removed top 1 bits (of 2) from port B of cell arm16_top.$flatten\cpu.\exe_stage_unit.\val_unit.$eq$val2_generator.v:63$294 ($eq).
Removed top 32 bits (of 64) from port A of cell arm16_top.$flatten\cpu.\exe_stage_unit.\val_unit.$shr$val2_generator.v:55$289 ($shr).
Removed top 48 bits (of 64) from port Y of cell arm16_top.$flatten\cpu.\exe_stage_unit.\val_unit.$shr$val2_generator.v:55$289 ($shr).
Removed top 40 bits (of 64) from port A of cell arm16_top.$flatten\cpu.\exe_stage_unit.\val_unit.$shr$val2_generator.v:51$288 ($shr).
Removed top 48 bits (of 64) from port Y of cell arm16_top.$flatten\cpu.\exe_stage_unit.\val_unit.$shr$val2_generator.v:51$288 ($shr).
Removed top 31 bits (of 32) from port B of cell arm16_top.$flatten\cpu.\exe_stage_unit.\alu_unit.$sub$alu.v:46$56 ($sub).
Removed top 15 bits (of 32) from port Y of cell arm16_top.$flatten\cpu.\exe_stage_unit.\alu_unit.$sub$alu.v:46$56 ($sub).
Removed top 15 bits (of 32) from port A of cell arm16_top.$flatten\cpu.\exe_stage_unit.\alu_unit.$sub$alu.v:46$56 ($sub).
Removed top 15 bits (of 32) from port Y of cell arm16_top.$flatten\cpu.\exe_stage_unit.\alu_unit.$sub$alu.v:46$54 ($sub).
Removed top 31 bits (of 32) from port B of cell arm16_top.$flatten\cpu.\exe_stage_unit.\alu_unit.$add$alu.v:44$52 ($add).
Removed top 15 bits (of 32) from port Y of cell arm16_top.$flatten\cpu.\exe_stage_unit.\alu_unit.$add$alu.v:44$52 ($add).
Removed top 15 bits (of 32) from port A of cell arm16_top.$flatten\cpu.\exe_stage_unit.\alu_unit.$add$alu.v:44$52 ($add).
Removed top 15 bits (of 32) from port Y of cell arm16_top.$flatten\cpu.\exe_stage_unit.\alu_unit.$add$alu.v:44$51 ($add).
Removed top 3 bits (of 4) from port B of cell arm16_top.$flatten\cpu.\id_stage_unit.\cond_unit.$procmux$639_CMP0 ($eq).
Removed top 2 bits (of 4) from port B of cell arm16_top.$flatten\cpu.\id_stage_unit.\cond_unit.$procmux$638_CMP0 ($eq).
Removed top 2 bits (of 4) from port B of cell arm16_top.$flatten\cpu.\id_stage_unit.\cond_unit.$procmux$637_CMP0 ($eq).
Removed top 1 bits (of 4) from port B of cell arm16_top.$flatten\cpu.\id_stage_unit.\cond_unit.$procmux$635_CMP0 ($eq).
Removed top 1 bits (of 4) from port B of cell arm16_top.$flatten\cpu.\id_stage_unit.\cond_unit.$procmux$633_CMP0 ($eq).
Removed top 3 bits (of 4) from port B of cell arm16_top.$flatten\cpu.\id_stage_unit.\ctrl_unit.$procmux$595_CMP0 ($eq).
Removed top 2 bits (of 4) from port B of cell arm16_top.$flatten\cpu.\id_stage_unit.\ctrl_unit.$procmux$594_CMP0 ($eq).
Removed top 2 bits (of 4) from port B of cell arm16_top.$flatten\cpu.\id_stage_unit.\ctrl_unit.$procmux$593_CMP0 ($eq).
Removed top 1 bits (of 4) from port B of cell arm16_top.$flatten\cpu.\id_stage_unit.\ctrl_unit.$procmux$592_CMP0 ($eq).
Removed top 1 bits (of 4) from port B of cell arm16_top.$flatten\cpu.\id_stage_unit.\ctrl_unit.$procmux$591_CMP0 ($eq).
Removed top 1 bits (of 4) from port B of cell arm16_top.$flatten\cpu.\id_stage_unit.\ctrl_unit.$procmux$590_CMP0 ($eq).
Removed top 1 bits (of 4) from port B of cell arm16_top.$flatten\cpu.\id_stage_unit.\ctrl_unit.$procmux$589_CMP0 ($eq).
Removed top 1 bits (of 2) from port B of cell arm16_top.$flatten\cpu.\id_stage_unit.\ctrl_unit.$eq$control_unit.v:84$125 ($eq).
Removed top 3 bits (of 4) from port B of cell arm16_top.$flatten\cpu.\id_stage_unit.\ctrl_unit.$eq$control_unit.v:81$115 ($eq).
Removed top 1 bits (of 4) from port B of cell arm16_top.$flatten\cpu.\id_stage_unit.\ctrl_unit.$eq$control_unit.v:78$106 ($eq).
Removed top 2 bits (of 4) from port B of cell arm16_top.$flatten\cpu.\id_stage_unit.\ctrl_unit.$eq$control_unit.v:77$103 ($eq).
Removed top 1 bits (of 4) from port B of cell arm16_top.$flatten\cpu.\id_stage_unit.\ctrl_unit.$eq$control_unit.v:76$100 ($eq).
Removed top 1 bits (of 4) from port B of cell arm16_top.$flatten\cpu.\id_stage_unit.\ctrl_unit.$eq$control_unit.v:75$97 ($eq).
Removed top 13 bits (of 16) from port B of cell arm16_top.$flatten\cpu.\if_stage_unit.$add$IF_stage.v:19$24 ($add).
Removed top 5 bits (of 16) from port B of cell arm16_top.$flatten\cpu.\mem_stage_unit.$sub$MEM_stage.v:38$30 ($sub).
Removed top 8 bits (of 24) from port A of cell arm16_top.$flatten\qspi.$add$qspi_master_streaming.v:108$216 ($add).
Removed top 21 bits (of 24) from port B of cell arm16_top.$flatten\qspi.$add$qspi_master_streaming.v:108$216 ($add).
Removed top 7 bits (of 24) from port Y of cell arm16_top.$flatten\qspi.$add$qspi_master_streaming.v:108$216 ($add).
Removed top 5 bits (of 6) from port B of cell arm16_top.$flatten\qspi.$eq$qspi_master_streaming.v:99$215 ($eq).
Removed top 31 bits (of 32) from port B of cell arm16_top.$flatten\qspi.$sub$qspi_master_streaming.v:98$214 ($sub).
Removed top 26 bits (of 32) from port Y of cell arm16_top.$flatten\qspi.$sub$qspi_master_streaming.v:98$214 ($sub).
Removed top 2 bits (of 6) from mux cell arm16_top.$flatten\qspi.$ternary$qspi_master_streaming.v:91$212 ($mux).
Removed top 8 bits (of 24) from port A of cell arm16_top.$flatten\qspi.$eq$qspi_master_streaming.v:43$201 ($eq).
Removed top 7 bits (of 24) from wire arm16_top.$flatten\qspi.$add$qspi_master_streaming.v:108$216_Y.
Removed top 15 bits (of 32) from wire arm16_top.$flatten\cpu.\exe_stage_unit.\alu_unit.$add$alu.v:44$51_Y.
Removed top 15 bits (of 32) from wire arm16_top.$flatten\cpu.\exe_stage_unit.\alu_unit.$add$alu.v:44$52_Y.
Removed top 15 bits (of 32) from wire arm16_top.$flatten\cpu.\exe_stage_unit.\alu_unit.$sub$alu.v:46$54_Y.
Removed top 15 bits (of 32) from wire arm16_top.$flatten\cpu.\exe_stage_unit.\alu_unit.$sub$alu.v:46$56_Y.
Removed top 2 bits (of 6) from wire arm16_top.$flatten\qspi.$ternary$qspi_master_streaming.v:91$212_Y.
Removed top 26 bits (of 32) from wire arm16_top.$flatten\qspi.$sub$qspi_master_streaming.v:82$206_Y.
Removed top 1 bits (of 16) from wire arm16_top.mem_addr.

21.12. Executing PEEPOPT pass (run peephole optimizers).

21.13. Executing OPT_CLEAN pass (remove unused cells and wires).
Finding unused cells or wires in module \arm16_top..
Removed 0 unused cells and 8 unused wires.
<suppressed ~1 debug messages>

21.14. Executing ALUMACC pass (create $alu and $macc cells).
Extracting $alu and $macc cells in module arm16_top:
  creating $macc model for $flatten\qspi.$add$qspi_master_streaming.v:108$216 ($add).
  creating $macc model for $flatten\cpu.\mem_stage_unit.$sub$MEM_stage.v:38$30 ($sub).
  creating $macc model for $flatten\qspi.$sub$qspi_master_streaming.v:98$214 ($sub).
  creating $macc model for $flatten\cpu.\if_stage_unit.$add$IF_stage.v:19$24 ($add).
  creating $macc model for $flatten\cpu.\exe_stage_unit.\alu_unit.$add$alu.v:43$50 ($add).
  creating $macc model for $flatten\cpu.\exe_stage_unit.\alu_unit.$add$alu.v:44$51 ($add).
  creating $macc model for $flatten\cpu.\exe_stage_unit.\alu_unit.$add$alu.v:44$52 ($add).
  creating $macc model for $flatten\cpu.\exe_stage_unit.\alu_unit.$sub$alu.v:45$53 ($sub).
  creating $macc model for $flatten\cpu.\exe_stage_unit.\alu_unit.$sub$alu.v:46$54 ($sub).
  creating $macc model for $flatten\cpu.\exe_stage_unit.\alu_unit.$sub$alu.v:46$56 ($sub).
  creating $macc model for $flatten\cpu.\exe_stage_unit.$add$EXE_stage.v:63$4 ($add).
  merging $macc model for $flatten\cpu.\exe_stage_unit.\alu_unit.$sub$alu.v:46$54 into $flatten\cpu.\exe_stage_unit.\alu_unit.$sub$alu.v:46$56.
  merging $macc model for $flatten\cpu.\exe_stage_unit.\alu_unit.$add$alu.v:44$51 into $flatten\cpu.\exe_stage_unit.\alu_unit.$add$alu.v:44$52.
  creating $alu model for $macc $flatten\cpu.\exe_stage_unit.\alu_unit.$sub$alu.v:45$53.
  creating $alu model for $macc $flatten\cpu.\exe_stage_unit.\alu_unit.$add$alu.v:44$52.
  creating $alu model for $macc $flatten\cpu.\exe_stage_unit.$add$EXE_stage.v:63$4.
  creating $alu model for $macc $flatten\cpu.\exe_stage_unit.\alu_unit.$add$alu.v:43$50.
  creating $alu model for $macc $flatten\cpu.\if_stage_unit.$add$IF_stage.v:19$24.
  creating $alu model for $macc $flatten\qspi.$sub$qspi_master_streaming.v:98$214.
  creating $alu model for $macc $flatten\cpu.\mem_stage_unit.$sub$MEM_stage.v:38$30.
  creating $alu model for $macc $flatten\qspi.$add$qspi_master_streaming.v:108$216.
  creating $macc cell for $flatten\cpu.\exe_stage_unit.\alu_unit.$sub$alu.v:46$56: $auto$alumacc.cc:382:replace_macc$1287
  creating $alu model for $flatten\qspi.$eq$qspi_master_streaming.v:99$215 ($eq): merged with $flatten\qspi.$sub$qspi_master_streaming.v:98$214.
  creating $alu cell for $flatten\cpu.\mem_stage_unit.$sub$MEM_stage.v:38$30: $auto$alumacc.cc:512:replace_alu$1288
  creating $alu cell for $flatten\qspi.$sub$qspi_master_streaming.v:98$214, $flatten\qspi.$eq$qspi_master_streaming.v:99$215: $auto$alumacc.cc:512:replace_alu$1291
  creating $alu cell for $flatten\qspi.$add$qspi_master_streaming.v:108$216: $auto$alumacc.cc:512:replace_alu$1296
  creating $alu cell for $flatten\cpu.\if_stage_unit.$add$IF_stage.v:19$24: $auto$alumacc.cc:512:replace_alu$1299
  creating $alu cell for $flatten\cpu.\exe_stage_unit.$add$EXE_stage.v:63$4: $auto$alumacc.cc:512:replace_alu$1302
  creating $alu cell for $flatten\cpu.\exe_stage_unit.\alu_unit.$add$alu.v:43$50: $auto$alumacc.cc:512:replace_alu$1305
  creating $alu cell for $flatten\cpu.\exe_stage_unit.\alu_unit.$add$alu.v:44$52: $auto$alumacc.cc:512:replace_alu$1308
  creating $alu cell for $flatten\cpu.\exe_stage_unit.\alu_unit.$sub$alu.v:45$53: $auto$alumacc.cc:512:replace_alu$1311
  created 8 $alu and 1 $macc cells.

21.15. Executing SHARE pass (SAT-based resource sharing).
Found 6 cells in module arm16_top that may be considered for resource sharing.
  Analyzing resource sharing options for $flatten\cpu.\exe_stage_unit.\val_unit.$sshr$val2_generator.v:59$292 ($sshr):
    Found cell that is never activated: $flatten\cpu.\exe_stage_unit.\alu_unit.$add$alu.v:44$51
    Found cell that is never activated: $flatten\cpu.\exe_stage_unit.\alu_unit.$sub$alu.v:46$54
    Found 9 activation_patterns using ctrl signal { \cpu.id_reg_unit.instr_is_immediate_out \cpu.id_reg_unit.execute_command_out [9:1] \cpu.exe_stage_unit.val_unit.instr_is_memory_access $flatten\cpu.\exe_stage_unit.\val_unit.$eq$val2_generator.v:62$293_Y $flatten\cpu.\exe_stage_unit.\val_unit.$eq$val2_generator.v:63$294_Y $flatten\cpu.\exe_stage_unit.\val_unit.$eq$val2_generator.v:64$295_Y }.
    No candidates found.
  Analyzing resource sharing options for $flatten\cpu.\exe_stage_unit.\val_unit.$shr$val2_generator.v:58$291 ($shr):
    Found 9 activation_patterns using ctrl signal { \cpu.id_reg_unit.instr_is_immediate_out \cpu.id_reg_unit.execute_command_out [9:1] \cpu.exe_stage_unit.val_unit.instr_is_memory_access $flatten\cpu.\exe_stage_unit.\val_unit.$eq$val2_generator.v:62$293_Y $flatten\cpu.\exe_stage_unit.\val_unit.$eq$val2_generator.v:63$294_Y }.
    Found 2 candidates: $flatten\cpu.\exe_stage_unit.\val_unit.$shr$val2_generator.v:55$289 $flatten\cpu.\exe_stage_unit.\val_unit.$shr$val2_generator.v:51$288
    Analyzing resource sharing with $flatten\cpu.\exe_stage_unit.\val_unit.$shr$val2_generator.v:55$289 ($shr):
      Found 9 activation_patterns using ctrl signal { \cpu.id_reg_unit.instr_is_immediate_out \cpu.id_reg_unit.execute_command_out [9:1] \cpu.exe_stage_unit.val_unit.instr_is_memory_access $flatten\cpu.\exe_stage_unit.\val_unit.$eq$val2_generator.v:62$293_Y $flatten\cpu.\exe_stage_unit.\val_unit.$eq$val2_generator.v:63$294_Y $flatten\cpu.\exe_stage_unit.\val_unit.$eq$val2_generator.v:64$295_Y $flatten\cpu.\exe_stage_unit.\val_unit.$eq$val2_generator.v:65$296_Y }.
      Activation pattern for cell $flatten\cpu.\exe_stage_unit.\val_unit.$shr$val2_generator.v:58$291: { \cpu.id_reg_unit.instr_is_immediate_out \cpu.id_reg_unit.execute_command_out [5] \cpu.exe_stage_unit.val_unit.instr_is_memory_access $flatten\cpu.\exe_stage_unit.\val_unit.$eq$val2_generator.v:62$293_Y $flatten\cpu.\exe_stage_unit.\val_unit.$eq$val2_generator.v:63$294_Y } = 5'01001
      Activation pattern for cell $flatten\cpu.\exe_stage_unit.\val_unit.$shr$val2_generator.v:58$291: { \cpu.id_reg_unit.instr_is_immediate_out \cpu.id_reg_unit.execute_command_out [3] \cpu.exe_stage_unit.val_unit.instr_is_memory_access $flatten\cpu.\exe_stage_unit.\val_unit.$eq$val2_generator.v:62$293_Y $flatten\cpu.\exe_stage_unit.\val_unit.$eq$val2_generator.v:63$294_Y } = 5'01001
      Activation pattern for cell $flatten\cpu.\exe_stage_unit.\val_unit.$shr$val2_generator.v:58$291: { \cpu.id_reg_unit.instr_is_immediate_out \cpu.id_reg_unit.execute_command_out [8] \cpu.exe_stage_unit.val_unit.instr_is_memory_access $flatten\cpu.\exe_stage_unit.\val_unit.$eq$val2_generator.v:62$293_Y $flatten\cpu.\exe_stage_unit.\val_unit.$eq$val2_generator.v:63$294_Y } = 5'01001
      Activation pattern for cell $flatten\cpu.\exe_stage_unit.\val_unit.$shr$val2_generator.v:58$291: { \cpu.id_reg_unit.instr_is_immediate_out \cpu.id_reg_unit.execute_command_out [2] \cpu.exe_stage_unit.val_unit.instr_is_memory_access $flatten\cpu.\exe_stage_unit.\val_unit.$eq$val2_generator.v:62$293_Y $flatten\cpu.\exe_stage_unit.\val_unit.$eq$val2_generator.v:63$294_Y } = 5'01001
      Activation pattern for cell $flatten\cpu.\exe_stage_unit.\val_unit.$shr$val2_generator.v:58$291: { \cpu.id_reg_unit.instr_is_immediate_out \cpu.id_reg_unit.execute_command_out [7] \cpu.exe_stage_unit.val_unit.instr_is_memory_access $flatten\cpu.\exe_stage_unit.\val_unit.$eq$val2_generator.v:62$293_Y $flatten\cpu.\exe_stage_unit.\val_unit.$eq$val2_generator.v:63$294_Y } = 5'01001
      Activation pattern for cell $flatten\cpu.\exe_stage_unit.\val_unit.$shr$val2_generator.v:58$291: { \cpu.id_reg_unit.instr_is_immediate_out \cpu.id_reg_unit.execute_command_out [4] \cpu.exe_stage_unit.val_unit.instr_is_memory_access $flatten\cpu.\exe_stage_unit.\val_unit.$eq$val2_generator.v:62$293_Y $flatten\cpu.\exe_stage_unit.\val_unit.$eq$val2_generator.v:63$294_Y } = 5'01001
      Activation pattern for cell $flatten\cpu.\exe_stage_unit.\val_unit.$shr$val2_generator.v:58$291: { \cpu.id_reg_unit.instr_is_immediate_out \cpu.id_reg_unit.execute_command_out [9] \cpu.exe_stage_unit.val_unit.instr_is_memory_access $flatten\cpu.\exe_stage_unit.\val_unit.$eq$val2_generator.v:62$293_Y $flatten\cpu.\exe_stage_unit.\val_unit.$eq$val2_generator.v:63$294_Y } = 5'01001
      Activation pattern for cell $flatten\cpu.\exe_stage_unit.\val_unit.$shr$val2_generator.v:58$291: { \cpu.id_reg_unit.instr_is_immediate_out \cpu.id_reg_unit.execute_command_out [1] \cpu.exe_stage_unit.val_unit.instr_is_memory_access $flatten\cpu.\exe_stage_unit.\val_unit.$eq$val2_generator.v:62$293_Y $flatten\cpu.\exe_stage_unit.\val_unit.$eq$val2_generator.v:63$294_Y } = 5'01001
      Activation pattern for cell $flatten\cpu.\exe_stage_unit.\val_unit.$shr$val2_generator.v:58$291: { \cpu.id_reg_unit.instr_is_immediate_out \cpu.id_reg_unit.execute_command_out [6] \cpu.exe_stage_unit.val_unit.instr_is_memory_access $flatten\cpu.\exe_stage_unit.\val_unit.$eq$val2_generator.v:62$293_Y $flatten\cpu.\exe_stage_unit.\val_unit.$eq$val2_generator.v:63$294_Y } = 5'01001
      Activation pattern for cell $flatten\cpu.\exe_stage_unit.\val_unit.$shr$val2_generator.v:55$289: { \cpu.id_reg_unit.instr_is_immediate_out \cpu.id_reg_unit.execute_command_out [5] \cpu.exe_stage_unit.val_unit.instr_is_memory_access $flatten\cpu.\exe_stage_unit.\val_unit.$eq$val2_generator.v:62$293_Y $flatten\cpu.\exe_stage_unit.\val_unit.$eq$val2_generator.v:63$294_Y $flatten\cpu.\exe_stage_unit.\val_unit.$eq$val2_generator.v:64$295_Y $flatten\cpu.\exe_stage_unit.\val_unit.$eq$val2_generator.v:65$296_Y } = 7'0100001
      Activation pattern for cell $flatten\cpu.\exe_stage_unit.\val_unit.$shr$val2_generator.v:55$289: { \cpu.id_reg_unit.instr_is_immediate_out \cpu.id_reg_unit.execute_command_out [3] \cpu.exe_stage_unit.val_unit.instr_is_memory_access $flatten\cpu.\exe_stage_unit.\val_unit.$eq$val2_generator.v:62$293_Y $flatten\cpu.\exe_stage_unit.\val_unit.$eq$val2_generator.v:63$294_Y $flatten\cpu.\exe_stage_unit.\val_unit.$eq$val2_generator.v:64$295_Y $flatten\cpu.\exe_stage_unit.\val_unit.$eq$val2_generator.v:65$296_Y } = 7'0100001
      Activation pattern for cell $flatten\cpu.\exe_stage_unit.\val_unit.$shr$val2_generator.v:55$289: { \cpu.id_reg_unit.instr_is_immediate_out \cpu.id_reg_unit.execute_command_out [8] \cpu.exe_stage_unit.val_unit.instr_is_memory_access $flatten\cpu.\exe_stage_unit.\val_unit.$eq$val2_generator.v:62$293_Y $flatten\cpu.\exe_stage_unit.\val_unit.$eq$val2_generator.v:63$294_Y $flatten\cpu.\exe_stage_unit.\val_unit.$eq$val2_generator.v:64$295_Y $flatten\cpu.\exe_stage_unit.\val_unit.$eq$val2_generator.v:65$296_Y } = 7'0100001
      Activation pattern for cell $flatten\cpu.\exe_stage_unit.\val_unit.$shr$val2_generator.v:55$289: { \cpu.id_reg_unit.instr_is_immediate_out \cpu.id_reg_unit.execute_command_out [2] \cpu.exe_stage_unit.val_unit.instr_is_memory_access $flatten\cpu.\exe_stage_unit.\val_unit.$eq$val2_generator.v:62$293_Y $flatten\cpu.\exe_stage_unit.\val_unit.$eq$val2_generator.v:63$294_Y $flatten\cpu.\exe_stage_unit.\val_unit.$eq$val2_generator.v:64$295_Y $flatten\cpu.\exe_stage_unit.\val_unit.$eq$val2_generator.v:65$296_Y } = 7'0100001
      Activation pattern for cell $flatten\cpu.\exe_stage_unit.\val_unit.$shr$val2_generator.v:55$289: { \cpu.id_reg_unit.instr_is_immediate_out \cpu.id_reg_unit.execute_command_out [7] \cpu.exe_stage_unit.val_unit.instr_is_memory_access $flatten\cpu.\exe_stage_unit.\val_unit.$eq$val2_generator.v:62$293_Y $flatten\cpu.\exe_stage_unit.\val_unit.$eq$val2_generator.v:63$294_Y $flatten\cpu.\exe_stage_unit.\val_unit.$eq$val2_generator.v:64$295_Y $flatten\cpu.\exe_stage_unit.\val_unit.$eq$val2_generator.v:65$296_Y } = 7'0100001
      Activation pattern for cell $flatten\cpu.\exe_stage_unit.\val_unit.$shr$val2_generator.v:55$289: { \cpu.id_reg_unit.instr_is_immediate_out \cpu.id_reg_unit.execute_command_out [4] \cpu.exe_stage_unit.val_unit.instr_is_memory_access $flatten\cpu.\exe_stage_unit.\val_unit.$eq$val2_generator.v:62$293_Y $flatten\cpu.\exe_stage_unit.\val_unit.$eq$val2_generator.v:63$294_Y $flatten\cpu.\exe_stage_unit.\val_unit.$eq$val2_generator.v:64$295_Y $flatten\cpu.\exe_stage_unit.\val_unit.$eq$val2_generator.v:65$296_Y } = 7'0100001
      Activation pattern for cell $flatten\cpu.\exe_stage_unit.\val_unit.$shr$val2_generator.v:55$289: { \cpu.id_reg_unit.instr_is_immediate_out \cpu.id_reg_unit.execute_command_out [9] \cpu.exe_stage_unit.val_unit.instr_is_memory_access $flatten\cpu.\exe_stage_unit.\val_unit.$eq$val2_generator.v:62$293_Y $flatten\cpu.\exe_stage_unit.\val_unit.$eq$val2_generator.v:63$294_Y $flatten\cpu.\exe_stage_unit.\val_unit.$eq$val2_generator.v:64$295_Y $flatten\cpu.\exe_stage_unit.\val_unit.$eq$val2_generator.v:65$296_Y } = 7'0100001
      Activation pattern for cell $flatten\cpu.\exe_stage_unit.\val_unit.$shr$val2_generator.v:55$289: { \cpu.id_reg_unit.instr_is_immediate_out \cpu.id_reg_unit.execute_command_out [1] \cpu.exe_stage_unit.val_unit.instr_is_memory_access $flatten\cpu.\exe_stage_unit.\val_unit.$eq$val2_generator.v:62$293_Y $flatten\cpu.\exe_stage_unit.\val_unit.$eq$val2_generator.v:63$294_Y $flatten\cpu.\exe_stage_unit.\val_unit.$eq$val2_generator.v:64$295_Y $flatten\cpu.\exe_stage_unit.\val_unit.$eq$val2_generator.v:65$296_Y } = 7'0100001
      Activation pattern for cell $flatten\cpu.\exe_stage_unit.\val_unit.$shr$val2_generator.v:55$289: { \cpu.id_reg_unit.instr_is_immediate_out \cpu.id_reg_unit.execute_command_out [6] \cpu.exe_stage_unit.val_unit.instr_is_memory_access $flatten\cpu.\exe_stage_unit.\val_unit.$eq$val2_generator.v:62$293_Y $flatten\cpu.\exe_stage_unit.\val_unit.$eq$val2_generator.v:63$294_Y $flatten\cpu.\exe_stage_unit.\val_unit.$eq$val2_generator.v:64$295_Y $flatten\cpu.\exe_stage_unit.\val_unit.$eq$val2_generator.v:65$296_Y } = 7'0100001
      According to the SAT solver this pair of cells can be shared. (Pattern only case)
      Simplified activation pattern for cell $flatten\cpu.\exe_stage_unit.\val_unit.$shr$val2_generator.v:58$291: $flatten\cpu.\exe_stage_unit.\val_unit.$eq$val2_generator.v:63$294_Y = 1'1
      Simplified activation pattern for cell $flatten\cpu.\exe_stage_unit.\val_unit.$shr$val2_generator.v:55$289: $flatten\cpu.\exe_stage_unit.\val_unit.$eq$val2_generator.v:63$294_Y = 1'0
      Activation signal for $flatten\cpu.\exe_stage_unit.\val_unit.$shr$val2_generator.v:58$291: $auto$share.cc:1062:make_cell_activation_logic$1314
      New cell: $auto$share.cc:663:make_supercell$1321 ($shr)
  Analyzing resource sharing options for $auto$share.cc:663:make_supercell$1321 ($shr):
    Found 18 activation_patterns using ctrl signal { \cpu.id_reg_unit.instr_is_immediate_out \cpu.id_reg_unit.execute_command_out [9:1] \cpu.exe_stage_unit.val_unit.instr_is_memory_access $flatten\cpu.\exe_stage_unit.\val_unit.$eq$val2_generator.v:62$293_Y $flatten\cpu.\exe_stage_unit.\val_unit.$eq$val2_generator.v:63$294_Y $flatten\cpu.\exe_stage_unit.\val_unit.$eq$val2_generator.v:64$295_Y $flatten\cpu.\exe_stage_unit.\val_unit.$eq$val2_generator.v:65$296_Y }.
    Found 1 candidates: $flatten\cpu.\exe_stage_unit.\val_unit.$shr$val2_generator.v:51$288
    Analyzing resource sharing with $flatten\cpu.\exe_stage_unit.\val_unit.$shr$val2_generator.v:51$288 ($shr):
      Found 9 activation_patterns using ctrl signal { \cpu.id_reg_unit.instr_is_immediate_out \cpu.id_reg_unit.execute_command_out [9:1] \cpu.exe_stage_unit.val_unit.instr_is_memory_access }.
      Activation pattern for cell $auto$share.cc:663:make_supercell$1321: { \cpu.id_reg_unit.instr_is_immediate_out \cpu.id_reg_unit.execute_command_out [5] \cpu.exe_stage_unit.val_unit.instr_is_memory_access $flatten\cpu.\exe_stage_unit.\val_unit.$eq$val2_generator.v:62$293_Y $flatten\cpu.\exe_stage_unit.\val_unit.$eq$val2_generator.v:63$294_Y } = 5'01001
      Activation pattern for cell $auto$share.cc:663:make_supercell$1321: { \cpu.id_reg_unit.instr_is_immediate_out \cpu.id_reg_unit.execute_command_out [3] \cpu.exe_stage_unit.val_unit.instr_is_memory_access $flatten\cpu.\exe_stage_unit.\val_unit.$eq$val2_generator.v:62$293_Y $flatten\cpu.\exe_stage_unit.\val_unit.$eq$val2_generator.v:63$294_Y } = 5'01001
      Activation pattern for cell $auto$share.cc:663:make_supercell$1321: { \cpu.id_reg_unit.instr_is_immediate_out \cpu.id_reg_unit.execute_command_out [8] \cpu.exe_stage_unit.val_unit.instr_is_memory_access $flatten\cpu.\exe_stage_unit.\val_unit.$eq$val2_generator.v:62$293_Y $flatten\cpu.\exe_stage_unit.\val_unit.$eq$val2_generator.v:63$294_Y } = 5'01001
      Activation pattern for cell $auto$share.cc:663:make_supercell$1321: { \cpu.id_reg_unit.instr_is_immediate_out \cpu.id_reg_unit.execute_command_out [2] \cpu.exe_stage_unit.val_unit.instr_is_memory_access $flatten\cpu.\exe_stage_unit.\val_unit.$eq$val2_generator.v:62$293_Y $flatten\cpu.\exe_stage_unit.\val_unit.$eq$val2_generator.v:63$294_Y } = 5'01001
      Activation pattern for cell $auto$share.cc:663:make_supercell$1321: { \cpu.id_reg_unit.instr_is_immediate_out \cpu.id_reg_unit.execute_command_out [7] \cpu.exe_stage_unit.val_unit.instr_is_memory_access $flatten\cpu.\exe_stage_unit.\val_unit.$eq$val2_generator.v:62$293_Y $flatten\cpu.\exe_stage_unit.\val_unit.$eq$val2_generator.v:63$294_Y } = 5'01001
      Activation pattern for cell $auto$share.cc:663:make_supercell$1321: { \cpu.id_reg_unit.instr_is_immediate_out \cpu.id_reg_unit.execute_command_out [4] \cpu.exe_stage_unit.val_unit.instr_is_memory_access $flatten\cpu.\exe_stage_unit.\val_unit.$eq$val2_generator.v:62$293_Y $flatten\cpu.\exe_stage_unit.\val_unit.$eq$val2_generator.v:63$294_Y } = 5'01001
      Activation pattern for cell $auto$share.cc:663:make_supercell$1321: { \cpu.id_reg_unit.instr_is_immediate_out \cpu.id_reg_unit.execute_command_out [9] \cpu.exe_stage_unit.val_unit.instr_is_memory_access $flatten\cpu.\exe_stage_unit.\val_unit.$eq$val2_generator.v:62$293_Y $flatten\cpu.\exe_stage_unit.\val_unit.$eq$val2_generator.v:63$294_Y } = 5'01001
      Activation pattern for cell $auto$share.cc:663:make_supercell$1321: { \cpu.id_reg_unit.instr_is_immediate_out \cpu.id_reg_unit.execute_command_out [1] \cpu.exe_stage_unit.val_unit.instr_is_memory_access $flatten\cpu.\exe_stage_unit.\val_unit.$eq$val2_generator.v:62$293_Y $flatten\cpu.\exe_stage_unit.\val_unit.$eq$val2_generator.v:63$294_Y } = 5'01001
      Activation pattern for cell $auto$share.cc:663:make_supercell$1321: { \cpu.id_reg_unit.instr_is_immediate_out \cpu.id_reg_unit.execute_command_out [6] \cpu.exe_stage_unit.val_unit.instr_is_memory_access $flatten\cpu.\exe_stage_unit.\val_unit.$eq$val2_generator.v:62$293_Y $flatten\cpu.\exe_stage_unit.\val_unit.$eq$val2_generator.v:63$294_Y } = 5'01001
      Activation pattern for cell $auto$share.cc:663:make_supercell$1321: { \cpu.id_reg_unit.instr_is_immediate_out \cpu.id_reg_unit.execute_command_out [5] \cpu.exe_stage_unit.val_unit.instr_is_memory_access $flatten\cpu.\exe_stage_unit.\val_unit.$eq$val2_generator.v:62$293_Y $flatten\cpu.\exe_stage_unit.\val_unit.$eq$val2_generator.v:63$294_Y $flatten\cpu.\exe_stage_unit.\val_unit.$eq$val2_generator.v:64$295_Y $flatten\cpu.\exe_stage_unit.\val_unit.$eq$val2_generator.v:65$296_Y } = 7'0100001
      Activation pattern for cell $auto$share.cc:663:make_supercell$1321: { \cpu.id_reg_unit.instr_is_immediate_out \cpu.id_reg_unit.execute_command_out [3] \cpu.exe_stage_unit.val_unit.instr_is_memory_access $flatten\cpu.\exe_stage_unit.\val_unit.$eq$val2_generator.v:62$293_Y $flatten\cpu.\exe_stage_unit.\val_unit.$eq$val2_generator.v:63$294_Y $flatten\cpu.\exe_stage_unit.\val_unit.$eq$val2_generator.v:64$295_Y $flatten\cpu.\exe_stage_unit.\val_unit.$eq$val2_generator.v:65$296_Y } = 7'0100001
      Activation pattern for cell $auto$share.cc:663:make_supercell$1321: { \cpu.id_reg_unit.instr_is_immediate_out \cpu.id_reg_unit.execute_command_out [8] \cpu.exe_stage_unit.val_unit.instr_is_memory_access $flatten\cpu.\exe_stage_unit.\val_unit.$eq$val2_generator.v:62$293_Y $flatten\cpu.\exe_stage_unit.\val_unit.$eq$val2_generator.v:63$294_Y $flatten\cpu.\exe_stage_unit.\val_unit.$eq$val2_generator.v:64$295_Y $flatten\cpu.\exe_stage_unit.\val_unit.$eq$val2_generator.v:65$296_Y } = 7'0100001
      Activation pattern for cell $auto$share.cc:663:make_supercell$1321: { \cpu.id_reg_unit.instr_is_immediate_out \cpu.id_reg_unit.execute_command_out [2] \cpu.exe_stage_unit.val_unit.instr_is_memory_access $flatten\cpu.\exe_stage_unit.\val_unit.$eq$val2_generator.v:62$293_Y $flatten\cpu.\exe_stage_unit.\val_unit.$eq$val2_generator.v:63$294_Y $flatten\cpu.\exe_stage_unit.\val_unit.$eq$val2_generator.v:64$295_Y $flatten\cpu.\exe_stage_unit.\val_unit.$eq$val2_generator.v:65$296_Y } = 7'0100001
      Activation pattern for cell $auto$share.cc:663:make_supercell$1321: { \cpu.id_reg_unit.instr_is_immediate_out \cpu.id_reg_unit.execute_command_out [7] \cpu.exe_stage_unit.val_unit.instr_is_memory_access $flatten\cpu.\exe_stage_unit.\val_unit.$eq$val2_generator.v:62$293_Y $flatten\cpu.\exe_stage_unit.\val_unit.$eq$val2_generator.v:63$294_Y $flatten\cpu.\exe_stage_unit.\val_unit.$eq$val2_generator.v:64$295_Y $flatten\cpu.\exe_stage_unit.\val_unit.$eq$val2_generator.v:65$296_Y } = 7'0100001
      Activation pattern for cell $auto$share.cc:663:make_supercell$1321: { \cpu.id_reg_unit.instr_is_immediate_out \cpu.id_reg_unit.execute_command_out [4] \cpu.exe_stage_unit.val_unit.instr_is_memory_access $flatten\cpu.\exe_stage_unit.\val_unit.$eq$val2_generator.v:62$293_Y $flatten\cpu.\exe_stage_unit.\val_unit.$eq$val2_generator.v:63$294_Y $flatten\cpu.\exe_stage_unit.\val_unit.$eq$val2_generator.v:64$295_Y $flatten\cpu.\exe_stage_unit.\val_unit.$eq$val2_generator.v:65$296_Y } = 7'0100001
      Activation pattern for cell $auto$share.cc:663:make_supercell$1321: { \cpu.id_reg_unit.instr_is_immediate_out \cpu.id_reg_unit.execute_command_out [9] \cpu.exe_stage_unit.val_unit.instr_is_memory_access $flatten\cpu.\exe_stage_unit.\val_unit.$eq$val2_generator.v:62$293_Y $flatten\cpu.\exe_stage_unit.\val_unit.$eq$val2_generator.v:63$294_Y $flatten\cpu.\exe_stage_unit.\val_unit.$eq$val2_generator.v:64$295_Y $flatten\cpu.\exe_stage_unit.\val_unit.$eq$val2_generator.v:65$296_Y } = 7'0100001
      Activation pattern for cell $auto$share.cc:663:make_supercell$1321: { \cpu.id_reg_unit.instr_is_immediate_out \cpu.id_reg_unit.execute_command_out [1] \cpu.exe_stage_unit.val_unit.instr_is_memory_access $flatten\cpu.\exe_stage_unit.\val_unit.$eq$val2_generator.v:62$293_Y $flatten\cpu.\exe_stage_unit.\val_unit.$eq$val2_generator.v:63$294_Y $flatten\cpu.\exe_stage_unit.\val_unit.$eq$val2_generator.v:64$295_Y $flatten\cpu.\exe_stage_unit.\val_unit.$eq$val2_generator.v:65$296_Y } = 7'0100001
      Activation pattern for cell $auto$share.cc:663:make_supercell$1321: { \cpu.id_reg_unit.instr_is_immediate_out \cpu.id_reg_unit.execute_command_out [6] \cpu.exe_stage_unit.val_unit.instr_is_memory_access $flatten\cpu.\exe_stage_unit.\val_unit.$eq$val2_generator.v:62$293_Y $flatten\cpu.\exe_stage_unit.\val_unit.$eq$val2_generator.v:63$294_Y $flatten\cpu.\exe_stage_unit.\val_unit.$eq$val2_generator.v:64$295_Y $flatten\cpu.\exe_stage_unit.\val_unit.$eq$val2_generator.v:65$296_Y } = 7'0100001
      Activation pattern for cell $flatten\cpu.\exe_stage_unit.\val_unit.$shr$val2_generator.v:51$288: { \cpu.id_reg_unit.instr_is_immediate_out \cpu.id_reg_unit.execute_command_out [5] \cpu.exe_stage_unit.val_unit.instr_is_memory_access } = 3'110
      Activation pattern for cell $flatten\cpu.\exe_stage_unit.\val_unit.$shr$val2_generator.v:51$288: { \cpu.id_reg_unit.instr_is_immediate_out \cpu.id_reg_unit.execute_command_out [3] \cpu.exe_stage_unit.val_unit.instr_is_memory_access } = 3'110
      Activation pattern for cell $flatten\cpu.\exe_stage_unit.\val_unit.$shr$val2_generator.v:51$288: { \cpu.id_reg_unit.instr_is_immediate_out \cpu.id_reg_unit.execute_command_out [8] \cpu.exe_stage_unit.val_unit.instr_is_memory_access } = 3'110
      Activation pattern for cell $flatten\cpu.\exe_stage_unit.\val_unit.$shr$val2_generator.v:51$288: { \cpu.id_reg_unit.instr_is_immediate_out \cpu.id_reg_unit.execute_command_out [2] \cpu.exe_stage_unit.val_unit.instr_is_memory_access } = 3'110
      Activation pattern for cell $flatten\cpu.\exe_stage_unit.\val_unit.$shr$val2_generator.v:51$288: { \cpu.id_reg_unit.instr_is_immediate_out \cpu.id_reg_unit.execute_command_out [7] \cpu.exe_stage_unit.val_unit.instr_is_memory_access } = 3'110
      Activation pattern for cell $flatten\cpu.\exe_stage_unit.\val_unit.$shr$val2_generator.v:51$288: { \cpu.id_reg_unit.instr_is_immediate_out \cpu.id_reg_unit.execute_command_out [4] \cpu.exe_stage_unit.val_unit.instr_is_memory_access } = 3'110
      Activation pattern for cell $flatten\cpu.\exe_stage_unit.\val_unit.$shr$val2_generator.v:51$288: { \cpu.id_reg_unit.instr_is_immediate_out \cpu.id_reg_unit.execute_command_out [9] \cpu.exe_stage_unit.val_unit.instr_is_memory_access } = 3'110
      Activation pattern for cell $flatten\cpu.\exe_stage_unit.\val_unit.$shr$val2_generator.v:51$288: { \cpu.id_reg_unit.instr_is_immediate_out \cpu.id_reg_unit.execute_command_out [1] \cpu.exe_stage_unit.val_unit.instr_is_memory_access } = 3'110
      Activation pattern for cell $flatten\cpu.\exe_stage_unit.\val_unit.$shr$val2_generator.v:51$288: { \cpu.id_reg_unit.instr_is_immediate_out \cpu.id_reg_unit.execute_command_out [6] \cpu.exe_stage_unit.val_unit.instr_is_memory_access } = 3'110
      According to the SAT solver this pair of cells can be shared. (Pattern only case)
      Simplified activation pattern for cell $auto$share.cc:663:make_supercell$1321: \cpu.id_reg_unit.instr_is_immediate_out = 1'0
      Simplified activation pattern for cell $flatten\cpu.\exe_stage_unit.\val_unit.$shr$val2_generator.v:51$288: \cpu.id_reg_unit.instr_is_immediate_out = 1'1
      Activation signal for $auto$share.cc:663:make_supercell$1321: $auto$share.cc:1062:make_cell_activation_logic$1324
      New cell: $auto$share.cc:663:make_supercell$1331 ($shr)
  Analyzing resource sharing options for $auto$share.cc:663:make_supercell$1331 ($shr):
    Found 27 activation_patterns using ctrl signal { \cpu.id_reg_unit.instr_is_immediate_out \cpu.id_reg_unit.execute_command_out [9:1] \cpu.exe_stage_unit.val_unit.instr_is_memory_access $flatten\cpu.\exe_stage_unit.\val_unit.$eq$val2_generator.v:62$293_Y $flatten\cpu.\exe_stage_unit.\val_unit.$eq$val2_generator.v:63$294_Y $flatten\cpu.\exe_stage_unit.\val_unit.$eq$val2_generator.v:64$295_Y $flatten\cpu.\exe_stage_unit.\val_unit.$eq$val2_generator.v:65$296_Y }.
    No candidates found.
  Analyzing resource sharing options for $flatten\cpu.\exe_stage_unit.\val_unit.$shl$val2_generator.v:57$290 ($shl):
    Found 9 activation_patterns using ctrl signal { \cpu.id_reg_unit.instr_is_immediate_out \cpu.id_reg_unit.execute_command_out [9:1] \cpu.exe_stage_unit.val_unit.instr_is_memory_access $flatten\cpu.\exe_stage_unit.\val_unit.$eq$val2_generator.v:62$293_Y }.
    No candidates found.
  Analyzing resource sharing options for $flatten\cpu.\id_stage_unit.\regfile_unit.$memrd$\register_file_data$register_file.v:28$250 ($memrd):
    Found 1 activation_patterns using ctrl signal \cpu.mem_reg_unit.wb_en_out.
    No candidates found.
Removing 6 cells in module arm16_top:
  Removing cell $flatten\cpu.\exe_stage_unit.\val_unit.$shr$val2_generator.v:51$288 ($shr).
  Removing cell $auto$share.cc:663:make_supercell$1321 ($shr).
  Removing cell $flatten\cpu.\exe_stage_unit.\val_unit.$shr$val2_generator.v:55$289 ($shr).
  Removing cell $flatten\cpu.\exe_stage_unit.\val_unit.$shr$val2_generator.v:58$291 ($shr).
  Removing cell $flatten\cpu.\exe_stage_unit.\alu_unit.$sub$alu.v:46$54 ($sub).
  Removing cell $flatten\cpu.\exe_stage_unit.\alu_unit.$add$alu.v:44$51 ($add).

21.16. Executing OPT pass (performing simple optimizations).

21.16.1. Executing OPT_EXPR pass (perform const folding).
Optimizing module arm16_top.
Couldn't topologically sort cells, optimizing module arm16_top may take a longer time.
Couldn't topologically sort cells, optimizing module arm16_top may take a longer time.
Couldn't topologically sort cells, optimizing module arm16_top may take a longer time.
Couldn't topologically sort cells, optimizing module arm16_top may take a longer time.
<suppressed ~5 debug messages>

21.16.2. Executing OPT_MERGE pass (detect identical cells).
Finding identical cells in module `\arm16_top'.
Computing hashes of 429 cells of `\arm16_top'.
Finding duplicate cells in `\arm16_top'.
Computing hashes of 427 cells of `\arm16_top'.
Finding duplicate cells in `\arm16_top'.
<suppressed ~6 debug messages>
Removed a total of 2 cells.

21.16.3. Executing OPT_MUXTREE pass (detect dead branches in mux trees).
Running muxtree optimizer on module \arm16_top..
  Creating internal representation of mux trees.
  Evaluating internal representation of mux trees.
  Analyzing evaluation results.
Removed 0 multiplexer ports.
<suppressed ~147 debug messages>

21.16.4. Executing OPT_REDUCE pass (consolidate $*mux and $reduce_* inputs).
  Optimizing cells in module \arm16_top.
Performed a total of 0 changes.

21.16.5. Executing OPT_MERGE pass (detect identical cells).
Finding identical cells in module `\arm16_top'.
Computing hashes of 427 cells of `\arm16_top'.
Finding duplicate cells in `\arm16_top'.
Removed a total of 0 cells.

21.16.6. Executing OPT_DFF pass (perform DFF optimizations).
Setting constant 0-bit at position 17 on $auto$ff.cc:337:slice$1170 ($sdffe) from module arm16_top.
Setting constant 0-bit at position 18 on $auto$ff.cc:337:slice$1170 ($sdffe) from module arm16_top.
Setting constant 0-bit at position 19 on $auto$ff.cc:337:slice$1170 ($sdffe) from module arm16_top.
Setting constant 0-bit at position 20 on $auto$ff.cc:337:slice$1170 ($sdffe) from module arm16_top.
Setting constant 0-bit at position 21 on $auto$ff.cc:337:slice$1170 ($sdffe) from module arm16_top.
Setting constant 0-bit at position 22 on $auto$ff.cc:337:slice$1170 ($sdffe) from module arm16_top.
Setting constant 0-bit at position 23 on $auto$ff.cc:337:slice$1170 ($sdffe) from module arm16_top.

21.16.7. Executing OPT_CLEAN pass (remove unused cells and wires).
Finding unused cells or wires in module \arm16_top..
Removed 1 unused cells and 8 unused wires.
<suppressed ~4 debug messages>

21.16.8. Executing OPT_EXPR pass (perform const folding).
Optimizing module arm16_top.
Couldn't topologically sort cells, optimizing module arm16_top may take a longer time.
Couldn't topologically sort cells, optimizing module arm16_top may take a longer time.

21.16.9. Rerunning OPT passes. (Maybe there is more to do..)

21.16.10. Executing OPT_MUXTREE pass (detect dead branches in mux trees).
Running muxtree optimizer on module \arm16_top..
  Creating internal representation of mux trees.
  Evaluating internal representation of mux trees.
  Analyzing evaluation results.
Removed 0 multiplexer ports.
<suppressed ~147 debug messages>

21.16.11. Executing OPT_REDUCE pass (consolidate $*mux and $reduce_* inputs).
  Optimizing cells in module \arm16_top.
Performed a total of 0 changes.

21.16.12. Executing OPT_MERGE pass (detect identical cells).
Finding identical cells in module `\arm16_top'.
Computing hashes of 424 cells of `\arm16_top'.
Finding duplicate cells in `\arm16_top'.
Removed a total of 0 cells.

21.16.13. Executing OPT_DFF pass (perform DFF optimizations).

21.16.14. Executing OPT_CLEAN pass (remove unused cells and wires).
Finding unused cells or wires in module \arm16_top..

21.16.15. Executing OPT_EXPR pass (perform const folding).
Optimizing module arm16_top.
Couldn't topologically sort cells, optimizing module arm16_top may take a longer time.
Couldn't topologically sort cells, optimizing module arm16_top may take a longer time.

21.16.16. Finished fast OPT passes. (There is nothing left to do.)

21.17. Executing MEMORY pass.

21.17.1. Executing OPT_MEM pass (optimize memories).
Performed a total of 0 transformations.

21.17.2. Executing OPT_MEM_PRIORITY pass (removing unnecessary memory write priority relations).
Performed a total of 0 transformations.

21.17.3. Executing OPT_MEM_FEEDBACK pass (finding memory read-to-write feedback paths).
  Analyzing arm16_top.cpu.id_stage_unit.regfile_unit.register_file_data write port 0.
  Analyzing arm16_top.cpu.id_stage_unit.regfile_unit.register_file_data write port 1.
Populating enable bits on write ports of memory arm16_top.cpu.id_stage_unit.regfile_unit.register_file_data with async read feedback:
    Port 1 bit 15: added enable logic for 1 different cases.
    Port 1 bit 14: added enable logic for 1 different cases.
    Port 1 bit 13: added enable logic for 1 different cases.
    Port 1 bit 12: added enable logic for 1 different cases.
    Port 1 bit 11: added enable logic for 1 different cases.
    Port 1 bit 10: added enable logic for 1 different cases.
    Port 1 bit 9: added enable logic for 1 different cases.
    Port 1 bit 8: added enable logic for 1 different cases.
    Port 1 bit 7: added enable logic for 1 different cases.
    Port 1 bit 6: added enable logic for 1 different cases.
    Port 1 bit 5: added enable logic for 1 different cases.
    Port 1 bit 4: added enable logic for 1 different cases.
    Port 1 bit 3: added enable logic for 1 different cases.
    Port 1 bit 2: added enable logic for 1 different cases.
    Port 1 bit 1: added enable logic for 1 different cases.
    Port 1 bit 0: added enable logic for 1 different cases.

21.17.4. Executing MEMORY_BMUX2ROM pass (converting muxes to ROMs).

21.17.5. Executing MEMORY_DFF pass (merging $dff cells to $memrd).
Checking read port `\cpu.id_stage_unit.regfile_unit.register_file_data'[0] in module `\arm16_top': merging output FF to cell.
Checking read port `\cpu.id_stage_unit.regfile_unit.register_file_data'[1] in module `\arm16_top': merging output FF to cell.

21.17.6. Executing OPT_CLEAN pass (remove unused cells and wires).
Finding unused cells or wires in module \arm16_top..
Removed 2 unused cells and 43 unused wires.
<suppressed ~13 debug messages>

21.17.7. Executing MEMORY_SHARE pass (consolidating $memrd/$memwr cells).
Consolidating read ports of memory arm16_top.cpu.id_stage_unit.regfile_unit.register_file_data by address:
Consolidating write ports of memory arm16_top.cpu.id_stage_unit.regfile_unit.register_file_data by address:
  Merging ports 0, 1 (address \cpu.mem_reg_unit.wb_reg_dest_out).

21.17.8. Executing OPT_MEM_WIDEN pass (optimize memories where all ports are wide).
Performed a total of 0 transformations.

21.17.9. Executing OPT_CLEAN pass (remove unused cells and wires).
Finding unused cells or wires in module \arm16_top..
Removed 2 unused cells and 2 unused wires.
<suppressed ~3 debug messages>

21.17.10. Executing MEMORY_COLLECT pass (generating $mem cells).

21.18. Executing OPT_CLEAN pass (remove unused cells and wires).
Finding unused cells or wires in module \arm16_top..

21.19. Executing OPT pass (performing simple optimizations).

21.19.1. Executing OPT_EXPR pass (perform const folding).
Optimizing module arm16_top.
Couldn't topologically sort cells, optimizing module arm16_top may take a longer time.
Couldn't topologically sort cells, optimizing module arm16_top may take a longer time.
Couldn't topologically sort cells, optimizing module arm16_top may take a longer time.
Couldn't topologically sort cells, optimizing module arm16_top may take a longer time.
Couldn't topologically sort cells, optimizing module arm16_top may take a longer time.
Couldn't topologically sort cells, optimizing module arm16_top may take a longer time.
<suppressed ~126 debug messages>

21.19.2. Executing OPT_MERGE pass (detect identical cells).
Finding identical cells in module `\arm16_top'.
Computing hashes of 380 cells of `\arm16_top'.
Finding duplicate cells in `\arm16_top'.
Computing hashes of 378 cells of `\arm16_top'.
Finding duplicate cells in `\arm16_top'.
<suppressed ~6 debug messages>
Removed a total of 2 cells.

21.19.3. Executing OPT_DFF pass (perform DFF optimizations).

21.19.4. Executing OPT_CLEAN pass (remove unused cells and wires).
Finding unused cells or wires in module \arm16_top..
Removed 12 unused cells and 51 unused wires.
<suppressed ~13 debug messages>

21.19.5. Finished fast OPT passes.

21.20. Executing MEMORY_MAP pass (converting memories to logic and flip-flops).
Mapping memory \cpu.id_stage_unit.regfile_unit.register_file_data in module \arm16_top:
  created 15 $dff cells and 0 static cells of width 16.
Extracted data FF from read port 0 of arm16_top.cpu.id_stage_unit.regfile_unit.register_file_data: $\cpu.id_stage_unit.regfile_unit.register_file_data$rdreg[0]
Extracted data FF from read port 1 of arm16_top.cpu.id_stage_unit.regfile_unit.register_file_data: $\cpu.id_stage_unit.regfile_unit.register_file_data$rdreg[1]
  read interface: 2 $dff and 30 $mux cells.
  write interface: 15 write mux blocks.

21.21. Executing OPT pass (performing simple optimizations).

21.21.1. Executing OPT_EXPR pass (perform const folding).
Optimizing module arm16_top.
Couldn't topologically sort cells, optimizing module arm16_top may take a longer time.
Couldn't topologically sort cells, optimizing module arm16_top may take a longer time.
Couldn't topologically sort cells, optimizing module arm16_top may take a longer time.
Couldn't topologically sort cells, optimizing module arm16_top may take a longer time.
Couldn't topologically sort cells, optimizing module arm16_top may take a longer time.
<suppressed ~15 debug messages>

21.21.2. Executing OPT_MERGE pass (detect identical cells).
Finding identical cells in module `\arm16_top'.
Computing hashes of 469 cells of `\arm16_top'.
Finding duplicate cells in `\arm16_top'.
Computing hashes of 468 cells of `\arm16_top'.
Finding duplicate cells in `\arm16_top'.
<suppressed ~3 debug messages>
Removed a total of 1 cells.

21.21.3. Executing OPT_MUXTREE pass (detect dead branches in mux trees).
Running muxtree optimizer on module \arm16_top..
  Creating internal representation of mux trees.
  Evaluating internal representation of mux trees.
  Analyzing evaluation results.
Removed 0 multiplexer ports.
<suppressed ~157 debug messages>

21.21.4. Executing OPT_REDUCE pass (consolidate $*mux and $reduce_* inputs).
  Optimizing cells in module \arm16_top.
    Consolidated identical input bits for $mux cell $flatten\qspi.$procmux$501:
      Old ports: A=4'1111, B=4'0000, Y=$flatten\qspi.$procmux$501_Y
      New ports: A=1'1, B=1'0, Y=$flatten\qspi.$procmux$501_Y [0]
      New connections: $flatten\qspi.$procmux$501_Y [3:1] = { $flatten\qspi.$procmux$501_Y [0] $flatten\qspi.$procmux$501_Y [0] $flatten\qspi.$procmux$501_Y [0] }
    Consolidated identical input bits for $mux cell $auto$share.cc:656:make_supercell$1318:
      Old ports: A={ 1'0 \cpu.exe_stage_unit.val_unit.val_rm \cpu.exe_stage_unit.val_unit.val_rm }, B={ 17'00000000000000000 \cpu.exe_stage_unit.val_unit.val_rm }, Y=$auto$share.cc:653:make_supercell$1316
      New ports: A=\cpu.exe_stage_unit.val_unit.val_rm, B=16'0000000000000000, Y=$auto$share.cc:653:make_supercell$1316 [31:16]
      New connections: { $auto$share.cc:653:make_supercell$1316 [32] $auto$share.cc:653:make_supercell$1316 [15:0] } = { 1'0 \cpu.exe_stage_unit.val_unit.val_rm }
    Consolidated identical input bits for $mux cell $flatten\qspi.$ternary$qspi_master_streaming.v:91$212:
      Old ports: A=4'0100, B=4'1000, Y=$auto$wreduce.cc:514:run$1284 [3:0]
      New ports: A=2'01, B=2'10, Y=$auto$wreduce.cc:514:run$1284 [3:2]
      New connections: $auto$wreduce.cc:514:run$1284 [1:0] = 2'00
    Consolidated identical input bits for $mux cell $flatten\qspi.$ternary$qspi_master_streaming.v:88$209:
      Old ports: A=4'0000, B=4'1111, Y=$flatten\qspi.$ternary$qspi_master_streaming.v:88$209_Y
      New ports: A=1'0, B=1'1, Y=$flatten\qspi.$ternary$qspi_master_streaming.v:88$209_Y [0]
      New connections: $flatten\qspi.$ternary$qspi_master_streaming.v:88$209_Y [3:1] = { $flatten\qspi.$ternary$qspi_master_streaming.v:88$209_Y [0] $flatten\qspi.$ternary$qspi_master_streaming.v:88$209_Y [0] $flatten\qspi.$ternary$qspi_master_streaming.v:88$209_Y [0] }
    Consolidated identical input bits for $mux cell $flatten\qspi.$procmux$424:
      Old ports: A={ 16'1110101100000000 \cpu.if_stage_unit.pc_reg_out }, B={ 16'1110101100000000 \cpu.mem_stage_unit.memory_address [15:10] \cpu.exe_reg_unit.ALU_result_out [9:1] 1'0 }, Y=$flatten\qspi.$procmux$424_Y
      New ports: A=\cpu.if_stage_unit.pc_reg_out, B={ \cpu.mem_stage_unit.memory_address [15:10] \cpu.exe_reg_unit.ALU_result_out [9:1] 1'0 }, Y=$flatten\qspi.$procmux$424_Y [15:0]
      New connections: $flatten\qspi.$procmux$424_Y [31:16] = 16'1110101100000000
    Consolidated identical input bits for $mux cell $flatten\cpu.\id_stage_unit.\ctrl_unit.$ternary$control_unit.v:86$134:
      Old ports: A=4'0000, B=4'1110, Y=$flatten\cpu.\id_stage_unit.\ctrl_unit.$ternary$control_unit.v:86$134_Y
      New ports: A=1'0, B=1'1, Y=$flatten\cpu.\id_stage_unit.\ctrl_unit.$ternary$control_unit.v:86$134_Y [1]
      New connections: { $flatten\cpu.\id_stage_unit.\ctrl_unit.$ternary$control_unit.v:86$134_Y [3:2] $flatten\cpu.\id_stage_unit.\ctrl_unit.$ternary$control_unit.v:86$134_Y [0] } = { $flatten\cpu.\id_stage_unit.\ctrl_unit.$ternary$control_unit.v:86$134_Y [1] $flatten\cpu.\id_stage_unit.\ctrl_unit.$ternary$control_unit.v:86$134_Y [1] 1'0 }
    Consolidated identical input bits for $mux cell $auto$share.cc:657:make_supercell$1329:
      Old ports: A=\cpu.id_reg_unit.instr_shifter_opperand_out [11:7], B={ \cpu.id_reg_unit.instr_shifter_opperand_out [11:8] 1'0 }, Y=$auto$share.cc:654:make_supercell$1327
      New ports: A=\cpu.id_reg_unit.instr_shifter_opperand_out [7], B=1'0, Y=$auto$share.cc:654:make_supercell$1327 [0]
      New connections: $auto$share.cc:654:make_supercell$1327 [4:1] = \cpu.id_reg_unit.instr_shifter_opperand_out [11:8]
  Optimizing cells in module \arm16_top.
    Consolidated identical input bits for $mux cell $flatten\cpu.\id_stage_unit.\ctrl_unit.$ternary$control_unit.v:85$135:
      Old ports: A=$flatten\cpu.\id_stage_unit.\ctrl_unit.$ternary$control_unit.v:86$134_Y, B=4'1101, Y=$flatten\cpu.\id_stage_unit.\ctrl_unit.$ternary$control_unit.v:85$135_Y
      New ports: A={ $flatten\cpu.\id_stage_unit.\ctrl_unit.$ternary$control_unit.v:86$134_Y [1] $flatten\cpu.\id_stage_unit.\ctrl_unit.$ternary$control_unit.v:86$134_Y [1] 1'0 }, B=3'101, Y=$flatten\cpu.\id_stage_unit.\ctrl_unit.$ternary$control_unit.v:85$135_Y [2:0]
      New connections: $flatten\cpu.\id_stage_unit.\ctrl_unit.$ternary$control_unit.v:85$135_Y [3] = $flatten\cpu.\id_stage_unit.\ctrl_unit.$ternary$control_unit.v:85$135_Y [2]
    Consolidated identical input bits for $mux cell $auto$share.cc:656:make_supercell$1328:
      Old ports: A=$auto$share.cc:653:make_supercell$1316, B={ 9'000000000 \cpu.id_reg_unit.instr_shifter_opperand_out [7:0] 8'00000000 \cpu.id_reg_unit.instr_shifter_opperand_out [7:0] }, Y=$auto$share.cc:653:make_supercell$1326
      New ports: A={ $auto$share.cc:653:make_supercell$1316 [31:16] \cpu.exe_stage_unit.val_unit.val_rm }, B={ 8'00000000 \cpu.id_reg_unit.instr_shifter_opperand_out [7:0] 8'00000000 \cpu.id_reg_unit.instr_shifter_opperand_out [7:0] }, Y=$auto$share.cc:653:make_supercell$1326 [31:0]
      New connections: $auto$share.cc:653:make_supercell$1326 [32] = 1'0
    Consolidated identical input bits for $pmux cell $flatten\qspi.$procmux$492:
      Old ports: A=$flatten\qspi.$procmux$501_Y, B={ $flatten\qspi.$ternary$qspi_master_streaming.v:88$209_Y 4'0000 }, Y=$flatten\qspi.$procmux$492_Y
      New ports: A=$flatten\qspi.$procmux$501_Y [0], B={ $flatten\qspi.$ternary$qspi_master_streaming.v:88$209_Y [0] 1'0 }, Y=$flatten\qspi.$procmux$492_Y [0]
      New connections: $flatten\qspi.$procmux$492_Y [3:1] = { $flatten\qspi.$procmux$492_Y [0] $flatten\qspi.$procmux$492_Y [0] $flatten\qspi.$procmux$492_Y [0] }
  Optimizing cells in module \arm16_top.
    Consolidated identical input bits for $mux cell $flatten\cpu.\id_stage_unit.\ctrl_unit.$ternary$control_unit.v:84$136:
      Old ports: A=$flatten\cpu.\id_stage_unit.\ctrl_unit.$ternary$control_unit.v:85$135_Y, B=4'1100, Y=$flatten\cpu.\id_stage_unit.\ctrl_unit.$ternary$control_unit.v:84$136_Y
      New ports: A=$flatten\cpu.\id_stage_unit.\ctrl_unit.$ternary$control_unit.v:85$135_Y [2:0], B=3'100, Y=$flatten\cpu.\id_stage_unit.\ctrl_unit.$ternary$control_unit.v:84$136_Y [2:0]
      New connections: $flatten\cpu.\id_stage_unit.\ctrl_unit.$ternary$control_unit.v:84$136_Y [3] = $flatten\cpu.\id_stage_unit.\ctrl_unit.$ternary$control_unit.v:84$136_Y [2]
  Optimizing cells in module \arm16_top.
Performed a total of 11 changes.

21.21.5. Executing OPT_MERGE pass (detect identical cells).
Finding identical cells in module `\arm16_top'.
Computing hashes of 468 cells of `\arm16_top'.
Finding duplicate cells in `\arm16_top'.
Removed a total of 0 cells.

21.21.6. Executing OPT_SHARE pass.

21.21.7. Executing OPT_DFF pass (perform DFF optimizations).
Adding EN signal on $auto$ff.cc:337:slice$1151 ($sdffe) from module arm16_top (D = \cpu.if_stage_unit.branch_address_in [1:0], Q = \cpu.if_stage_unit.pc_reg_out [1:0]).

21.21.8. Executing OPT_CLEAN pass (remove unused cells and wires).
Finding unused cells or wires in module \arm16_top..
Removed 1 unused cells and 53 unused wires.
<suppressed ~2 debug messages>

21.21.9. Executing OPT_EXPR pass (perform const folding).
Optimizing module arm16_top.
Couldn't topologically sort cells, optimizing module arm16_top may take a longer time.
Couldn't topologically sort cells, optimizing module arm16_top may take a longer time.
Couldn't topologically sort cells, optimizing module arm16_top may take a longer time.
<suppressed ~5 debug messages>

21.21.10. Rerunning OPT passes. (Maybe there is more to do..)

21.21.11. Executing OPT_MUXTREE pass (detect dead branches in mux trees).
Running muxtree optimizer on module \arm16_top..
  Creating internal representation of mux trees.
  Evaluating internal representation of mux trees.
  Analyzing evaluation results.
Removed 0 multiplexer ports.
<suppressed ~152 debug messages>

21.21.12. Executing OPT_REDUCE pass (consolidate $*mux and $reduce_* inputs).
  Optimizing cells in module \arm16_top.
    New input vector for $reduce_and cell $auto$opt_dff.cc:337:make_patterns_logic$1645: { \cpu.id_reg_unit.branch_taken_out $auto$opt_dff.cc:319:make_patterns_logic$1152 $auto$opt_dff.cc:319:make_patterns_logic$1154 }
  Optimizing cells in module \arm16_top.
Performed a total of 1 changes.

21.21.13. Executing OPT_MERGE pass (detect identical cells).
Finding identical cells in module `\arm16_top'.
Computing hashes of 465 cells of `\arm16_top'.
Finding duplicate cells in `\arm16_top'.
Removed a total of 0 cells.

21.21.14. Executing OPT_SHARE pass.

21.21.15. Executing OPT_DFF pass (perform DFF optimizations).
Adding EN signal on $memory\cpu.id_stage_unit.regfile_unit.register_file_data[0]$1401 ($dff) from module arm16_top (D = \cpu.exe_stage_unit.frwd_wb_value_in, Q = \cpu.id_stage_unit.regfile_unit.register_file_data[0]).
Adding EN signal on $memory\cpu.id_stage_unit.regfile_unit.register_file_data[1]$1403 ($dff) from module arm16_top (D = \cpu.exe_stage_unit.frwd_wb_value_in, Q = \cpu.id_stage_unit.regfile_unit.register_file_data[1]).
Adding EN signal on $memory\cpu.id_stage_unit.regfile_unit.register_file_data[2]$1405 ($dff) from module arm16_top (D = \cpu.exe_stage_unit.frwd_wb_value_in, Q = \cpu.id_stage_unit.regfile_unit.register_file_data[2]).
Adding EN signal on $memory\cpu.id_stage_unit.regfile_unit.register_file_data[3]$1407 ($dff) from module arm16_top (D = \cpu.exe_stage_unit.frwd_wb_value_in, Q = \cpu.id_stage_unit.regfile_unit.register_file_data[3]).
Adding EN signal on $memory\cpu.id_stage_unit.regfile_unit.register_file_data[4]$1409 ($dff) from module arm16_top (D = \cpu.exe_stage_unit.frwd_wb_value_in, Q = \cpu.id_stage_unit.regfile_unit.register_file_data[4]).
Adding EN signal on $memory\cpu.id_stage_unit.regfile_unit.register_file_data[5]$1411 ($dff) from module arm16_top (D = \cpu.exe_stage_unit.frwd_wb_value_in, Q = \cpu.id_stage_unit.regfile_unit.register_file_data[5]).
Adding EN signal on $memory\cpu.id_stage_unit.regfile_unit.register_file_data[6]$1413 ($dff) from module arm16_top (D = \cpu.exe_stage_unit.frwd_wb_value_in, Q = \cpu.id_stage_unit.regfile_unit.register_file_data[6]).
Adding EN signal on $memory\cpu.id_stage_unit.regfile_unit.register_file_data[7]$1415 ($dff) from module arm16_top (D = \cpu.exe_stage_unit.frwd_wb_value_in, Q = \cpu.id_stage_unit.regfile_unit.register_file_data[7]).
Adding EN signal on $memory\cpu.id_stage_unit.regfile_unit.register_file_data[8]$1417 ($dff) from module arm16_top (D = \cpu.exe_stage_unit.frwd_wb_value_in, Q = \cpu.id_stage_unit.regfile_unit.register_file_data[8]).
Adding EN signal on $memory\cpu.id_stage_unit.regfile_unit.register_file_data[9]$1419 ($dff) from module arm16_top (D = \cpu.exe_stage_unit.frwd_wb_value_in, Q = \cpu.id_stage_unit.regfile_unit.register_file_data[9]).
Adding EN signal on $memory\cpu.id_stage_unit.regfile_unit.register_file_data[10]$1421 ($dff) from module arm16_top (D = \cpu.exe_stage_unit.frwd_wb_value_in, Q = \cpu.id_stage_unit.regfile_unit.register_file_data[10]).
Adding EN signal on $memory\cpu.id_stage_unit.regfile_unit.register_file_data[11]$1423 ($dff) from module arm16_top (D = \cpu.exe_stage_unit.frwd_wb_value_in, Q = \cpu.id_stage_unit.regfile_unit.register_file_data[11]).
Adding EN signal on $memory\cpu.id_stage_unit.regfile_unit.register_file_data[12]$1425 ($dff) from module arm16_top (D = \cpu.exe_stage_unit.frwd_wb_value_in, Q = \cpu.id_stage_unit.regfile_unit.register_file_data[12]).
Adding EN signal on $memory\cpu.id_stage_unit.regfile_unit.register_file_data[13]$1427 ($dff) from module arm16_top (D = \cpu.exe_stage_unit.frwd_wb_value_in, Q = \cpu.id_stage_unit.regfile_unit.register_file_data[13]).
Adding EN signal on $memory\cpu.id_stage_unit.regfile_unit.register_file_data[14]$1429 ($dff) from module arm16_top (D = \cpu.exe_stage_unit.frwd_wb_value_in, Q = \cpu.id_stage_unit.regfile_unit.register_file_data[14]).

21.21.16. Executing OPT_CLEAN pass (remove unused cells and wires).
Finding unused cells or wires in module \arm16_top..
Removed 15 unused cells and 19 unused wires.
<suppressed ~16 debug messages>

21.21.17. Executing OPT_EXPR pass (perform const folding).
Optimizing module arm16_top.
Couldn't topologically sort cells, optimizing module arm16_top may take a longer time.
Couldn't topologically sort cells, optimizing module arm16_top may take a longer time.

21.21.18. Rerunning OPT passes. (Maybe there is more to do..)

21.21.19. Executing OPT_MUXTREE pass (detect dead branches in mux trees).
Running muxtree optimizer on module \arm16_top..
  Creating internal representation of mux trees.
  Evaluating internal representation of mux trees.
  Analyzing evaluation results.
Removed 0 multiplexer ports.
<suppressed ~105 debug messages>

21.21.20. Executing OPT_REDUCE pass (consolidate $*mux and $reduce_* inputs).
  Optimizing cells in module \arm16_top.
Performed a total of 0 changes.

21.21.21. Executing OPT_MERGE pass (detect identical cells).
Finding identical cells in module `\arm16_top'.
Computing hashes of 450 cells of `\arm16_top'.
Finding duplicate cells in `\arm16_top'.
Removed a total of 0 cells.

21.21.22. Executing OPT_SHARE pass.

21.21.23. Executing OPT_DFF pass (perform DFF optimizations).

21.21.24. Executing OPT_CLEAN pass (remove unused cells and wires).
Finding unused cells or wires in module \arm16_top..

21.21.25. Executing OPT_EXPR pass (perform const folding).
Optimizing module arm16_top.
Couldn't topologically sort cells, optimizing module arm16_top may take a longer time.
Couldn't topologically sort cells, optimizing module arm16_top may take a longer time.

21.21.26. Finished fast OPT passes. (There is nothing left to do.)

21.22. Executing TECHMAP pass (map to technology primitives).

21.22.1. Executing Verilog-2005 frontend: /home/moein/oss-cad-suite/lib/../share/yosys/techmap.v
Parsing Verilog input from `/home/moein/oss-cad-suite/lib/../share/yosys/techmap.v' to AST representation.
Generating RTLIL representation for module `\_90_simplemap_bool_ops'.
Generating RTLIL representation for module `\_90_simplemap_reduce_ops'.
Generating RTLIL representation for module `\_90_simplemap_logic_ops'.
Generating RTLIL representation for module `\_90_simplemap_compare_ops'.
Generating RTLIL representation for module `\_90_simplemap_various'.
Generating RTLIL representation for module `\_90_simplemap_registers'.
Generating RTLIL representation for module `\_90_shift_ops_shr_shl_sshl_sshr'.
Generating RTLIL representation for module `\_90_shift_shiftx'.
Generating RTLIL representation for module `\_90_fa'.
Generating RTLIL representation for module `\_90_lcu_brent_kung'.
Generating RTLIL representation for module `\_90_alu'.
Generating RTLIL representation for module `\_90_macc'.
Generating RTLIL representation for module `\_90_alumacc'.
Generating RTLIL representation for module `$__div_mod_u'.
Generating RTLIL representation for module `$__div_mod_trunc'.
Generating RTLIL representation for module `\_90_div'.
Generating RTLIL representation for module `\_90_mod'.
Generating RTLIL representation for module `$__div_mod_floor'.
Generating RTLIL representation for module `\_90_divfloor'.
Generating RTLIL representation for module `\_90_modfloor'.
Generating RTLIL representation for module `\_90_pow'.
Generating RTLIL representation for module `\_90_demux'.
Generating RTLIL representation for module `\_90_lut'.
Generating RTLIL representation for module `$connect'.
Generating RTLIL representation for module `$input_port'.
Successfully finished Verilog frontend.

21.22.2. Continuing TECHMAP pass.
Using extmapper simplemap for cells of type $dffe.
Using extmapper simplemap for cells of type $sdffe.
Using extmapper simplemap for cells of type $reduce_and.
Using extmapper simplemap for cells of type $and.
Using extmapper simplemap for cells of type $not.
Using template $paramod$constmap:ec364406d1d307d9f3e8294a40bdc86e70c7a649$paramod$f04bd456c16f78234826f0f387a8f5a4aade21b2\_90_shift_ops_shr_shl_sshl_sshr for cells of type $shr.
Using template $paramod$2470b7ea32c975a55c3ab8b283381b72d09e16d3\_90_alu for cells of type $alu.
Using template $paramod$081ba1a4a7201ecdb44563d3c3bd7013d1ebf4eb\_90_alu for cells of type $alu.
Using template $paramod$6df0329addda9228fcc2546de2aaf14ad26c98e1\_90_alu for cells of type $alu.
Using template $paramod$713617589782cfade849bb573b5c36106c4b708f\_90_alu for cells of type $alu.
Using template $paramod$bc5b76409c189dae1304578314e9d1ddd73fedb5\_90_alu for cells of type $alu.
Using template $paramod$a04dd9d4d8b430140c4ff94b50470fb380fda2a0\_90_alu for cells of type $alu.
Using extmapper maccmap for cells of type $macc_v2.
  add \cpu.exe_stage_unit.alu_unit.alu_in_1 (16 bits, unsigned)
  sub $flatten\cpu.\exe_stage_unit.\alu_unit.$not$alu.v:46$55_Y (1 bits, unsigned)
  sub \cpu.exe_stage_unit.alu_unit.alu_in_2 (16 bits, unsigned)
  packed 2 (1) bits / 1 words into adder tree
Using extmapper simplemap for cells of type $reduce_or.
Using extmapper simplemap for cells of type $adffe.
Using extmapper simplemap for cells of type $sdff.
Using extmapper simplemap for cells of type $reduce_bool.
Using extmapper simplemap for cells of type $ne.
Using extmapper simplemap for cells of type $eq.
Using extmapper simplemap for cells of type $dff.
Using extmapper simplemap for cells of type $logic_not.
Using extmapper simplemap for cells of type $or.
Using template $paramod$constmap:c3f9db2ed086131a46ea635902d682d06f2a96c0$paramod$d6ad34c3e8b1036f1e4815fdfe7d812ab0f136af\_90_shift_ops_shr_shl_sshl_sshr for cells of type $sshr.
Using template $paramod$constmap:c3f9db2ed086131a46ea635902d682d06f2a96c0$paramod$24443aa3c76155c04e2d2d0b848788bbfe512c1c\_90_shift_ops_shr_shl_sshl_sshr for cells of type $shl.
Using extmapper simplemap for cells of type $pmux.
Using extmapper simplemap for cells of type $xor.
Using template $paramod\_90_fa\WIDTH=32'00000000000000000000000000010001 for cells of type $fa.
Using template $paramod$3bb72ad0665cdca279bbc49ed6a39f403f16497f\_90_alu for cells of type $alu.
Using extmapper simplemap for cells of type $pos.
Using template $paramod\_90_lcu_brent_kung\WIDTH=32'00000000000000000000000000010001 for cells of type $lcu.
Using template $paramod\_90_fa\WIDTH=32'00000000000000000000000000000110 for cells of type $fa.
Using template $paramod\_90_lcu_brent_kung\WIDTH=32'00000000000000000000000000000110 for cells of type $lcu.
Using template $paramod\_90_fa\WIDTH=32'00000000000000000000000000001111 for cells of type $fa.
Using template $paramod\_90_lcu_brent_kung\WIDTH=32'00000000000000000000000000001111 for cells of type $lcu.
Using template $paramod\_90_fa\WIDTH=32'00000000000000000000000000001110 for cells of type $fa.
Using template $paramod\_90_lcu_brent_kung\WIDTH=32'00000000000000000000000000001110 for cells of type $lcu.
Using template $paramod\_90_fa\WIDTH=32'00000000000000000000000000010000 for cells of type $fa.
Using template $paramod\_90_lcu_brent_kung\WIDTH=32'00000000000000000000000000010000 for cells of type $lcu.
No more expansions possible.
<suppressed ~2883 debug messages>

21.23. Executing OPT pass (performing simple optimizations).

21.23.1. Executing OPT_EXPR pass (perform const folding).
Optimizing module arm16_top.
Couldn't topologically sort cells, optimizing module arm16_top may take a longer time.
Couldn't topologically sort cells, optimizing module arm16_top may take a longer time.
Couldn't topologically sort cells, optimizing module arm16_top may take a longer time.
Couldn't topologically sort cells, optimizing module arm16_top may take a longer time.
<suppressed ~1078 debug messages>

21.23.2. Executing OPT_MERGE pass (detect identical cells).
Finding identical cells in module `\arm16_top'.
Computing hashes of 3807 cells of `\arm16_top'.
Finding duplicate cells in `\arm16_top'.
Computing hashes of 3504 cells of `\arm16_top'.
Finding duplicate cells in `\arm16_top'.
Computing hashes of 3440 cells of `\arm16_top'.
Finding duplicate cells in `\arm16_top'.
Computing hashes of 3425 cells of `\arm16_top'.
Finding duplicate cells in `\arm16_top'.
Computing hashes of 3414 cells of `\arm16_top'.
Finding duplicate cells in `\arm16_top'.
Computing hashes of 3404 cells of `\arm16_top'.
Finding duplicate cells in `\arm16_top'.
Computing hashes of 3401 cells of `\arm16_top'.
Finding duplicate cells in `\arm16_top'.
Computing hashes of 3400 cells of `\arm16_top'.
Finding duplicate cells in `\arm16_top'.
<suppressed ~1221 debug messages>
Removed a total of 407 cells.

21.23.3. Executing OPT_DFF pass (perform DFF optimizations).

21.23.4. Executing OPT_CLEAN pass (remove unused cells and wires).
Finding unused cells or wires in module \arm16_top..
Removed 111 unused cells and 864 unused wires.
<suppressed ~112 debug messages>

21.23.5. Finished fast OPT passes.

21.24. Executing ABC pass (technology mapping using ABC).

21.24.1. Extracting gate netlist of module `\arm16_top' to `<abc-temp-dir>/input.blif'..
Breaking loop using new signal $abcloop$8636: \cpu.hazard_unit.id_src2_in [0] -> $memory\cpu.id_stage_unit.regfile_unit.register_file_data$rdmux[1][2][0]$a$1486 [15]
                                              \cpu.hazard_unit.id_src2_in [0] -> $memory\cpu.id_stage_unit.regfile_unit.register_file_data$rdmux[1][2][0]$b$1487 [15]
                                              \cpu.hazard_unit.id_src2_in [0] -> $memory\cpu.id_stage_unit.regfile_unit.register_file_data$rdmux[1][2][1]$a$1489 [15]
                                              \cpu.hazard_unit.id_src2_in [0] -> $memory\cpu.id_stage_unit.regfile_unit.register_file_data$rdmux[1][2][1]$b$1490 [15]
                                              \cpu.hazard_unit.id_src2_in [0] -> $memory\cpu.id_stage_unit.regfile_unit.register_file_data$rdmux[1][2][2]$a$1492 [15]
                                              \cpu.hazard_unit.id_src2_in [0] -> $memory\cpu.id_stage_unit.regfile_unit.register_file_data$rdmux[1][2][2]$b$1493 [15]
                                              \cpu.hazard_unit.id_src2_in [0] -> $memory\cpu.id_stage_unit.regfile_unit.register_file_data$rdmux[1][2][3]$a$1495 [15]
                                              \cpu.hazard_unit.id_src2_in [0] -> $memory\cpu.id_stage_unit.regfile_unit.register_file_data$rdmux[1][2][3]$a$1495 [0]
                                              \cpu.hazard_unit.id_src2_in [0] -> $memory\cpu.id_stage_unit.regfile_unit.register_file_data$rdmux[1][2][3]$a$1495 [1]
                                              \cpu.hazard_unit.id_src2_in [0] -> $memory\cpu.id_stage_unit.regfile_unit.register_file_data$rdmux[1][2][3]$a$1495 [2]
                                              \cpu.hazard_unit.id_src2_in [0] -> $memory\cpu.id_stage_unit.regfile_unit.register_file_data$rdmux[1][2][3]$a$1495 [3]
                                              \cpu.hazard_unit.id_src2_in [0] -> $memory\cpu.id_stage_unit.regfile_unit.register_file_data$rdmux[1][2][3]$a$1495 [4]
                                              \cpu.hazard_unit.id_src2_in [0] -> $memory\cpu.id_stage_unit.regfile_unit.register_file_data$rdmux[1][2][3]$a$1495 [5]
                                              \cpu.hazard_unit.id_src2_in [0] -> $memory\cpu.id_stage_unit.regfile_unit.register_file_data$rdmux[1][2][3]$a$1495 [6]
                                              \cpu.hazard_unit.id_src2_in [0] -> $memory\cpu.id_stage_unit.regfile_unit.register_file_data$rdmux[1][2][3]$a$1495 [7]
                                              \cpu.hazard_unit.id_src2_in [0] -> $memory\cpu.id_stage_unit.regfile_unit.register_file_data$rdmux[1][2][3]$a$1495 [8]
                                              \cpu.hazard_unit.id_src2_in [0] -> $memory\cpu.id_stage_unit.regfile_unit.register_file_data$rdmux[1][2][3]$a$1495 [9]
                                              \cpu.hazard_unit.id_src2_in [0] -> $memory\cpu.id_stage_unit.regfile_unit.register_file_data$rdmux[1][2][3]$a$1495 [10]
                                              \cpu.hazard_unit.id_src2_in [0] -> $memory\cpu.id_stage_unit.regfile_unit.register_file_data$rdmux[1][2][3]$a$1495 [11]
                                              \cpu.hazard_unit.id_src2_in [0] -> $memory\cpu.id_stage_unit.regfile_unit.register_file_data$rdmux[1][2][3]$a$1495 [12]
                                              \cpu.hazard_unit.id_src2_in [0] -> $memory\cpu.id_stage_unit.regfile_unit.register_file_data$rdmux[1][2][3]$a$1495 [13]
                                              \cpu.hazard_unit.id_src2_in [0] -> $memory\cpu.id_stage_unit.regfile_unit.register_file_data$rdmux[1][2][3]$a$1495 [14]
                                              \cpu.hazard_unit.id_src2_in [0] -> $memory\cpu.id_stage_unit.regfile_unit.register_file_data$rdmux[1][2][2]$b$1493 [0]
                                              \cpu.hazard_unit.id_src2_in [0] -> $memory\cpu.id_stage_unit.regfile_unit.register_file_data$rdmux[1][2][2]$a$1492 [0]
                                              \cpu.hazard_unit.id_src2_in [0] -> $memory\cpu.id_stage_unit.regfile_unit.register_file_data$rdmux[1][2][2]$b$1493 [1]
                                              \cpu.hazard_unit.id_src2_in [0] -> $memory\cpu.id_stage_unit.regfile_unit.register_file_data$rdmux[1][2][2]$a$1492 [1]
                                              \cpu.hazard_unit.id_src2_in [0] -> $memory\cpu.id_stage_unit.regfile_unit.register_file_data$rdmux[1][2][2]$b$1493 [2]
                                              \cpu.hazard_unit.id_src2_in [0] -> $memory\cpu.id_stage_unit.regfile_unit.register_file_data$rdmux[1][2][2]$a$1492 [2]
                                              \cpu.hazard_unit.id_src2_in [0] -> $memory\cpu.id_stage_unit.regfile_unit.register_file_data$rdmux[1][2][2]$b$1493 [3]
                                              \cpu.hazard_unit.id_src2_in [0] -> $memory\cpu.id_stage_unit.regfile_unit.register_file_data$rdmux[1][2][2]$a$1492 [3]
                                              \cpu.hazard_unit.id_src2_in [0] -> $memory\cpu.id_stage_unit.regfile_unit.register_file_data$rdmux[1][2][2]$b$1493 [4]
                                              \cpu.hazard_unit.id_src2_in [0] -> $memory\cpu.id_stage_unit.regfile_unit.register_file_data$rdmux[1][2][2]$a$1492 [4]
                                              \cpu.hazard_unit.id_src2_in [0] -> $memory\cpu.id_stage_unit.regfile_unit.register_file_data$rdmux[1][2][2]$b$1493 [5]
                                              \cpu.hazard_unit.id_src2_in [0] -> $memory\cpu.id_stage_unit.regfile_unit.register_file_data$rdmux[1][2][2]$a$1492 [5]
                                              \cpu.hazard_unit.id_src2_in [0] -> $memory\cpu.id_stage_unit.regfile_unit.register_file_data$rdmux[1][2][2]$b$1493 [6]
                                              \cpu.hazard_unit.id_src2_in [0] -> $memory\cpu.id_stage_unit.regfile_unit.register_file_data$rdmux[1][2][2]$a$1492 [6]
                                              \cpu.hazard_unit.id_src2_in [0] -> $memory\cpu.id_stage_unit.regfile_unit.register_file_data$rdmux[1][2][2]$b$1493 [7]
                                              \cpu.hazard_unit.id_src2_in [0] -> $memory\cpu.id_stage_unit.regfile_unit.register_file_data$rdmux[1][2][2]$a$1492 [7]
                                              \cpu.hazard_unit.id_src2_in [0] -> $memory\cpu.id_stage_unit.regfile_unit.register_file_data$rdmux[1][2][2]$b$1493 [8]
                                              \cpu.hazard_unit.id_src2_in [0] -> $memory\cpu.id_stage_unit.regfile_unit.register_file_data$rdmux[1][2][2]$a$1492 [8]
                                              \cpu.hazard_unit.id_src2_in [0] -> $memory\cpu.id_stage_unit.regfile_unit.register_file_data$rdmux[1][2][2]$b$1493 [9]
                                              \cpu.hazard_unit.id_src2_in [0] -> $memory\cpu.id_stage_unit.regfile_unit.register_file_data$rdmux[1][2][2]$a$1492 [9]
                                              \cpu.hazard_unit.id_src2_in [0] -> $memory\cpu.id_stage_unit.regfile_unit.register_file_data$rdmux[1][2][2]$b$1493 [10]
                                              \cpu.hazard_unit.id_src2_in [0] -> $memory\cpu.id_stage_unit.regfile_unit.register_file_data$rdmux[1][2][2]$a$1492 [10]
                                              \cpu.hazard_unit.id_src2_in [0] -> $memory\cpu.id_stage_unit.regfile_unit.register_file_data$rdmux[1][2][2]$b$1493 [11]
                                              \cpu.hazard_unit.id_src2_in [0] -> $memory\cpu.id_stage_unit.regfile_unit.register_file_data$rdmux[1][2][2]$a$1492 [11]
                                              \cpu.hazard_unit.id_src2_in [0] -> $memory\cpu.id_stage_unit.regfile_unit.register_file_data$rdmux[1][2][2]$b$1493 [12]
                                              \cpu.hazard_unit.id_src2_in [0] -> $memory\cpu.id_stage_unit.regfile_unit.register_file_data$rdmux[1][2][2]$a$1492 [12]
                                              \cpu.hazard_unit.id_src2_in [0] -> $memory\cpu.id_stage_unit.regfile_unit.register_file_data$rdmux[1][2][2]$b$1493 [13]
                                              \cpu.hazard_unit.id_src2_in [0] -> $memory\cpu.id_stage_unit.regfile_unit.register_file_data$rdmux[1][2][2]$a$1492 [13]
                                              \cpu.hazard_unit.id_src2_in [0] -> $memory\cpu.id_stage_unit.regfile_unit.register_file_data$rdmux[1][2][2]$b$1493 [14]
                                              \cpu.hazard_unit.id_src2_in [0] -> $memory\cpu.id_stage_unit.regfile_unit.register_file_data$rdmux[1][2][2]$a$1492 [14]
                                              \cpu.hazard_unit.id_src2_in [0] -> $memory\cpu.id_stage_unit.regfile_unit.register_file_data$rdmux[1][2][1]$b$1490 [0]
                                              \cpu.hazard_unit.id_src2_in [0] -> $memory\cpu.id_stage_unit.regfile_unit.register_file_data$rdmux[1][2][1]$a$1489 [0]
                                              \cpu.hazard_unit.id_src2_in [0] -> $memory\cpu.id_stage_unit.regfile_unit.register_file_data$rdmux[1][2][1]$b$1490 [1]
                                              \cpu.hazard_unit.id_src2_in [0] -> $memory\cpu.id_stage_unit.regfile_unit.register_file_data$rdmux[1][2][1]$a$1489 [1]
                                              \cpu.hazard_unit.id_src2_in [0] -> $memory\cpu.id_stage_unit.regfile_unit.register_file_data$rdmux[1][2][1]$b$1490 [2]
                                              \cpu.hazard_unit.id_src2_in [0] -> $memory\cpu.id_stage_unit.regfile_unit.register_file_data$rdmux[1][2][1]$a$1489 [2]
                                              \cpu.hazard_unit.id_src2_in [0] -> $memory\cpu.id_stage_unit.regfile_unit.register_file_data$rdmux[1][2][1]$b$1490 [3]
                                              \cpu.hazard_unit.id_src2_in [0] -> $memory\cpu.id_stage_unit.regfile_unit.register_file_data$rdmux[1][2][1]$a$1489 [3]
                                              \cpu.hazard_unit.id_src2_in [0] -> $memory\cpu.id_stage_unit.regfile_unit.register_file_data$rdmux[1][2][1]$b$1490 [4]
                                              \cpu.hazard_unit.id_src2_in [0] -> $memory\cpu.id_stage_unit.regfile_unit.register_file_data$rdmux[1][2][1]$a$1489 [4]
                                              \cpu.hazard_unit.id_src2_in [0] -> $memory\cpu.id_stage_unit.regfile_unit.register_file_data$rdmux[1][2][1]$b$1490 [5]
                                              \cpu.hazard_unit.id_src2_in [0] -> $memory\cpu.id_stage_unit.regfile_unit.register_file_data$rdmux[1][2][1]$a$1489 [5]
                                              \cpu.hazard_unit.id_src2_in [0] -> $memory\cpu.id_stage_unit.regfile_unit.register_file_data$rdmux[1][2][1]$b$1490 [6]
                                              \cpu.hazard_unit.id_src2_in [0] -> $memory\cpu.id_stage_unit.regfile_unit.register_file_data$rdmux[1][2][1]$a$1489 [6]
                                              \cpu.hazard_unit.id_src2_in [0] -> $memory\cpu.id_stage_unit.regfile_unit.register_file_data$rdmux[1][2][1]$b$1490 [7]
                                              \cpu.hazard_unit.id_src2_in [0] -> $memory\cpu.id_stage_unit.regfile_unit.register_file_data$rdmux[1][2][1]$a$1489 [7]
                                              \cpu.hazard_unit.id_src2_in [0] -> $memory\cpu.id_stage_unit.regfile_unit.register_file_data$rdmux[1][2][1]$b$1490 [8]
                                              \cpu.hazard_unit.id_src2_in [0] -> $memory\cpu.id_stage_unit.regfile_unit.register_file_data$rdmux[1][2][1]$a$1489 [8]
                                              \cpu.hazard_unit.id_src2_in [0] -> $memory\cpu.id_stage_unit.regfile_unit.register_file_data$rdmux[1][2][1]$b$1490 [9]
                                              \cpu.hazard_unit.id_src2_in [0] -> $memory\cpu.id_stage_unit.regfile_unit.register_file_data$rdmux[1][2][1]$a$1489 [9]
                                              \cpu.hazard_unit.id_src2_in [0] -> $memory\cpu.id_stage_unit.regfile_unit.register_file_data$rdmux[1][2][1]$b$1490 [10]
                                              \cpu.hazard_unit.id_src2_in [0] -> $memory\cpu.id_stage_unit.regfile_unit.register_file_data$rdmux[1][2][1]$a$1489 [10]
                                              \cpu.hazard_unit.id_src2_in [0] -> $memory\cpu.id_stage_unit.regfile_unit.register_file_data$rdmux[1][2][1]$b$1490 [11]
                                              \cpu.hazard_unit.id_src2_in [0] -> $memory\cpu.id_stage_unit.regfile_unit.register_file_data$rdmux[1][2][1]$a$1489 [11]
                                              \cpu.hazard_unit.id_src2_in [0] -> $memory\cpu.id_stage_unit.regfile_unit.register_file_data$rdmux[1][2][1]$b$1490 [12]
                                              \cpu.hazard_unit.id_src2_in [0] -> $memory\cpu.id_stage_unit.regfile_unit.register_file_data$rdmux[1][2][1]$a$1489 [12]
                                              \cpu.hazard_unit.id_src2_in [0] -> $memory\cpu.id_stage_unit.regfile_unit.register_file_data$rdmux[1][2][1]$b$1490 [13]
                                              \cpu.hazard_unit.id_src2_in [0] -> $memory\cpu.id_stage_unit.regfile_unit.register_file_data$rdmux[1][2][1]$a$1489 [13]
                                              \cpu.hazard_unit.id_src2_in [0] -> $memory\cpu.id_stage_unit.regfile_unit.register_file_data$rdmux[1][2][1]$b$1490 [14]
                                              \cpu.hazard_unit.id_src2_in [0] -> $memory\cpu.id_stage_unit.regfile_unit.register_file_data$rdmux[1][2][1]$a$1489 [14]
                                              \cpu.hazard_unit.id_src2_in [0] -> $memory\cpu.id_stage_unit.regfile_unit.register_file_data$rdmux[1][2][0]$b$1487 [0]
                                              \cpu.hazard_unit.id_src2_in [0] -> $memory\cpu.id_stage_unit.regfile_unit.register_file_data$rdmux[1][2][0]$a$1486 [0]
                                              \cpu.hazard_unit.id_src2_in [0] -> $memory\cpu.id_stage_unit.regfile_unit.register_file_data$rdmux[1][2][0]$b$1487 [1]
                                              \cpu.hazard_unit.id_src2_in [0] -> $memory\cpu.id_stage_unit.regfile_unit.register_file_data$rdmux[1][2][0]$a$1486 [1]
                                              \cpu.hazard_unit.id_src2_in [0] -> $memory\cpu.id_stage_unit.regfile_unit.register_file_data$rdmux[1][2][0]$b$1487 [2]
                                              \cpu.hazard_unit.id_src2_in [0] -> $memory\cpu.id_stage_unit.regfile_unit.register_file_data$rdmux[1][2][0]$a$1486 [2]
                                              \cpu.hazard_unit.id_src2_in [0] -> $memory\cpu.id_stage_unit.regfile_unit.register_file_data$rdmux[1][2][0]$b$1487 [3]
                                              \cpu.hazard_unit.id_src2_in [0] -> $memory\cpu.id_stage_unit.regfile_unit.register_file_data$rdmux[1][2][0]$a$1486 [3]
                                              \cpu.hazard_unit.id_src2_in [0] -> $memory\cpu.id_stage_unit.regfile_unit.register_file_data$rdmux[1][2][0]$b$1487 [4]
                                              \cpu.hazard_unit.id_src2_in [0] -> $memory\cpu.id_stage_unit.regfile_unit.register_file_data$rdmux[1][2][0]$a$1486 [4]
                                              \cpu.hazard_unit.id_src2_in [0] -> $memory\cpu.id_stage_unit.regfile_unit.register_file_data$rdmux[1][2][0]$b$1487 [5]
                                              \cpu.hazard_unit.id_src2_in [0] -> $memory\cpu.id_stage_unit.regfile_unit.register_file_data$rdmux[1][2][0]$a$1486 [5]
                                              \cpu.hazard_unit.id_src2_in [0] -> $memory\cpu.id_stage_unit.regfile_unit.register_file_data$rdmux[1][2][0]$b$1487 [6]
                                              \cpu.hazard_unit.id_src2_in [0] -> $memory\cpu.id_stage_unit.regfile_unit.register_file_data$rdmux[1][2][0]$a$1486 [6]
                                              \cpu.hazard_unit.id_src2_in [0] -> $memory\cpu.id_stage_unit.regfile_unit.register_file_data$rdmux[1][2][0]$b$1487 [7]
                                              \cpu.hazard_unit.id_src2_in [0] -> $memory\cpu.id_stage_unit.regfile_unit.register_file_data$rdmux[1][2][0]$a$1486 [7]
                                              \cpu.hazard_unit.id_src2_in [0] -> $memory\cpu.id_stage_unit.regfile_unit.register_file_data$rdmux[1][2][0]$b$1487 [8]
                                              \cpu.hazard_unit.id_src2_in [0] -> $memory\cpu.id_stage_unit.regfile_unit.register_file_data$rdmux[1][2][0]$a$1486 [8]
                                              \cpu.hazard_unit.id_src2_in [0] -> $memory\cpu.id_stage_unit.regfile_unit.register_file_data$rdmux[1][2][0]$b$1487 [9]
                                              \cpu.hazard_unit.id_src2_in [0] -> $memory\cpu.id_stage_unit.regfile_unit.register_file_data$rdmux[1][2][0]$a$1486 [9]
                                              \cpu.hazard_unit.id_src2_in [0] -> $memory\cpu.id_stage_unit.regfile_unit.register_file_data$rdmux[1][2][0]$b$1487 [10]
                                              \cpu.hazard_unit.id_src2_in [0] -> $memory\cpu.id_stage_unit.regfile_unit.register_file_data$rdmux[1][2][0]$a$1486 [10]
                                              \cpu.hazard_unit.id_src2_in [0] -> $memory\cpu.id_stage_unit.regfile_unit.register_file_data$rdmux[1][2][0]$b$1487 [11]
                                              \cpu.hazard_unit.id_src2_in [0] -> $memory\cpu.id_stage_unit.regfile_unit.register_file_data$rdmux[1][2][0]$a$1486 [11]
                                              \cpu.hazard_unit.id_src2_in [0] -> $memory\cpu.id_stage_unit.regfile_unit.register_file_data$rdmux[1][2][0]$b$1487 [12]
                                              \cpu.hazard_unit.id_src2_in [0] -> $memory\cpu.id_stage_unit.regfile_unit.register_file_data$rdmux[1][2][0]$a$1486 [12]
                                              \cpu.hazard_unit.id_src2_in [0] -> $memory\cpu.id_stage_unit.regfile_unit.register_file_data$rdmux[1][2][0]$b$1487 [13]
                                              \cpu.hazard_unit.id_src2_in [0] -> $memory\cpu.id_stage_unit.regfile_unit.register_file_data$rdmux[1][2][0]$a$1486 [13]
                                              \cpu.hazard_unit.id_src2_in [0] -> $memory\cpu.id_stage_unit.regfile_unit.register_file_data$rdmux[1][2][0]$b$1487 [14]
                                              \cpu.hazard_unit.id_src2_in [0] -> $memory\cpu.id_stage_unit.regfile_unit.register_file_data$rdmux[1][2][0]$a$1486 [14]
                                              \cpu.hazard_unit.id_src2_in [0] -> $auto$simplemap.cc:271:simplemap_eqne$5973 [0]
                                              \cpu.hazard_unit.id_src2_in [0] -> $auto$simplemap.cc:271:simplemap_eqne$6010 [0]
Breaking loop using new signal $abcloop$8637: \cpu.hazard_unit.id_src2_in [1] -> $memory\cpu.id_stage_unit.regfile_unit.register_file_data$rdmux[1][1][0]$a$1480 [15]
                                              \cpu.hazard_unit.id_src2_in [1] -> $memory\cpu.id_stage_unit.regfile_unit.register_file_data$rdmux[1][1][0]$b$1481 [15]
                                              \cpu.hazard_unit.id_src2_in [1] -> $memory\cpu.id_stage_unit.regfile_unit.register_file_data$rdmux[1][1][1]$a$1483 [15]
                                              \cpu.hazard_unit.id_src2_in [1] -> $memory\cpu.id_stage_unit.regfile_unit.register_file_data$rdmux[1][1][1]$b$1484 [15]
                                              \cpu.hazard_unit.id_src2_in [1] -> $memory\cpu.id_stage_unit.regfile_unit.register_file_data$rdmux[1][1][1]$b$1484 [0]
                                              \cpu.hazard_unit.id_src2_in [1] -> $memory\cpu.id_stage_unit.regfile_unit.register_file_data$rdmux[1][1][1]$a$1483 [0]
                                              \cpu.hazard_unit.id_src2_in [1] -> $memory\cpu.id_stage_unit.regfile_unit.register_file_data$rdmux[1][1][1]$b$1484 [1]
                                              \cpu.hazard_unit.id_src2_in [1] -> $memory\cpu.id_stage_unit.regfile_unit.register_file_data$rdmux[1][1][1]$a$1483 [1]
                                              \cpu.hazard_unit.id_src2_in [1] -> $memory\cpu.id_stage_unit.regfile_unit.register_file_data$rdmux[1][1][1]$b$1484 [2]
                                              \cpu.hazard_unit.id_src2_in [1] -> $memory\cpu.id_stage_unit.regfile_unit.register_file_data$rdmux[1][1][1]$a$1483 [2]
                                              \cpu.hazard_unit.id_src2_in [1] -> $memory\cpu.id_stage_unit.regfile_unit.register_file_data$rdmux[1][1][1]$b$1484 [3]
                                              \cpu.hazard_unit.id_src2_in [1] -> $memory\cpu.id_stage_unit.regfile_unit.register_file_data$rdmux[1][1][1]$a$1483 [3]
                                              \cpu.hazard_unit.id_src2_in [1] -> $memory\cpu.id_stage_unit.regfile_unit.register_file_data$rdmux[1][1][1]$b$1484 [4]
                                              \cpu.hazard_unit.id_src2_in [1] -> $memory\cpu.id_stage_unit.regfile_unit.register_file_data$rdmux[1][1][1]$a$1483 [4]
                                              \cpu.hazard_unit.id_src2_in [1] -> $memory\cpu.id_stage_unit.regfile_unit.register_file_data$rdmux[1][1][1]$b$1484 [5]
                                              \cpu.hazard_unit.id_src2_in [1] -> $memory\cpu.id_stage_unit.regfile_unit.register_file_data$rdmux[1][1][1]$a$1483 [5]
                                              \cpu.hazard_unit.id_src2_in [1] -> $memory\cpu.id_stage_unit.regfile_unit.register_file_data$rdmux[1][1][1]$b$1484 [6]
                                              \cpu.hazard_unit.id_src2_in [1] -> $memory\cpu.id_stage_unit.regfile_unit.register_file_data$rdmux[1][1][1]$a$1483 [6]
                                              \cpu.hazard_unit.id_src2_in [1] -> $memory\cpu.id_stage_unit.regfile_unit.register_file_data$rdmux[1][1][1]$b$1484 [7]
                                              \cpu.hazard_unit.id_src2_in [1] -> $memory\cpu.id_stage_unit.regfile_unit.register_file_data$rdmux[1][1][1]$a$1483 [7]
                                              \cpu.hazard_unit.id_src2_in [1] -> $memory\cpu.id_stage_unit.regfile_unit.register_file_data$rdmux[1][1][1]$b$1484 [8]
                                              \cpu.hazard_unit.id_src2_in [1] -> $memory\cpu.id_stage_unit.regfile_unit.register_file_data$rdmux[1][1][1]$a$1483 [8]
                                              \cpu.hazard_unit.id_src2_in [1] -> $memory\cpu.id_stage_unit.regfile_unit.register_file_data$rdmux[1][1][1]$b$1484 [9]
                                              \cpu.hazard_unit.id_src2_in [1] -> $memory\cpu.id_stage_unit.regfile_unit.register_file_data$rdmux[1][1][1]$a$1483 [9]
                                              \cpu.hazard_unit.id_src2_in [1] -> $memory\cpu.id_stage_unit.regfile_unit.register_file_data$rdmux[1][1][1]$b$1484 [10]
                                              \cpu.hazard_unit.id_src2_in [1] -> $memory\cpu.id_stage_unit.regfile_unit.register_file_data$rdmux[1][1][1]$a$1483 [10]
                                              \cpu.hazard_unit.id_src2_in [1] -> $memory\cpu.id_stage_unit.regfile_unit.register_file_data$rdmux[1][1][1]$b$1484 [11]
                                              \cpu.hazard_unit.id_src2_in [1] -> $memory\cpu.id_stage_unit.regfile_unit.register_file_data$rdmux[1][1][1]$a$1483 [11]
                                              \cpu.hazard_unit.id_src2_in [1] -> $memory\cpu.id_stage_unit.regfile_unit.register_file_data$rdmux[1][1][1]$b$1484 [12]
                                              \cpu.hazard_unit.id_src2_in [1] -> $memory\cpu.id_stage_unit.regfile_unit.register_file_data$rdmux[1][1][1]$a$1483 [12]
                                              \cpu.hazard_unit.id_src2_in [1] -> $memory\cpu.id_stage_unit.regfile_unit.register_file_data$rdmux[1][1][1]$b$1484 [13]
                                              \cpu.hazard_unit.id_src2_in [1] -> $memory\cpu.id_stage_unit.regfile_unit.register_file_data$rdmux[1][1][1]$a$1483 [13]
                                              \cpu.hazard_unit.id_src2_in [1] -> $memory\cpu.id_stage_unit.regfile_unit.register_file_data$rdmux[1][1][1]$b$1484 [14]
                                              \cpu.hazard_unit.id_src2_in [1] -> $memory\cpu.id_stage_unit.regfile_unit.register_file_data$rdmux[1][1][1]$a$1483 [14]
                                              \cpu.hazard_unit.id_src2_in [1] -> $memory\cpu.id_stage_unit.regfile_unit.register_file_data$rdmux[1][1][0]$b$1481 [0]
                                              \cpu.hazard_unit.id_src2_in [1] -> $memory\cpu.id_stage_unit.regfile_unit.register_file_data$rdmux[1][1][0]$a$1480 [0]
                                              \cpu.hazard_unit.id_src2_in [1] -> $memory\cpu.id_stage_unit.regfile_unit.register_file_data$rdmux[1][1][0]$b$1481 [1]
                                              \cpu.hazard_unit.id_src2_in [1] -> $memory\cpu.id_stage_unit.regfile_unit.register_file_data$rdmux[1][1][0]$a$1480 [1]
                                              \cpu.hazard_unit.id_src2_in [1] -> $memory\cpu.id_stage_unit.regfile_unit.register_file_data$rdmux[1][1][0]$b$1481 [2]
                                              \cpu.hazard_unit.id_src2_in [1] -> $memory\cpu.id_stage_unit.regfile_unit.register_file_data$rdmux[1][1][0]$a$1480 [2]
                                              \cpu.hazard_unit.id_src2_in [1] -> $memory\cpu.id_stage_unit.regfile_unit.register_file_data$rdmux[1][1][0]$b$1481 [3]
                                              \cpu.hazard_unit.id_src2_in [1] -> $memory\cpu.id_stage_unit.regfile_unit.register_file_data$rdmux[1][1][0]$a$1480 [3]
                                              \cpu.hazard_unit.id_src2_in [1] -> $memory\cpu.id_stage_unit.regfile_unit.register_file_data$rdmux[1][1][0]$b$1481 [4]
                                              \cpu.hazard_unit.id_src2_in [1] -> $memory\cpu.id_stage_unit.regfile_unit.register_file_data$rdmux[1][1][0]$a$1480 [4]
                                              \cpu.hazard_unit.id_src2_in [1] -> $memory\cpu.id_stage_unit.regfile_unit.register_file_data$rdmux[1][1][0]$b$1481 [5]
                                              \cpu.hazard_unit.id_src2_in [1] -> $memory\cpu.id_stage_unit.regfile_unit.register_file_data$rdmux[1][1][0]$a$1480 [5]
                                              \cpu.hazard_unit.id_src2_in [1] -> $memory\cpu.id_stage_unit.regfile_unit.register_file_data$rdmux[1][1][0]$b$1481 [6]
                                              \cpu.hazard_unit.id_src2_in [1] -> $memory\cpu.id_stage_unit.regfile_unit.register_file_data$rdmux[1][1][0]$a$1480 [6]
                                              \cpu.hazard_unit.id_src2_in [1] -> $memory\cpu.id_stage_unit.regfile_unit.register_file_data$rdmux[1][1][0]$b$1481 [7]
                                              \cpu.hazard_unit.id_src2_in [1] -> $memory\cpu.id_stage_unit.regfile_unit.register_file_data$rdmux[1][1][0]$a$1480 [7]
                                              \cpu.hazard_unit.id_src2_in [1] -> $memory\cpu.id_stage_unit.regfile_unit.register_file_data$rdmux[1][1][0]$b$1481 [8]
                                              \cpu.hazard_unit.id_src2_in [1] -> $memory\cpu.id_stage_unit.regfile_unit.register_file_data$rdmux[1][1][0]$a$1480 [8]
                                              \cpu.hazard_unit.id_src2_in [1] -> $memory\cpu.id_stage_unit.regfile_unit.register_file_data$rdmux[1][1][0]$b$1481 [9]
                                              \cpu.hazard_unit.id_src2_in [1] -> $memory\cpu.id_stage_unit.regfile_unit.register_file_data$rdmux[1][1][0]$a$1480 [9]
                                              \cpu.hazard_unit.id_src2_in [1] -> $memory\cpu.id_stage_unit.regfile_unit.register_file_data$rdmux[1][1][0]$b$1481 [10]
                                              \cpu.hazard_unit.id_src2_in [1] -> $memory\cpu.id_stage_unit.regfile_unit.register_file_data$rdmux[1][1][0]$a$1480 [10]
                                              \cpu.hazard_unit.id_src2_in [1] -> $memory\cpu.id_stage_unit.regfile_unit.register_file_data$rdmux[1][1][0]$b$1481 [11]
                                              \cpu.hazard_unit.id_src2_in [1] -> $memory\cpu.id_stage_unit.regfile_unit.register_file_data$rdmux[1][1][0]$a$1480 [11]
                                              \cpu.hazard_unit.id_src2_in [1] -> $memory\cpu.id_stage_unit.regfile_unit.register_file_data$rdmux[1][1][0]$b$1481 [12]
                                              \cpu.hazard_unit.id_src2_in [1] -> $memory\cpu.id_stage_unit.regfile_unit.register_file_data$rdmux[1][1][0]$a$1480 [12]
                                              \cpu.hazard_unit.id_src2_in [1] -> $memory\cpu.id_stage_unit.regfile_unit.register_file_data$rdmux[1][1][0]$b$1481 [13]
                                              \cpu.hazard_unit.id_src2_in [1] -> $memory\cpu.id_stage_unit.regfile_unit.register_file_data$rdmux[1][1][0]$a$1480 [13]
                                              \cpu.hazard_unit.id_src2_in [1] -> $memory\cpu.id_stage_unit.regfile_unit.register_file_data$rdmux[1][1][0]$b$1481 [14]
                                              \cpu.hazard_unit.id_src2_in [1] -> $memory\cpu.id_stage_unit.regfile_unit.register_file_data$rdmux[1][1][0]$a$1480 [14]
                                              \cpu.hazard_unit.id_src2_in [1] -> $auto$simplemap.cc:271:simplemap_eqne$5973 [1]
                                              \cpu.hazard_unit.id_src2_in [1] -> $auto$simplemap.cc:271:simplemap_eqne$6010 [1]
Breaking loop using new signal $abcloop$8638: \cpu.hazard_unit.id_src2_in [2] -> $memory\cpu.id_stage_unit.regfile_unit.register_file_data$rdmux[1][0][0]$a$1477 [15]
                                              \cpu.hazard_unit.id_src2_in [2] -> $memory\cpu.id_stage_unit.regfile_unit.register_file_data$rdmux[1][0][0]$b$1478 [15]
                                              \cpu.hazard_unit.id_src2_in [2] -> $memory\cpu.id_stage_unit.regfile_unit.register_file_data$rdmux[1][0][0]$b$1478 [0]
                                              \cpu.hazard_unit.id_src2_in [2] -> $memory\cpu.id_stage_unit.regfile_unit.register_file_data$rdmux[1][0][0]$a$1477 [0]
                                              \cpu.hazard_unit.id_src2_in [2] -> $memory\cpu.id_stage_unit.regfile_unit.register_file_data$rdmux[1][0][0]$b$1478 [1]
                                              \cpu.hazard_unit.id_src2_in [2] -> $memory\cpu.id_stage_unit.regfile_unit.register_file_data$rdmux[1][0][0]$a$1477 [1]
                                              \cpu.hazard_unit.id_src2_in [2] -> $memory\cpu.id_stage_unit.regfile_unit.register_file_data$rdmux[1][0][0]$b$1478 [2]
                                              \cpu.hazard_unit.id_src2_in [2] -> $memory\cpu.id_stage_unit.regfile_unit.register_file_data$rdmux[1][0][0]$a$1477 [2]
                                              \cpu.hazard_unit.id_src2_in [2] -> $memory\cpu.id_stage_unit.regfile_unit.register_file_data$rdmux[1][0][0]$b$1478 [3]
                                              \cpu.hazard_unit.id_src2_in [2] -> $memory\cpu.id_stage_unit.regfile_unit.register_file_data$rdmux[1][0][0]$a$1477 [3]
                                              \cpu.hazard_unit.id_src2_in [2] -> $memory\cpu.id_stage_unit.regfile_unit.register_file_data$rdmux[1][0][0]$b$1478 [4]
                                              \cpu.hazard_unit.id_src2_in [2] -> $memory\cpu.id_stage_unit.regfile_unit.register_file_data$rdmux[1][0][0]$a$1477 [4]
                                              \cpu.hazard_unit.id_src2_in [2] -> $memory\cpu.id_stage_unit.regfile_unit.register_file_data$rdmux[1][0][0]$b$1478 [5]
                                              \cpu.hazard_unit.id_src2_in [2] -> $memory\cpu.id_stage_unit.regfile_unit.register_file_data$rdmux[1][0][0]$a$1477 [5]
                                              \cpu.hazard_unit.id_src2_in [2] -> $memory\cpu.id_stage_unit.regfile_unit.register_file_data$rdmux[1][0][0]$b$1478 [6]
                                              \cpu.hazard_unit.id_src2_in [2] -> $memory\cpu.id_stage_unit.regfile_unit.register_file_data$rdmux[1][0][0]$a$1477 [6]
                                              \cpu.hazard_unit.id_src2_in [2] -> $memory\cpu.id_stage_unit.regfile_unit.register_file_data$rdmux[1][0][0]$b$1478 [7]
                                              \cpu.hazard_unit.id_src2_in [2] -> $memory\cpu.id_stage_unit.regfile_unit.register_file_data$rdmux[1][0][0]$a$1477 [7]
                                              \cpu.hazard_unit.id_src2_in [2] -> $memory\cpu.id_stage_unit.regfile_unit.register_file_data$rdmux[1][0][0]$b$1478 [8]
                                              \cpu.hazard_unit.id_src2_in [2] -> $memory\cpu.id_stage_unit.regfile_unit.register_file_data$rdmux[1][0][0]$a$1477 [8]
                                              \cpu.hazard_unit.id_src2_in [2] -> $memory\cpu.id_stage_unit.regfile_unit.register_file_data$rdmux[1][0][0]$b$1478 [9]
                                              \cpu.hazard_unit.id_src2_in [2] -> $memory\cpu.id_stage_unit.regfile_unit.register_file_data$rdmux[1][0][0]$a$1477 [9]
                                              \cpu.hazard_unit.id_src2_in [2] -> $memory\cpu.id_stage_unit.regfile_unit.register_file_data$rdmux[1][0][0]$b$1478 [10]
                                              \cpu.hazard_unit.id_src2_in [2] -> $memory\cpu.id_stage_unit.regfile_unit.register_file_data$rdmux[1][0][0]$a$1477 [10]
                                              \cpu.hazard_unit.id_src2_in [2] -> $memory\cpu.id_stage_unit.regfile_unit.register_file_data$rdmux[1][0][0]$b$1478 [11]
                                              \cpu.hazard_unit.id_src2_in [2] -> $memory\cpu.id_stage_unit.regfile_unit.register_file_data$rdmux[1][0][0]$a$1477 [11]
                                              \cpu.hazard_unit.id_src2_in [2] -> $memory\cpu.id_stage_unit.regfile_unit.register_file_data$rdmux[1][0][0]$b$1478 [12]
                                              \cpu.hazard_unit.id_src2_in [2] -> $memory\cpu.id_stage_unit.regfile_unit.register_file_data$rdmux[1][0][0]$a$1477 [12]
                                              \cpu.hazard_unit.id_src2_in [2] -> $memory\cpu.id_stage_unit.regfile_unit.register_file_data$rdmux[1][0][0]$b$1478 [13]
                                              \cpu.hazard_unit.id_src2_in [2] -> $memory\cpu.id_stage_unit.regfile_unit.register_file_data$rdmux[1][0][0]$a$1477 [13]
                                              \cpu.hazard_unit.id_src2_in [2] -> $memory\cpu.id_stage_unit.regfile_unit.register_file_data$rdmux[1][0][0]$b$1478 [14]
                                              \cpu.hazard_unit.id_src2_in [2] -> $memory\cpu.id_stage_unit.regfile_unit.register_file_data$rdmux[1][0][0]$a$1477 [14]
                                              \cpu.hazard_unit.id_src2_in [2] -> $auto$simplemap.cc:271:simplemap_eqne$5973 [2]
                                              \cpu.hazard_unit.id_src2_in [2] -> $auto$simplemap.cc:271:simplemap_eqne$6010 [2]
Breaking loop using new signal $abcloop$8639: \cpu.if_stage_unit.freeze_in -> $flatten\qspi.$procmux$529_Y
                                              \cpu.if_stage_unit.freeze_in -> $flatten\qspi.$procmux$376_Y
                                              \cpu.if_stage_unit.freeze_in -> $auto$simplemap.cc:148:simplemap_reduce$3216
                                              \cpu.if_stage_unit.freeze_in -> \qspi.instr_req_in
                                              \cpu.if_stage_unit.freeze_in -> $flatten\qspi.$procmux$424_Y [0]
                                              \cpu.if_stage_unit.freeze_in -> $flatten\qspi.$procmux$424_Y [1]
                                              \cpu.if_stage_unit.freeze_in -> $flatten\qspi.$procmux$424_Y [2]
                                              \cpu.if_stage_unit.freeze_in -> $flatten\qspi.$procmux$424_Y [3]
                                              \cpu.if_stage_unit.freeze_in -> $flatten\qspi.$procmux$424_Y [4]
                                              \cpu.if_stage_unit.freeze_in -> $flatten\qspi.$procmux$424_Y [5]
                                              \cpu.if_stage_unit.freeze_in -> $flatten\qspi.$procmux$424_Y [6]
                                              \cpu.if_stage_unit.freeze_in -> $flatten\qspi.$procmux$424_Y [7]
                                              \cpu.if_stage_unit.freeze_in -> $flatten\qspi.$procmux$424_Y [8]
                                              \cpu.if_stage_unit.freeze_in -> $flatten\qspi.$procmux$424_Y [9]
                                              \cpu.if_stage_unit.freeze_in -> $flatten\qspi.$procmux$424_Y [10]
                                              \cpu.if_stage_unit.freeze_in -> $flatten\qspi.$procmux$424_Y [11]
                                              \cpu.if_stage_unit.freeze_in -> $flatten\qspi.$procmux$424_Y [12]
                                              \cpu.if_stage_unit.freeze_in -> $flatten\qspi.$procmux$424_Y [13]
                                              \cpu.if_stage_unit.freeze_in -> $flatten\qspi.$procmux$424_Y [14]
                                              \cpu.if_stage_unit.freeze_in -> $flatten\qspi.$procmux$424_Y [15]
Breaking loop using new signal $abcloop$8640: \cpu.hazard_unit.id_src2_in [3] -> $\cpu.id_stage_unit.regfile_unit.register_file_data$rdreg[1]$d [15]
                                              \cpu.hazard_unit.id_src2_in [3] -> $\cpu.id_stage_unit.regfile_unit.register_file_data$rdreg[1]$d [0]
                                              \cpu.hazard_unit.id_src2_in [3] -> $\cpu.id_stage_unit.regfile_unit.register_file_data$rdreg[1]$d [1]
                                              \cpu.hazard_unit.id_src2_in [3] -> $\cpu.id_stage_unit.regfile_unit.register_file_data$rdreg[1]$d [2]
                                              \cpu.hazard_unit.id_src2_in [3] -> $\cpu.id_stage_unit.regfile_unit.register_file_data$rdreg[1]$d [3]
                                              \cpu.hazard_unit.id_src2_in [3] -> $\cpu.id_stage_unit.regfile_unit.register_file_data$rdreg[1]$d [4]
                                              \cpu.hazard_unit.id_src2_in [3] -> $\cpu.id_stage_unit.regfile_unit.register_file_data$rdreg[1]$d [5]
                                              \cpu.hazard_unit.id_src2_in [3] -> $\cpu.id_stage_unit.regfile_unit.register_file_data$rdreg[1]$d [6]
                                              \cpu.hazard_unit.id_src2_in [3] -> $\cpu.id_stage_unit.regfile_unit.register_file_data$rdreg[1]$d [7]
                                              \cpu.hazard_unit.id_src2_in [3] -> $\cpu.id_stage_unit.regfile_unit.register_file_data$rdreg[1]$d [8]
                                              \cpu.hazard_unit.id_src2_in [3] -> $\cpu.id_stage_unit.regfile_unit.register_file_data$rdreg[1]$d [9]
                                              \cpu.hazard_unit.id_src2_in [3] -> $\cpu.id_stage_unit.regfile_unit.register_file_data$rdreg[1]$d [10]
                                              \cpu.hazard_unit.id_src2_in [3] -> $\cpu.id_stage_unit.regfile_unit.register_file_data$rdreg[1]$d [11]
                                              \cpu.hazard_unit.id_src2_in [3] -> $\cpu.id_stage_unit.regfile_unit.register_file_data$rdreg[1]$d [12]
                                              \cpu.hazard_unit.id_src2_in [3] -> $\cpu.id_stage_unit.regfile_unit.register_file_data$rdreg[1]$d [13]
                                              \cpu.hazard_unit.id_src2_in [3] -> $\cpu.id_stage_unit.regfile_unit.register_file_data$rdreg[1]$d [14]
                                              \cpu.hazard_unit.id_src2_in [3] -> $auto$simplemap.cc:271:simplemap_eqne$5973 [3]
                                              \cpu.hazard_unit.id_src2_in [3] -> $auto$simplemap.cc:271:simplemap_eqne$6010 [3]

21.24.1.1. Executed ABC.
Extracted 2628 gates and 3132 wires to a netlist network with 502 inputs and 208 outputs.
Running ABC script: <abc-temp-dir>/abc.script
ABC: UC Berkeley, ABC 1.01 (compiled Jul 16 2026 03:52:11)
ABC: abc 01> empty
ABC: abc 01> source <abc-temp-dir>/abc.script
ABC: + read_blif <abc-temp-dir>/input.blif 
ABC: + read_library <abc-temp-dir>/stdcells.genlib 
ABC: + strash 
ABC: + &get -n 
ABC: + &fraig -x 
ABC: + &put 
ABC: + scorr 
ABC: Warning: The network is combinational (run "fraig" or "fraig_sweep").
ABC: + dc2 
ABC: + dretime 
ABC: + strash 
ABC: + &get -n 
ABC: + &dch -f 
ABC: + &nf 
ABC: + &put 
ABC: + write_blif <abc-temp-dir>/output.blif 
ABC: 
ABC: YOSYS_ABC_DONE 

21.24.1.2. Re-integrating ABC results.
ABC RESULTS:               AND cells:      449
ABC RESULTS:            ANDNOT cells:      102
ABC RESULTS:               BUF cells:        1
ABC RESULTS:               MUX cells:      690
ABC RESULTS:              NAND cells:      600
ABC RESULTS:               NOR cells:       43
ABC RESULTS:               NOT cells:       31
ABC RESULTS:                OR cells:      183
ABC RESULTS:             ORNOT cells:      111
ABC RESULTS:              XNOR cells:       82
ABC RESULTS:               XOR cells:       58
ABC RESULTS:        internal signals:     2422
ABC RESULTS:           input signals:      502
ABC RESULTS:          output signals:      208
Removing temp directory.
Removing global temp directory.

21.25. Executing OPT pass (performing simple optimizations).

21.25.1. Executing OPT_EXPR pass (perform const folding).
Optimizing module arm16_top.
Couldn't topologically sort cells, optimizing module arm16_top may take a longer time.
Couldn't topologically sort cells, optimizing module arm16_top may take a longer time.
Couldn't topologically sort cells, optimizing module arm16_top may take a longer time.
<suppressed ~59 debug messages>

21.25.2. Executing OPT_MERGE pass (detect identical cells).
Finding identical cells in module `\arm16_top'.
Computing hashes of 3010 cells of `\arm16_top'.
Finding duplicate cells in `\arm16_top'.
Removed a total of 0 cells.

21.25.3. Executing OPT_DFF pass (perform DFF optimizations).

21.25.4. Executing OPT_CLEAN pass (remove unused cells and wires).
Finding unused cells or wires in module \arm16_top..
Removed 0 unused cells and 1679 unused wires.
<suppressed ~77 debug messages>

21.25.5. Finished fast OPT passes.

21.26. Executing HIERARCHY pass (managing design hierarchy).
Attribute `top' found on module `arm16_top'. Setting top module to arm16_top.

21.26.1. Analyzing design hierarchy..
Top module:  \arm16_top

21.26.2. Analyzing design hierarchy..
Top module:  \arm16_top
Removed 0 unused modules.

21.27. Printing statistics.

=== arm16_top ===

        +----------Local Count, excluding submodules.
        | 
     2602 wires
     5032 wire bits
      369 public wires
     2755 public wire bits
        8 ports
       43 port bits
     3010 cells
      102   $_ANDNOT_
      449   $_AND_
        2   $_DFFE_NN0P_
      240   $_DFFE_NP_
       61   $_DFFE_PN0N_
       14   $_DFF_P_
      690   $_MUX_
      600   $_NAND_
       43   $_NOR_
       31   $_NOT_
      111   $_ORNOT_
      183   $_OR_
      192   $_SDFFE_PN0P_
        2   $_SDFFE_PN1P_
      129   $_SDFFE_PP0N_
        2   $_SDFF_PN0_
       82   $_XNOR_
       58   $_XOR_
       19   $scopeinfo

21.28. Executing CHECK pass (checking for obvious problems).
Checking module arm16_top...
Warning: found logic loop in module arm16_top:
    cell $abc$8635$auto$blifparse.cc:397:parse_blif$8946 ($_AND_)
      A[0] --> Y[0]
    cell $abc$8635$auto$blifparse.cc:397:parse_blif$8948 ($_AND_)
      A[0] --> Y[0]
    wire \cpu.id_reg_unit.mem_w_en_in source: ID_stage_reg.v:8.25-8.36
    cell $abc$8635$auto$blifparse.cc:397:parse_blif$8952 ($_MUX_)
      S[0] --> Y[0]
    wire \cpu.hazard_unit.id_src2_in [3] source: hazard_detection.v:3.25-3.35
    cell $abc$8635$auto$blifparse.cc:397:parse_blif$8755 ($_XNOR_)
      B[0] --> Y[0]
    cell $abc$8635$auto$blifparse.cc:397:parse_blif$8756 ($_AND_)
      B[0] --> Y[0]
    cell $abc$8635$auto$blifparse.cc:397:parse_blif$8757 ($_AND_)
      B[0] --> Y[0]
    cell $abc$8635$auto$blifparse.cc:397:parse_blif$8758 ($_NAND_)
      B[0] --> Y[0]
    cell $abc$8635$auto$blifparse.cc:397:parse_blif$8767 ($_NAND_)
      A[0] --> Y[0]
    cell $abc$8635$auto$blifparse.cc:397:parse_blif$8769 ($_NAND_)
      A[0] --> Y[0]
    cell $abc$8635$auto$blifparse.cc:397:parse_blif$8770 ($_AND_)
      B[0] --> Y[0]
Found and reported 1 problems.

22. Executing DFFLIBMAP pass (mapping DFF cells to sequential cells from liberty file).
  cell sky130_fd_sc_hd__dfxtp_1 (noninv, pins=3, area=20.02) is a direct match for cell type $_DFF_P_.
  cell sky130_fd_sc_hd__dfrtn_1 (noninv, pins=4, area=25.02) is a direct match for cell type $_DFF_NN0_.
  cell sky130_fd_sc_hd__dfrtp_1 (noninv, pins=4, area=25.02) is a direct match for cell type $_DFF_PN0_.
  cell sky130_fd_sc_hd__dfstp_2 (noninv, pins=4, area=26.28) is a direct match for cell type $_DFF_PN1_.
  cell sky130_fd_sc_hd__edfxtp_1 (noninv, pins=4, area=30.03) is a direct match for cell type $_DFFE_PP_.
  cell sky130_fd_sc_hd__dfbbn_1 (noninv, pins=6, area=32.53) is a direct match for cell type $_DFFSR_NNN_.
  cell sky130_fd_sc_hd__dfbbp_1 (noninv, pins=6, area=32.53) is a direct match for cell type $_DFFSR_PNN_.
  final dff cell mappings:
    unmapped dff cell: $_DFF_N_
    \sky130_fd_sc_hd__dfxtp_1 _DFF_P_ (.CLK( C), .D( D), .Q( Q));
    \sky130_fd_sc_hd__dfrtn_1 _DFF_NN0_ (.CLK_N( C), .D( D), .Q( Q), .RESET_B( R));
    unmapped dff cell: $_DFF_NN1_
    unmapped dff cell: $_DFF_NP0_
    unmapped dff cell: $_DFF_NP1_
    \sky130_fd_sc_hd__dfrtp_1 _DFF_PN0_ (.CLK( C), .D( D), .Q( Q), .RESET_B( R));
    \sky130_fd_sc_hd__dfstp_2 _DFF_PN1_ (.CLK( C), .D( D), .Q( Q), .SET_B( R));
    unmapped dff cell: $_DFF_PP0_
    unmapped dff cell: $_DFF_PP1_
    unmapped dff cell: $_DFFE_NN_
    unmapped dff cell: $_DFFE_NP_
    unmapped dff cell: $_DFFE_PN_
    \sky130_fd_sc_hd__edfxtp_1 _DFFE_PP_ (.CLK( C), .D( D), .DE( E), .Q( Q));
    \sky130_fd_sc_hd__dfbbn_1 _DFFSR_NNN_ (.CLK_N( C), .D( D), .Q( Q), .Q_N(~Q), .RESET_B( R), .SET_B( S));
    unmapped dff cell: $_DFFSR_NNP_
    unmapped dff cell: $_DFFSR_NPN_
    unmapped dff cell: $_DFFSR_NPP_
    \sky130_fd_sc_hd__dfbbp_1 _DFFSR_PNN_ (.CLK( C), .D( D), .Q( Q), .Q_N(~Q), .RESET_B( R), .SET_B( S));
    unmapped dff cell: $_DFFSR_PNP_
    unmapped dff cell: $_DFFSR_PPN_
    unmapped dff cell: $_DFFSR_PPP_

22.1. Executing DFFLEGALIZE pass (convert FFs to types supported by the target).
<suppressed ~24 debug messages>
Mapping DFF cells in module `\arm16_top':
  mapped 240 $_DFFE_PP_ cells to \sky130_fd_sc_hd__edfxtp_1 cells.
  mapped 2 $_DFF_NN0_ cells to \sky130_fd_sc_hd__dfrtn_1 cells.
  mapped 61 $_DFF_PN0_ cells to \sky130_fd_sc_hd__dfrtp_1 cells.
  mapped 339 $_DFF_P_ cells to \sky130_fd_sc_hd__dfxtp_1 cells.

23. Executing ABC pass (technology mapping using ABC).

23.1. Extracting gate netlist of module `\arm16_top' to `<abc-temp-dir>/input.blif'..
ABC: using cached merged SCL: /tmp/yosys-liberty-scl-cache/yosys_merged_26d78acf.scl (1 files)
Breaking loop using new signal $abcloop$12894: \cpu.hazard_unit.id_src2_in [2] -> $abc$8635$new_n2844
                                               \cpu.hazard_unit.id_src2_in [2] -> $abc$8635$new_n2841
                                               \cpu.hazard_unit.id_src2_in [2] -> $abc$8635$new_n2837
                                               \cpu.hazard_unit.id_src2_in [2] -> $abc$8635$new_n2836
                                               \cpu.hazard_unit.id_src2_in [2] -> $abc$8635$new_n2834
                                               \cpu.hazard_unit.id_src2_in [2] -> $abc$8635$new_n2833
                                               \cpu.hazard_unit.id_src2_in [2] -> $abc$8635$new_n1546
                                               \cpu.hazard_unit.id_src2_in [2] -> $abc$8635$new_n1543
                                               \cpu.hazard_unit.id_src2_in [2] -> $abc$8635$new_n1542
                                               \cpu.hazard_unit.id_src2_in [2] -> $abc$8635$new_n1538
                                               \cpu.hazard_unit.id_src2_in [2] -> $abc$8635$new_n1537
                                               \cpu.hazard_unit.id_src2_in [2] -> $abc$8635$new_n1535
                                               \cpu.hazard_unit.id_src2_in [2] -> $abc$8635$new_n1533
                                               \cpu.hazard_unit.id_src2_in [2] -> $abc$8635$new_n1530
                                               \cpu.hazard_unit.id_src2_in [2] -> $abc$8635$new_n1526
                                               \cpu.hazard_unit.id_src2_in [2] -> $abc$8635$new_n1523
                                               \cpu.hazard_unit.id_src2_in [2] -> $abc$8635$new_n1519
                                               \cpu.hazard_unit.id_src2_in [2] -> $abc$8635$new_n1518
                                               \cpu.hazard_unit.id_src2_in [2] -> $abc$8635$new_n1516
                                               \cpu.hazard_unit.id_src2_in [2] -> $abc$8635$new_n1515
                                               \cpu.hazard_unit.id_src2_in [2] -> $abc$8635$new_n1510
                                               \cpu.hazard_unit.id_src2_in [2] -> $abc$8635$new_n1507
                                               \cpu.hazard_unit.id_src2_in [2] -> $abc$8635$new_n1506
                                               \cpu.hazard_unit.id_src2_in [2] -> $abc$8635$new_n1502
                                               \cpu.hazard_unit.id_src2_in [2] -> $abc$8635$new_n1501
                                               \cpu.hazard_unit.id_src2_in [2] -> $abc$8635$new_n1499
                                               \cpu.hazard_unit.id_src2_in [2] -> $abc$8635$new_n1497
                                               \cpu.hazard_unit.id_src2_in [2] -> $abc$8635$new_n1494
                                               \cpu.hazard_unit.id_src2_in [2] -> $abc$8635$new_n1490
                                               \cpu.hazard_unit.id_src2_in [2] -> $abc$8635$new_n1487
                                               \cpu.hazard_unit.id_src2_in [2] -> $abc$8635$new_n1483
                                               \cpu.hazard_unit.id_src2_in [2] -> $abc$8635$new_n1482
                                               \cpu.hazard_unit.id_src2_in [2] -> $abc$8635$new_n1480
                                               \cpu.hazard_unit.id_src2_in [2] -> $abc$8635$new_n1479
                                               \cpu.hazard_unit.id_src2_in [2] -> $abc$8635$new_n1475
                                               \cpu.hazard_unit.id_src2_in [2] -> $abc$8635$new_n1474
                                               \cpu.hazard_unit.id_src2_in [2] -> $abc$8635$new_n1472
                                               \cpu.hazard_unit.id_src2_in [2] -> $abc$8635$new_n1471
                                               \cpu.hazard_unit.id_src2_in [2] -> $abc$8635$new_n1468
                                               \cpu.hazard_unit.id_src2_in [2] -> $abc$8635$new_n1464
                                               \cpu.hazard_unit.id_src2_in [2] -> $abc$8635$new_n1461
                                               \cpu.hazard_unit.id_src2_in [2] -> $abc$8635$new_n1457
                                               \cpu.hazard_unit.id_src2_in [2] -> $abc$8635$new_n1456
                                               \cpu.hazard_unit.id_src2_in [2] -> $abc$8635$new_n1454
                                               \cpu.hazard_unit.id_src2_in [2] -> $abc$8635$new_n1453
                                               \cpu.hazard_unit.id_src2_in [2] -> $abc$8635$new_n1450
                                               \cpu.hazard_unit.id_src2_in [2] -> $abc$8635$new_n1446
                                               \cpu.hazard_unit.id_src2_in [2] -> $abc$8635$new_n1443
                                               \cpu.hazard_unit.id_src2_in [2] -> $abc$8635$new_n1440
                                               \cpu.hazard_unit.id_src2_in [2] -> $abc$8635$new_n1437
                                               \cpu.hazard_unit.id_src2_in [2] -> $abc$8635$new_n1433
                                               \cpu.hazard_unit.id_src2_in [2] -> $abc$8635$new_n1432
                                               \cpu.hazard_unit.id_src2_in [2] -> $abc$8635$new_n1430
                                               \cpu.hazard_unit.id_src2_in [2] -> $abc$8635$new_n1429
                                               \cpu.hazard_unit.id_src2_in [2] -> $abc$8635$new_n1426
                                               \cpu.hazard_unit.id_src2_in [2] -> $abc$8635$new_n1423
                                               \cpu.hazard_unit.id_src2_in [2] -> $abc$8635$new_n1419
                                               \cpu.hazard_unit.id_src2_in [2] -> $abc$8635$new_n1416
                                               \cpu.hazard_unit.id_src2_in [2] -> $abc$8635$new_n1410
                                               \cpu.hazard_unit.id_src2_in [2] -> $abc$8635$new_n1407
                                               \cpu.hazard_unit.id_src2_in [2] -> $abc$8635$new_n1406
                                               \cpu.hazard_unit.id_src2_in [2] -> $abc$8635$new_n1402
                                               \cpu.hazard_unit.id_src2_in [2] -> $abc$8635$new_n1401
                                               \cpu.hazard_unit.id_src2_in [2] -> $abc$8635$new_n1399
                                               \cpu.hazard_unit.id_src2_in [2] -> $abc$8635$new_n1397
                                               \cpu.hazard_unit.id_src2_in [2] -> $abc$8635$new_n1394
                                               \cpu.hazard_unit.id_src2_in [2] -> $abc$8635$new_n1390
                                               \cpu.hazard_unit.id_src2_in [2] -> $abc$8635$new_n1387
                                               \cpu.hazard_unit.id_src2_in [2] -> $abc$8635$new_n1383
                                               \cpu.hazard_unit.id_src2_in [2] -> $abc$8635$new_n1382
                                               \cpu.hazard_unit.id_src2_in [2] -> $abc$8635$new_n1380
                                               \cpu.hazard_unit.id_src2_in [2] -> $abc$8635$new_n1379
                                               \cpu.hazard_unit.id_src2_in [2] -> $abc$8635$new_n1374
                                               \cpu.hazard_unit.id_src2_in [2] -> $abc$8635$new_n1372
                                               \cpu.hazard_unit.id_src2_in [2] -> $abc$8635$new_n1368
                                               \cpu.hazard_unit.id_src2_in [2] -> $abc$8635$new_n1366
                                               \cpu.hazard_unit.id_src2_in [2] -> $abc$8635$new_n1363
                                               \cpu.hazard_unit.id_src2_in [2] -> $abc$8635$new_n1362
                                               \cpu.hazard_unit.id_src2_in [2] -> $abc$8635$new_n1360
                                               \cpu.hazard_unit.id_src2_in [2] -> $abc$8635$new_n1359
                                               \cpu.hazard_unit.id_src2_in [2] -> $abc$8635$new_n1355
                                               \cpu.hazard_unit.id_src2_in [2] -> $abc$8635$new_n1354
                                               \cpu.hazard_unit.id_src2_in [2] -> $abc$8635$new_n1352
                                               \cpu.hazard_unit.id_src2_in [2] -> $abc$8635$new_n1351
                                               \cpu.hazard_unit.id_src2_in [2] -> $abc$8635$new_n1347
                                               \cpu.hazard_unit.id_src2_in [2] -> $abc$8635$new_n1345
                                               \cpu.hazard_unit.id_src2_in [2] -> $abc$8635$new_n1341
                                               \cpu.hazard_unit.id_src2_in [2] -> $abc$8635$new_n1339
                                               \cpu.hazard_unit.id_src2_in [2] -> $abc$8635$new_n1336
                                               \cpu.hazard_unit.id_src2_in [2] -> $abc$8635$new_n1333
                                               \cpu.hazard_unit.id_src2_in [2] -> $abc$8635$new_n1329
                                               \cpu.hazard_unit.id_src2_in [2] -> $abc$8635$new_n1326
                                               \cpu.hazard_unit.id_src2_in [2] -> $abc$8635$new_n1322
                                               \cpu.hazard_unit.id_src2_in [2] -> $abc$8635$new_n1319
                                               \cpu.hazard_unit.id_src2_in [2] -> $abc$8635$new_n1315
                                               \cpu.hazard_unit.id_src2_in [2] -> $abc$8635$new_n1314
                                               \cpu.hazard_unit.id_src2_in [2] -> $abc$8635$new_n1312
                                               \cpu.hazard_unit.id_src2_in [2] -> $abc$8635$new_n1311
                                               \cpu.hazard_unit.id_src2_in [2] -> $abc$8635$new_n1306
                                               \cpu.hazard_unit.id_src2_in [2] -> $abc$8635$new_n1303
                                               \cpu.hazard_unit.id_src2_in [2] -> $abc$8635$new_n1302
                                               \cpu.hazard_unit.id_src2_in [2] -> $abc$8635$new_n1298
                                               \cpu.hazard_unit.id_src2_in [2] -> $abc$8635$new_n1297
                                               \cpu.hazard_unit.id_src2_in [2] -> $abc$8635$new_n1295
                                               \cpu.hazard_unit.id_src2_in [2] -> $abc$8635$new_n1293
                                               \cpu.hazard_unit.id_src2_in [2] -> $abc$8635$new_n1290
                                               \cpu.hazard_unit.id_src2_in [2] -> $abc$8635$new_n824
                                               \cpu.hazard_unit.id_src2_in [2] -> $abc$8635$new_n803
                                               \cpu.hazard_unit.id_src2_in [2] -> $auto$rtlil.cc:3513:MuxGate$12040
Breaking loop using new signal $abcloop$12895: \cpu.hazard_unit.id_src2_in [0] -> $abc$8635$new_n2843
                                               \cpu.hazard_unit.id_src2_in [0] -> $abc$8635$new_n2842
                                               \cpu.hazard_unit.id_src2_in [0] -> $abc$8635$new_n2840
                                               \cpu.hazard_unit.id_src2_in [0] -> $abc$8635$new_n2838
                                               \cpu.hazard_unit.id_src2_in [0] -> $abc$8635$new_n2835
                                               \cpu.hazard_unit.id_src2_in [0] -> $abc$8635$new_n1547
                                               \cpu.hazard_unit.id_src2_in [0] -> $abc$8635$new_n1544
                                               \cpu.hazard_unit.id_src2_in [0] -> $abc$8635$new_n1539
                                               \cpu.hazard_unit.id_src2_in [0] -> $abc$8635$new_n1536
                                               \cpu.hazard_unit.id_src2_in [0] -> $abc$8635$new_n1532
                                               \cpu.hazard_unit.id_src2_in [0] -> $abc$8635$new_n1531
                                               \cpu.hazard_unit.id_src2_in [0] -> $abc$8635$new_n1529
                                               \cpu.hazard_unit.id_src2_in [0] -> $abc$8635$new_n1525
                                               \cpu.hazard_unit.id_src2_in [0] -> $abc$8635$new_n1524
                                               \cpu.hazard_unit.id_src2_in [0] -> $abc$8635$new_n1522
                                               \cpu.hazard_unit.id_src2_in [0] -> $abc$8635$new_n1520
                                               \cpu.hazard_unit.id_src2_in [0] -> $abc$8635$new_n1517
                                               \cpu.hazard_unit.id_src2_in [0] -> $abc$8635$new_n1511
                                               \cpu.hazard_unit.id_src2_in [0] -> $abc$8635$new_n1508
                                               \cpu.hazard_unit.id_src2_in [0] -> $abc$8635$new_n1503
                                               \cpu.hazard_unit.id_src2_in [0] -> $abc$8635$new_n1500
                                               \cpu.hazard_unit.id_src2_in [0] -> $abc$8635$new_n1496
                                               \cpu.hazard_unit.id_src2_in [0] -> $abc$8635$new_n1495
                                               \cpu.hazard_unit.id_src2_in [0] -> $abc$8635$new_n1493
                                               \cpu.hazard_unit.id_src2_in [0] -> $abc$8635$new_n1489
                                               \cpu.hazard_unit.id_src2_in [0] -> $abc$8635$new_n1488
                                               \cpu.hazard_unit.id_src2_in [0] -> $abc$8635$new_n1486
                                               \cpu.hazard_unit.id_src2_in [0] -> $abc$8635$new_n1484
                                               \cpu.hazard_unit.id_src2_in [0] -> $abc$8635$new_n1481
                                               \cpu.hazard_unit.id_src2_in [0] -> $abc$8635$new_n1476
                                               \cpu.hazard_unit.id_src2_in [0] -> $abc$8635$new_n1473
                                               \cpu.hazard_unit.id_src2_in [0] -> $abc$8635$new_n1467
                                               \cpu.hazard_unit.id_src2_in [0] -> $abc$8635$new_n1466
                                               \cpu.hazard_unit.id_src2_in [0] -> $abc$8635$new_n1463
                                               \cpu.hazard_unit.id_src2_in [0] -> $abc$8635$new_n1458
                                               \cpu.hazard_unit.id_src2_in [0] -> $abc$8635$new_n1455
                                               \cpu.hazard_unit.id_src2_in [0] -> $abc$8635$new_n1449
                                               \cpu.hazard_unit.id_src2_in [0] -> $abc$8635$new_n1448
                                               \cpu.hazard_unit.id_src2_in [0] -> $abc$8635$new_n1445
                                               \cpu.hazard_unit.id_src2_in [0] -> $abc$8635$new_n1439
                                               \cpu.hazard_unit.id_src2_in [0] -> $abc$8635$new_n1438
                                               \cpu.hazard_unit.id_src2_in [0] -> $abc$8635$new_n1436
                                               \cpu.hazard_unit.id_src2_in [0] -> $abc$8635$new_n1434
                                               \cpu.hazard_unit.id_src2_in [0] -> $abc$8635$new_n1431
                                               \cpu.hazard_unit.id_src2_in [0] -> $abc$8635$new_n1425
                                               \cpu.hazard_unit.id_src2_in [0] -> $abc$8635$new_n1424
                                               \cpu.hazard_unit.id_src2_in [0] -> $abc$8635$new_n1422
                                               \cpu.hazard_unit.id_src2_in [0] -> $abc$8635$new_n1421
                                               \cpu.hazard_unit.id_src2_in [0] -> $abc$8635$new_n1418
                                               \cpu.hazard_unit.id_src2_in [0] -> $abc$8635$new_n1417
                                               \cpu.hazard_unit.id_src2_in [0] -> $abc$8635$new_n1415
                                               \cpu.hazard_unit.id_src2_in [0] -> $abc$8635$new_n1411
                                               \cpu.hazard_unit.id_src2_in [0] -> $abc$8635$new_n1408
                                               \cpu.hazard_unit.id_src2_in [0] -> $abc$8635$new_n1403
                                               \cpu.hazard_unit.id_src2_in [0] -> $abc$8635$new_n1400
                                               \cpu.hazard_unit.id_src2_in [0] -> $abc$8635$new_n1396
                                               \cpu.hazard_unit.id_src2_in [0] -> $abc$8635$new_n1395
                                               \cpu.hazard_unit.id_src2_in [0] -> $abc$8635$new_n1393
                                               \cpu.hazard_unit.id_src2_in [0] -> $abc$8635$new_n1389
                                               \cpu.hazard_unit.id_src2_in [0] -> $abc$8635$new_n1388
                                               \cpu.hazard_unit.id_src2_in [0] -> $abc$8635$new_n1386
                                               \cpu.hazard_unit.id_src2_in [0] -> $abc$8635$new_n1384
                                               \cpu.hazard_unit.id_src2_in [0] -> $abc$8635$new_n1381
                                               \cpu.hazard_unit.id_src2_in [0] -> $abc$8635$new_n1373
                                               \cpu.hazard_unit.id_src2_in [0] -> $abc$8635$new_n1371
                                               \cpu.hazard_unit.id_src2_in [0] -> $abc$8635$new_n1367
                                               \cpu.hazard_unit.id_src2_in [0] -> $abc$8635$new_n1364
                                               \cpu.hazard_unit.id_src2_in [0] -> $abc$8635$new_n1361
                                               \cpu.hazard_unit.id_src2_in [0] -> $abc$8635$new_n1356
                                               \cpu.hazard_unit.id_src2_in [0] -> $abc$8635$new_n1353
                                               \cpu.hazard_unit.id_src2_in [0] -> $abc$8635$new_n1346
                                               \cpu.hazard_unit.id_src2_in [0] -> $abc$8635$new_n1344
                                               \cpu.hazard_unit.id_src2_in [0] -> $abc$8635$new_n1340
                                               \cpu.hazard_unit.id_src2_in [0] -> $abc$8635$new_n1335
                                               \cpu.hazard_unit.id_src2_in [0] -> $abc$8635$new_n1334
                                               \cpu.hazard_unit.id_src2_in [0] -> $abc$8635$new_n1332
                                               \cpu.hazard_unit.id_src2_in [0] -> $abc$8635$new_n1331
                                               \cpu.hazard_unit.id_src2_in [0] -> $abc$8635$new_n1328
                                               \cpu.hazard_unit.id_src2_in [0] -> $abc$8635$new_n1327
                                               \cpu.hazard_unit.id_src2_in [0] -> $abc$8635$new_n1325
                                               \cpu.hazard_unit.id_src2_in [0] -> $abc$8635$new_n1321
                                               \cpu.hazard_unit.id_src2_in [0] -> $abc$8635$new_n1320
                                               \cpu.hazard_unit.id_src2_in [0] -> $abc$8635$new_n1318
                                               \cpu.hazard_unit.id_src2_in [0] -> $abc$8635$new_n1316
                                               \cpu.hazard_unit.id_src2_in [0] -> $abc$8635$new_n1313
                                               \cpu.hazard_unit.id_src2_in [0] -> $abc$8635$new_n1307
                                               \cpu.hazard_unit.id_src2_in [0] -> $abc$8635$new_n1304
                                               \cpu.hazard_unit.id_src2_in [0] -> $abc$8635$new_n1299
                                               \cpu.hazard_unit.id_src2_in [0] -> $abc$8635$new_n1296
                                               \cpu.hazard_unit.id_src2_in [0] -> $abc$8635$new_n1292
                                               \cpu.hazard_unit.id_src2_in [0] -> $abc$8635$new_n1291
                                               \cpu.hazard_unit.id_src2_in [0] -> $abc$8635$new_n1289
                                               \cpu.hazard_unit.id_src2_in [0] -> $abc$8635$new_n821
                                               \cpu.hazard_unit.id_src2_in [0] -> $abc$8635$new_n800
                                               \cpu.hazard_unit.id_src2_in [0] -> $auto$rtlil.cc:3513:MuxGate$12048
Breaking loop using new signal $abcloop$12896: \cpu.if_stage_unit.freeze_in -> $abc$8635$new_n2975
                                               \cpu.if_stage_unit.freeze_in -> $abc$8635$new_n2929
                                               \cpu.if_stage_unit.freeze_in -> $abc$8635$new_n2809
                                               \cpu.if_stage_unit.freeze_in -> $abc$8635$new_n783
                                               \cpu.if_stage_unit.freeze_in -> $abc$8635$new_n781
                                               \cpu.if_stage_unit.freeze_in -> $abc$8635$new_n779
                                               \cpu.if_stage_unit.freeze_in -> $abc$8635$new_n777
                                               \cpu.if_stage_unit.freeze_in -> $abc$8635$new_n775
                                               \cpu.if_stage_unit.freeze_in -> $abc$8635$new_n773
                                               \cpu.if_stage_unit.freeze_in -> $abc$8635$new_n771
                                               \cpu.if_stage_unit.freeze_in -> $abc$8635$new_n769
                                               \cpu.if_stage_unit.freeze_in -> $abc$8635$new_n767
                                               \cpu.if_stage_unit.freeze_in -> $abc$8635$new_n765
                                               \cpu.if_stage_unit.freeze_in -> $abc$8635$new_n763
                                               \cpu.if_stage_unit.freeze_in -> $abc$8635$new_n760
                                               \cpu.if_stage_unit.freeze_in -> $abc$8635$new_n757
                                               \cpu.if_stage_unit.freeze_in -> $abc$8635$new_n754
                                               \cpu.if_stage_unit.freeze_in -> $abc$8635$new_n751
                                               \cpu.if_stage_unit.freeze_in -> $auto$rtlil.cc:3513:MuxGate$11770
                                               \cpu.if_stage_unit.freeze_in -> $auto$rtlil.cc:3513:MuxGate$11774
                                               \cpu.if_stage_unit.freeze_in -> $abc$8635$flatten\qspi.$procmux$529_Y
                                               \cpu.if_stage_unit.freeze_in -> $abc$8635$auto$simplemap.cc:148:simplemap_reduce$3231[1]
                                               \cpu.if_stage_unit.freeze_in -> $abc$8635$flatten\qspi.$procmux$379_Y
                                               \cpu.if_stage_unit.freeze_in -> $auto$rtlil.cc:3513:MuxGate$12052
                                               \cpu.if_stage_unit.freeze_in -> $auto$rtlil.cc:3513:MuxGate$12056
                                               \cpu.if_stage_unit.freeze_in -> $auto$rtlil.cc:3513:MuxGate$12060
                                               \cpu.if_stage_unit.freeze_in -> $auto$rtlil.cc:3513:MuxGate$12064
                                               \cpu.if_stage_unit.freeze_in -> $auto$rtlil.cc:3513:MuxGate$12068
                                               \cpu.if_stage_unit.freeze_in -> $auto$rtlil.cc:3513:MuxGate$12072
                                               \cpu.if_stage_unit.freeze_in -> $auto$rtlil.cc:3513:MuxGate$12076
                                               \cpu.if_stage_unit.freeze_in -> $auto$rtlil.cc:3513:MuxGate$12080
                                               \cpu.if_stage_unit.freeze_in -> $auto$rtlil.cc:3513:MuxGate$12084
                                               \cpu.if_stage_unit.freeze_in -> $auto$rtlil.cc:3513:MuxGate$12088
                                               \cpu.if_stage_unit.freeze_in -> $auto$rtlil.cc:3513:MuxGate$12092
                                               \cpu.if_stage_unit.freeze_in -> $auto$rtlil.cc:3513:MuxGate$12096
                                               \cpu.if_stage_unit.freeze_in -> $auto$rtlil.cc:3513:MuxGate$12100
                                               \cpu.if_stage_unit.freeze_in -> $auto$rtlil.cc:3513:MuxGate$12104
                                               \cpu.if_stage_unit.freeze_in -> $auto$rtlil.cc:3513:MuxGate$12108
                                               \cpu.if_stage_unit.freeze_in -> $auto$rtlil.cc:3513:MuxGate$12112
                                               \cpu.if_stage_unit.freeze_in -> $auto$rtlil.cc:3513:MuxGate$12116
                                               \cpu.if_stage_unit.freeze_in -> $auto$rtlil.cc:3513:MuxGate$12120
                                               \cpu.if_stage_unit.freeze_in -> $auto$rtlil.cc:3513:MuxGate$12124
                                               \cpu.if_stage_unit.freeze_in -> $auto$rtlil.cc:3513:MuxGate$12128
                                               \cpu.if_stage_unit.freeze_in -> $auto$rtlil.cc:3513:MuxGate$12132
                                               \cpu.if_stage_unit.freeze_in -> $auto$rtlil.cc:3513:MuxGate$12136
                                               \cpu.if_stage_unit.freeze_in -> $auto$rtlil.cc:3513:MuxGate$12140
                                               \cpu.if_stage_unit.freeze_in -> $auto$rtlil.cc:3513:MuxGate$12144
                                               \cpu.if_stage_unit.freeze_in -> $auto$rtlil.cc:3513:MuxGate$12148
                                               \cpu.if_stage_unit.freeze_in -> $auto$rtlil.cc:3513:MuxGate$12152
                                               \cpu.if_stage_unit.freeze_in -> $auto$rtlil.cc:3513:MuxGate$12156
                                               \cpu.if_stage_unit.freeze_in -> $auto$rtlil.cc:3513:MuxGate$12160
                                               \cpu.if_stage_unit.freeze_in -> $auto$rtlil.cc:3513:MuxGate$12164
                                               \cpu.if_stage_unit.freeze_in -> $auto$rtlil.cc:3513:MuxGate$12168
                                               \cpu.if_stage_unit.freeze_in -> $auto$rtlil.cc:3513:MuxGate$12172
                                               \cpu.if_stage_unit.freeze_in -> $auto$rtlil.cc:3513:MuxGate$12176
                                               \cpu.if_stage_unit.freeze_in -> $auto$rtlil.cc:3513:MuxGate$12180
                                               \cpu.if_stage_unit.freeze_in -> $auto$rtlil.cc:3513:MuxGate$12184
                                               \cpu.if_stage_unit.freeze_in -> $auto$rtlil.cc:3513:MuxGate$12188
                                               \cpu.if_stage_unit.freeze_in -> $auto$rtlil.cc:3513:MuxGate$12192
                                               \cpu.if_stage_unit.freeze_in -> $auto$rtlil.cc:3513:MuxGate$12196
                                               \cpu.if_stage_unit.freeze_in -> $auto$rtlil.cc:3513:MuxGate$12200
                                               \cpu.if_stage_unit.freeze_in -> $auto$rtlil.cc:3513:MuxGate$12204
                                               \cpu.if_stage_unit.freeze_in -> $auto$rtlil.cc:3513:MuxGate$12208
                                               \cpu.if_stage_unit.freeze_in -> $auto$rtlil.cc:3513:MuxGate$12212
                                               \cpu.if_stage_unit.freeze_in -> $auto$rtlil.cc:3513:MuxGate$12216
                                               \cpu.if_stage_unit.freeze_in -> $auto$rtlil.cc:3513:MuxGate$12220
                                               \cpu.if_stage_unit.freeze_in -> $auto$rtlil.cc:3513:MuxGate$12224
                                               \cpu.if_stage_unit.freeze_in -> $auto$rtlil.cc:3513:MuxGate$12228
                                               \cpu.if_stage_unit.freeze_in -> $auto$rtlil.cc:3513:MuxGate$12232
Breaking loop using new signal $abcloop$12897: \cpu.hazard_unit.id_src2_in [1] -> $abc$8635$new_n2845
                                               \cpu.hazard_unit.id_src2_in [1] -> $abc$8635$new_n2839
                                               \cpu.hazard_unit.id_src2_in [1] -> $abc$8635$new_n1549
                                               \cpu.hazard_unit.id_src2_in [1] -> $abc$8635$new_n1534
                                               \cpu.hazard_unit.id_src2_in [1] -> $abc$8635$new_n1527
                                               \cpu.hazard_unit.id_src2_in [1] -> $abc$8635$new_n1521
                                               \cpu.hazard_unit.id_src2_in [1] -> $abc$8635$new_n1513
                                               \cpu.hazard_unit.id_src2_in [1] -> $abc$8635$new_n1498
                                               \cpu.hazard_unit.id_src2_in [1] -> $abc$8635$new_n1491
                                               \cpu.hazard_unit.id_src2_in [1] -> $abc$8635$new_n1485
                                               \cpu.hazard_unit.id_src2_in [1] -> $abc$8635$new_n1477
                                               \cpu.hazard_unit.id_src2_in [1] -> $abc$8635$new_n1469
                                               \cpu.hazard_unit.id_src2_in [1] -> $abc$8635$new_n1462
                                               \cpu.hazard_unit.id_src2_in [1] -> $abc$8635$new_n1459
                                               \cpu.hazard_unit.id_src2_in [1] -> $abc$8635$new_n1451
                                               \cpu.hazard_unit.id_src2_in [1] -> $abc$8635$new_n1444
                                               \cpu.hazard_unit.id_src2_in [1] -> $abc$8635$new_n1441
                                               \cpu.hazard_unit.id_src2_in [1] -> $abc$8635$new_n1435
                                               \cpu.hazard_unit.id_src2_in [1] -> $abc$8635$new_n1413
                                               \cpu.hazard_unit.id_src2_in [1] -> $abc$8635$new_n1398
                                               \cpu.hazard_unit.id_src2_in [1] -> $abc$8635$new_n1391
                                               \cpu.hazard_unit.id_src2_in [1] -> $abc$8635$new_n1385
                                               \cpu.hazard_unit.id_src2_in [1] -> $abc$8635$new_n1375
                                               \cpu.hazard_unit.id_src2_in [1] -> $abc$8635$new_n1369
                                               \cpu.hazard_unit.id_src2_in [1] -> $abc$8635$new_n1365
                                               \cpu.hazard_unit.id_src2_in [1] -> $abc$8635$new_n1357
                                               \cpu.hazard_unit.id_src2_in [1] -> $abc$8635$new_n1348
                                               \cpu.hazard_unit.id_src2_in [1] -> $abc$8635$new_n1342
                                               \cpu.hazard_unit.id_src2_in [1] -> $abc$8635$new_n1323
                                               \cpu.hazard_unit.id_src2_in [1] -> $abc$8635$new_n1317
                                               \cpu.hazard_unit.id_src2_in [1] -> $abc$8635$new_n1309
                                               \cpu.hazard_unit.id_src2_in [1] -> $abc$8635$new_n1294
                                               \cpu.hazard_unit.id_src2_in [1] -> $abc$8635$new_n822
                                               \cpu.hazard_unit.id_src2_in [1] -> $abc$8635$new_n799
                                               \cpu.hazard_unit.id_src2_in [1] -> $\cpu.id_stage_unit.regfile_unit.register_file_data$rdreg[1]$d [7]
                                               \cpu.hazard_unit.id_src2_in [1] -> $auto$rtlil.cc:3513:MuxGate$12044
                                               \cpu.hazard_unit.id_src2_in [1] -> $\cpu.id_stage_unit.regfile_unit.register_file_data$rdreg[1]$d [12]
Breaking loop using new signal $abcloop$12898: \cpu.hazard_unit.id_src2_in [3] -> $abc$8635$new_n1427
                                               \cpu.hazard_unit.id_src2_in [3] -> $abc$8635$new_n1420
                                               \cpu.hazard_unit.id_src2_in [3] -> $abc$8635$new_n1337
                                               \cpu.hazard_unit.id_src2_in [3] -> $abc$8635$new_n1330
                                               \cpu.hazard_unit.id_src2_in [3] -> $abc$8635$new_n825
                                               \cpu.hazard_unit.id_src2_in [3] -> $abc$8635$new_n802
                                               \cpu.hazard_unit.id_src2_in [3] -> $\cpu.id_stage_unit.regfile_unit.register_file_data$rdreg[1]$d [11]
                                               \cpu.hazard_unit.id_src2_in [3] -> $\cpu.id_stage_unit.regfile_unit.register_file_data$rdreg[1]$d [10]
                                               \cpu.hazard_unit.id_src2_in [3] -> $\cpu.id_stage_unit.regfile_unit.register_file_data$rdreg[1]$d [9]
                                               \cpu.hazard_unit.id_src2_in [3] -> $\cpu.id_stage_unit.regfile_unit.register_file_data$rdreg[1]$d [8]
                                               \cpu.hazard_unit.id_src2_in [3] -> $\cpu.id_stage_unit.regfile_unit.register_file_data$rdreg[1]$d [6]
                                               \cpu.hazard_unit.id_src2_in [3] -> $\cpu.id_stage_unit.regfile_unit.register_file_data$rdreg[1]$d [5]
                                               \cpu.hazard_unit.id_src2_in [3] -> $\cpu.id_stage_unit.regfile_unit.register_file_data$rdreg[1]$d [4]
                                               \cpu.hazard_unit.id_src2_in [3] -> $\cpu.id_stage_unit.regfile_unit.register_file_data$rdreg[1]$d [15]
                                               \cpu.hazard_unit.id_src2_in [3] -> $\cpu.id_stage_unit.regfile_unit.register_file_data$rdreg[1]$d [3]
                                               \cpu.hazard_unit.id_src2_in [3] -> $\cpu.id_stage_unit.regfile_unit.register_file_data$rdreg[1]$d [2]
                                               \cpu.hazard_unit.id_src2_in [3] -> $\cpu.id_stage_unit.regfile_unit.register_file_data$rdreg[1]$d [1]
                                               \cpu.hazard_unit.id_src2_in [3] -> $\cpu.id_stage_unit.regfile_unit.register_file_data$rdreg[1]$d [0]
                                               \cpu.hazard_unit.id_src2_in [3] -> $\cpu.id_stage_unit.regfile_unit.register_file_data$rdreg[1]$d [14]
                                               \cpu.hazard_unit.id_src2_in [3] -> $\cpu.id_stage_unit.regfile_unit.register_file_data$rdreg[1]$d [13]
                                               \cpu.hazard_unit.id_src2_in [3] -> $auto$rtlil.cc:3513:MuxGate$12404

23.1.1. Executed ABC.
Extracted 3300 gates and 3957 wires to a netlist network with 655 inputs and 686 outputs.
Running ABC script: <abc-temp-dir>/abc.script
ABC: UC Berkeley, ABC 1.01 (compiled Jul 16 2026 03:52:11)
ABC: abc 01> empty
ABC: abc 01> source <abc-temp-dir>/abc.script
ABC: + read_blif <abc-temp-dir>/input.blif 
ABC: + read_scl /tmp/yosys-liberty-scl-cache/yosys_merged_26d78acf.scl 
ABC: Warning: Detected 9 multi-output cells (for example, "sky130_fd_sc_hd__fa_1").
ABC: + strash 
ABC: + &get -n 
ABC: + &fraig -x 
ABC: + &put 
ABC: + scorr 
ABC: Warning: The network is combinational (run "fraig" or "fraig_sweep").
ABC: + dc2 
ABC: + dretime 
ABC: + strash 
ABC: + &get -n 
ABC: + &dch -f 
ABC: + &nf 
ABC: + &put 
ABC: + write_blif <abc-temp-dir>/output.blif 
ABC: 
ABC: YOSYS_ABC_DONE 

23.1.2. Re-integrating ABC results.
ABC RESULTS:   sky130_fd_sc_hd__a2111o_1 cells:        1
ABC RESULTS:   sky130_fd_sc_hd__a211o_1 cells:        2
ABC RESULTS:   sky130_fd_sc_hd__a211oi_1 cells:       16
ABC RESULTS:   sky130_fd_sc_hd__a21boi_0 cells:       14
ABC RESULTS:   sky130_fd_sc_hd__a21o_1 cells:       13
ABC RESULTS:   sky130_fd_sc_hd__a21oi_1 cells:      232
ABC RESULTS:   sky130_fd_sc_hd__a221o_1 cells:        7
ABC RESULTS:   sky130_fd_sc_hd__a221oi_1 cells:       22
ABC RESULTS:   sky130_fd_sc_hd__a222oi_1 cells:        2
ABC RESULTS:   sky130_fd_sc_hd__a22o_1 cells:       35
ABC RESULTS:   sky130_fd_sc_hd__a22oi_1 cells:       20
ABC RESULTS:   sky130_fd_sc_hd__a311o_1 cells:        3
ABC RESULTS:   sky130_fd_sc_hd__a311oi_1 cells:        1
ABC RESULTS:   sky130_fd_sc_hd__a31o_1 cells:        2
ABC RESULTS:   sky130_fd_sc_hd__a31oi_1 cells:       33
ABC RESULTS:   sky130_fd_sc_hd__a32o_1 cells:        5
ABC RESULTS:   sky130_fd_sc_hd__a32oi_1 cells:        6
ABC RESULTS:   sky130_fd_sc_hd__a41oi_1 cells:        2
ABC RESULTS:   sky130_fd_sc_hd__and2_0 cells:       36
ABC RESULTS:   sky130_fd_sc_hd__and3_1 cells:       16
ABC RESULTS:   sky130_fd_sc_hd__and4_1 cells:        3
ABC RESULTS:   sky130_fd_sc_hd__clkinv_1 cells:      342
ABC RESULTS:   sky130_fd_sc_hd__lpflow_inputiso1p_1 cells:       28
ABC RESULTS:   sky130_fd_sc_hd__lpflow_isobufsrc_1 cells:       38
ABC RESULTS:   sky130_fd_sc_hd__maj3_1 cells:        8
ABC RESULTS:   sky130_fd_sc_hd__mux2_1 cells:       37
ABC RESULTS:   sky130_fd_sc_hd__mux2i_1 cells:      100
ABC RESULTS:   sky130_fd_sc_hd__mux4_2 cells:      103
ABC RESULTS:   sky130_fd_sc_hd__nand2_1 cells:      410
ABC RESULTS:   sky130_fd_sc_hd__nand2b_1 cells:       26
ABC RESULTS:   sky130_fd_sc_hd__nand3_1 cells:       62
ABC RESULTS:   sky130_fd_sc_hd__nand3b_1 cells:        2
ABC RESULTS:   sky130_fd_sc_hd__nand4_1 cells:       16
ABC RESULTS:   sky130_fd_sc_hd__nand4b_1 cells:        1
ABC RESULTS:   sky130_fd_sc_hd__nor2_1 cells:      463
ABC RESULTS:   sky130_fd_sc_hd__nor2b_1 cells:        4
ABC RESULTS:   sky130_fd_sc_hd__nor3_1 cells:       35
ABC RESULTS:   sky130_fd_sc_hd__nor4_1 cells:        7
ABC RESULTS:   sky130_fd_sc_hd__nor4b_1 cells:        1
ABC RESULTS:   sky130_fd_sc_hd__o2111a_1 cells:        3
ABC RESULTS:   sky130_fd_sc_hd__o2111ai_1 cells:        2
ABC RESULTS:   sky130_fd_sc_hd__o211a_1 cells:        7
ABC RESULTS:   sky130_fd_sc_hd__o211ai_1 cells:       54
ABC RESULTS:   sky130_fd_sc_hd__o21a_1 cells:       13
ABC RESULTS:   sky130_fd_sc_hd__o21ai_0 cells:      439
ABC RESULTS:   sky130_fd_sc_hd__o21bai_1 cells:        7
ABC RESULTS:   sky130_fd_sc_hd__o221a_1 cells:        2
ABC RESULTS:   sky130_fd_sc_hd__o221ai_1 cells:       16
ABC RESULTS:   sky130_fd_sc_hd__o22a_1 cells:        3
ABC RESULTS:   sky130_fd_sc_hd__o22ai_1 cells:       19
ABC RESULTS:   sky130_fd_sc_hd__o2bb2ai_1 cells:        3
ABC RESULTS:   sky130_fd_sc_hd__o311ai_0 cells:        5
ABC RESULTS:   sky130_fd_sc_hd__o31a_1 cells:        2
ABC RESULTS:   sky130_fd_sc_hd__o31ai_1 cells:       13
ABC RESULTS:   sky130_fd_sc_hd__o32ai_1 cells:        6
ABC RESULTS:   sky130_fd_sc_hd__o41ai_1 cells:        1
ABC RESULTS:   sky130_fd_sc_hd__or3_1 cells:       13
ABC RESULTS:   sky130_fd_sc_hd__or3b_1 cells:        1
ABC RESULTS:   sky130_fd_sc_hd__or4b_1 cells:        1
ABC RESULTS:   sky130_fd_sc_hd__xnor2_1 cells:       80
ABC RESULTS:   sky130_fd_sc_hd__xor2_1 cells:       31
ABC RESULTS:        internal signals:     2616
ABC RESULTS:           input signals:      655
ABC RESULTS:          output signals:      686
Removing temp directory.
Removing global temp directory.

24. Executing OPT_CLEAN pass (remove unused cells and wires).
Finding unused cells or wires in module \arm16_top..
Removed 19 unused cells and 4171 unused wires.
<suppressed ~318 debug messages>

25. Printing statistics.

=== arm16_top ===

        +----------Local Count, excluding submodules.
        |        +-Local Area, excluding submodules.
        |        | 
     2917        - wires
     3577        - wire bits
       71        - public wires
      731        - public wire bits
        8        - ports
       43        - port bits
     3517 3.27E+04 cells
        1   11.261   sky130_fd_sc_hd__a2111o_1
        2   17.517   sky130_fd_sc_hd__a211o_1
       16  120.115   sky130_fd_sc_hd__a211oi_1
       14  105.101   sky130_fd_sc_hd__a21boi_0
       13   97.594   sky130_fd_sc_hd__a21o_1
      232 1.16E+03   sky130_fd_sc_hd__a21oi_1
        7   70.067   sky130_fd_sc_hd__a221o_1
       22  192.685   sky130_fd_sc_hd__a221oi_1
        2   20.019   sky130_fd_sc_hd__a222oi_1
       35  306.544   sky130_fd_sc_hd__a22o_1
       20  150.144   sky130_fd_sc_hd__a22oi_1
        3   30.029   sky130_fd_sc_hd__a311o_1
        1    8.758   sky130_fd_sc_hd__a311oi_1
        2   17.517   sky130_fd_sc_hd__a31o_1
       33  206.448   sky130_fd_sc_hd__a31oi_1
        5   50.048   sky130_fd_sc_hd__a32o_1
        6    52.55   sky130_fd_sc_hd__a32oi_1
        2   17.517   sky130_fd_sc_hd__a41oi_1
       36  225.216   sky130_fd_sc_hd__and2_0
       16  100.096   sky130_fd_sc_hd__and3_1
        3   26.275   sky130_fd_sc_hd__and4_1
      342 1.28E+03   sky130_fd_sc_hd__clkinv_1
        2   50.048   sky130_fd_sc_hd__dfrtn_1
       61 1.53E+03   sky130_fd_sc_hd__dfrtp_1
      339 6.79E+03   sky130_fd_sc_hd__dfxtp_1
      240 7.21E+03   sky130_fd_sc_hd__edfxtp_1
       28  175.168   sky130_fd_sc_hd__lpflow_inputiso1p_1
       38  237.728   sky130_fd_sc_hd__lpflow_isobufsrc_1
        8   80.077   sky130_fd_sc_hd__maj3_1
       37   416.65   sky130_fd_sc_hd__mux2_1
      100  1000.96   sky130_fd_sc_hd__mux2i_1
      103 2.32E+03   sky130_fd_sc_hd__mux4_2
      410 1.54E+03   sky130_fd_sc_hd__nand2_1
       26  162.656   sky130_fd_sc_hd__nand2b_1
       62  310.298   sky130_fd_sc_hd__nand3_1
        2   15.014   sky130_fd_sc_hd__nand3b_1
       16  100.096   sky130_fd_sc_hd__nand4_1
        1    8.758   sky130_fd_sc_hd__nand4b_1
      463 1.74E+03   sky130_fd_sc_hd__nor2_1
        4   25.024   sky130_fd_sc_hd__nor2b_1
       35  175.168   sky130_fd_sc_hd__nor3_1
        7   43.792   sky130_fd_sc_hd__nor4_1
        1    8.758   sky130_fd_sc_hd__nor4b_1
        3   33.782   sky130_fd_sc_hd__o2111a_1
        2   17.517   sky130_fd_sc_hd__o2111ai_1
        7   70.067   sky130_fd_sc_hd__o211a_1
       54  405.389   sky130_fd_sc_hd__o211ai_1
       13   97.594   sky130_fd_sc_hd__o21a_1
      439  2.2E+03   sky130_fd_sc_hd__o21ai_0
        7    52.55   sky130_fd_sc_hd__o21bai_1
        2   22.522   sky130_fd_sc_hd__o221a_1
       16  140.134   sky130_fd_sc_hd__o221ai_1
        3   26.275   sky130_fd_sc_hd__o22a_1
       19  118.864   sky130_fd_sc_hd__o22ai_1
        3   26.275   sky130_fd_sc_hd__o2bb2ai_1
        5   43.792   sky130_fd_sc_hd__o311ai_0
        2   17.517   sky130_fd_sc_hd__o31a_1
       13   97.594   sky130_fd_sc_hd__o31ai_1
        6    52.55   sky130_fd_sc_hd__o32ai_1
        1    8.758   sky130_fd_sc_hd__o41ai_1
       13   81.328   sky130_fd_sc_hd__or3_1
        1    8.758   sky130_fd_sc_hd__or3b_1
        1    10.01   sky130_fd_sc_hd__or4b_1
       80  700.672   sky130_fd_sc_hd__xnor2_1
       31   271.51   sky130_fd_sc_hd__xor2_1

   Chip area for module '\arm16_top': 32697.609600
     of which used for sequential elements: 15569.932800 (47.62%)

Warnings: 5 unique messages, 10 total
End of script. Logfile hash: a0f99ec309, time: 1.35s, user: 0.56s, system: 0.04s, MEM: 53.12 MB peak
Yosys 0.67+40 (git sha1 45ea2b8d6-dirty, Release, Clang /usr/bin/clang++ 18.1.8)
Time spent: 60% 2x abc (0 sec), 8% 25x opt_clean (0 sec), ...
