
 /----------------------------------------------------------------------------\
 |  yosys -- Yosys Open SYnthesis Suite                                       |
 |  Copyright (C) 2012 - 2026  Claire Xenia Wolf <claire@yosyshq.com>         |
 |  Distributed under an ISC-like license, type "license" to see terms        |
 \----------------------------------------------------------------------------/
 Yosys 0.67+40 (git sha1 45ea2b8d6-dirty, Release, Clang /usr/bin/clang++ 18.1.8)

-- Running command `read_verilog -sv icache_dm.v; chparam -set LINES 16 -set IDX 4 icache_dm; hierarchy -top icache_dm; flatten; proc; memory; opt -fast; techmap; opt -fast; dfflibmap -liberty /home/moein/.ciel/ciel/sky130/versions/8afc8346a57fe1ab7934ba5a6056ea8b43078e71/sky130A/libs.ref/sky130_fd_sc_hd/lib/sky130_fd_sc_hd__tt_025C_1v80.lib; abc -liberty /home/moein/.ciel/ciel/sky130/versions/8afc8346a57fe1ab7934ba5a6056ea8b43078e71/sky130A/libs.ref/sky130_fd_sc_hd/lib/sky130_fd_sc_hd__tt_025C_1v80.lib; opt_clean -purge; stat -liberty /home/moein/.ciel/ciel/sky130/versions/8afc8346a57fe1ab7934ba5a6056ea8b43078e71/sky130A/libs.ref/sky130_fd_sc_hd/lib/sky130_fd_sc_hd__tt_025C_1v80.lib' --

1. Executing Verilog-2005 frontend: icache_dm.v
Parsing SystemVerilog input from `icache_dm.v' to AST representation.
Generating RTLIL representation for module `\icache_dm'.
Successfully finished Verilog frontend.
Parameter \LINES = 16
Parameter \IDX = 4

2. Executing AST frontend in derive mode using pre-parsed AST for module `\icache_dm'.
Parameter \LINES = 16
Parameter \IDX = 4
Generating RTLIL representation for module `$paramod$be4a687edfd8df13af96b5fce1ac912c2b9296fd\icache_dm'.

3. Executing HIERARCHY pass (managing design hierarchy).

3.1. Analyzing design hierarchy..
Top module:  \icache_dm

3.2. Analyzing design hierarchy..
Top module:  \icache_dm
Removed 0 unused modules.

4. Executing FLATTEN pass (flatten design).

5. Executing PROC pass (convert processes to netlists).

5.1. Executing PROC_CLEAN pass (remove empty switches from decision trees).
Cleaned up 0 empty switches.

5.2. Executing PROC_RMDEAD pass (remove dead branches from decision trees).
Marked 2 switch rules as full_case in process $proc$icache_dm.v:27$52 in module icache_dm.
Removed a total of 0 dead cases.

5.3. Executing PROC_PRUNE pass (remove redundant assignments in processes).
Removed 0 redundant assignments.
Promoted 9 assignments to connections.

5.4. Executing PROC_INIT pass (extract init attributes).

5.5. Executing PROC_ARST pass (detect async resets in processes).

5.6. Executing PROC_ROM pass (convert switches to ROMs).
Converted 0 switches.
<suppressed ~2 debug messages>

5.7. Executing PROC_MUX pass (convert decision trees to multiplexers).
Creating decoders for process `\icache_dm.$proc$icache_dm.v:27$52'.
     1/16: $2$lookahead\valid$51[15:0]$77
     2/16: $2$bitselwrite$pos$icache_dm.v:32$43[3:0]$70
     3/16: $2$memwr$\tag$icache_dm.v:31$45_EN[9:0]$76
     4/16: $2$memwr$\tag$icache_dm.v:31$45_DATA[9:0]$75
     5/16: $2$memwr$\tag$icache_dm.v:31$45_ADDR[3:0]$74
     6/16: $2$memwr$\data$icache_dm.v:30$44_EN[31:0]$73
     7/16: $2$memwr$\data$icache_dm.v:30$44_DATA[31:0]$72
     8/16: $2$memwr$\data$icache_dm.v:30$44_ADDR[3:0]$71
     9/16: $1$lookahead\valid$51[15:0]$69
    10/16: $1$memwr$\tag$icache_dm.v:31$45_EN[9:0]$68
    11/16: $1$memwr$\tag$icache_dm.v:31$45_DATA[9:0]$67
    12/16: $1$memwr$\tag$icache_dm.v:31$45_ADDR[3:0]$66
    13/16: $1$memwr$\data$icache_dm.v:30$44_EN[31:0]$65
    14/16: $1$memwr$\data$icache_dm.v:30$44_DATA[31:0]$64
    15/16: $1$memwr$\data$icache_dm.v:30$44_ADDR[3:0]$63
    16/16: $1$bitselwrite$pos$icache_dm.v:32$43[3:0]$62

5.8. Executing PROC_DLATCH pass (convert process syncs to latches).

5.9. Executing PROC_DFF pass (convert process syncs to FFs).
Creating register for signal `\icache_dm.\valid' using process `\icache_dm.$proc$icache_dm.v:27$52'.
  created $dff cell `$procdff$157' with positive edge clock.
Creating register for signal `\icache_dm.$bitselwrite$pos$icache_dm.v:32$43' using process `\icache_dm.$proc$icache_dm.v:27$52'.
  created $dff cell `$procdff$158' with positive edge clock.
Creating register for signal `\icache_dm.$memwr$\data$icache_dm.v:30$44_ADDR' using process `\icache_dm.$proc$icache_dm.v:27$52'.
  created $dff cell `$procdff$159' with positive edge clock.
Creating register for signal `\icache_dm.$memwr$\data$icache_dm.v:30$44_DATA' using process `\icache_dm.$proc$icache_dm.v:27$52'.
  created $dff cell `$procdff$160' with positive edge clock.
Creating register for signal `\icache_dm.$memwr$\data$icache_dm.v:30$44_EN' using process `\icache_dm.$proc$icache_dm.v:27$52'.
  created $dff cell `$procdff$161' with positive edge clock.
Creating register for signal `\icache_dm.$memwr$\tag$icache_dm.v:31$45_ADDR' using process `\icache_dm.$proc$icache_dm.v:27$52'.
  created $dff cell `$procdff$162' with positive edge clock.
Creating register for signal `\icache_dm.$memwr$\tag$icache_dm.v:31$45_DATA' using process `\icache_dm.$proc$icache_dm.v:27$52'.
  created $dff cell `$procdff$163' with positive edge clock.
Creating register for signal `\icache_dm.$memwr$\tag$icache_dm.v:31$45_EN' using process `\icache_dm.$proc$icache_dm.v:27$52'.
  created $dff cell `$procdff$164' with positive edge clock.
Creating register for signal `\icache_dm.$lookahead\valid$51' using process `\icache_dm.$proc$icache_dm.v:27$52'.
  created $dff cell `$procdff$165' with positive edge clock.

5.10. Executing PROC_MEMWR pass (convert process memory writes to cells).

5.11. Executing PROC_CLEAN pass (remove empty switches from decision trees).
Found and cleaned up 2 empty switches in `\icache_dm.$proc$icache_dm.v:27$52'.
Removing empty process `icache_dm.$proc$icache_dm.v:27$52'.
Cleaned up 2 empty switches.

5.12. Executing OPT_EXPR pass (perform const folding).
Optimizing module icache_dm.

6. Executing MEMORY pass.

6.1. Executing OPT_MEM pass (optimize memories).
Performed a total of 0 transformations.

6.2. Executing OPT_MEM_PRIORITY pass (removing unnecessary memory write priority relations).
Performed a total of 0 transformations.

6.3. Executing OPT_MEM_FEEDBACK pass (finding memory read-to-write feedback paths).
  Analyzing icache_dm.data write port 0.
  Analyzing icache_dm.tag write port 0.

6.4. Executing MEMORY_BMUX2ROM pass (converting muxes to ROMs).

6.5. Executing MEMORY_DFF pass (merging $dff cells to $memrd).
Checking read port `\data'[0] in module `\icache_dm': no output FF found.
Checking read port `\tag'[0] in module `\icache_dm': no output FF found.
Checking read port address `\data'[0] in module `\icache_dm': no address FF found.
Checking read port address `\tag'[0] in module `\icache_dm': no address FF found.

6.6. Executing OPT_CLEAN pass (remove unused cells and wires).
Finding unused cells or wires in module \icache_dm..
Removed 11 unused cells and 63 unused wires.
<suppressed ~13 debug messages>

6.7. Executing MEMORY_SHARE pass (consolidating $memrd/$memwr cells).

6.8. Executing OPT_MEM_WIDEN pass (optimize memories where all ports are wide).
Performed a total of 0 transformations.

6.9. Executing OPT_CLEAN pass (remove unused cells and wires).
Finding unused cells or wires in module \icache_dm..

6.10. Executing MEMORY_COLLECT pass (generating $mem cells).

6.11. Executing MEMORY_MAP pass (converting memories to logic and flip-flops).
Mapping memory \tag in module \icache_dm:
  created 16 $dff cells and 0 static cells of width 10.
  read interface: 0 $dff and 15 $mux cells.
  write interface: 160 write mux blocks.
Mapping memory \data in module \icache_dm:
  created 16 $dff cells and 0 static cells of width 32.
  read interface: 0 $dff and 15 $mux cells.
  write interface: 512 write mux blocks.

7. Executing OPT pass (performing simple optimizations).

7.1. Executing OPT_EXPR pass (perform const folding).
Optimizing module icache_dm.
<suppressed ~16 debug messages>

7.2. Executing OPT_MERGE pass (detect identical cells).
Finding identical cells in module `\icache_dm'.
Computing hashes of 1495 cells of `\icache_dm'.
Finding duplicate cells in `\icache_dm'.
Computing hashes of 1493 cells of `\icache_dm'.
Finding duplicate cells in `\icache_dm'.
Computing hashes of 1491 cells of `\icache_dm'.
Finding duplicate cells in `\icache_dm'.
Computing hashes of 1490 cells of `\icache_dm'.
Finding duplicate cells in `\icache_dm'.
Computing hashes of 1484 cells of `\icache_dm'.
Finding duplicate cells in `\icache_dm'.
Computing hashes of 1477 cells of `\icache_dm'.
Finding duplicate cells in `\icache_dm'.
Computing hashes of 1462 cells of `\icache_dm'.
Finding duplicate cells in `\icache_dm'.
<suppressed ~99 debug messages>
Removed a total of 33 cells.

7.3. Executing OPT_DFF pass (perform DFF optimizations).
Adding SRST signal on $procdff$157 ($dff) from module icache_dm (D = $2$lookahead\valid$51[15:0]$77, Q = \valid, rval = 16'0000000000000000).
Adding EN signal on $auto$ff.cc:337:slice$3142 ($sdff) from module icache_dm (D = $2$lookahead\valid$51[15:0]$77, Q = \valid).

7.4. Executing OPT_CLEAN pass (remove unused cells and wires).
Finding unused cells or wires in module \icache_dm..
Removed 1 unused cells and 106 unused wires.
<suppressed ~2 debug messages>

7.5. Rerunning OPT passes. (Removed registers in this run.)

7.6. Executing OPT_EXPR pass (perform const folding).
Optimizing module icache_dm.
<suppressed ~1 debug messages>

7.7. Executing OPT_MERGE pass (detect identical cells).
Finding identical cells in module `\icache_dm'.
Computing hashes of 1462 cells of `\icache_dm'.
Finding duplicate cells in `\icache_dm'.
Removed a total of 0 cells.

7.8. Executing OPT_DFF pass (perform DFF optimizations).
Adding EN signal on $memory\tag[0]$172 ($dff) from module icache_dm (D = $0$memwr$\tag$icache_dm.v:31$45_DATA[9:0]$58 [0], Q = \tag[0] [0]).
Adding EN signal on $memory\tag[0]$172 ($dff) from module icache_dm (D = $0$memwr$\tag$icache_dm.v:31$45_DATA[9:0]$58 [1], Q = \tag[0] [1]).
Adding EN signal on $memory\tag[0]$172 ($dff) from module icache_dm (D = $0$memwr$\tag$icache_dm.v:31$45_DATA[9:0]$58 [2], Q = \tag[0] [2]).
Adding EN signal on $memory\tag[0]$172 ($dff) from module icache_dm (D = $0$memwr$\tag$icache_dm.v:31$45_DATA[9:0]$58 [3], Q = \tag[0] [3]).
Adding EN signal on $memory\tag[0]$172 ($dff) from module icache_dm (D = $0$memwr$\tag$icache_dm.v:31$45_DATA[9:0]$58 [4], Q = \tag[0] [4]).
Adding EN signal on $memory\tag[0]$172 ($dff) from module icache_dm (D = $0$memwr$\tag$icache_dm.v:31$45_DATA[9:0]$58 [5], Q = \tag[0] [5]).
Adding EN signal on $memory\tag[0]$172 ($dff) from module icache_dm (D = $0$memwr$\tag$icache_dm.v:31$45_DATA[9:0]$58 [6], Q = \tag[0] [6]).
Adding EN signal on $memory\tag[0]$172 ($dff) from module icache_dm (D = $0$memwr$\tag$icache_dm.v:31$45_DATA[9:0]$58 [7], Q = \tag[0] [7]).
Adding EN signal on $memory\tag[0]$172 ($dff) from module icache_dm (D = $0$memwr$\tag$icache_dm.v:31$45_DATA[9:0]$58 [8], Q = \tag[0] [8]).
Adding EN signal on $memory\tag[0]$172 ($dff) from module icache_dm (D = $0$memwr$\tag$icache_dm.v:31$45_DATA[9:0]$58 [9], Q = \tag[0] [9]).
Adding EN signal on $memory\tag[1]$174 ($dff) from module icache_dm (D = $0$memwr$\tag$icache_dm.v:31$45_DATA[9:0]$58 [0], Q = \tag[1] [0]).
Adding EN signal on $memory\tag[1]$174 ($dff) from module icache_dm (D = $0$memwr$\tag$icache_dm.v:31$45_DATA[9:0]$58 [1], Q = \tag[1] [1]).
Adding EN signal on $memory\tag[1]$174 ($dff) from module icache_dm (D = $0$memwr$\tag$icache_dm.v:31$45_DATA[9:0]$58 [2], Q = \tag[1] [2]).
Adding EN signal on $memory\tag[1]$174 ($dff) from module icache_dm (D = $0$memwr$\tag$icache_dm.v:31$45_DATA[9:0]$58 [3], Q = \tag[1] [3]).
Adding EN signal on $memory\tag[1]$174 ($dff) from module icache_dm (D = $0$memwr$\tag$icache_dm.v:31$45_DATA[9:0]$58 [4], Q = \tag[1] [4]).
Adding EN signal on $memory\tag[1]$174 ($dff) from module icache_dm (D = $0$memwr$\tag$icache_dm.v:31$45_DATA[9:0]$58 [5], Q = \tag[1] [5]).
Adding EN signal on $memory\tag[1]$174 ($dff) from module icache_dm (D = $0$memwr$\tag$icache_dm.v:31$45_DATA[9:0]$58 [6], Q = \tag[1] [6]).
Adding EN signal on $memory\tag[1]$174 ($dff) from module icache_dm (D = $0$memwr$\tag$icache_dm.v:31$45_DATA[9:0]$58 [7], Q = \tag[1] [7]).
Adding EN signal on $memory\tag[1]$174 ($dff) from module icache_dm (D = $0$memwr$\tag$icache_dm.v:31$45_DATA[9:0]$58 [8], Q = \tag[1] [8]).
Adding EN signal on $memory\tag[1]$174 ($dff) from module icache_dm (D = $0$memwr$\tag$icache_dm.v:31$45_DATA[9:0]$58 [9], Q = \tag[1] [9]).
Adding EN signal on $memory\tag[2]$176 ($dff) from module icache_dm (D = $0$memwr$\tag$icache_dm.v:31$45_DATA[9:0]$58 [0], Q = \tag[2] [0]).
Adding EN signal on $memory\tag[2]$176 ($dff) from module icache_dm (D = $0$memwr$\tag$icache_dm.v:31$45_DATA[9:0]$58 [1], Q = \tag[2] [1]).
Adding EN signal on $memory\tag[2]$176 ($dff) from module icache_dm (D = $0$memwr$\tag$icache_dm.v:31$45_DATA[9:0]$58 [2], Q = \tag[2] [2]).
Adding EN signal on $memory\tag[2]$176 ($dff) from module icache_dm (D = $0$memwr$\tag$icache_dm.v:31$45_DATA[9:0]$58 [3], Q = \tag[2] [3]).
Adding EN signal on $memory\tag[2]$176 ($dff) from module icache_dm (D = $0$memwr$\tag$icache_dm.v:31$45_DATA[9:0]$58 [4], Q = \tag[2] [4]).
Adding EN signal on $memory\tag[2]$176 ($dff) from module icache_dm (D = $0$memwr$\tag$icache_dm.v:31$45_DATA[9:0]$58 [5], Q = \tag[2] [5]).
Adding EN signal on $memory\tag[2]$176 ($dff) from module icache_dm (D = $0$memwr$\tag$icache_dm.v:31$45_DATA[9:0]$58 [6], Q = \tag[2] [6]).
Adding EN signal on $memory\tag[2]$176 ($dff) from module icache_dm (D = $0$memwr$\tag$icache_dm.v:31$45_DATA[9:0]$58 [7], Q = \tag[2] [7]).
Adding EN signal on $memory\tag[2]$176 ($dff) from module icache_dm (D = $0$memwr$\tag$icache_dm.v:31$45_DATA[9:0]$58 [8], Q = \tag[2] [8]).
Adding EN signal on $memory\tag[2]$176 ($dff) from module icache_dm (D = $0$memwr$\tag$icache_dm.v:31$45_DATA[9:0]$58 [9], Q = \tag[2] [9]).
Adding EN signal on $memory\tag[3]$178 ($dff) from module icache_dm (D = $0$memwr$\tag$icache_dm.v:31$45_DATA[9:0]$58 [0], Q = \tag[3] [0]).
Adding EN signal on $memory\tag[3]$178 ($dff) from module icache_dm (D = $0$memwr$\tag$icache_dm.v:31$45_DATA[9:0]$58 [1], Q = \tag[3] [1]).
Adding EN signal on $memory\tag[3]$178 ($dff) from module icache_dm (D = $0$memwr$\tag$icache_dm.v:31$45_DATA[9:0]$58 [2], Q = \tag[3] [2]).
Adding EN signal on $memory\tag[3]$178 ($dff) from module icache_dm (D = $0$memwr$\tag$icache_dm.v:31$45_DATA[9:0]$58 [3], Q = \tag[3] [3]).
Adding EN signal on $memory\tag[3]$178 ($dff) from module icache_dm (D = $0$memwr$\tag$icache_dm.v:31$45_DATA[9:0]$58 [4], Q = \tag[3] [4]).
Adding EN signal on $memory\tag[3]$178 ($dff) from module icache_dm (D = $0$memwr$\tag$icache_dm.v:31$45_DATA[9:0]$58 [5], Q = \tag[3] [5]).
Adding EN signal on $memory\tag[3]$178 ($dff) from module icache_dm (D = $0$memwr$\tag$icache_dm.v:31$45_DATA[9:0]$58 [6], Q = \tag[3] [6]).
Adding EN signal on $memory\tag[3]$178 ($dff) from module icache_dm (D = $0$memwr$\tag$icache_dm.v:31$45_DATA[9:0]$58 [7], Q = \tag[3] [7]).
Adding EN signal on $memory\tag[3]$178 ($dff) from module icache_dm (D = $0$memwr$\tag$icache_dm.v:31$45_DATA[9:0]$58 [8], Q = \tag[3] [8]).
Adding EN signal on $memory\tag[3]$178 ($dff) from module icache_dm (D = $0$memwr$\tag$icache_dm.v:31$45_DATA[9:0]$58 [9], Q = \tag[3] [9]).
Adding EN signal on $memory\tag[4]$180 ($dff) from module icache_dm (D = $0$memwr$\tag$icache_dm.v:31$45_DATA[9:0]$58 [0], Q = \tag[4] [0]).
Adding EN signal on $memory\tag[4]$180 ($dff) from module icache_dm (D = $0$memwr$\tag$icache_dm.v:31$45_DATA[9:0]$58 [1], Q = \tag[4] [1]).
Adding EN signal on $memory\tag[4]$180 ($dff) from module icache_dm (D = $0$memwr$\tag$icache_dm.v:31$45_DATA[9:0]$58 [2], Q = \tag[4] [2]).
Adding EN signal on $memory\tag[4]$180 ($dff) from module icache_dm (D = $0$memwr$\tag$icache_dm.v:31$45_DATA[9:0]$58 [3], Q = \tag[4] [3]).
Adding EN signal on $memory\tag[4]$180 ($dff) from module icache_dm (D = $0$memwr$\tag$icache_dm.v:31$45_DATA[9:0]$58 [4], Q = \tag[4] [4]).
Adding EN signal on $memory\tag[4]$180 ($dff) from module icache_dm (D = $0$memwr$\tag$icache_dm.v:31$45_DATA[9:0]$58 [5], Q = \tag[4] [5]).
Adding EN signal on $memory\tag[4]$180 ($dff) from module icache_dm (D = $0$memwr$\tag$icache_dm.v:31$45_DATA[9:0]$58 [6], Q = \tag[4] [6]).
Adding EN signal on $memory\tag[4]$180 ($dff) from module icache_dm (D = $0$memwr$\tag$icache_dm.v:31$45_DATA[9:0]$58 [7], Q = \tag[4] [7]).
Adding EN signal on $memory\tag[4]$180 ($dff) from module icache_dm (D = $0$memwr$\tag$icache_dm.v:31$45_DATA[9:0]$58 [8], Q = \tag[4] [8]).
Adding EN signal on $memory\tag[4]$180 ($dff) from module icache_dm (D = $0$memwr$\tag$icache_dm.v:31$45_DATA[9:0]$58 [9], Q = \tag[4] [9]).
Adding EN signal on $memory\tag[5]$182 ($dff) from module icache_dm (D = $0$memwr$\tag$icache_dm.v:31$45_DATA[9:0]$58 [0], Q = \tag[5] [0]).
Adding EN signal on $memory\tag[5]$182 ($dff) from module icache_dm (D = $0$memwr$\tag$icache_dm.v:31$45_DATA[9:0]$58 [1], Q = \tag[5] [1]).
Adding EN signal on $memory\tag[5]$182 ($dff) from module icache_dm (D = $0$memwr$\tag$icache_dm.v:31$45_DATA[9:0]$58 [2], Q = \tag[5] [2]).
Adding EN signal on $memory\tag[5]$182 ($dff) from module icache_dm (D = $0$memwr$\tag$icache_dm.v:31$45_DATA[9:0]$58 [3], Q = \tag[5] [3]).
Adding EN signal on $memory\tag[5]$182 ($dff) from module icache_dm (D = $0$memwr$\tag$icache_dm.v:31$45_DATA[9:0]$58 [4], Q = \tag[5] [4]).
Adding EN signal on $memory\tag[5]$182 ($dff) from module icache_dm (D = $0$memwr$\tag$icache_dm.v:31$45_DATA[9:0]$58 [5], Q = \tag[5] [5]).
Adding EN signal on $memory\tag[5]$182 ($dff) from module icache_dm (D = $0$memwr$\tag$icache_dm.v:31$45_DATA[9:0]$58 [6], Q = \tag[5] [6]).
Adding EN signal on $memory\tag[5]$182 ($dff) from module icache_dm (D = $0$memwr$\tag$icache_dm.v:31$45_DATA[9:0]$58 [7], Q = \tag[5] [7]).
Adding EN signal on $memory\tag[5]$182 ($dff) from module icache_dm (D = $0$memwr$\tag$icache_dm.v:31$45_DATA[9:0]$58 [8], Q = \tag[5] [8]).
Adding EN signal on $memory\tag[5]$182 ($dff) from module icache_dm (D = $0$memwr$\tag$icache_dm.v:31$45_DATA[9:0]$58 [9], Q = \tag[5] [9]).
Adding EN signal on $memory\tag[6]$184 ($dff) from module icache_dm (D = $0$memwr$\tag$icache_dm.v:31$45_DATA[9:0]$58 [0], Q = \tag[6] [0]).
Adding EN signal on $memory\tag[6]$184 ($dff) from module icache_dm (D = $0$memwr$\tag$icache_dm.v:31$45_DATA[9:0]$58 [1], Q = \tag[6] [1]).
Adding EN signal on $memory\tag[6]$184 ($dff) from module icache_dm (D = $0$memwr$\tag$icache_dm.v:31$45_DATA[9:0]$58 [2], Q = \tag[6] [2]).
Adding EN signal on $memory\tag[6]$184 ($dff) from module icache_dm (D = $0$memwr$\tag$icache_dm.v:31$45_DATA[9:0]$58 [3], Q = \tag[6] [3]).
Adding EN signal on $memory\tag[6]$184 ($dff) from module icache_dm (D = $0$memwr$\tag$icache_dm.v:31$45_DATA[9:0]$58 [4], Q = \tag[6] [4]).
Adding EN signal on $memory\tag[6]$184 ($dff) from module icache_dm (D = $0$memwr$\tag$icache_dm.v:31$45_DATA[9:0]$58 [5], Q = \tag[6] [5]).
Adding EN signal on $memory\tag[6]$184 ($dff) from module icache_dm (D = $0$memwr$\tag$icache_dm.v:31$45_DATA[9:0]$58 [6], Q = \tag[6] [6]).
Adding EN signal on $memory\tag[6]$184 ($dff) from module icache_dm (D = $0$memwr$\tag$icache_dm.v:31$45_DATA[9:0]$58 [7], Q = \tag[6] [7]).
Adding EN signal on $memory\tag[6]$184 ($dff) from module icache_dm (D = $0$memwr$\tag$icache_dm.v:31$45_DATA[9:0]$58 [8], Q = \tag[6] [8]).
Adding EN signal on $memory\tag[6]$184 ($dff) from module icache_dm (D = $0$memwr$\tag$icache_dm.v:31$45_DATA[9:0]$58 [9], Q = \tag[6] [9]).
Adding EN signal on $memory\tag[7]$186 ($dff) from module icache_dm (D = $0$memwr$\tag$icache_dm.v:31$45_DATA[9:0]$58 [0], Q = \tag[7] [0]).
Adding EN signal on $memory\tag[7]$186 ($dff) from module icache_dm (D = $0$memwr$\tag$icache_dm.v:31$45_DATA[9:0]$58 [1], Q = \tag[7] [1]).
Adding EN signal on $memory\tag[7]$186 ($dff) from module icache_dm (D = $0$memwr$\tag$icache_dm.v:31$45_DATA[9:0]$58 [2], Q = \tag[7] [2]).
Adding EN signal on $memory\tag[7]$186 ($dff) from module icache_dm (D = $0$memwr$\tag$icache_dm.v:31$45_DATA[9:0]$58 [3], Q = \tag[7] [3]).
Adding EN signal on $memory\tag[7]$186 ($dff) from module icache_dm (D = $0$memwr$\tag$icache_dm.v:31$45_DATA[9:0]$58 [4], Q = \tag[7] [4]).
Adding EN signal on $memory\tag[7]$186 ($dff) from module icache_dm (D = $0$memwr$\tag$icache_dm.v:31$45_DATA[9:0]$58 [5], Q = \tag[7] [5]).
Adding EN signal on $memory\tag[7]$186 ($dff) from module icache_dm (D = $0$memwr$\tag$icache_dm.v:31$45_DATA[9:0]$58 [6], Q = \tag[7] [6]).
Adding EN signal on $memory\tag[7]$186 ($dff) from module icache_dm (D = $0$memwr$\tag$icache_dm.v:31$45_DATA[9:0]$58 [7], Q = \tag[7] [7]).
Adding EN signal on $memory\tag[7]$186 ($dff) from module icache_dm (D = $0$memwr$\tag$icache_dm.v:31$45_DATA[9:0]$58 [8], Q = \tag[7] [8]).
Adding EN signal on $memory\tag[7]$186 ($dff) from module icache_dm (D = $0$memwr$\tag$icache_dm.v:31$45_DATA[9:0]$58 [9], Q = \tag[7] [9]).
Adding EN signal on $memory\tag[8]$188 ($dff) from module icache_dm (D = $0$memwr$\tag$icache_dm.v:31$45_DATA[9:0]$58 [0], Q = \tag[8] [0]).
Adding EN signal on $memory\tag[8]$188 ($dff) from module icache_dm (D = $0$memwr$\tag$icache_dm.v:31$45_DATA[9:0]$58 [1], Q = \tag[8] [1]).
Adding EN signal on $memory\tag[8]$188 ($dff) from module icache_dm (D = $0$memwr$\tag$icache_dm.v:31$45_DATA[9:0]$58 [2], Q = \tag[8] [2]).
Adding EN signal on $memory\tag[8]$188 ($dff) from module icache_dm (D = $0$memwr$\tag$icache_dm.v:31$45_DATA[9:0]$58 [3], Q = \tag[8] [3]).
Adding EN signal on $memory\tag[8]$188 ($dff) from module icache_dm (D = $0$memwr$\tag$icache_dm.v:31$45_DATA[9:0]$58 [4], Q = \tag[8] [4]).
Adding EN signal on $memory\tag[8]$188 ($dff) from module icache_dm (D = $0$memwr$\tag$icache_dm.v:31$45_DATA[9:0]$58 [5], Q = \tag[8] [5]).
Adding EN signal on $memory\tag[8]$188 ($dff) from module icache_dm (D = $0$memwr$\tag$icache_dm.v:31$45_DATA[9:0]$58 [6], Q = \tag[8] [6]).
Adding EN signal on $memory\tag[8]$188 ($dff) from module icache_dm (D = $0$memwr$\tag$icache_dm.v:31$45_DATA[9:0]$58 [7], Q = \tag[8] [7]).
Adding EN signal on $memory\tag[8]$188 ($dff) from module icache_dm (D = $0$memwr$\tag$icache_dm.v:31$45_DATA[9:0]$58 [8], Q = \tag[8] [8]).
Adding EN signal on $memory\tag[8]$188 ($dff) from module icache_dm (D = $0$memwr$\tag$icache_dm.v:31$45_DATA[9:0]$58 [9], Q = \tag[8] [9]).
Adding EN signal on $memory\tag[9]$190 ($dff) from module icache_dm (D = $0$memwr$\tag$icache_dm.v:31$45_DATA[9:0]$58 [0], Q = \tag[9] [0]).
Adding EN signal on $memory\tag[9]$190 ($dff) from module icache_dm (D = $0$memwr$\tag$icache_dm.v:31$45_DATA[9:0]$58 [1], Q = \tag[9] [1]).
Adding EN signal on $memory\tag[9]$190 ($dff) from module icache_dm (D = $0$memwr$\tag$icache_dm.v:31$45_DATA[9:0]$58 [2], Q = \tag[9] [2]).
Adding EN signal on $memory\tag[9]$190 ($dff) from module icache_dm (D = $0$memwr$\tag$icache_dm.v:31$45_DATA[9:0]$58 [3], Q = \tag[9] [3]).
Adding EN signal on $memory\tag[9]$190 ($dff) from module icache_dm (D = $0$memwr$\tag$icache_dm.v:31$45_DATA[9:0]$58 [4], Q = \tag[9] [4]).
Adding EN signal on $memory\tag[9]$190 ($dff) from module icache_dm (D = $0$memwr$\tag$icache_dm.v:31$45_DATA[9:0]$58 [5], Q = \tag[9] [5]).
Adding EN signal on $memory\tag[9]$190 ($dff) from module icache_dm (D = $0$memwr$\tag$icache_dm.v:31$45_DATA[9:0]$58 [6], Q = \tag[9] [6]).
Adding EN signal on $memory\tag[9]$190 ($dff) from module icache_dm (D = $0$memwr$\tag$icache_dm.v:31$45_DATA[9:0]$58 [7], Q = \tag[9] [7]).
Adding EN signal on $memory\tag[9]$190 ($dff) from module icache_dm (D = $0$memwr$\tag$icache_dm.v:31$45_DATA[9:0]$58 [8], Q = \tag[9] [8]).
Adding EN signal on $memory\tag[9]$190 ($dff) from module icache_dm (D = $0$memwr$\tag$icache_dm.v:31$45_DATA[9:0]$58 [9], Q = \tag[9] [9]).
Adding EN signal on $memory\tag[10]$192 ($dff) from module icache_dm (D = $0$memwr$\tag$icache_dm.v:31$45_DATA[9:0]$58 [0], Q = \tag[10] [0]).
Adding EN signal on $memory\tag[10]$192 ($dff) from module icache_dm (D = $0$memwr$\tag$icache_dm.v:31$45_DATA[9:0]$58 [1], Q = \tag[10] [1]).
Adding EN signal on $memory\tag[10]$192 ($dff) from module icache_dm (D = $0$memwr$\tag$icache_dm.v:31$45_DATA[9:0]$58 [2], Q = \tag[10] [2]).
Adding EN signal on $memory\tag[10]$192 ($dff) from module icache_dm (D = $0$memwr$\tag$icache_dm.v:31$45_DATA[9:0]$58 [3], Q = \tag[10] [3]).
Adding EN signal on $memory\tag[10]$192 ($dff) from module icache_dm (D = $0$memwr$\tag$icache_dm.v:31$45_DATA[9:0]$58 [4], Q = \tag[10] [4]).
Adding EN signal on $memory\tag[10]$192 ($dff) from module icache_dm (D = $0$memwr$\tag$icache_dm.v:31$45_DATA[9:0]$58 [5], Q = \tag[10] [5]).
Adding EN signal on $memory\tag[10]$192 ($dff) from module icache_dm (D = $0$memwr$\tag$icache_dm.v:31$45_DATA[9:0]$58 [6], Q = \tag[10] [6]).
Adding EN signal on $memory\tag[10]$192 ($dff) from module icache_dm (D = $0$memwr$\tag$icache_dm.v:31$45_DATA[9:0]$58 [7], Q = \tag[10] [7]).
Adding EN signal on $memory\tag[10]$192 ($dff) from module icache_dm (D = $0$memwr$\tag$icache_dm.v:31$45_DATA[9:0]$58 [8], Q = \tag[10] [8]).
Adding EN signal on $memory\tag[10]$192 ($dff) from module icache_dm (D = $0$memwr$\tag$icache_dm.v:31$45_DATA[9:0]$58 [9], Q = \tag[10] [9]).
Adding EN signal on $memory\tag[11]$194 ($dff) from module icache_dm (D = $0$memwr$\tag$icache_dm.v:31$45_DATA[9:0]$58 [0], Q = \tag[11] [0]).
Adding EN signal on $memory\tag[11]$194 ($dff) from module icache_dm (D = $0$memwr$\tag$icache_dm.v:31$45_DATA[9:0]$58 [1], Q = \tag[11] [1]).
Adding EN signal on $memory\tag[11]$194 ($dff) from module icache_dm (D = $0$memwr$\tag$icache_dm.v:31$45_DATA[9:0]$58 [2], Q = \tag[11] [2]).
Adding EN signal on $memory\tag[11]$194 ($dff) from module icache_dm (D = $0$memwr$\tag$icache_dm.v:31$45_DATA[9:0]$58 [3], Q = \tag[11] [3]).
Adding EN signal on $memory\tag[11]$194 ($dff) from module icache_dm (D = $0$memwr$\tag$icache_dm.v:31$45_DATA[9:0]$58 [4], Q = \tag[11] [4]).
Adding EN signal on $memory\tag[11]$194 ($dff) from module icache_dm (D = $0$memwr$\tag$icache_dm.v:31$45_DATA[9:0]$58 [5], Q = \tag[11] [5]).
Adding EN signal on $memory\tag[11]$194 ($dff) from module icache_dm (D = $0$memwr$\tag$icache_dm.v:31$45_DATA[9:0]$58 [6], Q = \tag[11] [6]).
Adding EN signal on $memory\tag[11]$194 ($dff) from module icache_dm (D = $0$memwr$\tag$icache_dm.v:31$45_DATA[9:0]$58 [7], Q = \tag[11] [7]).
Adding EN signal on $memory\tag[11]$194 ($dff) from module icache_dm (D = $0$memwr$\tag$icache_dm.v:31$45_DATA[9:0]$58 [8], Q = \tag[11] [8]).
Adding EN signal on $memory\tag[11]$194 ($dff) from module icache_dm (D = $0$memwr$\tag$icache_dm.v:31$45_DATA[9:0]$58 [9], Q = \tag[11] [9]).
Adding EN signal on $memory\tag[12]$196 ($dff) from module icache_dm (D = $0$memwr$\tag$icache_dm.v:31$45_DATA[9:0]$58 [0], Q = \tag[12] [0]).
Adding EN signal on $memory\tag[12]$196 ($dff) from module icache_dm (D = $0$memwr$\tag$icache_dm.v:31$45_DATA[9:0]$58 [1], Q = \tag[12] [1]).
Adding EN signal on $memory\tag[12]$196 ($dff) from module icache_dm (D = $0$memwr$\tag$icache_dm.v:31$45_DATA[9:0]$58 [2], Q = \tag[12] [2]).
Adding EN signal on $memory\tag[12]$196 ($dff) from module icache_dm (D = $0$memwr$\tag$icache_dm.v:31$45_DATA[9:0]$58 [3], Q = \tag[12] [3]).
Adding EN signal on $memory\tag[12]$196 ($dff) from module icache_dm (D = $0$memwr$\tag$icache_dm.v:31$45_DATA[9:0]$58 [4], Q = \tag[12] [4]).
Adding EN signal on $memory\tag[12]$196 ($dff) from module icache_dm (D = $0$memwr$\tag$icache_dm.v:31$45_DATA[9:0]$58 [5], Q = \tag[12] [5]).
Adding EN signal on $memory\tag[12]$196 ($dff) from module icache_dm (D = $0$memwr$\tag$icache_dm.v:31$45_DATA[9:0]$58 [6], Q = \tag[12] [6]).
Adding EN signal on $memory\tag[12]$196 ($dff) from module icache_dm (D = $0$memwr$\tag$icache_dm.v:31$45_DATA[9:0]$58 [7], Q = \tag[12] [7]).
Adding EN signal on $memory\tag[12]$196 ($dff) from module icache_dm (D = $0$memwr$\tag$icache_dm.v:31$45_DATA[9:0]$58 [8], Q = \tag[12] [8]).
Adding EN signal on $memory\tag[12]$196 ($dff) from module icache_dm (D = $0$memwr$\tag$icache_dm.v:31$45_DATA[9:0]$58 [9], Q = \tag[12] [9]).
Adding EN signal on $memory\tag[13]$198 ($dff) from module icache_dm (D = $0$memwr$\tag$icache_dm.v:31$45_DATA[9:0]$58 [0], Q = \tag[13] [0]).
Adding EN signal on $memory\tag[13]$198 ($dff) from module icache_dm (D = $0$memwr$\tag$icache_dm.v:31$45_DATA[9:0]$58 [1], Q = \tag[13] [1]).
Adding EN signal on $memory\tag[13]$198 ($dff) from module icache_dm (D = $0$memwr$\tag$icache_dm.v:31$45_DATA[9:0]$58 [2], Q = \tag[13] [2]).
Adding EN signal on $memory\tag[13]$198 ($dff) from module icache_dm (D = $0$memwr$\tag$icache_dm.v:31$45_DATA[9:0]$58 [3], Q = \tag[13] [3]).
Adding EN signal on $memory\tag[13]$198 ($dff) from module icache_dm (D = $0$memwr$\tag$icache_dm.v:31$45_DATA[9:0]$58 [4], Q = \tag[13] [4]).
Adding EN signal on $memory\tag[13]$198 ($dff) from module icache_dm (D = $0$memwr$\tag$icache_dm.v:31$45_DATA[9:0]$58 [5], Q = \tag[13] [5]).
Adding EN signal on $memory\tag[13]$198 ($dff) from module icache_dm (D = $0$memwr$\tag$icache_dm.v:31$45_DATA[9:0]$58 [6], Q = \tag[13] [6]).
Adding EN signal on $memory\tag[13]$198 ($dff) from module icache_dm (D = $0$memwr$\tag$icache_dm.v:31$45_DATA[9:0]$58 [7], Q = \tag[13] [7]).
Adding EN signal on $memory\tag[13]$198 ($dff) from module icache_dm (D = $0$memwr$\tag$icache_dm.v:31$45_DATA[9:0]$58 [8], Q = \tag[13] [8]).
Adding EN signal on $memory\tag[13]$198 ($dff) from module icache_dm (D = $0$memwr$\tag$icache_dm.v:31$45_DATA[9:0]$58 [9], Q = \tag[13] [9]).
Adding EN signal on $memory\tag[14]$200 ($dff) from module icache_dm (D = $0$memwr$\tag$icache_dm.v:31$45_DATA[9:0]$58 [0], Q = \tag[14] [0]).
Adding EN signal on $memory\tag[14]$200 ($dff) from module icache_dm (D = $0$memwr$\tag$icache_dm.v:31$45_DATA[9:0]$58 [1], Q = \tag[14] [1]).
Adding EN signal on $memory\tag[14]$200 ($dff) from module icache_dm (D = $0$memwr$\tag$icache_dm.v:31$45_DATA[9:0]$58 [2], Q = \tag[14] [2]).
Adding EN signal on $memory\tag[14]$200 ($dff) from module icache_dm (D = $0$memwr$\tag$icache_dm.v:31$45_DATA[9:0]$58 [3], Q = \tag[14] [3]).
Adding EN signal on $memory\tag[14]$200 ($dff) from module icache_dm (D = $0$memwr$\tag$icache_dm.v:31$45_DATA[9:0]$58 [4], Q = \tag[14] [4]).
Adding EN signal on $memory\tag[14]$200 ($dff) from module icache_dm (D = $0$memwr$\tag$icache_dm.v:31$45_DATA[9:0]$58 [5], Q = \tag[14] [5]).
Adding EN signal on $memory\tag[14]$200 ($dff) from module icache_dm (D = $0$memwr$\tag$icache_dm.v:31$45_DATA[9:0]$58 [6], Q = \tag[14] [6]).
Adding EN signal on $memory\tag[14]$200 ($dff) from module icache_dm (D = $0$memwr$\tag$icache_dm.v:31$45_DATA[9:0]$58 [7], Q = \tag[14] [7]).
Adding EN signal on $memory\tag[14]$200 ($dff) from module icache_dm (D = $0$memwr$\tag$icache_dm.v:31$45_DATA[9:0]$58 [8], Q = \tag[14] [8]).
Adding EN signal on $memory\tag[14]$200 ($dff) from module icache_dm (D = $0$memwr$\tag$icache_dm.v:31$45_DATA[9:0]$58 [9], Q = \tag[14] [9]).
Adding EN signal on $memory\tag[15]$202 ($dff) from module icache_dm (D = $0$memwr$\tag$icache_dm.v:31$45_DATA[9:0]$58 [0], Q = \tag[15] [0]).
Adding EN signal on $memory\tag[15]$202 ($dff) from module icache_dm (D = $0$memwr$\tag$icache_dm.v:31$45_DATA[9:0]$58 [1], Q = \tag[15] [1]).
Adding EN signal on $memory\tag[15]$202 ($dff) from module icache_dm (D = $0$memwr$\tag$icache_dm.v:31$45_DATA[9:0]$58 [2], Q = \tag[15] [2]).
Adding EN signal on $memory\tag[15]$202 ($dff) from module icache_dm (D = $0$memwr$\tag$icache_dm.v:31$45_DATA[9:0]$58 [3], Q = \tag[15] [3]).
Adding EN signal on $memory\tag[15]$202 ($dff) from module icache_dm (D = $0$memwr$\tag$icache_dm.v:31$45_DATA[9:0]$58 [4], Q = \tag[15] [4]).
Adding EN signal on $memory\tag[15]$202 ($dff) from module icache_dm (D = $0$memwr$\tag$icache_dm.v:31$45_DATA[9:0]$58 [5], Q = \tag[15] [5]).
Adding EN signal on $memory\tag[15]$202 ($dff) from module icache_dm (D = $0$memwr$\tag$icache_dm.v:31$45_DATA[9:0]$58 [6], Q = \tag[15] [6]).
Adding EN signal on $memory\tag[15]$202 ($dff) from module icache_dm (D = $0$memwr$\tag$icache_dm.v:31$45_DATA[9:0]$58 [7], Q = \tag[15] [7]).
Adding EN signal on $memory\tag[15]$202 ($dff) from module icache_dm (D = $0$memwr$\tag$icache_dm.v:31$45_DATA[9:0]$58 [8], Q = \tag[15] [8]).
Adding EN signal on $memory\tag[15]$202 ($dff) from module icache_dm (D = $0$memwr$\tag$icache_dm.v:31$45_DATA[9:0]$58 [9], Q = \tag[15] [9]).
Adding EN signal on $memory\data[0]$953 ($dff) from module icache_dm (D = $0$memwr$\data$icache_dm.v:30$44_DATA[31:0]$55 [0], Q = \data[0] [0]).
Adding EN signal on $memory\data[0]$953 ($dff) from module icache_dm (D = $0$memwr$\data$icache_dm.v:30$44_DATA[31:0]$55 [1], Q = \data[0] [1]).
Adding EN signal on $memory\data[0]$953 ($dff) from module icache_dm (D = $0$memwr$\data$icache_dm.v:30$44_DATA[31:0]$55 [2], Q = \data[0] [2]).
Adding EN signal on $memory\data[0]$953 ($dff) from module icache_dm (D = $0$memwr$\data$icache_dm.v:30$44_DATA[31:0]$55 [3], Q = \data[0] [3]).
Adding EN signal on $memory\data[0]$953 ($dff) from module icache_dm (D = $0$memwr$\data$icache_dm.v:30$44_DATA[31:0]$55 [4], Q = \data[0] [4]).
Adding EN signal on $memory\data[0]$953 ($dff) from module icache_dm (D = $0$memwr$\data$icache_dm.v:30$44_DATA[31:0]$55 [5], Q = \data[0] [5]).
Adding EN signal on $memory\data[0]$953 ($dff) from module icache_dm (D = $0$memwr$\data$icache_dm.v:30$44_DATA[31:0]$55 [6], Q = \data[0] [6]).
Adding EN signal on $memory\data[0]$953 ($dff) from module icache_dm (D = $0$memwr$\data$icache_dm.v:30$44_DATA[31:0]$55 [7], Q = \data[0] [7]).
Adding EN signal on $memory\data[0]$953 ($dff) from module icache_dm (D = $0$memwr$\data$icache_dm.v:30$44_DATA[31:0]$55 [8], Q = \data[0] [8]).
Adding EN signal on $memory\data[0]$953 ($dff) from module icache_dm (D = $0$memwr$\data$icache_dm.v:30$44_DATA[31:0]$55 [9], Q = \data[0] [9]).
Adding EN signal on $memory\data[0]$953 ($dff) from module icache_dm (D = $0$memwr$\data$icache_dm.v:30$44_DATA[31:0]$55 [10], Q = \data[0] [10]).
Adding EN signal on $memory\data[0]$953 ($dff) from module icache_dm (D = $0$memwr$\data$icache_dm.v:30$44_DATA[31:0]$55 [11], Q = \data[0] [11]).
Adding EN signal on $memory\data[0]$953 ($dff) from module icache_dm (D = $0$memwr$\data$icache_dm.v:30$44_DATA[31:0]$55 [12], Q = \data[0] [12]).
Adding EN signal on $memory\data[0]$953 ($dff) from module icache_dm (D = $0$memwr$\data$icache_dm.v:30$44_DATA[31:0]$55 [13], Q = \data[0] [13]).
Adding EN signal on $memory\data[0]$953 ($dff) from module icache_dm (D = $0$memwr$\data$icache_dm.v:30$44_DATA[31:0]$55 [14], Q = \data[0] [14]).
Adding EN signal on $memory\data[0]$953 ($dff) from module icache_dm (D = $0$memwr$\data$icache_dm.v:30$44_DATA[31:0]$55 [15], Q = \data[0] [15]).
Adding EN signal on $memory\data[0]$953 ($dff) from module icache_dm (D = $0$memwr$\data$icache_dm.v:30$44_DATA[31:0]$55 [16], Q = \data[0] [16]).
Adding EN signal on $memory\data[0]$953 ($dff) from module icache_dm (D = $0$memwr$\data$icache_dm.v:30$44_DATA[31:0]$55 [17], Q = \data[0] [17]).
Adding EN signal on $memory\data[0]$953 ($dff) from module icache_dm (D = $0$memwr$\data$icache_dm.v:30$44_DATA[31:0]$55 [18], Q = \data[0] [18]).
Adding EN signal on $memory\data[0]$953 ($dff) from module icache_dm (D = $0$memwr$\data$icache_dm.v:30$44_DATA[31:0]$55 [19], Q = \data[0] [19]).
Adding EN signal on $memory\data[0]$953 ($dff) from module icache_dm (D = $0$memwr$\data$icache_dm.v:30$44_DATA[31:0]$55 [20], Q = \data[0] [20]).
Adding EN signal on $memory\data[0]$953 ($dff) from module icache_dm (D = $0$memwr$\data$icache_dm.v:30$44_DATA[31:0]$55 [21], Q = \data[0] [21]).
Adding EN signal on $memory\data[0]$953 ($dff) from module icache_dm (D = $0$memwr$\data$icache_dm.v:30$44_DATA[31:0]$55 [22], Q = \data[0] [22]).
Adding EN signal on $memory\data[0]$953 ($dff) from module icache_dm (D = $0$memwr$\data$icache_dm.v:30$44_DATA[31:0]$55 [23], Q = \data[0] [23]).
Adding EN signal on $memory\data[0]$953 ($dff) from module icache_dm (D = $0$memwr$\data$icache_dm.v:30$44_DATA[31:0]$55 [24], Q = \data[0] [24]).
Adding EN signal on $memory\data[0]$953 ($dff) from module icache_dm (D = $0$memwr$\data$icache_dm.v:30$44_DATA[31:0]$55 [25], Q = \data[0] [25]).
Adding EN signal on $memory\data[0]$953 ($dff) from module icache_dm (D = $0$memwr$\data$icache_dm.v:30$44_DATA[31:0]$55 [26], Q = \data[0] [26]).
Adding EN signal on $memory\data[0]$953 ($dff) from module icache_dm (D = $0$memwr$\data$icache_dm.v:30$44_DATA[31:0]$55 [27], Q = \data[0] [27]).
Adding EN signal on $memory\data[0]$953 ($dff) from module icache_dm (D = $0$memwr$\data$icache_dm.v:30$44_DATA[31:0]$55 [28], Q = \data[0] [28]).
Adding EN signal on $memory\data[0]$953 ($dff) from module icache_dm (D = $0$memwr$\data$icache_dm.v:30$44_DATA[31:0]$55 [29], Q = \data[0] [29]).
Adding EN signal on $memory\data[0]$953 ($dff) from module icache_dm (D = $0$memwr$\data$icache_dm.v:30$44_DATA[31:0]$55 [30], Q = \data[0] [30]).
Adding EN signal on $memory\data[0]$953 ($dff) from module icache_dm (D = $0$memwr$\data$icache_dm.v:30$44_DATA[31:0]$55 [31], Q = \data[0] [31]).
Adding EN signal on $memory\data[1]$955 ($dff) from module icache_dm (D = $0$memwr$\data$icache_dm.v:30$44_DATA[31:0]$55 [0], Q = \data[1] [0]).
Adding EN signal on $memory\data[1]$955 ($dff) from module icache_dm (D = $0$memwr$\data$icache_dm.v:30$44_DATA[31:0]$55 [1], Q = \data[1] [1]).
Adding EN signal on $memory\data[1]$955 ($dff) from module icache_dm (D = $0$memwr$\data$icache_dm.v:30$44_DATA[31:0]$55 [2], Q = \data[1] [2]).
Adding EN signal on $memory\data[1]$955 ($dff) from module icache_dm (D = $0$memwr$\data$icache_dm.v:30$44_DATA[31:0]$55 [3], Q = \data[1] [3]).
Adding EN signal on $memory\data[1]$955 ($dff) from module icache_dm (D = $0$memwr$\data$icache_dm.v:30$44_DATA[31:0]$55 [4], Q = \data[1] [4]).
Adding EN signal on $memory\data[1]$955 ($dff) from module icache_dm (D = $0$memwr$\data$icache_dm.v:30$44_DATA[31:0]$55 [5], Q = \data[1] [5]).
Adding EN signal on $memory\data[1]$955 ($dff) from module icache_dm (D = $0$memwr$\data$icache_dm.v:30$44_DATA[31:0]$55 [6], Q = \data[1] [6]).
Adding EN signal on $memory\data[1]$955 ($dff) from module icache_dm (D = $0$memwr$\data$icache_dm.v:30$44_DATA[31:0]$55 [7], Q = \data[1] [7]).
Adding EN signal on $memory\data[1]$955 ($dff) from module icache_dm (D = $0$memwr$\data$icache_dm.v:30$44_DATA[31:0]$55 [8], Q = \data[1] [8]).
Adding EN signal on $memory\data[1]$955 ($dff) from module icache_dm (D = $0$memwr$\data$icache_dm.v:30$44_DATA[31:0]$55 [9], Q = \data[1] [9]).
Adding EN signal on $memory\data[1]$955 ($dff) from module icache_dm (D = $0$memwr$\data$icache_dm.v:30$44_DATA[31:0]$55 [10], Q = \data[1] [10]).
Adding EN signal on $memory\data[1]$955 ($dff) from module icache_dm (D = $0$memwr$\data$icache_dm.v:30$44_DATA[31:0]$55 [11], Q = \data[1] [11]).
Adding EN signal on $memory\data[1]$955 ($dff) from module icache_dm (D = $0$memwr$\data$icache_dm.v:30$44_DATA[31:0]$55 [12], Q = \data[1] [12]).
Adding EN signal on $memory\data[1]$955 ($dff) from module icache_dm (D = $0$memwr$\data$icache_dm.v:30$44_DATA[31:0]$55 [13], Q = \data[1] [13]).
Adding EN signal on $memory\data[1]$955 ($dff) from module icache_dm (D = $0$memwr$\data$icache_dm.v:30$44_DATA[31:0]$55 [14], Q = \data[1] [14]).
Adding EN signal on $memory\data[1]$955 ($dff) from module icache_dm (D = $0$memwr$\data$icache_dm.v:30$44_DATA[31:0]$55 [15], Q = \data[1] [15]).
Adding EN signal on $memory\data[1]$955 ($dff) from module icache_dm (D = $0$memwr$\data$icache_dm.v:30$44_DATA[31:0]$55 [16], Q = \data[1] [16]).
Adding EN signal on $memory\data[1]$955 ($dff) from module icache_dm (D = $0$memwr$\data$icache_dm.v:30$44_DATA[31:0]$55 [17], Q = \data[1] [17]).
Adding EN signal on $memory\data[1]$955 ($dff) from module icache_dm (D = $0$memwr$\data$icache_dm.v:30$44_DATA[31:0]$55 [18], Q = \data[1] [18]).
Adding EN signal on $memory\data[1]$955 ($dff) from module icache_dm (D = $0$memwr$\data$icache_dm.v:30$44_DATA[31:0]$55 [19], Q = \data[1] [19]).
Adding EN signal on $memory\data[1]$955 ($dff) from module icache_dm (D = $0$memwr$\data$icache_dm.v:30$44_DATA[31:0]$55 [20], Q = \data[1] [20]).
Adding EN signal on $memory\data[1]$955 ($dff) from module icache_dm (D = $0$memwr$\data$icache_dm.v:30$44_DATA[31:0]$55 [21], Q = \data[1] [21]).
Adding EN signal on $memory\data[1]$955 ($dff) from module icache_dm (D = $0$memwr$\data$icache_dm.v:30$44_DATA[31:0]$55 [22], Q = \data[1] [22]).
Adding EN signal on $memory\data[1]$955 ($dff) from module icache_dm (D = $0$memwr$\data$icache_dm.v:30$44_DATA[31:0]$55 [23], Q = \data[1] [23]).
Adding EN signal on $memory\data[1]$955 ($dff) from module icache_dm (D = $0$memwr$\data$icache_dm.v:30$44_DATA[31:0]$55 [24], Q = \data[1] [24]).
Adding EN signal on $memory\data[1]$955 ($dff) from module icache_dm (D = $0$memwr$\data$icache_dm.v:30$44_DATA[31:0]$55 [25], Q = \data[1] [25]).
Adding EN signal on $memory\data[1]$955 ($dff) from module icache_dm (D = $0$memwr$\data$icache_dm.v:30$44_DATA[31:0]$55 [26], Q = \data[1] [26]).
Adding EN signal on $memory\data[1]$955 ($dff) from module icache_dm (D = $0$memwr$\data$icache_dm.v:30$44_DATA[31:0]$55 [27], Q = \data[1] [27]).
Adding EN signal on $memory\data[1]$955 ($dff) from module icache_dm (D = $0$memwr$\data$icache_dm.v:30$44_DATA[31:0]$55 [28], Q = \data[1] [28]).
Adding EN signal on $memory\data[1]$955 ($dff) from module icache_dm (D = $0$memwr$\data$icache_dm.v:30$44_DATA[31:0]$55 [29], Q = \data[1] [29]).
Adding EN signal on $memory\data[1]$955 ($dff) from module icache_dm (D = $0$memwr$\data$icache_dm.v:30$44_DATA[31:0]$55 [30], Q = \data[1] [30]).
Adding EN signal on $memory\data[1]$955 ($dff) from module icache_dm (D = $0$memwr$\data$icache_dm.v:30$44_DATA[31:0]$55 [31], Q = \data[1] [31]).
Adding EN signal on $memory\data[2]$957 ($dff) from module icache_dm (D = $0$memwr$\data$icache_dm.v:30$44_DATA[31:0]$55 [0], Q = \data[2] [0]).
Adding EN signal on $memory\data[2]$957 ($dff) from module icache_dm (D = $0$memwr$\data$icache_dm.v:30$44_DATA[31:0]$55 [1], Q = \data[2] [1]).
Adding EN signal on $memory\data[2]$957 ($dff) from module icache_dm (D = $0$memwr$\data$icache_dm.v:30$44_DATA[31:0]$55 [2], Q = \data[2] [2]).
Adding EN signal on $memory\data[2]$957 ($dff) from module icache_dm (D = $0$memwr$\data$icache_dm.v:30$44_DATA[31:0]$55 [3], Q = \data[2] [3]).
Adding EN signal on $memory\data[2]$957 ($dff) from module icache_dm (D = $0$memwr$\data$icache_dm.v:30$44_DATA[31:0]$55 [4], Q = \data[2] [4]).
Adding EN signal on $memory\data[2]$957 ($dff) from module icache_dm (D = $0$memwr$\data$icache_dm.v:30$44_DATA[31:0]$55 [5], Q = \data[2] [5]).
Adding EN signal on $memory\data[2]$957 ($dff) from module icache_dm (D = $0$memwr$\data$icache_dm.v:30$44_DATA[31:0]$55 [6], Q = \data[2] [6]).
Adding EN signal on $memory\data[2]$957 ($dff) from module icache_dm (D = $0$memwr$\data$icache_dm.v:30$44_DATA[31:0]$55 [7], Q = \data[2] [7]).
Adding EN signal on $memory\data[2]$957 ($dff) from module icache_dm (D = $0$memwr$\data$icache_dm.v:30$44_DATA[31:0]$55 [8], Q = \data[2] [8]).
Adding EN signal on $memory\data[2]$957 ($dff) from module icache_dm (D = $0$memwr$\data$icache_dm.v:30$44_DATA[31:0]$55 [9], Q = \data[2] [9]).
Adding EN signal on $memory\data[2]$957 ($dff) from module icache_dm (D = $0$memwr$\data$icache_dm.v:30$44_DATA[31:0]$55 [10], Q = \data[2] [10]).
Adding EN signal on $memory\data[2]$957 ($dff) from module icache_dm (D = $0$memwr$\data$icache_dm.v:30$44_DATA[31:0]$55 [11], Q = \data[2] [11]).
Adding EN signal on $memory\data[2]$957 ($dff) from module icache_dm (D = $0$memwr$\data$icache_dm.v:30$44_DATA[31:0]$55 [12], Q = \data[2] [12]).
Adding EN signal on $memory\data[2]$957 ($dff) from module icache_dm (D = $0$memwr$\data$icache_dm.v:30$44_DATA[31:0]$55 [13], Q = \data[2] [13]).
Adding EN signal on $memory\data[2]$957 ($dff) from module icache_dm (D = $0$memwr$\data$icache_dm.v:30$44_DATA[31:0]$55 [14], Q = \data[2] [14]).
Adding EN signal on $memory\data[2]$957 ($dff) from module icache_dm (D = $0$memwr$\data$icache_dm.v:30$44_DATA[31:0]$55 [15], Q = \data[2] [15]).
Adding EN signal on $memory\data[2]$957 ($dff) from module icache_dm (D = $0$memwr$\data$icache_dm.v:30$44_DATA[31:0]$55 [16], Q = \data[2] [16]).
Adding EN signal on $memory\data[2]$957 ($dff) from module icache_dm (D = $0$memwr$\data$icache_dm.v:30$44_DATA[31:0]$55 [17], Q = \data[2] [17]).
Adding EN signal on $memory\data[2]$957 ($dff) from module icache_dm (D = $0$memwr$\data$icache_dm.v:30$44_DATA[31:0]$55 [18], Q = \data[2] [18]).
Adding EN signal on $memory\data[2]$957 ($dff) from module icache_dm (D = $0$memwr$\data$icache_dm.v:30$44_DATA[31:0]$55 [19], Q = \data[2] [19]).
Adding EN signal on $memory\data[2]$957 ($dff) from module icache_dm (D = $0$memwr$\data$icache_dm.v:30$44_DATA[31:0]$55 [20], Q = \data[2] [20]).
Adding EN signal on $memory\data[2]$957 ($dff) from module icache_dm (D = $0$memwr$\data$icache_dm.v:30$44_DATA[31:0]$55 [21], Q = \data[2] [21]).
Adding EN signal on $memory\data[2]$957 ($dff) from module icache_dm (D = $0$memwr$\data$icache_dm.v:30$44_DATA[31:0]$55 [22], Q = \data[2] [22]).
Adding EN signal on $memory\data[2]$957 ($dff) from module icache_dm (D = $0$memwr$\data$icache_dm.v:30$44_DATA[31:0]$55 [23], Q = \data[2] [23]).
Adding EN signal on $memory\data[2]$957 ($dff) from module icache_dm (D = $0$memwr$\data$icache_dm.v:30$44_DATA[31:0]$55 [24], Q = \data[2] [24]).
Adding EN signal on $memory\data[2]$957 ($dff) from module icache_dm (D = $0$memwr$\data$icache_dm.v:30$44_DATA[31:0]$55 [25], Q = \data[2] [25]).
Adding EN signal on $memory\data[2]$957 ($dff) from module icache_dm (D = $0$memwr$\data$icache_dm.v:30$44_DATA[31:0]$55 [26], Q = \data[2] [26]).
Adding EN signal on $memory\data[2]$957 ($dff) from module icache_dm (D = $0$memwr$\data$icache_dm.v:30$44_DATA[31:0]$55 [27], Q = \data[2] [27]).
Adding EN signal on $memory\data[2]$957 ($dff) from module icache_dm (D = $0$memwr$\data$icache_dm.v:30$44_DATA[31:0]$55 [28], Q = \data[2] [28]).
Adding EN signal on $memory\data[2]$957 ($dff) from module icache_dm (D = $0$memwr$\data$icache_dm.v:30$44_DATA[31:0]$55 [29], Q = \data[2] [29]).
Adding EN signal on $memory\data[2]$957 ($dff) from module icache_dm (D = $0$memwr$\data$icache_dm.v:30$44_DATA[31:0]$55 [30], Q = \data[2] [30]).
Adding EN signal on $memory\data[2]$957 ($dff) from module icache_dm (D = $0$memwr$\data$icache_dm.v:30$44_DATA[31:0]$55 [31], Q = \data[2] [31]).
Adding EN signal on $memory\data[3]$959 ($dff) from module icache_dm (D = $0$memwr$\data$icache_dm.v:30$44_DATA[31:0]$55 [0], Q = \data[3] [0]).
Adding EN signal on $memory\data[3]$959 ($dff) from module icache_dm (D = $0$memwr$\data$icache_dm.v:30$44_DATA[31:0]$55 [1], Q = \data[3] [1]).
Adding EN signal on $memory\data[3]$959 ($dff) from module icache_dm (D = $0$memwr$\data$icache_dm.v:30$44_DATA[31:0]$55 [2], Q = \data[3] [2]).
Adding EN signal on $memory\data[3]$959 ($dff) from module icache_dm (D = $0$memwr$\data$icache_dm.v:30$44_DATA[31:0]$55 [3], Q = \data[3] [3]).
Adding EN signal on $memory\data[3]$959 ($dff) from module icache_dm (D = $0$memwr$\data$icache_dm.v:30$44_DATA[31:0]$55 [4], Q = \data[3] [4]).
Adding EN signal on $memory\data[3]$959 ($dff) from module icache_dm (D = $0$memwr$\data$icache_dm.v:30$44_DATA[31:0]$55 [5], Q = \data[3] [5]).
Adding EN signal on $memory\data[3]$959 ($dff) from module icache_dm (D = $0$memwr$\data$icache_dm.v:30$44_DATA[31:0]$55 [6], Q = \data[3] [6]).
Adding EN signal on $memory\data[3]$959 ($dff) from module icache_dm (D = $0$memwr$\data$icache_dm.v:30$44_DATA[31:0]$55 [7], Q = \data[3] [7]).
Adding EN signal on $memory\data[3]$959 ($dff) from module icache_dm (D = $0$memwr$\data$icache_dm.v:30$44_DATA[31:0]$55 [8], Q = \data[3] [8]).
Adding EN signal on $memory\data[3]$959 ($dff) from module icache_dm (D = $0$memwr$\data$icache_dm.v:30$44_DATA[31:0]$55 [9], Q = \data[3] [9]).
Adding EN signal on $memory\data[3]$959 ($dff) from module icache_dm (D = $0$memwr$\data$icache_dm.v:30$44_DATA[31:0]$55 [10], Q = \data[3] [10]).
Adding EN signal on $memory\data[3]$959 ($dff) from module icache_dm (D = $0$memwr$\data$icache_dm.v:30$44_DATA[31:0]$55 [11], Q = \data[3] [11]).
Adding EN signal on $memory\data[3]$959 ($dff) from module icache_dm (D = $0$memwr$\data$icache_dm.v:30$44_DATA[31:0]$55 [12], Q = \data[3] [12]).
Adding EN signal on $memory\data[3]$959 ($dff) from module icache_dm (D = $0$memwr$\data$icache_dm.v:30$44_DATA[31:0]$55 [13], Q = \data[3] [13]).
Adding EN signal on $memory\data[3]$959 ($dff) from module icache_dm (D = $0$memwr$\data$icache_dm.v:30$44_DATA[31:0]$55 [14], Q = \data[3] [14]).
Adding EN signal on $memory\data[3]$959 ($dff) from module icache_dm (D = $0$memwr$\data$icache_dm.v:30$44_DATA[31:0]$55 [15], Q = \data[3] [15]).
Adding EN signal on $memory\data[3]$959 ($dff) from module icache_dm (D = $0$memwr$\data$icache_dm.v:30$44_DATA[31:0]$55 [16], Q = \data[3] [16]).
Adding EN signal on $memory\data[3]$959 ($dff) from module icache_dm (D = $0$memwr$\data$icache_dm.v:30$44_DATA[31:0]$55 [17], Q = \data[3] [17]).
Adding EN signal on $memory\data[3]$959 ($dff) from module icache_dm (D = $0$memwr$\data$icache_dm.v:30$44_DATA[31:0]$55 [18], Q = \data[3] [18]).
Adding EN signal on $memory\data[3]$959 ($dff) from module icache_dm (D = $0$memwr$\data$icache_dm.v:30$44_DATA[31:0]$55 [19], Q = \data[3] [19]).
Adding EN signal on $memory\data[3]$959 ($dff) from module icache_dm (D = $0$memwr$\data$icache_dm.v:30$44_DATA[31:0]$55 [20], Q = \data[3] [20]).
Adding EN signal on $memory\data[3]$959 ($dff) from module icache_dm (D = $0$memwr$\data$icache_dm.v:30$44_DATA[31:0]$55 [21], Q = \data[3] [21]).
Adding EN signal on $memory\data[3]$959 ($dff) from module icache_dm (D = $0$memwr$\data$icache_dm.v:30$44_DATA[31:0]$55 [22], Q = \data[3] [22]).
Adding EN signal on $memory\data[3]$959 ($dff) from module icache_dm (D = $0$memwr$\data$icache_dm.v:30$44_DATA[31:0]$55 [23], Q = \data[3] [23]).
Adding EN signal on $memory\data[3]$959 ($dff) from module icache_dm (D = $0$memwr$\data$icache_dm.v:30$44_DATA[31:0]$55 [24], Q = \data[3] [24]).
Adding EN signal on $memory\data[3]$959 ($dff) from module icache_dm (D = $0$memwr$\data$icache_dm.v:30$44_DATA[31:0]$55 [25], Q = \data[3] [25]).
Adding EN signal on $memory\data[3]$959 ($dff) from module icache_dm (D = $0$memwr$\data$icache_dm.v:30$44_DATA[31:0]$55 [26], Q = \data[3] [26]).
Adding EN signal on $memory\data[3]$959 ($dff) from module icache_dm (D = $0$memwr$\data$icache_dm.v:30$44_DATA[31:0]$55 [27], Q = \data[3] [27]).
Adding EN signal on $memory\data[3]$959 ($dff) from module icache_dm (D = $0$memwr$\data$icache_dm.v:30$44_DATA[31:0]$55 [28], Q = \data[3] [28]).
Adding EN signal on $memory\data[3]$959 ($dff) from module icache_dm (D = $0$memwr$\data$icache_dm.v:30$44_DATA[31:0]$55 [29], Q = \data[3] [29]).
Adding EN signal on $memory\data[3]$959 ($dff) from module icache_dm (D = $0$memwr$\data$icache_dm.v:30$44_DATA[31:0]$55 [30], Q = \data[3] [30]).
Adding EN signal on $memory\data[3]$959 ($dff) from module icache_dm (D = $0$memwr$\data$icache_dm.v:30$44_DATA[31:0]$55 [31], Q = \data[3] [31]).
Adding EN signal on $memory\data[4]$961 ($dff) from module icache_dm (D = $0$memwr$\data$icache_dm.v:30$44_DATA[31:0]$55 [0], Q = \data[4] [0]).
Adding EN signal on $memory\data[4]$961 ($dff) from module icache_dm (D = $0$memwr$\data$icache_dm.v:30$44_DATA[31:0]$55 [1], Q = \data[4] [1]).
Adding EN signal on $memory\data[4]$961 ($dff) from module icache_dm (D = $0$memwr$\data$icache_dm.v:30$44_DATA[31:0]$55 [2], Q = \data[4] [2]).
Adding EN signal on $memory\data[4]$961 ($dff) from module icache_dm (D = $0$memwr$\data$icache_dm.v:30$44_DATA[31:0]$55 [3], Q = \data[4] [3]).
Adding EN signal on $memory\data[4]$961 ($dff) from module icache_dm (D = $0$memwr$\data$icache_dm.v:30$44_DATA[31:0]$55 [4], Q = \data[4] [4]).
Adding EN signal on $memory\data[4]$961 ($dff) from module icache_dm (D = $0$memwr$\data$icache_dm.v:30$44_DATA[31:0]$55 [5], Q = \data[4] [5]).
Adding EN signal on $memory\data[4]$961 ($dff) from module icache_dm (D = $0$memwr$\data$icache_dm.v:30$44_DATA[31:0]$55 [6], Q = \data[4] [6]).
Adding EN signal on $memory\data[4]$961 ($dff) from module icache_dm (D = $0$memwr$\data$icache_dm.v:30$44_DATA[31:0]$55 [7], Q = \data[4] [7]).
Adding EN signal on $memory\data[4]$961 ($dff) from module icache_dm (D = $0$memwr$\data$icache_dm.v:30$44_DATA[31:0]$55 [8], Q = \data[4] [8]).
Adding EN signal on $memory\data[4]$961 ($dff) from module icache_dm (D = $0$memwr$\data$icache_dm.v:30$44_DATA[31:0]$55 [9], Q = \data[4] [9]).
Adding EN signal on $memory\data[4]$961 ($dff) from module icache_dm (D = $0$memwr$\data$icache_dm.v:30$44_DATA[31:0]$55 [10], Q = \data[4] [10]).
Adding EN signal on $memory\data[4]$961 ($dff) from module icache_dm (D = $0$memwr$\data$icache_dm.v:30$44_DATA[31:0]$55 [11], Q = \data[4] [11]).
Adding EN signal on $memory\data[4]$961 ($dff) from module icache_dm (D = $0$memwr$\data$icache_dm.v:30$44_DATA[31:0]$55 [12], Q = \data[4] [12]).
Adding EN signal on $memory\data[4]$961 ($dff) from module icache_dm (D = $0$memwr$\data$icache_dm.v:30$44_DATA[31:0]$55 [13], Q = \data[4] [13]).
Adding EN signal on $memory\data[4]$961 ($dff) from module icache_dm (D = $0$memwr$\data$icache_dm.v:30$44_DATA[31:0]$55 [14], Q = \data[4] [14]).
Adding EN signal on $memory\data[4]$961 ($dff) from module icache_dm (D = $0$memwr$\data$icache_dm.v:30$44_DATA[31:0]$55 [15], Q = \data[4] [15]).
Adding EN signal on $memory\data[4]$961 ($dff) from module icache_dm (D = $0$memwr$\data$icache_dm.v:30$44_DATA[31:0]$55 [16], Q = \data[4] [16]).
Adding EN signal on $memory\data[4]$961 ($dff) from module icache_dm (D = $0$memwr$\data$icache_dm.v:30$44_DATA[31:0]$55 [17], Q = \data[4] [17]).
Adding EN signal on $memory\data[4]$961 ($dff) from module icache_dm (D = $0$memwr$\data$icache_dm.v:30$44_DATA[31:0]$55 [18], Q = \data[4] [18]).
Adding EN signal on $memory\data[4]$961 ($dff) from module icache_dm (D = $0$memwr$\data$icache_dm.v:30$44_DATA[31:0]$55 [19], Q = \data[4] [19]).
Adding EN signal on $memory\data[4]$961 ($dff) from module icache_dm (D = $0$memwr$\data$icache_dm.v:30$44_DATA[31:0]$55 [20], Q = \data[4] [20]).
Adding EN signal on $memory\data[4]$961 ($dff) from module icache_dm (D = $0$memwr$\data$icache_dm.v:30$44_DATA[31:0]$55 [21], Q = \data[4] [21]).
Adding EN signal on $memory\data[4]$961 ($dff) from module icache_dm (D = $0$memwr$\data$icache_dm.v:30$44_DATA[31:0]$55 [22], Q = \data[4] [22]).
Adding EN signal on $memory\data[4]$961 ($dff) from module icache_dm (D = $0$memwr$\data$icache_dm.v:30$44_DATA[31:0]$55 [23], Q = \data[4] [23]).
Adding EN signal on $memory\data[4]$961 ($dff) from module icache_dm (D = $0$memwr$\data$icache_dm.v:30$44_DATA[31:0]$55 [24], Q = \data[4] [24]).
Adding EN signal on $memory\data[4]$961 ($dff) from module icache_dm (D = $0$memwr$\data$icache_dm.v:30$44_DATA[31:0]$55 [25], Q = \data[4] [25]).
Adding EN signal on $memory\data[4]$961 ($dff) from module icache_dm (D = $0$memwr$\data$icache_dm.v:30$44_DATA[31:0]$55 [26], Q = \data[4] [26]).
Adding EN signal on $memory\data[4]$961 ($dff) from module icache_dm (D = $0$memwr$\data$icache_dm.v:30$44_DATA[31:0]$55 [27], Q = \data[4] [27]).
Adding EN signal on $memory\data[4]$961 ($dff) from module icache_dm (D = $0$memwr$\data$icache_dm.v:30$44_DATA[31:0]$55 [28], Q = \data[4] [28]).
Adding EN signal on $memory\data[4]$961 ($dff) from module icache_dm (D = $0$memwr$\data$icache_dm.v:30$44_DATA[31:0]$55 [29], Q = \data[4] [29]).
Adding EN signal on $memory\data[4]$961 ($dff) from module icache_dm (D = $0$memwr$\data$icache_dm.v:30$44_DATA[31:0]$55 [30], Q = \data[4] [30]).
Adding EN signal on $memory\data[4]$961 ($dff) from module icache_dm (D = $0$memwr$\data$icache_dm.v:30$44_DATA[31:0]$55 [31], Q = \data[4] [31]).
Adding EN signal on $memory\data[5]$963 ($dff) from module icache_dm (D = $0$memwr$\data$icache_dm.v:30$44_DATA[31:0]$55 [0], Q = \data[5] [0]).
Adding EN signal on $memory\data[5]$963 ($dff) from module icache_dm (D = $0$memwr$\data$icache_dm.v:30$44_DATA[31:0]$55 [1], Q = \data[5] [1]).
Adding EN signal on $memory\data[5]$963 ($dff) from module icache_dm (D = $0$memwr$\data$icache_dm.v:30$44_DATA[31:0]$55 [2], Q = \data[5] [2]).
Adding EN signal on $memory\data[5]$963 ($dff) from module icache_dm (D = $0$memwr$\data$icache_dm.v:30$44_DATA[31:0]$55 [3], Q = \data[5] [3]).
Adding EN signal on $memory\data[5]$963 ($dff) from module icache_dm (D = $0$memwr$\data$icache_dm.v:30$44_DATA[31:0]$55 [4], Q = \data[5] [4]).
Adding EN signal on $memory\data[5]$963 ($dff) from module icache_dm (D = $0$memwr$\data$icache_dm.v:30$44_DATA[31:0]$55 [5], Q = \data[5] [5]).
Adding EN signal on $memory\data[5]$963 ($dff) from module icache_dm (D = $0$memwr$\data$icache_dm.v:30$44_DATA[31:0]$55 [6], Q = \data[5] [6]).
Adding EN signal on $memory\data[5]$963 ($dff) from module icache_dm (D = $0$memwr$\data$icache_dm.v:30$44_DATA[31:0]$55 [7], Q = \data[5] [7]).
Adding EN signal on $memory\data[5]$963 ($dff) from module icache_dm (D = $0$memwr$\data$icache_dm.v:30$44_DATA[31:0]$55 [8], Q = \data[5] [8]).
Adding EN signal on $memory\data[5]$963 ($dff) from module icache_dm (D = $0$memwr$\data$icache_dm.v:30$44_DATA[31:0]$55 [9], Q = \data[5] [9]).
Adding EN signal on $memory\data[5]$963 ($dff) from module icache_dm (D = $0$memwr$\data$icache_dm.v:30$44_DATA[31:0]$55 [10], Q = \data[5] [10]).
Adding EN signal on $memory\data[5]$963 ($dff) from module icache_dm (D = $0$memwr$\data$icache_dm.v:30$44_DATA[31:0]$55 [11], Q = \data[5] [11]).
Adding EN signal on $memory\data[5]$963 ($dff) from module icache_dm (D = $0$memwr$\data$icache_dm.v:30$44_DATA[31:0]$55 [12], Q = \data[5] [12]).
Adding EN signal on $memory\data[5]$963 ($dff) from module icache_dm (D = $0$memwr$\data$icache_dm.v:30$44_DATA[31:0]$55 [13], Q = \data[5] [13]).
Adding EN signal on $memory\data[5]$963 ($dff) from module icache_dm (D = $0$memwr$\data$icache_dm.v:30$44_DATA[31:0]$55 [14], Q = \data[5] [14]).
Adding EN signal on $memory\data[5]$963 ($dff) from module icache_dm (D = $0$memwr$\data$icache_dm.v:30$44_DATA[31:0]$55 [15], Q = \data[5] [15]).
Adding EN signal on $memory\data[5]$963 ($dff) from module icache_dm (D = $0$memwr$\data$icache_dm.v:30$44_DATA[31:0]$55 [16], Q = \data[5] [16]).
Adding EN signal on $memory\data[5]$963 ($dff) from module icache_dm (D = $0$memwr$\data$icache_dm.v:30$44_DATA[31:0]$55 [17], Q = \data[5] [17]).
Adding EN signal on $memory\data[5]$963 ($dff) from module icache_dm (D = $0$memwr$\data$icache_dm.v:30$44_DATA[31:0]$55 [18], Q = \data[5] [18]).
Adding EN signal on $memory\data[5]$963 ($dff) from module icache_dm (D = $0$memwr$\data$icache_dm.v:30$44_DATA[31:0]$55 [19], Q = \data[5] [19]).
Adding EN signal on $memory\data[5]$963 ($dff) from module icache_dm (D = $0$memwr$\data$icache_dm.v:30$44_DATA[31:0]$55 [20], Q = \data[5] [20]).
Adding EN signal on $memory\data[5]$963 ($dff) from module icache_dm (D = $0$memwr$\data$icache_dm.v:30$44_DATA[31:0]$55 [21], Q = \data[5] [21]).
Adding EN signal on $memory\data[5]$963 ($dff) from module icache_dm (D = $0$memwr$\data$icache_dm.v:30$44_DATA[31:0]$55 [22], Q = \data[5] [22]).
Adding EN signal on $memory\data[5]$963 ($dff) from module icache_dm (D = $0$memwr$\data$icache_dm.v:30$44_DATA[31:0]$55 [23], Q = \data[5] [23]).
Adding EN signal on $memory\data[5]$963 ($dff) from module icache_dm (D = $0$memwr$\data$icache_dm.v:30$44_DATA[31:0]$55 [24], Q = \data[5] [24]).
Adding EN signal on $memory\data[5]$963 ($dff) from module icache_dm (D = $0$memwr$\data$icache_dm.v:30$44_DATA[31:0]$55 [25], Q = \data[5] [25]).
Adding EN signal on $memory\data[5]$963 ($dff) from module icache_dm (D = $0$memwr$\data$icache_dm.v:30$44_DATA[31:0]$55 [26], Q = \data[5] [26]).
Adding EN signal on $memory\data[5]$963 ($dff) from module icache_dm (D = $0$memwr$\data$icache_dm.v:30$44_DATA[31:0]$55 [27], Q = \data[5] [27]).
Adding EN signal on $memory\data[5]$963 ($dff) from module icache_dm (D = $0$memwr$\data$icache_dm.v:30$44_DATA[31:0]$55 [28], Q = \data[5] [28]).
Adding EN signal on $memory\data[5]$963 ($dff) from module icache_dm (D = $0$memwr$\data$icache_dm.v:30$44_DATA[31:0]$55 [29], Q = \data[5] [29]).
Adding EN signal on $memory\data[5]$963 ($dff) from module icache_dm (D = $0$memwr$\data$icache_dm.v:30$44_DATA[31:0]$55 [30], Q = \data[5] [30]).
Adding EN signal on $memory\data[5]$963 ($dff) from module icache_dm (D = $0$memwr$\data$icache_dm.v:30$44_DATA[31:0]$55 [31], Q = \data[5] [31]).
Adding EN signal on $memory\data[6]$965 ($dff) from module icache_dm (D = $0$memwr$\data$icache_dm.v:30$44_DATA[31:0]$55 [0], Q = \data[6] [0]).
Adding EN signal on $memory\data[6]$965 ($dff) from module icache_dm (D = $0$memwr$\data$icache_dm.v:30$44_DATA[31:0]$55 [1], Q = \data[6] [1]).
Adding EN signal on $memory\data[6]$965 ($dff) from module icache_dm (D = $0$memwr$\data$icache_dm.v:30$44_DATA[31:0]$55 [2], Q = \data[6] [2]).
Adding EN signal on $memory\data[6]$965 ($dff) from module icache_dm (D = $0$memwr$\data$icache_dm.v:30$44_DATA[31:0]$55 [3], Q = \data[6] [3]).
Adding EN signal on $memory\data[6]$965 ($dff) from module icache_dm (D = $0$memwr$\data$icache_dm.v:30$44_DATA[31:0]$55 [4], Q = \data[6] [4]).
Adding EN signal on $memory\data[6]$965 ($dff) from module icache_dm (D = $0$memwr$\data$icache_dm.v:30$44_DATA[31:0]$55 [5], Q = \data[6] [5]).
Adding EN signal on $memory\data[6]$965 ($dff) from module icache_dm (D = $0$memwr$\data$icache_dm.v:30$44_DATA[31:0]$55 [6], Q = \data[6] [6]).
Adding EN signal on $memory\data[6]$965 ($dff) from module icache_dm (D = $0$memwr$\data$icache_dm.v:30$44_DATA[31:0]$55 [7], Q = \data[6] [7]).
Adding EN signal on $memory\data[6]$965 ($dff) from module icache_dm (D = $0$memwr$\data$icache_dm.v:30$44_DATA[31:0]$55 [8], Q = \data[6] [8]).
Adding EN signal on $memory\data[6]$965 ($dff) from module icache_dm (D = $0$memwr$\data$icache_dm.v:30$44_DATA[31:0]$55 [9], Q = \data[6] [9]).
Adding EN signal on $memory\data[6]$965 ($dff) from module icache_dm (D = $0$memwr$\data$icache_dm.v:30$44_DATA[31:0]$55 [10], Q = \data[6] [10]).
Adding EN signal on $memory\data[6]$965 ($dff) from module icache_dm (D = $0$memwr$\data$icache_dm.v:30$44_DATA[31:0]$55 [11], Q = \data[6] [11]).
Adding EN signal on $memory\data[6]$965 ($dff) from module icache_dm (D = $0$memwr$\data$icache_dm.v:30$44_DATA[31:0]$55 [12], Q = \data[6] [12]).
Adding EN signal on $memory\data[6]$965 ($dff) from module icache_dm (D = $0$memwr$\data$icache_dm.v:30$44_DATA[31:0]$55 [13], Q = \data[6] [13]).
Adding EN signal on $memory\data[6]$965 ($dff) from module icache_dm (D = $0$memwr$\data$icache_dm.v:30$44_DATA[31:0]$55 [14], Q = \data[6] [14]).
Adding EN signal on $memory\data[6]$965 ($dff) from module icache_dm (D = $0$memwr$\data$icache_dm.v:30$44_DATA[31:0]$55 [15], Q = \data[6] [15]).
Adding EN signal on $memory\data[6]$965 ($dff) from module icache_dm (D = $0$memwr$\data$icache_dm.v:30$44_DATA[31:0]$55 [16], Q = \data[6] [16]).
Adding EN signal on $memory\data[6]$965 ($dff) from module icache_dm (D = $0$memwr$\data$icache_dm.v:30$44_DATA[31:0]$55 [17], Q = \data[6] [17]).
Adding EN signal on $memory\data[6]$965 ($dff) from module icache_dm (D = $0$memwr$\data$icache_dm.v:30$44_DATA[31:0]$55 [18], Q = \data[6] [18]).
Adding EN signal on $memory\data[6]$965 ($dff) from module icache_dm (D = $0$memwr$\data$icache_dm.v:30$44_DATA[31:0]$55 [19], Q = \data[6] [19]).
Adding EN signal on $memory\data[6]$965 ($dff) from module icache_dm (D = $0$memwr$\data$icache_dm.v:30$44_DATA[31:0]$55 [20], Q = \data[6] [20]).
Adding EN signal on $memory\data[6]$965 ($dff) from module icache_dm (D = $0$memwr$\data$icache_dm.v:30$44_DATA[31:0]$55 [21], Q = \data[6] [21]).
Adding EN signal on $memory\data[6]$965 ($dff) from module icache_dm (D = $0$memwr$\data$icache_dm.v:30$44_DATA[31:0]$55 [22], Q = \data[6] [22]).
Adding EN signal on $memory\data[6]$965 ($dff) from module icache_dm (D = $0$memwr$\data$icache_dm.v:30$44_DATA[31:0]$55 [23], Q = \data[6] [23]).
Adding EN signal on $memory\data[6]$965 ($dff) from module icache_dm (D = $0$memwr$\data$icache_dm.v:30$44_DATA[31:0]$55 [24], Q = \data[6] [24]).
Adding EN signal on $memory\data[6]$965 ($dff) from module icache_dm (D = $0$memwr$\data$icache_dm.v:30$44_DATA[31:0]$55 [25], Q = \data[6] [25]).
Adding EN signal on $memory\data[6]$965 ($dff) from module icache_dm (D = $0$memwr$\data$icache_dm.v:30$44_DATA[31:0]$55 [26], Q = \data[6] [26]).
Adding EN signal on $memory\data[6]$965 ($dff) from module icache_dm (D = $0$memwr$\data$icache_dm.v:30$44_DATA[31:0]$55 [27], Q = \data[6] [27]).
Adding EN signal on $memory\data[6]$965 ($dff) from module icache_dm (D = $0$memwr$\data$icache_dm.v:30$44_DATA[31:0]$55 [28], Q = \data[6] [28]).
Adding EN signal on $memory\data[6]$965 ($dff) from module icache_dm (D = $0$memwr$\data$icache_dm.v:30$44_DATA[31:0]$55 [29], Q = \data[6] [29]).
Adding EN signal on $memory\data[6]$965 ($dff) from module icache_dm (D = $0$memwr$\data$icache_dm.v:30$44_DATA[31:0]$55 [30], Q = \data[6] [30]).
Adding EN signal on $memory\data[6]$965 ($dff) from module icache_dm (D = $0$memwr$\data$icache_dm.v:30$44_DATA[31:0]$55 [31], Q = \data[6] [31]).
Adding EN signal on $memory\data[7]$967 ($dff) from module icache_dm (D = $0$memwr$\data$icache_dm.v:30$44_DATA[31:0]$55 [0], Q = \data[7] [0]).
Adding EN signal on $memory\data[7]$967 ($dff) from module icache_dm (D = $0$memwr$\data$icache_dm.v:30$44_DATA[31:0]$55 [1], Q = \data[7] [1]).
Adding EN signal on $memory\data[7]$967 ($dff) from module icache_dm (D = $0$memwr$\data$icache_dm.v:30$44_DATA[31:0]$55 [2], Q = \data[7] [2]).
Adding EN signal on $memory\data[7]$967 ($dff) from module icache_dm (D = $0$memwr$\data$icache_dm.v:30$44_DATA[31:0]$55 [3], Q = \data[7] [3]).
Adding EN signal on $memory\data[7]$967 ($dff) from module icache_dm (D = $0$memwr$\data$icache_dm.v:30$44_DATA[31:0]$55 [4], Q = \data[7] [4]).
Adding EN signal on $memory\data[7]$967 ($dff) from module icache_dm (D = $0$memwr$\data$icache_dm.v:30$44_DATA[31:0]$55 [5], Q = \data[7] [5]).
Adding EN signal on $memory\data[7]$967 ($dff) from module icache_dm (D = $0$memwr$\data$icache_dm.v:30$44_DATA[31:0]$55 [6], Q = \data[7] [6]).
Adding EN signal on $memory\data[7]$967 ($dff) from module icache_dm (D = $0$memwr$\data$icache_dm.v:30$44_DATA[31:0]$55 [7], Q = \data[7] [7]).
Adding EN signal on $memory\data[7]$967 ($dff) from module icache_dm (D = $0$memwr$\data$icache_dm.v:30$44_DATA[31:0]$55 [8], Q = \data[7] [8]).
Adding EN signal on $memory\data[7]$967 ($dff) from module icache_dm (D = $0$memwr$\data$icache_dm.v:30$44_DATA[31:0]$55 [9], Q = \data[7] [9]).
Adding EN signal on $memory\data[7]$967 ($dff) from module icache_dm (D = $0$memwr$\data$icache_dm.v:30$44_DATA[31:0]$55 [10], Q = \data[7] [10]).
Adding EN signal on $memory\data[7]$967 ($dff) from module icache_dm (D = $0$memwr$\data$icache_dm.v:30$44_DATA[31:0]$55 [11], Q = \data[7] [11]).
Adding EN signal on $memory\data[7]$967 ($dff) from module icache_dm (D = $0$memwr$\data$icache_dm.v:30$44_DATA[31:0]$55 [12], Q = \data[7] [12]).
Adding EN signal on $memory\data[7]$967 ($dff) from module icache_dm (D = $0$memwr$\data$icache_dm.v:30$44_DATA[31:0]$55 [13], Q = \data[7] [13]).
Adding EN signal on $memory\data[7]$967 ($dff) from module icache_dm (D = $0$memwr$\data$icache_dm.v:30$44_DATA[31:0]$55 [14], Q = \data[7] [14]).
Adding EN signal on $memory\data[7]$967 ($dff) from module icache_dm (D = $0$memwr$\data$icache_dm.v:30$44_DATA[31:0]$55 [15], Q = \data[7] [15]).
Adding EN signal on $memory\data[7]$967 ($dff) from module icache_dm (D = $0$memwr$\data$icache_dm.v:30$44_DATA[31:0]$55 [16], Q = \data[7] [16]).
Adding EN signal on $memory\data[7]$967 ($dff) from module icache_dm (D = $0$memwr$\data$icache_dm.v:30$44_DATA[31:0]$55 [17], Q = \data[7] [17]).
Adding EN signal on $memory\data[7]$967 ($dff) from module icache_dm (D = $0$memwr$\data$icache_dm.v:30$44_DATA[31:0]$55 [18], Q = \data[7] [18]).
Adding EN signal on $memory\data[7]$967 ($dff) from module icache_dm (D = $0$memwr$\data$icache_dm.v:30$44_DATA[31:0]$55 [19], Q = \data[7] [19]).
Adding EN signal on $memory\data[7]$967 ($dff) from module icache_dm (D = $0$memwr$\data$icache_dm.v:30$44_DATA[31:0]$55 [20], Q = \data[7] [20]).
Adding EN signal on $memory\data[7]$967 ($dff) from module icache_dm (D = $0$memwr$\data$icache_dm.v:30$44_DATA[31:0]$55 [21], Q = \data[7] [21]).
Adding EN signal on $memory\data[7]$967 ($dff) from module icache_dm (D = $0$memwr$\data$icache_dm.v:30$44_DATA[31:0]$55 [22], Q = \data[7] [22]).
Adding EN signal on $memory\data[7]$967 ($dff) from module icache_dm (D = $0$memwr$\data$icache_dm.v:30$44_DATA[31:0]$55 [23], Q = \data[7] [23]).
Adding EN signal on $memory\data[7]$967 ($dff) from module icache_dm (D = $0$memwr$\data$icache_dm.v:30$44_DATA[31:0]$55 [24], Q = \data[7] [24]).
Adding EN signal on $memory\data[7]$967 ($dff) from module icache_dm (D = $0$memwr$\data$icache_dm.v:30$44_DATA[31:0]$55 [25], Q = \data[7] [25]).
Adding EN signal on $memory\data[7]$967 ($dff) from module icache_dm (D = $0$memwr$\data$icache_dm.v:30$44_DATA[31:0]$55 [26], Q = \data[7] [26]).
Adding EN signal on $memory\data[7]$967 ($dff) from module icache_dm (D = $0$memwr$\data$icache_dm.v:30$44_DATA[31:0]$55 [27], Q = \data[7] [27]).
Adding EN signal on $memory\data[7]$967 ($dff) from module icache_dm (D = $0$memwr$\data$icache_dm.v:30$44_DATA[31:0]$55 [28], Q = \data[7] [28]).
Adding EN signal on $memory\data[7]$967 ($dff) from module icache_dm (D = $0$memwr$\data$icache_dm.v:30$44_DATA[31:0]$55 [29], Q = \data[7] [29]).
Adding EN signal on $memory\data[7]$967 ($dff) from module icache_dm (D = $0$memwr$\data$icache_dm.v:30$44_DATA[31:0]$55 [30], Q = \data[7] [30]).
Adding EN signal on $memory\data[7]$967 ($dff) from module icache_dm (D = $0$memwr$\data$icache_dm.v:30$44_DATA[31:0]$55 [31], Q = \data[7] [31]).
Adding EN signal on $memory\data[8]$969 ($dff) from module icache_dm (D = $0$memwr$\data$icache_dm.v:30$44_DATA[31:0]$55 [0], Q = \data[8] [0]).
Adding EN signal on $memory\data[8]$969 ($dff) from module icache_dm (D = $0$memwr$\data$icache_dm.v:30$44_DATA[31:0]$55 [1], Q = \data[8] [1]).
Adding EN signal on $memory\data[8]$969 ($dff) from module icache_dm (D = $0$memwr$\data$icache_dm.v:30$44_DATA[31:0]$55 [2], Q = \data[8] [2]).
Adding EN signal on $memory\data[8]$969 ($dff) from module icache_dm (D = $0$memwr$\data$icache_dm.v:30$44_DATA[31:0]$55 [3], Q = \data[8] [3]).
Adding EN signal on $memory\data[8]$969 ($dff) from module icache_dm (D = $0$memwr$\data$icache_dm.v:30$44_DATA[31:0]$55 [4], Q = \data[8] [4]).
Adding EN signal on $memory\data[8]$969 ($dff) from module icache_dm (D = $0$memwr$\data$icache_dm.v:30$44_DATA[31:0]$55 [5], Q = \data[8] [5]).
Adding EN signal on $memory\data[8]$969 ($dff) from module icache_dm (D = $0$memwr$\data$icache_dm.v:30$44_DATA[31:0]$55 [6], Q = \data[8] [6]).
Adding EN signal on $memory\data[8]$969 ($dff) from module icache_dm (D = $0$memwr$\data$icache_dm.v:30$44_DATA[31:0]$55 [7], Q = \data[8] [7]).
Adding EN signal on $memory\data[8]$969 ($dff) from module icache_dm (D = $0$memwr$\data$icache_dm.v:30$44_DATA[31:0]$55 [8], Q = \data[8] [8]).
Adding EN signal on $memory\data[8]$969 ($dff) from module icache_dm (D = $0$memwr$\data$icache_dm.v:30$44_DATA[31:0]$55 [9], Q = \data[8] [9]).
Adding EN signal on $memory\data[8]$969 ($dff) from module icache_dm (D = $0$memwr$\data$icache_dm.v:30$44_DATA[31:0]$55 [10], Q = \data[8] [10]).
Adding EN signal on $memory\data[8]$969 ($dff) from module icache_dm (D = $0$memwr$\data$icache_dm.v:30$44_DATA[31:0]$55 [11], Q = \data[8] [11]).
Adding EN signal on $memory\data[8]$969 ($dff) from module icache_dm (D = $0$memwr$\data$icache_dm.v:30$44_DATA[31:0]$55 [12], Q = \data[8] [12]).
Adding EN signal on $memory\data[8]$969 ($dff) from module icache_dm (D = $0$memwr$\data$icache_dm.v:30$44_DATA[31:0]$55 [13], Q = \data[8] [13]).
Adding EN signal on $memory\data[8]$969 ($dff) from module icache_dm (D = $0$memwr$\data$icache_dm.v:30$44_DATA[31:0]$55 [14], Q = \data[8] [14]).
Adding EN signal on $memory\data[8]$969 ($dff) from module icache_dm (D = $0$memwr$\data$icache_dm.v:30$44_DATA[31:0]$55 [15], Q = \data[8] [15]).
Adding EN signal on $memory\data[8]$969 ($dff) from module icache_dm (D = $0$memwr$\data$icache_dm.v:30$44_DATA[31:0]$55 [16], Q = \data[8] [16]).
Adding EN signal on $memory\data[8]$969 ($dff) from module icache_dm (D = $0$memwr$\data$icache_dm.v:30$44_DATA[31:0]$55 [17], Q = \data[8] [17]).
Adding EN signal on $memory\data[8]$969 ($dff) from module icache_dm (D = $0$memwr$\data$icache_dm.v:30$44_DATA[31:0]$55 [18], Q = \data[8] [18]).
Adding EN signal on $memory\data[8]$969 ($dff) from module icache_dm (D = $0$memwr$\data$icache_dm.v:30$44_DATA[31:0]$55 [19], Q = \data[8] [19]).
Adding EN signal on $memory\data[8]$969 ($dff) from module icache_dm (D = $0$memwr$\data$icache_dm.v:30$44_DATA[31:0]$55 [20], Q = \data[8] [20]).
Adding EN signal on $memory\data[8]$969 ($dff) from module icache_dm (D = $0$memwr$\data$icache_dm.v:30$44_DATA[31:0]$55 [21], Q = \data[8] [21]).
Adding EN signal on $memory\data[8]$969 ($dff) from module icache_dm (D = $0$memwr$\data$icache_dm.v:30$44_DATA[31:0]$55 [22], Q = \data[8] [22]).
Adding EN signal on $memory\data[8]$969 ($dff) from module icache_dm (D = $0$memwr$\data$icache_dm.v:30$44_DATA[31:0]$55 [23], Q = \data[8] [23]).
Adding EN signal on $memory\data[8]$969 ($dff) from module icache_dm (D = $0$memwr$\data$icache_dm.v:30$44_DATA[31:0]$55 [24], Q = \data[8] [24]).
Adding EN signal on $memory\data[8]$969 ($dff) from module icache_dm (D = $0$memwr$\data$icache_dm.v:30$44_DATA[31:0]$55 [25], Q = \data[8] [25]).
Adding EN signal on $memory\data[8]$969 ($dff) from module icache_dm (D = $0$memwr$\data$icache_dm.v:30$44_DATA[31:0]$55 [26], Q = \data[8] [26]).
Adding EN signal on $memory\data[8]$969 ($dff) from module icache_dm (D = $0$memwr$\data$icache_dm.v:30$44_DATA[31:0]$55 [27], Q = \data[8] [27]).
Adding EN signal on $memory\data[8]$969 ($dff) from module icache_dm (D = $0$memwr$\data$icache_dm.v:30$44_DATA[31:0]$55 [28], Q = \data[8] [28]).
Adding EN signal on $memory\data[8]$969 ($dff) from module icache_dm (D = $0$memwr$\data$icache_dm.v:30$44_DATA[31:0]$55 [29], Q = \data[8] [29]).
Adding EN signal on $memory\data[8]$969 ($dff) from module icache_dm (D = $0$memwr$\data$icache_dm.v:30$44_DATA[31:0]$55 [30], Q = \data[8] [30]).
Adding EN signal on $memory\data[8]$969 ($dff) from module icache_dm (D = $0$memwr$\data$icache_dm.v:30$44_DATA[31:0]$55 [31], Q = \data[8] [31]).
Adding EN signal on $memory\data[9]$971 ($dff) from module icache_dm (D = $0$memwr$\data$icache_dm.v:30$44_DATA[31:0]$55 [0], Q = \data[9] [0]).
Adding EN signal on $memory\data[9]$971 ($dff) from module icache_dm (D = $0$memwr$\data$icache_dm.v:30$44_DATA[31:0]$55 [1], Q = \data[9] [1]).
Adding EN signal on $memory\data[9]$971 ($dff) from module icache_dm (D = $0$memwr$\data$icache_dm.v:30$44_DATA[31:0]$55 [2], Q = \data[9] [2]).
Adding EN signal on $memory\data[9]$971 ($dff) from module icache_dm (D = $0$memwr$\data$icache_dm.v:30$44_DATA[31:0]$55 [3], Q = \data[9] [3]).
Adding EN signal on $memory\data[9]$971 ($dff) from module icache_dm (D = $0$memwr$\data$icache_dm.v:30$44_DATA[31:0]$55 [4], Q = \data[9] [4]).
Adding EN signal on $memory\data[9]$971 ($dff) from module icache_dm (D = $0$memwr$\data$icache_dm.v:30$44_DATA[31:0]$55 [5], Q = \data[9] [5]).
Adding EN signal on $memory\data[9]$971 ($dff) from module icache_dm (D = $0$memwr$\data$icache_dm.v:30$44_DATA[31:0]$55 [6], Q = \data[9] [6]).
Adding EN signal on $memory\data[9]$971 ($dff) from module icache_dm (D = $0$memwr$\data$icache_dm.v:30$44_DATA[31:0]$55 [7], Q = \data[9] [7]).
Adding EN signal on $memory\data[9]$971 ($dff) from module icache_dm (D = $0$memwr$\data$icache_dm.v:30$44_DATA[31:0]$55 [8], Q = \data[9] [8]).
Adding EN signal on $memory\data[9]$971 ($dff) from module icache_dm (D = $0$memwr$\data$icache_dm.v:30$44_DATA[31:0]$55 [9], Q = \data[9] [9]).
Adding EN signal on $memory\data[9]$971 ($dff) from module icache_dm (D = $0$memwr$\data$icache_dm.v:30$44_DATA[31:0]$55 [10], Q = \data[9] [10]).
Adding EN signal on $memory\data[9]$971 ($dff) from module icache_dm (D = $0$memwr$\data$icache_dm.v:30$44_DATA[31:0]$55 [11], Q = \data[9] [11]).
Adding EN signal on $memory\data[9]$971 ($dff) from module icache_dm (D = $0$memwr$\data$icache_dm.v:30$44_DATA[31:0]$55 [12], Q = \data[9] [12]).
Adding EN signal on $memory\data[9]$971 ($dff) from module icache_dm (D = $0$memwr$\data$icache_dm.v:30$44_DATA[31:0]$55 [13], Q = \data[9] [13]).
Adding EN signal on $memory\data[9]$971 ($dff) from module icache_dm (D = $0$memwr$\data$icache_dm.v:30$44_DATA[31:0]$55 [14], Q = \data[9] [14]).
Adding EN signal on $memory\data[9]$971 ($dff) from module icache_dm (D = $0$memwr$\data$icache_dm.v:30$44_DATA[31:0]$55 [15], Q = \data[9] [15]).
Adding EN signal on $memory\data[9]$971 ($dff) from module icache_dm (D = $0$memwr$\data$icache_dm.v:30$44_DATA[31:0]$55 [16], Q = \data[9] [16]).
Adding EN signal on $memory\data[9]$971 ($dff) from module icache_dm (D = $0$memwr$\data$icache_dm.v:30$44_DATA[31:0]$55 [17], Q = \data[9] [17]).
Adding EN signal on $memory\data[9]$971 ($dff) from module icache_dm (D = $0$memwr$\data$icache_dm.v:30$44_DATA[31:0]$55 [18], Q = \data[9] [18]).
Adding EN signal on $memory\data[9]$971 ($dff) from module icache_dm (D = $0$memwr$\data$icache_dm.v:30$44_DATA[31:0]$55 [19], Q = \data[9] [19]).
Adding EN signal on $memory\data[9]$971 ($dff) from module icache_dm (D = $0$memwr$\data$icache_dm.v:30$44_DATA[31:0]$55 [20], Q = \data[9] [20]).
Adding EN signal on $memory\data[9]$971 ($dff) from module icache_dm (D = $0$memwr$\data$icache_dm.v:30$44_DATA[31:0]$55 [21], Q = \data[9] [21]).
Adding EN signal on $memory\data[9]$971 ($dff) from module icache_dm (D = $0$memwr$\data$icache_dm.v:30$44_DATA[31:0]$55 [22], Q = \data[9] [22]).
Adding EN signal on $memory\data[9]$971 ($dff) from module icache_dm (D = $0$memwr$\data$icache_dm.v:30$44_DATA[31:0]$55 [23], Q = \data[9] [23]).
Adding EN signal on $memory\data[9]$971 ($dff) from module icache_dm (D = $0$memwr$\data$icache_dm.v:30$44_DATA[31:0]$55 [24], Q = \data[9] [24]).
Adding EN signal on $memory\data[9]$971 ($dff) from module icache_dm (D = $0$memwr$\data$icache_dm.v:30$44_DATA[31:0]$55 [25], Q = \data[9] [25]).
Adding EN signal on $memory\data[9]$971 ($dff) from module icache_dm (D = $0$memwr$\data$icache_dm.v:30$44_DATA[31:0]$55 [26], Q = \data[9] [26]).
Adding EN signal on $memory\data[9]$971 ($dff) from module icache_dm (D = $0$memwr$\data$icache_dm.v:30$44_DATA[31:0]$55 [27], Q = \data[9] [27]).
Adding EN signal on $memory\data[9]$971 ($dff) from module icache_dm (D = $0$memwr$\data$icache_dm.v:30$44_DATA[31:0]$55 [28], Q = \data[9] [28]).
Adding EN signal on $memory\data[9]$971 ($dff) from module icache_dm (D = $0$memwr$\data$icache_dm.v:30$44_DATA[31:0]$55 [29], Q = \data[9] [29]).
Adding EN signal on $memory\data[9]$971 ($dff) from module icache_dm (D = $0$memwr$\data$icache_dm.v:30$44_DATA[31:0]$55 [30], Q = \data[9] [30]).
Adding EN signal on $memory\data[9]$971 ($dff) from module icache_dm (D = $0$memwr$\data$icache_dm.v:30$44_DATA[31:0]$55 [31], Q = \data[9] [31]).
Adding EN signal on $memory\data[10]$973 ($dff) from module icache_dm (D = $0$memwr$\data$icache_dm.v:30$44_DATA[31:0]$55 [0], Q = \data[10] [0]).
Adding EN signal on $memory\data[10]$973 ($dff) from module icache_dm (D = $0$memwr$\data$icache_dm.v:30$44_DATA[31:0]$55 [1], Q = \data[10] [1]).
Adding EN signal on $memory\data[10]$973 ($dff) from module icache_dm (D = $0$memwr$\data$icache_dm.v:30$44_DATA[31:0]$55 [2], Q = \data[10] [2]).
Adding EN signal on $memory\data[10]$973 ($dff) from module icache_dm (D = $0$memwr$\data$icache_dm.v:30$44_DATA[31:0]$55 [3], Q = \data[10] [3]).
Adding EN signal on $memory\data[10]$973 ($dff) from module icache_dm (D = $0$memwr$\data$icache_dm.v:30$44_DATA[31:0]$55 [4], Q = \data[10] [4]).
Adding EN signal on $memory\data[10]$973 ($dff) from module icache_dm (D = $0$memwr$\data$icache_dm.v:30$44_DATA[31:0]$55 [5], Q = \data[10] [5]).
Adding EN signal on $memory\data[10]$973 ($dff) from module icache_dm (D = $0$memwr$\data$icache_dm.v:30$44_DATA[31:0]$55 [6], Q = \data[10] [6]).
Adding EN signal on $memory\data[10]$973 ($dff) from module icache_dm (D = $0$memwr$\data$icache_dm.v:30$44_DATA[31:0]$55 [7], Q = \data[10] [7]).
Adding EN signal on $memory\data[10]$973 ($dff) from module icache_dm (D = $0$memwr$\data$icache_dm.v:30$44_DATA[31:0]$55 [8], Q = \data[10] [8]).
Adding EN signal on $memory\data[10]$973 ($dff) from module icache_dm (D = $0$memwr$\data$icache_dm.v:30$44_DATA[31:0]$55 [9], Q = \data[10] [9]).
Adding EN signal on $memory\data[10]$973 ($dff) from module icache_dm (D = $0$memwr$\data$icache_dm.v:30$44_DATA[31:0]$55 [10], Q = \data[10] [10]).
Adding EN signal on $memory\data[10]$973 ($dff) from module icache_dm (D = $0$memwr$\data$icache_dm.v:30$44_DATA[31:0]$55 [11], Q = \data[10] [11]).
Adding EN signal on $memory\data[10]$973 ($dff) from module icache_dm (D = $0$memwr$\data$icache_dm.v:30$44_DATA[31:0]$55 [12], Q = \data[10] [12]).
Adding EN signal on $memory\data[10]$973 ($dff) from module icache_dm (D = $0$memwr$\data$icache_dm.v:30$44_DATA[31:0]$55 [13], Q = \data[10] [13]).
Adding EN signal on $memory\data[10]$973 ($dff) from module icache_dm (D = $0$memwr$\data$icache_dm.v:30$44_DATA[31:0]$55 [14], Q = \data[10] [14]).
Adding EN signal on $memory\data[10]$973 ($dff) from module icache_dm (D = $0$memwr$\data$icache_dm.v:30$44_DATA[31:0]$55 [15], Q = \data[10] [15]).
Adding EN signal on $memory\data[10]$973 ($dff) from module icache_dm (D = $0$memwr$\data$icache_dm.v:30$44_DATA[31:0]$55 [16], Q = \data[10] [16]).
Adding EN signal on $memory\data[10]$973 ($dff) from module icache_dm (D = $0$memwr$\data$icache_dm.v:30$44_DATA[31:0]$55 [17], Q = \data[10] [17]).
Adding EN signal on $memory\data[10]$973 ($dff) from module icache_dm (D = $0$memwr$\data$icache_dm.v:30$44_DATA[31:0]$55 [18], Q = \data[10] [18]).
Adding EN signal on $memory\data[10]$973 ($dff) from module icache_dm (D = $0$memwr$\data$icache_dm.v:30$44_DATA[31:0]$55 [19], Q = \data[10] [19]).
Adding EN signal on $memory\data[10]$973 ($dff) from module icache_dm (D = $0$memwr$\data$icache_dm.v:30$44_DATA[31:0]$55 [20], Q = \data[10] [20]).
Adding EN signal on $memory\data[10]$973 ($dff) from module icache_dm (D = $0$memwr$\data$icache_dm.v:30$44_DATA[31:0]$55 [21], Q = \data[10] [21]).
Adding EN signal on $memory\data[10]$973 ($dff) from module icache_dm (D = $0$memwr$\data$icache_dm.v:30$44_DATA[31:0]$55 [22], Q = \data[10] [22]).
Adding EN signal on $memory\data[10]$973 ($dff) from module icache_dm (D = $0$memwr$\data$icache_dm.v:30$44_DATA[31:0]$55 [23], Q = \data[10] [23]).
Adding EN signal on $memory\data[10]$973 ($dff) from module icache_dm (D = $0$memwr$\data$icache_dm.v:30$44_DATA[31:0]$55 [24], Q = \data[10] [24]).
Adding EN signal on $memory\data[10]$973 ($dff) from module icache_dm (D = $0$memwr$\data$icache_dm.v:30$44_DATA[31:0]$55 [25], Q = \data[10] [25]).
Adding EN signal on $memory\data[10]$973 ($dff) from module icache_dm (D = $0$memwr$\data$icache_dm.v:30$44_DATA[31:0]$55 [26], Q = \data[10] [26]).
Adding EN signal on $memory\data[10]$973 ($dff) from module icache_dm (D = $0$memwr$\data$icache_dm.v:30$44_DATA[31:0]$55 [27], Q = \data[10] [27]).
Adding EN signal on $memory\data[10]$973 ($dff) from module icache_dm (D = $0$memwr$\data$icache_dm.v:30$44_DATA[31:0]$55 [28], Q = \data[10] [28]).
Adding EN signal on $memory\data[10]$973 ($dff) from module icache_dm (D = $0$memwr$\data$icache_dm.v:30$44_DATA[31:0]$55 [29], Q = \data[10] [29]).
Adding EN signal on $memory\data[10]$973 ($dff) from module icache_dm (D = $0$memwr$\data$icache_dm.v:30$44_DATA[31:0]$55 [30], Q = \data[10] [30]).
Adding EN signal on $memory\data[10]$973 ($dff) from module icache_dm (D = $0$memwr$\data$icache_dm.v:30$44_DATA[31:0]$55 [31], Q = \data[10] [31]).
Adding EN signal on $memory\data[11]$975 ($dff) from module icache_dm (D = $0$memwr$\data$icache_dm.v:30$44_DATA[31:0]$55 [0], Q = \data[11] [0]).
Adding EN signal on $memory\data[11]$975 ($dff) from module icache_dm (D = $0$memwr$\data$icache_dm.v:30$44_DATA[31:0]$55 [1], Q = \data[11] [1]).
Adding EN signal on $memory\data[11]$975 ($dff) from module icache_dm (D = $0$memwr$\data$icache_dm.v:30$44_DATA[31:0]$55 [2], Q = \data[11] [2]).
Adding EN signal on $memory\data[11]$975 ($dff) from module icache_dm (D = $0$memwr$\data$icache_dm.v:30$44_DATA[31:0]$55 [3], Q = \data[11] [3]).
Adding EN signal on $memory\data[11]$975 ($dff) from module icache_dm (D = $0$memwr$\data$icache_dm.v:30$44_DATA[31:0]$55 [4], Q = \data[11] [4]).
Adding EN signal on $memory\data[11]$975 ($dff) from module icache_dm (D = $0$memwr$\data$icache_dm.v:30$44_DATA[31:0]$55 [5], Q = \data[11] [5]).
Adding EN signal on $memory\data[11]$975 ($dff) from module icache_dm (D = $0$memwr$\data$icache_dm.v:30$44_DATA[31:0]$55 [6], Q = \data[11] [6]).
Adding EN signal on $memory\data[11]$975 ($dff) from module icache_dm (D = $0$memwr$\data$icache_dm.v:30$44_DATA[31:0]$55 [7], Q = \data[11] [7]).
Adding EN signal on $memory\data[11]$975 ($dff) from module icache_dm (D = $0$memwr$\data$icache_dm.v:30$44_DATA[31:0]$55 [8], Q = \data[11] [8]).
Adding EN signal on $memory\data[11]$975 ($dff) from module icache_dm (D = $0$memwr$\data$icache_dm.v:30$44_DATA[31:0]$55 [9], Q = \data[11] [9]).
Adding EN signal on $memory\data[11]$975 ($dff) from module icache_dm (D = $0$memwr$\data$icache_dm.v:30$44_DATA[31:0]$55 [10], Q = \data[11] [10]).
Adding EN signal on $memory\data[11]$975 ($dff) from module icache_dm (D = $0$memwr$\data$icache_dm.v:30$44_DATA[31:0]$55 [11], Q = \data[11] [11]).
Adding EN signal on $memory\data[11]$975 ($dff) from module icache_dm (D = $0$memwr$\data$icache_dm.v:30$44_DATA[31:0]$55 [12], Q = \data[11] [12]).
Adding EN signal on $memory\data[11]$975 ($dff) from module icache_dm (D = $0$memwr$\data$icache_dm.v:30$44_DATA[31:0]$55 [13], Q = \data[11] [13]).
Adding EN signal on $memory\data[11]$975 ($dff) from module icache_dm (D = $0$memwr$\data$icache_dm.v:30$44_DATA[31:0]$55 [14], Q = \data[11] [14]).
Adding EN signal on $memory\data[11]$975 ($dff) from module icache_dm (D = $0$memwr$\data$icache_dm.v:30$44_DATA[31:0]$55 [15], Q = \data[11] [15]).
Adding EN signal on $memory\data[11]$975 ($dff) from module icache_dm (D = $0$memwr$\data$icache_dm.v:30$44_DATA[31:0]$55 [16], Q = \data[11] [16]).
Adding EN signal on $memory\data[11]$975 ($dff) from module icache_dm (D = $0$memwr$\data$icache_dm.v:30$44_DATA[31:0]$55 [17], Q = \data[11] [17]).
Adding EN signal on $memory\data[11]$975 ($dff) from module icache_dm (D = $0$memwr$\data$icache_dm.v:30$44_DATA[31:0]$55 [18], Q = \data[11] [18]).
Adding EN signal on $memory\data[11]$975 ($dff) from module icache_dm (D = $0$memwr$\data$icache_dm.v:30$44_DATA[31:0]$55 [19], Q = \data[11] [19]).
Adding EN signal on $memory\data[11]$975 ($dff) from module icache_dm (D = $0$memwr$\data$icache_dm.v:30$44_DATA[31:0]$55 [20], Q = \data[11] [20]).
Adding EN signal on $memory\data[11]$975 ($dff) from module icache_dm (D = $0$memwr$\data$icache_dm.v:30$44_DATA[31:0]$55 [21], Q = \data[11] [21]).
Adding EN signal on $memory\data[11]$975 ($dff) from module icache_dm (D = $0$memwr$\data$icache_dm.v:30$44_DATA[31:0]$55 [22], Q = \data[11] [22]).
Adding EN signal on $memory\data[11]$975 ($dff) from module icache_dm (D = $0$memwr$\data$icache_dm.v:30$44_DATA[31:0]$55 [23], Q = \data[11] [23]).
Adding EN signal on $memory\data[11]$975 ($dff) from module icache_dm (D = $0$memwr$\data$icache_dm.v:30$44_DATA[31:0]$55 [24], Q = \data[11] [24]).
Adding EN signal on $memory\data[11]$975 ($dff) from module icache_dm (D = $0$memwr$\data$icache_dm.v:30$44_DATA[31:0]$55 [25], Q = \data[11] [25]).
Adding EN signal on $memory\data[11]$975 ($dff) from module icache_dm (D = $0$memwr$\data$icache_dm.v:30$44_DATA[31:0]$55 [26], Q = \data[11] [26]).
Adding EN signal on $memory\data[11]$975 ($dff) from module icache_dm (D = $0$memwr$\data$icache_dm.v:30$44_DATA[31:0]$55 [27], Q = \data[11] [27]).
Adding EN signal on $memory\data[11]$975 ($dff) from module icache_dm (D = $0$memwr$\data$icache_dm.v:30$44_DATA[31:0]$55 [28], Q = \data[11] [28]).
Adding EN signal on $memory\data[11]$975 ($dff) from module icache_dm (D = $0$memwr$\data$icache_dm.v:30$44_DATA[31:0]$55 [29], Q = \data[11] [29]).
Adding EN signal on $memory\data[11]$975 ($dff) from module icache_dm (D = $0$memwr$\data$icache_dm.v:30$44_DATA[31:0]$55 [30], Q = \data[11] [30]).
Adding EN signal on $memory\data[11]$975 ($dff) from module icache_dm (D = $0$memwr$\data$icache_dm.v:30$44_DATA[31:0]$55 [31], Q = \data[11] [31]).
Adding EN signal on $memory\data[12]$977 ($dff) from module icache_dm (D = $0$memwr$\data$icache_dm.v:30$44_DATA[31:0]$55 [0], Q = \data[12] [0]).
Adding EN signal on $memory\data[12]$977 ($dff) from module icache_dm (D = $0$memwr$\data$icache_dm.v:30$44_DATA[31:0]$55 [1], Q = \data[12] [1]).
Adding EN signal on $memory\data[12]$977 ($dff) from module icache_dm (D = $0$memwr$\data$icache_dm.v:30$44_DATA[31:0]$55 [2], Q = \data[12] [2]).
Adding EN signal on $memory\data[12]$977 ($dff) from module icache_dm (D = $0$memwr$\data$icache_dm.v:30$44_DATA[31:0]$55 [3], Q = \data[12] [3]).
Adding EN signal on $memory\data[12]$977 ($dff) from module icache_dm (D = $0$memwr$\data$icache_dm.v:30$44_DATA[31:0]$55 [4], Q = \data[12] [4]).
Adding EN signal on $memory\data[12]$977 ($dff) from module icache_dm (D = $0$memwr$\data$icache_dm.v:30$44_DATA[31:0]$55 [5], Q = \data[12] [5]).
Adding EN signal on $memory\data[12]$977 ($dff) from module icache_dm (D = $0$memwr$\data$icache_dm.v:30$44_DATA[31:0]$55 [6], Q = \data[12] [6]).
Adding EN signal on $memory\data[12]$977 ($dff) from module icache_dm (D = $0$memwr$\data$icache_dm.v:30$44_DATA[31:0]$55 [7], Q = \data[12] [7]).
Adding EN signal on $memory\data[12]$977 ($dff) from module icache_dm (D = $0$memwr$\data$icache_dm.v:30$44_DATA[31:0]$55 [8], Q = \data[12] [8]).
Adding EN signal on $memory\data[12]$977 ($dff) from module icache_dm (D = $0$memwr$\data$icache_dm.v:30$44_DATA[31:0]$55 [9], Q = \data[12] [9]).
Adding EN signal on $memory\data[12]$977 ($dff) from module icache_dm (D = $0$memwr$\data$icache_dm.v:30$44_DATA[31:0]$55 [10], Q = \data[12] [10]).
Adding EN signal on $memory\data[12]$977 ($dff) from module icache_dm (D = $0$memwr$\data$icache_dm.v:30$44_DATA[31:0]$55 [11], Q = \data[12] [11]).
Adding EN signal on $memory\data[12]$977 ($dff) from module icache_dm (D = $0$memwr$\data$icache_dm.v:30$44_DATA[31:0]$55 [12], Q = \data[12] [12]).
Adding EN signal on $memory\data[12]$977 ($dff) from module icache_dm (D = $0$memwr$\data$icache_dm.v:30$44_DATA[31:0]$55 [13], Q = \data[12] [13]).
Adding EN signal on $memory\data[12]$977 ($dff) from module icache_dm (D = $0$memwr$\data$icache_dm.v:30$44_DATA[31:0]$55 [14], Q = \data[12] [14]).
Adding EN signal on $memory\data[12]$977 ($dff) from module icache_dm (D = $0$memwr$\data$icache_dm.v:30$44_DATA[31:0]$55 [15], Q = \data[12] [15]).
Adding EN signal on $memory\data[12]$977 ($dff) from module icache_dm (D = $0$memwr$\data$icache_dm.v:30$44_DATA[31:0]$55 [16], Q = \data[12] [16]).
Adding EN signal on $memory\data[12]$977 ($dff) from module icache_dm (D = $0$memwr$\data$icache_dm.v:30$44_DATA[31:0]$55 [17], Q = \data[12] [17]).
Adding EN signal on $memory\data[12]$977 ($dff) from module icache_dm (D = $0$memwr$\data$icache_dm.v:30$44_DATA[31:0]$55 [18], Q = \data[12] [18]).
Adding EN signal on $memory\data[12]$977 ($dff) from module icache_dm (D = $0$memwr$\data$icache_dm.v:30$44_DATA[31:0]$55 [19], Q = \data[12] [19]).
Adding EN signal on $memory\data[12]$977 ($dff) from module icache_dm (D = $0$memwr$\data$icache_dm.v:30$44_DATA[31:0]$55 [20], Q = \data[12] [20]).
Adding EN signal on $memory\data[12]$977 ($dff) from module icache_dm (D = $0$memwr$\data$icache_dm.v:30$44_DATA[31:0]$55 [21], Q = \data[12] [21]).
Adding EN signal on $memory\data[12]$977 ($dff) from module icache_dm (D = $0$memwr$\data$icache_dm.v:30$44_DATA[31:0]$55 [22], Q = \data[12] [22]).
Adding EN signal on $memory\data[12]$977 ($dff) from module icache_dm (D = $0$memwr$\data$icache_dm.v:30$44_DATA[31:0]$55 [23], Q = \data[12] [23]).
Adding EN signal on $memory\data[12]$977 ($dff) from module icache_dm (D = $0$memwr$\data$icache_dm.v:30$44_DATA[31:0]$55 [24], Q = \data[12] [24]).
Adding EN signal on $memory\data[12]$977 ($dff) from module icache_dm (D = $0$memwr$\data$icache_dm.v:30$44_DATA[31:0]$55 [25], Q = \data[12] [25]).
Adding EN signal on $memory\data[12]$977 ($dff) from module icache_dm (D = $0$memwr$\data$icache_dm.v:30$44_DATA[31:0]$55 [26], Q = \data[12] [26]).
Adding EN signal on $memory\data[12]$977 ($dff) from module icache_dm (D = $0$memwr$\data$icache_dm.v:30$44_DATA[31:0]$55 [27], Q = \data[12] [27]).
Adding EN signal on $memory\data[12]$977 ($dff) from module icache_dm (D = $0$memwr$\data$icache_dm.v:30$44_DATA[31:0]$55 [28], Q = \data[12] [28]).
Adding EN signal on $memory\data[12]$977 ($dff) from module icache_dm (D = $0$memwr$\data$icache_dm.v:30$44_DATA[31:0]$55 [29], Q = \data[12] [29]).
Adding EN signal on $memory\data[12]$977 ($dff) from module icache_dm (D = $0$memwr$\data$icache_dm.v:30$44_DATA[31:0]$55 [30], Q = \data[12] [30]).
Adding EN signal on $memory\data[12]$977 ($dff) from module icache_dm (D = $0$memwr$\data$icache_dm.v:30$44_DATA[31:0]$55 [31], Q = \data[12] [31]).
Adding EN signal on $memory\data[13]$979 ($dff) from module icache_dm (D = $0$memwr$\data$icache_dm.v:30$44_DATA[31:0]$55 [0], Q = \data[13] [0]).
Adding EN signal on $memory\data[13]$979 ($dff) from module icache_dm (D = $0$memwr$\data$icache_dm.v:30$44_DATA[31:0]$55 [1], Q = \data[13] [1]).
Adding EN signal on $memory\data[13]$979 ($dff) from module icache_dm (D = $0$memwr$\data$icache_dm.v:30$44_DATA[31:0]$55 [2], Q = \data[13] [2]).
Adding EN signal on $memory\data[13]$979 ($dff) from module icache_dm (D = $0$memwr$\data$icache_dm.v:30$44_DATA[31:0]$55 [3], Q = \data[13] [3]).
Adding EN signal on $memory\data[13]$979 ($dff) from module icache_dm (D = $0$memwr$\data$icache_dm.v:30$44_DATA[31:0]$55 [4], Q = \data[13] [4]).
Adding EN signal on $memory\data[13]$979 ($dff) from module icache_dm (D = $0$memwr$\data$icache_dm.v:30$44_DATA[31:0]$55 [5], Q = \data[13] [5]).
Adding EN signal on $memory\data[13]$979 ($dff) from module icache_dm (D = $0$memwr$\data$icache_dm.v:30$44_DATA[31:0]$55 [6], Q = \data[13] [6]).
Adding EN signal on $memory\data[13]$979 ($dff) from module icache_dm (D = $0$memwr$\data$icache_dm.v:30$44_DATA[31:0]$55 [7], Q = \data[13] [7]).
Adding EN signal on $memory\data[13]$979 ($dff) from module icache_dm (D = $0$memwr$\data$icache_dm.v:30$44_DATA[31:0]$55 [8], Q = \data[13] [8]).
Adding EN signal on $memory\data[13]$979 ($dff) from module icache_dm (D = $0$memwr$\data$icache_dm.v:30$44_DATA[31:0]$55 [9], Q = \data[13] [9]).
Adding EN signal on $memory\data[13]$979 ($dff) from module icache_dm (D = $0$memwr$\data$icache_dm.v:30$44_DATA[31:0]$55 [10], Q = \data[13] [10]).
Adding EN signal on $memory\data[13]$979 ($dff) from module icache_dm (D = $0$memwr$\data$icache_dm.v:30$44_DATA[31:0]$55 [11], Q = \data[13] [11]).
Adding EN signal on $memory\data[13]$979 ($dff) from module icache_dm (D = $0$memwr$\data$icache_dm.v:30$44_DATA[31:0]$55 [12], Q = \data[13] [12]).
Adding EN signal on $memory\data[13]$979 ($dff) from module icache_dm (D = $0$memwr$\data$icache_dm.v:30$44_DATA[31:0]$55 [13], Q = \data[13] [13]).
Adding EN signal on $memory\data[13]$979 ($dff) from module icache_dm (D = $0$memwr$\data$icache_dm.v:30$44_DATA[31:0]$55 [14], Q = \data[13] [14]).
Adding EN signal on $memory\data[13]$979 ($dff) from module icache_dm (D = $0$memwr$\data$icache_dm.v:30$44_DATA[31:0]$55 [15], Q = \data[13] [15]).
Adding EN signal on $memory\data[13]$979 ($dff) from module icache_dm (D = $0$memwr$\data$icache_dm.v:30$44_DATA[31:0]$55 [16], Q = \data[13] [16]).
Adding EN signal on $memory\data[13]$979 ($dff) from module icache_dm (D = $0$memwr$\data$icache_dm.v:30$44_DATA[31:0]$55 [17], Q = \data[13] [17]).
Adding EN signal on $memory\data[13]$979 ($dff) from module icache_dm (D = $0$memwr$\data$icache_dm.v:30$44_DATA[31:0]$55 [18], Q = \data[13] [18]).
Adding EN signal on $memory\data[13]$979 ($dff) from module icache_dm (D = $0$memwr$\data$icache_dm.v:30$44_DATA[31:0]$55 [19], Q = \data[13] [19]).
Adding EN signal on $memory\data[13]$979 ($dff) from module icache_dm (D = $0$memwr$\data$icache_dm.v:30$44_DATA[31:0]$55 [20], Q = \data[13] [20]).
Adding EN signal on $memory\data[13]$979 ($dff) from module icache_dm (D = $0$memwr$\data$icache_dm.v:30$44_DATA[31:0]$55 [21], Q = \data[13] [21]).
Adding EN signal on $memory\data[13]$979 ($dff) from module icache_dm (D = $0$memwr$\data$icache_dm.v:30$44_DATA[31:0]$55 [22], Q = \data[13] [22]).
Adding EN signal on $memory\data[13]$979 ($dff) from module icache_dm (D = $0$memwr$\data$icache_dm.v:30$44_DATA[31:0]$55 [23], Q = \data[13] [23]).
Adding EN signal on $memory\data[13]$979 ($dff) from module icache_dm (D = $0$memwr$\data$icache_dm.v:30$44_DATA[31:0]$55 [24], Q = \data[13] [24]).
Adding EN signal on $memory\data[13]$979 ($dff) from module icache_dm (D = $0$memwr$\data$icache_dm.v:30$44_DATA[31:0]$55 [25], Q = \data[13] [25]).
Adding EN signal on $memory\data[13]$979 ($dff) from module icache_dm (D = $0$memwr$\data$icache_dm.v:30$44_DATA[31:0]$55 [26], Q = \data[13] [26]).
Adding EN signal on $memory\data[13]$979 ($dff) from module icache_dm (D = $0$memwr$\data$icache_dm.v:30$44_DATA[31:0]$55 [27], Q = \data[13] [27]).
Adding EN signal on $memory\data[13]$979 ($dff) from module icache_dm (D = $0$memwr$\data$icache_dm.v:30$44_DATA[31:0]$55 [28], Q = \data[13] [28]).
Adding EN signal on $memory\data[13]$979 ($dff) from module icache_dm (D = $0$memwr$\data$icache_dm.v:30$44_DATA[31:0]$55 [29], Q = \data[13] [29]).
Adding EN signal on $memory\data[13]$979 ($dff) from module icache_dm (D = $0$memwr$\data$icache_dm.v:30$44_DATA[31:0]$55 [30], Q = \data[13] [30]).
Adding EN signal on $memory\data[13]$979 ($dff) from module icache_dm (D = $0$memwr$\data$icache_dm.v:30$44_DATA[31:0]$55 [31], Q = \data[13] [31]).
Adding EN signal on $memory\data[14]$981 ($dff) from module icache_dm (D = $0$memwr$\data$icache_dm.v:30$44_DATA[31:0]$55 [0], Q = \data[14] [0]).
Adding EN signal on $memory\data[14]$981 ($dff) from module icache_dm (D = $0$memwr$\data$icache_dm.v:30$44_DATA[31:0]$55 [1], Q = \data[14] [1]).
Adding EN signal on $memory\data[14]$981 ($dff) from module icache_dm (D = $0$memwr$\data$icache_dm.v:30$44_DATA[31:0]$55 [2], Q = \data[14] [2]).
Adding EN signal on $memory\data[14]$981 ($dff) from module icache_dm (D = $0$memwr$\data$icache_dm.v:30$44_DATA[31:0]$55 [3], Q = \data[14] [3]).
Adding EN signal on $memory\data[14]$981 ($dff) from module icache_dm (D = $0$memwr$\data$icache_dm.v:30$44_DATA[31:0]$55 [4], Q = \data[14] [4]).
Adding EN signal on $memory\data[14]$981 ($dff) from module icache_dm (D = $0$memwr$\data$icache_dm.v:30$44_DATA[31:0]$55 [5], Q = \data[14] [5]).
Adding EN signal on $memory\data[14]$981 ($dff) from module icache_dm (D = $0$memwr$\data$icache_dm.v:30$44_DATA[31:0]$55 [6], Q = \data[14] [6]).
Adding EN signal on $memory\data[14]$981 ($dff) from module icache_dm (D = $0$memwr$\data$icache_dm.v:30$44_DATA[31:0]$55 [7], Q = \data[14] [7]).
Adding EN signal on $memory\data[14]$981 ($dff) from module icache_dm (D = $0$memwr$\data$icache_dm.v:30$44_DATA[31:0]$55 [8], Q = \data[14] [8]).
Adding EN signal on $memory\data[14]$981 ($dff) from module icache_dm (D = $0$memwr$\data$icache_dm.v:30$44_DATA[31:0]$55 [9], Q = \data[14] [9]).
Adding EN signal on $memory\data[14]$981 ($dff) from module icache_dm (D = $0$memwr$\data$icache_dm.v:30$44_DATA[31:0]$55 [10], Q = \data[14] [10]).
Adding EN signal on $memory\data[14]$981 ($dff) from module icache_dm (D = $0$memwr$\data$icache_dm.v:30$44_DATA[31:0]$55 [11], Q = \data[14] [11]).
Adding EN signal on $memory\data[14]$981 ($dff) from module icache_dm (D = $0$memwr$\data$icache_dm.v:30$44_DATA[31:0]$55 [12], Q = \data[14] [12]).
Adding EN signal on $memory\data[14]$981 ($dff) from module icache_dm (D = $0$memwr$\data$icache_dm.v:30$44_DATA[31:0]$55 [13], Q = \data[14] [13]).
Adding EN signal on $memory\data[14]$981 ($dff) from module icache_dm (D = $0$memwr$\data$icache_dm.v:30$44_DATA[31:0]$55 [14], Q = \data[14] [14]).
Adding EN signal on $memory\data[14]$981 ($dff) from module icache_dm (D = $0$memwr$\data$icache_dm.v:30$44_DATA[31:0]$55 [15], Q = \data[14] [15]).
Adding EN signal on $memory\data[14]$981 ($dff) from module icache_dm (D = $0$memwr$\data$icache_dm.v:30$44_DATA[31:0]$55 [16], Q = \data[14] [16]).
Adding EN signal on $memory\data[14]$981 ($dff) from module icache_dm (D = $0$memwr$\data$icache_dm.v:30$44_DATA[31:0]$55 [17], Q = \data[14] [17]).
Adding EN signal on $memory\data[14]$981 ($dff) from module icache_dm (D = $0$memwr$\data$icache_dm.v:30$44_DATA[31:0]$55 [18], Q = \data[14] [18]).
Adding EN signal on $memory\data[14]$981 ($dff) from module icache_dm (D = $0$memwr$\data$icache_dm.v:30$44_DATA[31:0]$55 [19], Q = \data[14] [19]).
Adding EN signal on $memory\data[14]$981 ($dff) from module icache_dm (D = $0$memwr$\data$icache_dm.v:30$44_DATA[31:0]$55 [20], Q = \data[14] [20]).
Adding EN signal on $memory\data[14]$981 ($dff) from module icache_dm (D = $0$memwr$\data$icache_dm.v:30$44_DATA[31:0]$55 [21], Q = \data[14] [21]).
Adding EN signal on $memory\data[14]$981 ($dff) from module icache_dm (D = $0$memwr$\data$icache_dm.v:30$44_DATA[31:0]$55 [22], Q = \data[14] [22]).
Adding EN signal on $memory\data[14]$981 ($dff) from module icache_dm (D = $0$memwr$\data$icache_dm.v:30$44_DATA[31:0]$55 [23], Q = \data[14] [23]).
Adding EN signal on $memory\data[14]$981 ($dff) from module icache_dm (D = $0$memwr$\data$icache_dm.v:30$44_DATA[31:0]$55 [24], Q = \data[14] [24]).
Adding EN signal on $memory\data[14]$981 ($dff) from module icache_dm (D = $0$memwr$\data$icache_dm.v:30$44_DATA[31:0]$55 [25], Q = \data[14] [25]).
Adding EN signal on $memory\data[14]$981 ($dff) from module icache_dm (D = $0$memwr$\data$icache_dm.v:30$44_DATA[31:0]$55 [26], Q = \data[14] [26]).
Adding EN signal on $memory\data[14]$981 ($dff) from module icache_dm (D = $0$memwr$\data$icache_dm.v:30$44_DATA[31:0]$55 [27], Q = \data[14] [27]).
Adding EN signal on $memory\data[14]$981 ($dff) from module icache_dm (D = $0$memwr$\data$icache_dm.v:30$44_DATA[31:0]$55 [28], Q = \data[14] [28]).
Adding EN signal on $memory\data[14]$981 ($dff) from module icache_dm (D = $0$memwr$\data$icache_dm.v:30$44_DATA[31:0]$55 [29], Q = \data[14] [29]).
Adding EN signal on $memory\data[14]$981 ($dff) from module icache_dm (D = $0$memwr$\data$icache_dm.v:30$44_DATA[31:0]$55 [30], Q = \data[14] [30]).
Adding EN signal on $memory\data[14]$981 ($dff) from module icache_dm (D = $0$memwr$\data$icache_dm.v:30$44_DATA[31:0]$55 [31], Q = \data[14] [31]).
Adding EN signal on $memory\data[15]$983 ($dff) from module icache_dm (D = $0$memwr$\data$icache_dm.v:30$44_DATA[31:0]$55 [0], Q = \data[15] [0]).
Adding EN signal on $memory\data[15]$983 ($dff) from module icache_dm (D = $0$memwr$\data$icache_dm.v:30$44_DATA[31:0]$55 [1], Q = \data[15] [1]).
Adding EN signal on $memory\data[15]$983 ($dff) from module icache_dm (D = $0$memwr$\data$icache_dm.v:30$44_DATA[31:0]$55 [2], Q = \data[15] [2]).
Adding EN signal on $memory\data[15]$983 ($dff) from module icache_dm (D = $0$memwr$\data$icache_dm.v:30$44_DATA[31:0]$55 [3], Q = \data[15] [3]).
Adding EN signal on $memory\data[15]$983 ($dff) from module icache_dm (D = $0$memwr$\data$icache_dm.v:30$44_DATA[31:0]$55 [4], Q = \data[15] [4]).
Adding EN signal on $memory\data[15]$983 ($dff) from module icache_dm (D = $0$memwr$\data$icache_dm.v:30$44_DATA[31:0]$55 [5], Q = \data[15] [5]).
Adding EN signal on $memory\data[15]$983 ($dff) from module icache_dm (D = $0$memwr$\data$icache_dm.v:30$44_DATA[31:0]$55 [6], Q = \data[15] [6]).
Adding EN signal on $memory\data[15]$983 ($dff) from module icache_dm (D = $0$memwr$\data$icache_dm.v:30$44_DATA[31:0]$55 [7], Q = \data[15] [7]).
Adding EN signal on $memory\data[15]$983 ($dff) from module icache_dm (D = $0$memwr$\data$icache_dm.v:30$44_DATA[31:0]$55 [8], Q = \data[15] [8]).
Adding EN signal on $memory\data[15]$983 ($dff) from module icache_dm (D = $0$memwr$\data$icache_dm.v:30$44_DATA[31:0]$55 [9], Q = \data[15] [9]).
Adding EN signal on $memory\data[15]$983 ($dff) from module icache_dm (D = $0$memwr$\data$icache_dm.v:30$44_DATA[31:0]$55 [10], Q = \data[15] [10]).
Adding EN signal on $memory\data[15]$983 ($dff) from module icache_dm (D = $0$memwr$\data$icache_dm.v:30$44_DATA[31:0]$55 [11], Q = \data[15] [11]).
Adding EN signal on $memory\data[15]$983 ($dff) from module icache_dm (D = $0$memwr$\data$icache_dm.v:30$44_DATA[31:0]$55 [12], Q = \data[15] [12]).
Adding EN signal on $memory\data[15]$983 ($dff) from module icache_dm (D = $0$memwr$\data$icache_dm.v:30$44_DATA[31:0]$55 [13], Q = \data[15] [13]).
Adding EN signal on $memory\data[15]$983 ($dff) from module icache_dm (D = $0$memwr$\data$icache_dm.v:30$44_DATA[31:0]$55 [14], Q = \data[15] [14]).
Adding EN signal on $memory\data[15]$983 ($dff) from module icache_dm (D = $0$memwr$\data$icache_dm.v:30$44_DATA[31:0]$55 [15], Q = \data[15] [15]).
Adding EN signal on $memory\data[15]$983 ($dff) from module icache_dm (D = $0$memwr$\data$icache_dm.v:30$44_DATA[31:0]$55 [16], Q = \data[15] [16]).
Adding EN signal on $memory\data[15]$983 ($dff) from module icache_dm (D = $0$memwr$\data$icache_dm.v:30$44_DATA[31:0]$55 [17], Q = \data[15] [17]).
Adding EN signal on $memory\data[15]$983 ($dff) from module icache_dm (D = $0$memwr$\data$icache_dm.v:30$44_DATA[31:0]$55 [18], Q = \data[15] [18]).
Adding EN signal on $memory\data[15]$983 ($dff) from module icache_dm (D = $0$memwr$\data$icache_dm.v:30$44_DATA[31:0]$55 [19], Q = \data[15] [19]).
Adding EN signal on $memory\data[15]$983 ($dff) from module icache_dm (D = $0$memwr$\data$icache_dm.v:30$44_DATA[31:0]$55 [20], Q = \data[15] [20]).
Adding EN signal on $memory\data[15]$983 ($dff) from module icache_dm (D = $0$memwr$\data$icache_dm.v:30$44_DATA[31:0]$55 [21], Q = \data[15] [21]).
Adding EN signal on $memory\data[15]$983 ($dff) from module icache_dm (D = $0$memwr$\data$icache_dm.v:30$44_DATA[31:0]$55 [22], Q = \data[15] [22]).
Adding EN signal on $memory\data[15]$983 ($dff) from module icache_dm (D = $0$memwr$\data$icache_dm.v:30$44_DATA[31:0]$55 [23], Q = \data[15] [23]).
Adding EN signal on $memory\data[15]$983 ($dff) from module icache_dm (D = $0$memwr$\data$icache_dm.v:30$44_DATA[31:0]$55 [24], Q = \data[15] [24]).
Adding EN signal on $memory\data[15]$983 ($dff) from module icache_dm (D = $0$memwr$\data$icache_dm.v:30$44_DATA[31:0]$55 [25], Q = \data[15] [25]).
Adding EN signal on $memory\data[15]$983 ($dff) from module icache_dm (D = $0$memwr$\data$icache_dm.v:30$44_DATA[31:0]$55 [26], Q = \data[15] [26]).
Adding EN signal on $memory\data[15]$983 ($dff) from module icache_dm (D = $0$memwr$\data$icache_dm.v:30$44_DATA[31:0]$55 [27], Q = \data[15] [27]).
Adding EN signal on $memory\data[15]$983 ($dff) from module icache_dm (D = $0$memwr$\data$icache_dm.v:30$44_DATA[31:0]$55 [28], Q = \data[15] [28]).
Adding EN signal on $memory\data[15]$983 ($dff) from module icache_dm (D = $0$memwr$\data$icache_dm.v:30$44_DATA[31:0]$55 [29], Q = \data[15] [29]).
Adding EN signal on $memory\data[15]$983 ($dff) from module icache_dm (D = $0$memwr$\data$icache_dm.v:30$44_DATA[31:0]$55 [30], Q = \data[15] [30]).
Adding EN signal on $memory\data[15]$983 ($dff) from module icache_dm (D = $0$memwr$\data$icache_dm.v:30$44_DATA[31:0]$55 [31], Q = \data[15] [31]).

7.9. Executing OPT_CLEAN pass (remove unused cells and wires).
Finding unused cells or wires in module \icache_dm..
Removed 672 unused cells and 672 unused wires.
<suppressed ~673 debug messages>

7.10. Rerunning OPT passes. (Removed registers in this run.)

7.11. Executing OPT_EXPR pass (perform const folding).
Optimizing module icache_dm.

7.12. Executing OPT_MERGE pass (detect identical cells).
Finding identical cells in module `\icache_dm'.
Computing hashes of 1430 cells of `\icache_dm'.
Finding duplicate cells in `\icache_dm'.
Removed a total of 0 cells.

7.13. Executing OPT_DFF pass (perform DFF optimizations).

7.14. Executing OPT_CLEAN pass (remove unused cells and wires).
Finding unused cells or wires in module \icache_dm..

7.15. Finished fast OPT passes.

8. Executing TECHMAP pass (map to technology primitives).

8.1. Executing Verilog-2005 frontend: /home/moein/oss-cad-suite/lib/../share/yosys/techmap.v
Parsing Verilog input from `/home/moein/oss-cad-suite/lib/../share/yosys/techmap.v' to AST representation.
Generating RTLIL representation for module `\_90_simplemap_bool_ops'.
Generating RTLIL representation for module `\_90_simplemap_reduce_ops'.
Generating RTLIL representation for module `\_90_simplemap_logic_ops'.
Generating RTLIL representation for module `\_90_simplemap_compare_ops'.
Generating RTLIL representation for module `\_90_simplemap_various'.
Generating RTLIL representation for module `\_90_simplemap_registers'.
Generating RTLIL representation for module `\_90_shift_ops_shr_shl_sshl_sshr'.
Generating RTLIL representation for module `\_90_shift_shiftx'.
Generating RTLIL representation for module `\_90_fa'.
Generating RTLIL representation for module `\_90_lcu_brent_kung'.
Generating RTLIL representation for module `\_90_alu'.
Generating RTLIL representation for module `\_90_macc'.
Generating RTLIL representation for module `\_90_alumacc'.
Generating RTLIL representation for module `$__div_mod_u'.
Generating RTLIL representation for module `$__div_mod_trunc'.
Generating RTLIL representation for module `\_90_div'.
Generating RTLIL representation for module `\_90_mod'.
Generating RTLIL representation for module `$__div_mod_floor'.
Generating RTLIL representation for module `\_90_divfloor'.
Generating RTLIL representation for module `\_90_modfloor'.
Generating RTLIL representation for module `\_90_pow'.
Generating RTLIL representation for module `\_90_demux'.
Generating RTLIL representation for module `\_90_lut'.
Generating RTLIL representation for module `$connect'.
Generating RTLIL representation for module `$input_port'.
Successfully finished Verilog frontend.

8.2. Continuing TECHMAP pass.
Using extmapper simplemap for cells of type $dffe.
Using extmapper simplemap for cells of type $reduce_bool.
Using extmapper simplemap for cells of type $sdffe.
Using extmapper simplemap for cells of type $and.
Using extmapper simplemap for cells of type $not.
Using template $paramod$constmap:53dd6ada2d45a8116ef2136a4476a16275b4fd66$paramod$962bb79c2a50a422516483c1c9c06046761917ac\_90_shift_shiftx for cells of type $shiftx.
Using extmapper simplemap for cells of type $eq.
Using extmapper simplemap for cells of type $or.
Running "alumacc" on wrapper $extern:wrap:$neg:Y_WIDTH=5:A_WIDTH=5:A_SIGNED=1:394426c56d1a028ba8fdd5469b163e04011def47.
Using template $extern:wrap:$neg:Y_WIDTH=5:A_WIDTH=5:A_SIGNED=1:394426c56d1a028ba8fdd5469b163e04011def47 for cells of type $extern:wrap:$neg:Y_WIDTH=5:A_WIDTH=5:A_SIGNED=1:394426c56d1a028ba8fdd5469b163e04011def47.
Using template $paramod$constmap:755132e1e0176e7e858cd1a27f41b0eb234485b9$paramod$21c03ec725157176e885a706babcf9521550823c\_90_shift_shiftx for cells of type $shift.
Using extmapper simplemap for cells of type $mux.
Using template $paramod$3e96e356bb68fcbd4f9c12f6d97ec8513d1af8c6\_90_alu for cells of type $alu.
Using extmapper simplemap for cells of type $pos.
Using template $paramod\_90_fa\WIDTH=32'00000000000000000000000000000101 for cells of type $fa.
Using template $paramod\_90_lcu_brent_kung\WIDTH=32'00000000000000000000000000000101 for cells of type $lcu.
Using extmapper simplemap for cells of type $xor.
No more expansions possible.
<suppressed ~2079 debug messages>

9. Executing OPT pass (performing simple optimizations).

9.1. Executing OPT_EXPR pass (perform const folding).
Optimizing module icache_dm.
<suppressed ~213 debug messages>

9.2. Executing OPT_MERGE pass (detect identical cells).
Finding identical cells in module `\icache_dm'.
Computing hashes of 2453 cells of `\icache_dm'.
Finding duplicate cells in `\icache_dm'.
Computing hashes of 2412 cells of `\icache_dm'.
Finding duplicate cells in `\icache_dm'.
Computing hashes of 2371 cells of `\icache_dm'.
Finding duplicate cells in `\icache_dm'.
Computing hashes of 1715 cells of `\icache_dm'.
Finding duplicate cells in `\icache_dm'.
<suppressed ~2214 debug messages>
Removed a total of 738 cells.

9.3. Executing OPT_DFF pass (perform DFF optimizations).

9.4. Executing OPT_CLEAN pass (remove unused cells and wires).
Finding unused cells or wires in module \icache_dm..
Removed 50 unused cells and 726 unused wires.
<suppressed ~51 debug messages>

9.5. Finished fast OPT passes.

10. Executing DFFLIBMAP pass (mapping DFF cells to sequential cells from liberty file).
  cell sky130_fd_sc_hd__dfxtp_1 (noninv, pins=3, area=20.02) is a direct match for cell type $_DFF_P_.
  cell sky130_fd_sc_hd__dfrtn_1 (noninv, pins=4, area=25.02) is a direct match for cell type $_DFF_NN0_.
  cell sky130_fd_sc_hd__dfrtp_1 (noninv, pins=4, area=25.02) is a direct match for cell type $_DFF_PN0_.
  cell sky130_fd_sc_hd__dfstp_2 (noninv, pins=4, area=26.28) is a direct match for cell type $_DFF_PN1_.
  cell sky130_fd_sc_hd__edfxtp_1 (noninv, pins=4, area=30.03) is a direct match for cell type $_DFFE_PP_.
  cell sky130_fd_sc_hd__dfbbn_1 (noninv, pins=6, area=32.53) is a direct match for cell type $_DFFSR_NNN_.
  cell sky130_fd_sc_hd__dfbbp_1 (noninv, pins=6, area=32.53) is a direct match for cell type $_DFFSR_PNN_.
  final dff cell mappings:
    unmapped dff cell: $_DFF_N_
    \sky130_fd_sc_hd__dfxtp_1 _DFF_P_ (.CLK( C), .D( D), .Q( Q));
    \sky130_fd_sc_hd__dfrtn_1 _DFF_NN0_ (.CLK_N( C), .D( D), .Q( Q), .RESET_B( R));
    unmapped dff cell: $_DFF_NN1_
    unmapped dff cell: $_DFF_NP0_
    unmapped dff cell: $_DFF_NP1_
    \sky130_fd_sc_hd__dfrtp_1 _DFF_PN0_ (.CLK( C), .D( D), .Q( Q), .RESET_B( R));
    \sky130_fd_sc_hd__dfstp_2 _DFF_PN1_ (.CLK( C), .D( D), .Q( Q), .SET_B( R));
    unmapped dff cell: $_DFF_PP0_
    unmapped dff cell: $_DFF_PP1_
    unmapped dff cell: $_DFFE_NN_
    unmapped dff cell: $_DFFE_NP_
    unmapped dff cell: $_DFFE_PN_
    \sky130_fd_sc_hd__edfxtp_1 _DFFE_PP_ (.CLK( C), .D( D), .DE( E), .Q( Q));
    \sky130_fd_sc_hd__dfbbn_1 _DFFSR_NNN_ (.CLK_N( C), .D( D), .Q( Q), .Q_N(~Q), .RESET_B( R), .SET_B( S));
    unmapped dff cell: $_DFFSR_NNP_
    unmapped dff cell: $_DFFSR_NPN_
    unmapped dff cell: $_DFFSR_NPP_
    \sky130_fd_sc_hd__dfbbp_1 _DFFSR_PNN_ (.CLK( C), .D( D), .Q( Q), .Q_N(~Q), .RESET_B( R), .SET_B( S));
    unmapped dff cell: $_DFFSR_PNP_
    unmapped dff cell: $_DFFSR_PPN_
    unmapped dff cell: $_DFFSR_PPP_

10.1. Executing DFFLEGALIZE pass (convert FFs to types supported by the target).
<suppressed ~24 debug messages>
Mapping DFF cells in module `\icache_dm':
  mapped 672 $_DFFE_PP_ cells to \sky130_fd_sc_hd__edfxtp_1 cells.
  mapped 16 $_DFF_P_ cells to \sky130_fd_sc_hd__dfxtp_1 cells.

11. Executing ABC pass (technology mapping using ABC).

11.1. Extracting gate netlist of module `\icache_dm' to `<abc-temp-dir>/input.blif'..
ABC: using cached merged SCL: /tmp/yosys-liberty-scl-cache/yosys_merged_26d78acf.scl (1 files)
Replacing 171 occurrences of constant undef bits with constant zero bits

11.1.1. Executed ABC.
Extracted 1009 gates and 1762 wires to a netlist network with 751 inputs and 107 outputs.
Running ABC script: <abc-temp-dir>/abc.script
ABC: UC Berkeley, ABC 1.01 (compiled Jul 16 2026 03:52:11)
ABC: abc 01> empty
ABC: abc 01> source <abc-temp-dir>/abc.script
ABC: + read_blif <abc-temp-dir>/input.blif 
ABC: + read_scl /tmp/yosys-liberty-scl-cache/yosys_merged_26d78acf.scl 
ABC: Warning: Detected 9 multi-output cells (for example, "sky130_fd_sc_hd__fa_1").
ABC: + strash 
ABC: + &get -n 
ABC: + &fraig -x 
ABC: + &put 
ABC: + scorr 
ABC: Warning: The network is combinational (run "fraig" or "fraig_sweep").
ABC: + dc2 
ABC: + dretime 
ABC: + strash 
ABC: + &get -n 
ABC: + &dch -f 
ABC: + &nf 
ABC: + &put 
ABC: + write_blif <abc-temp-dir>/output.blif 
ABC: 
ABC: YOSYS_ABC_DONE 

11.1.2. Re-integrating ABC results.
ABC RESULTS:   sky130_fd_sc_hd__a21o_1 cells:       14
ABC RESULTS:   sky130_fd_sc_hd__a21oi_1 cells:        1
ABC RESULTS:   sky130_fd_sc_hd__a221oi_1 cells:        1
ABC RESULTS:   sky130_fd_sc_hd__a22oi_1 cells:        1
ABC RESULTS:   sky130_fd_sc_hd__and2_0 cells:        1
ABC RESULTS:   sky130_fd_sc_hd__and3_1 cells:       44
ABC RESULTS:   sky130_fd_sc_hd__clkinv_1 cells:        6
ABC RESULTS:   sky130_fd_sc_hd__mux2_1 cells:        1
ABC RESULTS:   sky130_fd_sc_hd__mux2i_1 cells:        9
ABC RESULTS:   sky130_fd_sc_hd__mux4_2 cells:      208
ABC RESULTS:   sky130_fd_sc_hd__nand2_1 cells:        8
ABC RESULTS:   sky130_fd_sc_hd__nand2b_1 cells:        6
ABC RESULTS:   sky130_fd_sc_hd__nand3_1 cells:        1
ABC RESULTS:   sky130_fd_sc_hd__nand3b_1 cells:        2
ABC RESULTS:   sky130_fd_sc_hd__nand4_1 cells:        1
ABC RESULTS:   sky130_fd_sc_hd__nand4b_1 cells:        1
ABC RESULTS:   sky130_fd_sc_hd__nor2_1 cells:       15
ABC RESULTS:   sky130_fd_sc_hd__nor3_1 cells:        4
ABC RESULTS:   sky130_fd_sc_hd__nor4b_1 cells:        1
ABC RESULTS:   sky130_fd_sc_hd__o211ai_1 cells:        6
ABC RESULTS:   sky130_fd_sc_hd__o21ai_0 cells:        7
ABC RESULTS:   sky130_fd_sc_hd__o22ai_1 cells:        2
ABC RESULTS:   sky130_fd_sc_hd__o31ai_1 cells:        1
ABC RESULTS:   sky130_fd_sc_hd__or3b_1 cells:        1
ABC RESULTS:   sky130_fd_sc_hd__xnor2_1 cells:        2
ABC RESULTS:   sky130_fd_sc_hd__xor2_1 cells:        3
ABC RESULTS:        internal signals:      904
ABC RESULTS:           input signals:      751
ABC RESULTS:          output signals:      107
Removing temp directory.
Removing global temp directory.

12. Executing OPT_CLEAN pass (remove unused cells and wires).
Finding unused cells or wires in module \icache_dm..
Removed 0 unused cells and 968 unused wires.
<suppressed ~4 debug messages>

13. Printing statistics.

=== icache_dm ===

        +----------Local Count, excluding submodules.
        |        +-Local Area, excluding submodules.
        |        | 
      316        - wires
     1103        - wire bits
       42        - public wires
      789        - public wire bits
        9        - ports
      101        - port bits
     1035 2.61E+04 cells
       14  105.101   sky130_fd_sc_hd__a21o_1
        1    5.005   sky130_fd_sc_hd__a21oi_1
        1    8.758   sky130_fd_sc_hd__a221oi_1
        1    7.507   sky130_fd_sc_hd__a22oi_1
        1    6.256   sky130_fd_sc_hd__and2_0
       44  275.264   sky130_fd_sc_hd__and3_1
        6   22.522   sky130_fd_sc_hd__clkinv_1
       16  320.307   sky130_fd_sc_hd__dfxtp_1
      672 2.02E+04   sky130_fd_sc_hd__edfxtp_1
        1   11.261   sky130_fd_sc_hd__mux2_1
        9   90.086   sky130_fd_sc_hd__mux2i_1
      208 4.68E+03   sky130_fd_sc_hd__mux4_2
        8   30.029   sky130_fd_sc_hd__nand2_1
        6   37.536   sky130_fd_sc_hd__nand2b_1
        1    5.005   sky130_fd_sc_hd__nand3_1
        2   15.014   sky130_fd_sc_hd__nand3b_1
        1    6.256   sky130_fd_sc_hd__nand4_1
        1    8.758   sky130_fd_sc_hd__nand4b_1
       15   56.304   sky130_fd_sc_hd__nor2_1
        4   20.019   sky130_fd_sc_hd__nor3_1
        1    8.758   sky130_fd_sc_hd__nor4b_1
        6   45.043   sky130_fd_sc_hd__o211ai_1
        7   35.034   sky130_fd_sc_hd__o21ai_0
        2   12.512   sky130_fd_sc_hd__o22ai_1
        1    7.507   sky130_fd_sc_hd__o31ai_1
        1    8.758   sky130_fd_sc_hd__or3b_1
        2   17.517   sky130_fd_sc_hd__xnor2_1
        3   26.275   sky130_fd_sc_hd__xor2_1

   Chip area for module '\icache_dm': 26056.240000
     of which used for sequential elements: 20499.660800 (78.67%)

End of script. Logfile hash: df86877d27, time: 0.37s, user: 0.20s, system: 0.02s, MEM: 47.62 MB peak
Yosys 0.67+40 (git sha1 45ea2b8d6-dirty, Release, Clang /usr/bin/clang++ 18.1.8)
Time spent: 47% 1x abc (0 sec), 12% 1x stat (0 sec), ...
