
 /----------------------------------------------------------------------------\
 |  yosys -- Yosys Open SYnthesis Suite                                       |
 |  Copyright (C) 2012 - 2026  Claire Xenia Wolf <claire@yosyshq.com>         |
 |  Distributed under an ISC-like license, type "license" to see terms        |
 \----------------------------------------------------------------------------/
 Yosys 0.67+40 (git sha1 45ea2b8d6-dirty, Release, Clang /usr/bin/clang++ 18.1.8)

-- Running command `read_verilog -sv icache_dm.v; chparam -set LINES 64 -set IDX 6 icache_dm; hierarchy -top icache_dm; flatten; proc; memory; opt -fast; techmap; opt -fast; dfflibmap -liberty /home/moein/.ciel/ciel/sky130/versions/8afc8346a57fe1ab7934ba5a6056ea8b43078e71/sky130A/libs.ref/sky130_fd_sc_hd/lib/sky130_fd_sc_hd__tt_025C_1v80.lib; abc -liberty /home/moein/.ciel/ciel/sky130/versions/8afc8346a57fe1ab7934ba5a6056ea8b43078e71/sky130A/libs.ref/sky130_fd_sc_hd/lib/sky130_fd_sc_hd__tt_025C_1v80.lib; opt_clean -purge; stat -liberty /home/moein/.ciel/ciel/sky130/versions/8afc8346a57fe1ab7934ba5a6056ea8b43078e71/sky130A/libs.ref/sky130_fd_sc_hd/lib/sky130_fd_sc_hd__tt_025C_1v80.lib' --

1. Executing Verilog-2005 frontend: icache_dm.v
Parsing SystemVerilog input from `icache_dm.v' to AST representation.
Generating RTLIL representation for module `\icache_dm'.
Successfully finished Verilog frontend.
Parameter \LINES = 64
Parameter \IDX = 6

2. Executing AST frontend in derive mode using pre-parsed AST for module `\icache_dm'.
Parameter \LINES = 64
Parameter \IDX = 6
Generating RTLIL representation for module `$paramod$0a29ee5520f968b37804eb5afbb2a24dbe71e27a\icache_dm'.

3. Executing HIERARCHY pass (managing design hierarchy).

3.1. Analyzing design hierarchy..
Top module:  \icache_dm

3.2. Analyzing design hierarchy..
Top module:  \icache_dm
Removed 0 unused modules.

4. Executing FLATTEN pass (flatten design).

5. Executing PROC pass (convert processes to netlists).

5.1. Executing PROC_CLEAN pass (remove empty switches from decision trees).
Cleaned up 0 empty switches.

5.2. Executing PROC_RMDEAD pass (remove dead branches from decision trees).
Marked 2 switch rules as full_case in process $proc$icache_dm.v:27$52 in module icache_dm.
Removed a total of 0 dead cases.

5.3. Executing PROC_PRUNE pass (remove redundant assignments in processes).
Removed 0 redundant assignments.
Promoted 9 assignments to connections.

5.4. Executing PROC_INIT pass (extract init attributes).

5.5. Executing PROC_ARST pass (detect async resets in processes).

5.6. Executing PROC_ROM pass (convert switches to ROMs).
Converted 0 switches.
<suppressed ~2 debug messages>

5.7. Executing PROC_MUX pass (convert decision trees to multiplexers).
Creating decoders for process `\icache_dm.$proc$icache_dm.v:27$52'.
     1/16: $2$lookahead\valid$51[63:0]$77
     2/16: $2$bitselwrite$pos$icache_dm.v:32$43[5:0]$70
     3/16: $2$memwr$\tag$icache_dm.v:31$45_EN[7:0]$76
     4/16: $2$memwr$\tag$icache_dm.v:31$45_DATA[7:0]$75
     5/16: $2$memwr$\tag$icache_dm.v:31$45_ADDR[5:0]$74
     6/16: $2$memwr$\data$icache_dm.v:30$44_EN[31:0]$73
     7/16: $2$memwr$\data$icache_dm.v:30$44_DATA[31:0]$72
     8/16: $2$memwr$\data$icache_dm.v:30$44_ADDR[5:0]$71
     9/16: $1$lookahead\valid$51[63:0]$69
    10/16: $1$memwr$\tag$icache_dm.v:31$45_EN[7:0]$68
    11/16: $1$memwr$\tag$icache_dm.v:31$45_DATA[7:0]$67
    12/16: $1$memwr$\tag$icache_dm.v:31$45_ADDR[5:0]$66
    13/16: $1$memwr$\data$icache_dm.v:30$44_EN[31:0]$65
    14/16: $1$memwr$\data$icache_dm.v:30$44_DATA[31:0]$64
    15/16: $1$memwr$\data$icache_dm.v:30$44_ADDR[5:0]$63
    16/16: $1$bitselwrite$pos$icache_dm.v:32$43[5:0]$62

5.8. Executing PROC_DLATCH pass (convert process syncs to latches).

5.9. Executing PROC_DFF pass (convert process syncs to FFs).
Creating register for signal `\icache_dm.\valid' using process `\icache_dm.$proc$icache_dm.v:27$52'.
  created $dff cell `$procdff$157' with positive edge clock.
Creating register for signal `\icache_dm.$bitselwrite$pos$icache_dm.v:32$43' using process `\icache_dm.$proc$icache_dm.v:27$52'.
  created $dff cell `$procdff$158' with positive edge clock.
Creating register for signal `\icache_dm.$memwr$\data$icache_dm.v:30$44_ADDR' using process `\icache_dm.$proc$icache_dm.v:27$52'.
  created $dff cell `$procdff$159' with positive edge clock.
Creating register for signal `\icache_dm.$memwr$\data$icache_dm.v:30$44_DATA' using process `\icache_dm.$proc$icache_dm.v:27$52'.
  created $dff cell `$procdff$160' with positive edge clock.
Creating register for signal `\icache_dm.$memwr$\data$icache_dm.v:30$44_EN' using process `\icache_dm.$proc$icache_dm.v:27$52'.
  created $dff cell `$procdff$161' with positive edge clock.
Creating register for signal `\icache_dm.$memwr$\tag$icache_dm.v:31$45_ADDR' using process `\icache_dm.$proc$icache_dm.v:27$52'.
  created $dff cell `$procdff$162' with positive edge clock.
Creating register for signal `\icache_dm.$memwr$\tag$icache_dm.v:31$45_DATA' using process `\icache_dm.$proc$icache_dm.v:27$52'.
  created $dff cell `$procdff$163' with positive edge clock.
Creating register for signal `\icache_dm.$memwr$\tag$icache_dm.v:31$45_EN' using process `\icache_dm.$proc$icache_dm.v:27$52'.
  created $dff cell `$procdff$164' with positive edge clock.
Creating register for signal `\icache_dm.$lookahead\valid$51' using process `\icache_dm.$proc$icache_dm.v:27$52'.
  created $dff cell `$procdff$165' with positive edge clock.

5.10. Executing PROC_MEMWR pass (convert process memory writes to cells).

5.11. Executing PROC_CLEAN pass (remove empty switches from decision trees).
Found and cleaned up 2 empty switches in `\icache_dm.$proc$icache_dm.v:27$52'.
Removing empty process `icache_dm.$proc$icache_dm.v:27$52'.
Cleaned up 2 empty switches.

5.12. Executing OPT_EXPR pass (perform const folding).
Optimizing module icache_dm.

6. Executing MEMORY pass.

6.1. Executing OPT_MEM pass (optimize memories).
Performed a total of 0 transformations.

6.2. Executing OPT_MEM_PRIORITY pass (removing unnecessary memory write priority relations).
Performed a total of 0 transformations.

6.3. Executing OPT_MEM_FEEDBACK pass (finding memory read-to-write feedback paths).
  Analyzing icache_dm.data write port 0.
  Analyzing icache_dm.tag write port 0.

6.4. Executing MEMORY_BMUX2ROM pass (converting muxes to ROMs).

6.5. Executing MEMORY_DFF pass (merging $dff cells to $memrd).
Checking read port `\data'[0] in module `\icache_dm': no output FF found.
Checking read port `\tag'[0] in module `\icache_dm': no output FF found.
Checking read port address `\data'[0] in module `\icache_dm': no address FF found.
Checking read port address `\tag'[0] in module `\icache_dm': no address FF found.

6.6. Executing OPT_CLEAN pass (remove unused cells and wires).
Finding unused cells or wires in module \icache_dm..
Removed 11 unused cells and 63 unused wires.
<suppressed ~13 debug messages>

6.7. Executing MEMORY_SHARE pass (consolidating $memrd/$memwr cells).

6.8. Executing OPT_MEM_WIDEN pass (optimize memories where all ports are wide).
Performed a total of 0 transformations.

6.9. Executing OPT_CLEAN pass (remove unused cells and wires).
Finding unused cells or wires in module \icache_dm..

6.10. Executing MEMORY_COLLECT pass (generating $mem cells).

6.11. Executing MEMORY_MAP pass (converting memories to logic and flip-flops).
Mapping memory \tag in module \icache_dm:
  created 64 $dff cells and 0 static cells of width 8.
  read interface: 0 $dff and 63 $mux cells.
  write interface: 512 write mux blocks.
Mapping memory \data in module \icache_dm:
  created 64 $dff cells and 0 static cells of width 32.
  read interface: 0 $dff and 63 $mux cells.
  write interface: 2048 write mux blocks.

7. Executing OPT pass (performing simple optimizations).

7.1. Executing OPT_EXPR pass (perform const folding).
Optimizing module icache_dm.
<suppressed ~24 debug messages>

7.2. Executing OPT_MERGE pass (detect identical cells).
Finding identical cells in module `\icache_dm'.
Computing hashes of 5595 cells of `\icache_dm'.
Finding duplicate cells in `\icache_dm'.
Computing hashes of 5593 cells of `\icache_dm'.
Finding duplicate cells in `\icache_dm'.
Computing hashes of 5591 cells of `\icache_dm'.
Finding duplicate cells in `\icache_dm'.
Computing hashes of 5590 cells of `\icache_dm'.
Finding duplicate cells in `\icache_dm'.
Computing hashes of 5582 cells of `\icache_dm'.
Finding duplicate cells in `\icache_dm'.
Computing hashes of 5572 cells of `\icache_dm'.
Finding duplicate cells in `\icache_dm'.
Computing hashes of 5556 cells of `\icache_dm'.
Finding duplicate cells in `\icache_dm'.
Computing hashes of 5496 cells of `\icache_dm'.
Finding duplicate cells in `\icache_dm'.
<suppressed ~297 debug messages>
Removed a total of 99 cells.

7.3. Executing OPT_DFF pass (perform DFF optimizations).
Adding SRST signal on $procdff$157 ($dff) from module icache_dm (D = $2$lookahead\valid$51[63:0]$77, Q = \valid, rval = 64'0000000000000000000000000000000000000000000000000000000000000000).
Adding EN signal on $auto$ff.cc:337:slice$11446 ($sdff) from module icache_dm (D = $2$lookahead\valid$51[63:0]$77, Q = \valid).

7.4. Executing OPT_CLEAN pass (remove unused cells and wires).
Finding unused cells or wires in module \icache_dm..
Removed 1 unused cells and 368 unused wires.
<suppressed ~2 debug messages>

7.5. Rerunning OPT passes. (Removed registers in this run.)

7.6. Executing OPT_EXPR pass (perform const folding).
Optimizing module icache_dm.
<suppressed ~1 debug messages>

7.7. Executing OPT_MERGE pass (detect identical cells).
Finding identical cells in module `\icache_dm'.
Computing hashes of 5496 cells of `\icache_dm'.
Finding duplicate cells in `\icache_dm'.
Removed a total of 0 cells.

7.8. Executing OPT_DFF pass (perform DFF optimizations).
Adding EN signal on $memory\tag[0]$172 ($dff) from module icache_dm (D = $0$memwr$\tag$icache_dm.v:31$45_DATA[7:0]$58 [0], Q = \tag[0] [0]).
Adding EN signal on $memory\tag[0]$172 ($dff) from module icache_dm (D = $0$memwr$\tag$icache_dm.v:31$45_DATA[7:0]$58 [1], Q = \tag[0] [1]).
Adding EN signal on $memory\tag[0]$172 ($dff) from module icache_dm (D = $0$memwr$\tag$icache_dm.v:31$45_DATA[7:0]$58 [2], Q = \tag[0] [2]).
Adding EN signal on $memory\tag[0]$172 ($dff) from module icache_dm (D = $0$memwr$\tag$icache_dm.v:31$45_DATA[7:0]$58 [3], Q = \tag[0] [3]).
Adding EN signal on $memory\tag[0]$172 ($dff) from module icache_dm (D = $0$memwr$\tag$icache_dm.v:31$45_DATA[7:0]$58 [4], Q = \tag[0] [4]).
Adding EN signal on $memory\tag[0]$172 ($dff) from module icache_dm (D = $0$memwr$\tag$icache_dm.v:31$45_DATA[7:0]$58 [5], Q = \tag[0] [5]).
Adding EN signal on $memory\tag[0]$172 ($dff) from module icache_dm (D = $0$memwr$\tag$icache_dm.v:31$45_DATA[7:0]$58 [6], Q = \tag[0] [6]).
Adding EN signal on $memory\tag[0]$172 ($dff) from module icache_dm (D = $0$memwr$\tag$icache_dm.v:31$45_DATA[7:0]$58 [7], Q = \tag[0] [7]).
Adding EN signal on $memory\tag[1]$174 ($dff) from module icache_dm (D = $0$memwr$\tag$icache_dm.v:31$45_DATA[7:0]$58 [0], Q = \tag[1] [0]).
Adding EN signal on $memory\tag[1]$174 ($dff) from module icache_dm (D = $0$memwr$\tag$icache_dm.v:31$45_DATA[7:0]$58 [1], Q = \tag[1] [1]).
Adding EN signal on $memory\tag[1]$174 ($dff) from module icache_dm (D = $0$memwr$\tag$icache_dm.v:31$45_DATA[7:0]$58 [2], Q = \tag[1] [2]).
Adding EN signal on $memory\tag[1]$174 ($dff) from module icache_dm (D = $0$memwr$\tag$icache_dm.v:31$45_DATA[7:0]$58 [3], Q = \tag[1] [3]).
Adding EN signal on $memory\tag[1]$174 ($dff) from module icache_dm (D = $0$memwr$\tag$icache_dm.v:31$45_DATA[7:0]$58 [4], Q = \tag[1] [4]).
Adding EN signal on $memory\tag[1]$174 ($dff) from module icache_dm (D = $0$memwr$\tag$icache_dm.v:31$45_DATA[7:0]$58 [5], Q = \tag[1] [5]).
Adding EN signal on $memory\tag[1]$174 ($dff) from module icache_dm (D = $0$memwr$\tag$icache_dm.v:31$45_DATA[7:0]$58 [6], Q = \tag[1] [6]).
Adding EN signal on $memory\tag[1]$174 ($dff) from module icache_dm (D = $0$memwr$\tag$icache_dm.v:31$45_DATA[7:0]$58 [7], Q = \tag[1] [7]).
Adding EN signal on $memory\tag[2]$176 ($dff) from module icache_dm (D = $0$memwr$\tag$icache_dm.v:31$45_DATA[7:0]$58 [0], Q = \tag[2] [0]).
Adding EN signal on $memory\tag[2]$176 ($dff) from module icache_dm (D = $0$memwr$\tag$icache_dm.v:31$45_DATA[7:0]$58 [1], Q = \tag[2] [1]).
Adding EN signal on $memory\tag[2]$176 ($dff) from module icache_dm (D = $0$memwr$\tag$icache_dm.v:31$45_DATA[7:0]$58 [2], Q = \tag[2] [2]).
Adding EN signal on $memory\tag[2]$176 ($dff) from module icache_dm (D = $0$memwr$\tag$icache_dm.v:31$45_DATA[7:0]$58 [3], Q = \tag[2] [3]).
Adding EN signal on $memory\tag[2]$176 ($dff) from module icache_dm (D = $0$memwr$\tag$icache_dm.v:31$45_DATA[7:0]$58 [4], Q = \tag[2] [4]).
Adding EN signal on $memory\tag[2]$176 ($dff) from module icache_dm (D = $0$memwr$\tag$icache_dm.v:31$45_DATA[7:0]$58 [5], Q = \tag[2] [5]).
Adding EN signal on $memory\tag[2]$176 ($dff) from module icache_dm (D = $0$memwr$\tag$icache_dm.v:31$45_DATA[7:0]$58 [6], Q = \tag[2] [6]).
Adding EN signal on $memory\tag[2]$176 ($dff) from module icache_dm (D = $0$memwr$\tag$icache_dm.v:31$45_DATA[7:0]$58 [7], Q = \tag[2] [7]).
Adding EN signal on $memory\tag[3]$178 ($dff) from module icache_dm (D = $0$memwr$\tag$icache_dm.v:31$45_DATA[7:0]$58 [0], Q = \tag[3] [0]).
Adding EN signal on $memory\tag[3]$178 ($dff) from module icache_dm (D = $0$memwr$\tag$icache_dm.v:31$45_DATA[7:0]$58 [1], Q = \tag[3] [1]).
Adding EN signal on $memory\tag[3]$178 ($dff) from module icache_dm (D = $0$memwr$\tag$icache_dm.v:31$45_DATA[7:0]$58 [2], Q = \tag[3] [2]).
Adding EN signal on $memory\tag[3]$178 ($dff) from module icache_dm (D = $0$memwr$\tag$icache_dm.v:31$45_DATA[7:0]$58 [3], Q = \tag[3] [3]).
Adding EN signal on $memory\tag[3]$178 ($dff) from module icache_dm (D = $0$memwr$\tag$icache_dm.v:31$45_DATA[7:0]$58 [4], Q = \tag[3] [4]).
Adding EN signal on $memory\tag[3]$178 ($dff) from module icache_dm (D = $0$memwr$\tag$icache_dm.v:31$45_DATA[7:0]$58 [5], Q = \tag[3] [5]).
Adding EN signal on $memory\tag[3]$178 ($dff) from module icache_dm (D = $0$memwr$\tag$icache_dm.v:31$45_DATA[7:0]$58 [6], Q = \tag[3] [6]).
Adding EN signal on $memory\tag[3]$178 ($dff) from module icache_dm (D = $0$memwr$\tag$icache_dm.v:31$45_DATA[7:0]$58 [7], Q = \tag[3] [7]).
Adding EN signal on $memory\tag[4]$180 ($dff) from module icache_dm (D = $0$memwr$\tag$icache_dm.v:31$45_DATA[7:0]$58 [0], Q = \tag[4] [0]).
Adding EN signal on $memory\tag[4]$180 ($dff) from module icache_dm (D = $0$memwr$\tag$icache_dm.v:31$45_DATA[7:0]$58 [1], Q = \tag[4] [1]).
Adding EN signal on $memory\tag[4]$180 ($dff) from module icache_dm (D = $0$memwr$\tag$icache_dm.v:31$45_DATA[7:0]$58 [2], Q = \tag[4] [2]).
Adding EN signal on $memory\tag[4]$180 ($dff) from module icache_dm (D = $0$memwr$\tag$icache_dm.v:31$45_DATA[7:0]$58 [3], Q = \tag[4] [3]).
Adding EN signal on $memory\tag[4]$180 ($dff) from module icache_dm (D = $0$memwr$\tag$icache_dm.v:31$45_DATA[7:0]$58 [4], Q = \tag[4] [4]).
Adding EN signal on $memory\tag[4]$180 ($dff) from module icache_dm (D = $0$memwr$\tag$icache_dm.v:31$45_DATA[7:0]$58 [5], Q = \tag[4] [5]).
Adding EN signal on $memory\tag[4]$180 ($dff) from module icache_dm (D = $0$memwr$\tag$icache_dm.v:31$45_DATA[7:0]$58 [6], Q = \tag[4] [6]).
Adding EN signal on $memory\tag[4]$180 ($dff) from module icache_dm (D = $0$memwr$\tag$icache_dm.v:31$45_DATA[7:0]$58 [7], Q = \tag[4] [7]).
Adding EN signal on $memory\tag[5]$182 ($dff) from module icache_dm (D = $0$memwr$\tag$icache_dm.v:31$45_DATA[7:0]$58 [0], Q = \tag[5] [0]).
Adding EN signal on $memory\tag[5]$182 ($dff) from module icache_dm (D = $0$memwr$\tag$icache_dm.v:31$45_DATA[7:0]$58 [1], Q = \tag[5] [1]).
Adding EN signal on $memory\tag[5]$182 ($dff) from module icache_dm (D = $0$memwr$\tag$icache_dm.v:31$45_DATA[7:0]$58 [2], Q = \tag[5] [2]).
Adding EN signal on $memory\tag[5]$182 ($dff) from module icache_dm (D = $0$memwr$\tag$icache_dm.v:31$45_DATA[7:0]$58 [3], Q = \tag[5] [3]).
Adding EN signal on $memory\tag[5]$182 ($dff) from module icache_dm (D = $0$memwr$\tag$icache_dm.v:31$45_DATA[7:0]$58 [4], Q = \tag[5] [4]).
Adding EN signal on $memory\tag[5]$182 ($dff) from module icache_dm (D = $0$memwr$\tag$icache_dm.v:31$45_DATA[7:0]$58 [5], Q = \tag[5] [5]).
Adding EN signal on $memory\tag[5]$182 ($dff) from module icache_dm (D = $0$memwr$\tag$icache_dm.v:31$45_DATA[7:0]$58 [6], Q = \tag[5] [6]).
Adding EN signal on $memory\tag[5]$182 ($dff) from module icache_dm (D = $0$memwr$\tag$icache_dm.v:31$45_DATA[7:0]$58 [7], Q = \tag[5] [7]).
Adding EN signal on $memory\tag[6]$184 ($dff) from module icache_dm (D = $0$memwr$\tag$icache_dm.v:31$45_DATA[7:0]$58 [0], Q = \tag[6] [0]).
Adding EN signal on $memory\tag[6]$184 ($dff) from module icache_dm (D = $0$memwr$\tag$icache_dm.v:31$45_DATA[7:0]$58 [1], Q = \tag[6] [1]).
Adding EN signal on $memory\tag[6]$184 ($dff) from module icache_dm (D = $0$memwr$\tag$icache_dm.v:31$45_DATA[7:0]$58 [2], Q = \tag[6] [2]).
Adding EN signal on $memory\tag[6]$184 ($dff) from module icache_dm (D = $0$memwr$\tag$icache_dm.v:31$45_DATA[7:0]$58 [3], Q = \tag[6] [3]).
Adding EN signal on $memory\tag[6]$184 ($dff) from module icache_dm (D = $0$memwr$\tag$icache_dm.v:31$45_DATA[7:0]$58 [4], Q = \tag[6] [4]).
Adding EN signal on $memory\tag[6]$184 ($dff) from module icache_dm (D = $0$memwr$\tag$icache_dm.v:31$45_DATA[7:0]$58 [5], Q = \tag[6] [5]).
Adding EN signal on $memory\tag[6]$184 ($dff) from module icache_dm (D = $0$memwr$\tag$icache_dm.v:31$45_DATA[7:0]$58 [6], Q = \tag[6] [6]).
Adding EN signal on $memory\tag[6]$184 ($dff) from module icache_dm (D = $0$memwr$\tag$icache_dm.v:31$45_DATA[7:0]$58 [7], Q = \tag[6] [7]).
Adding EN signal on $memory\tag[7]$186 ($dff) from module icache_dm (D = $0$memwr$\tag$icache_dm.v:31$45_DATA[7:0]$58 [0], Q = \tag[7] [0]).
Adding EN signal on $memory\tag[7]$186 ($dff) from module icache_dm (D = $0$memwr$\tag$icache_dm.v:31$45_DATA[7:0]$58 [1], Q = \tag[7] [1]).
Adding EN signal on $memory\tag[7]$186 ($dff) from module icache_dm (D = $0$memwr$\tag$icache_dm.v:31$45_DATA[7:0]$58 [2], Q = \tag[7] [2]).
Adding EN signal on $memory\tag[7]$186 ($dff) from module icache_dm (D = $0$memwr$\tag$icache_dm.v:31$45_DATA[7:0]$58 [3], Q = \tag[7] [3]).
Adding EN signal on $memory\tag[7]$186 ($dff) from module icache_dm (D = $0$memwr$\tag$icache_dm.v:31$45_DATA[7:0]$58 [4], Q = \tag[7] [4]).
Adding EN signal on $memory\tag[7]$186 ($dff) from module icache_dm (D = $0$memwr$\tag$icache_dm.v:31$45_DATA[7:0]$58 [5], Q = \tag[7] [5]).
Adding EN signal on $memory\tag[7]$186 ($dff) from module icache_dm (D = $0$memwr$\tag$icache_dm.v:31$45_DATA[7:0]$58 [6], Q = \tag[7] [6]).
Adding EN signal on $memory\tag[7]$186 ($dff) from module icache_dm (D = $0$memwr$\tag$icache_dm.v:31$45_DATA[7:0]$58 [7], Q = \tag[7] [7]).
Adding EN signal on $memory\tag[8]$188 ($dff) from module icache_dm (D = $0$memwr$\tag$icache_dm.v:31$45_DATA[7:0]$58 [0], Q = \tag[8] [0]).
Adding EN signal on $memory\tag[8]$188 ($dff) from module icache_dm (D = $0$memwr$\tag$icache_dm.v:31$45_DATA[7:0]$58 [1], Q = \tag[8] [1]).
Adding EN signal on $memory\tag[8]$188 ($dff) from module icache_dm (D = $0$memwr$\tag$icache_dm.v:31$45_DATA[7:0]$58 [2], Q = \tag[8] [2]).
Adding EN signal on $memory\tag[8]$188 ($dff) from module icache_dm (D = $0$memwr$\tag$icache_dm.v:31$45_DATA[7:0]$58 [3], Q = \tag[8] [3]).
Adding EN signal on $memory\tag[8]$188 ($dff) from module icache_dm (D = $0$memwr$\tag$icache_dm.v:31$45_DATA[7:0]$58 [4], Q = \tag[8] [4]).
Adding EN signal on $memory\tag[8]$188 ($dff) from module icache_dm (D = $0$memwr$\tag$icache_dm.v:31$45_DATA[7:0]$58 [5], Q = \tag[8] [5]).
Adding EN signal on $memory\tag[8]$188 ($dff) from module icache_dm (D = $0$memwr$\tag$icache_dm.v:31$45_DATA[7:0]$58 [6], Q = \tag[8] [6]).
Adding EN signal on $memory\tag[8]$188 ($dff) from module icache_dm (D = $0$memwr$\tag$icache_dm.v:31$45_DATA[7:0]$58 [7], Q = \tag[8] [7]).
Adding EN signal on $memory\tag[9]$190 ($dff) from module icache_dm (D = $0$memwr$\tag$icache_dm.v:31$45_DATA[7:0]$58 [0], Q = \tag[9] [0]).
Adding EN signal on $memory\tag[9]$190 ($dff) from module icache_dm (D = $0$memwr$\tag$icache_dm.v:31$45_DATA[7:0]$58 [1], Q = \tag[9] [1]).
Adding EN signal on $memory\tag[9]$190 ($dff) from module icache_dm (D = $0$memwr$\tag$icache_dm.v:31$45_DATA[7:0]$58 [2], Q = \tag[9] [2]).
Adding EN signal on $memory\tag[9]$190 ($dff) from module icache_dm (D = $0$memwr$\tag$icache_dm.v:31$45_DATA[7:0]$58 [3], Q = \tag[9] [3]).
Adding EN signal on $memory\tag[9]$190 ($dff) from module icache_dm (D = $0$memwr$\tag$icache_dm.v:31$45_DATA[7:0]$58 [4], Q = \tag[9] [4]).
Adding EN signal on $memory\tag[9]$190 ($dff) from module icache_dm (D = $0$memwr$\tag$icache_dm.v:31$45_DATA[7:0]$58 [5], Q = \tag[9] [5]).
Adding EN signal on $memory\tag[9]$190 ($dff) from module icache_dm (D = $0$memwr$\tag$icache_dm.v:31$45_DATA[7:0]$58 [6], Q = \tag[9] [6]).
Adding EN signal on $memory\tag[9]$190 ($dff) from module icache_dm (D = $0$memwr$\tag$icache_dm.v:31$45_DATA[7:0]$58 [7], Q = \tag[9] [7]).
Adding EN signal on $memory\tag[10]$192 ($dff) from module icache_dm (D = $0$memwr$\tag$icache_dm.v:31$45_DATA[7:0]$58 [0], Q = \tag[10] [0]).
Adding EN signal on $memory\tag[10]$192 ($dff) from module icache_dm (D = $0$memwr$\tag$icache_dm.v:31$45_DATA[7:0]$58 [1], Q = \tag[10] [1]).
Adding EN signal on $memory\tag[10]$192 ($dff) from module icache_dm (D = $0$memwr$\tag$icache_dm.v:31$45_DATA[7:0]$58 [2], Q = \tag[10] [2]).
Adding EN signal on $memory\tag[10]$192 ($dff) from module icache_dm (D = $0$memwr$\tag$icache_dm.v:31$45_DATA[7:0]$58 [3], Q = \tag[10] [3]).
Adding EN signal on $memory\tag[10]$192 ($dff) from module icache_dm (D = $0$memwr$\tag$icache_dm.v:31$45_DATA[7:0]$58 [4], Q = \tag[10] [4]).
Adding EN signal on $memory\tag[10]$192 ($dff) from module icache_dm (D = $0$memwr$\tag$icache_dm.v:31$45_DATA[7:0]$58 [5], Q = \tag[10] [5]).
Adding EN signal on $memory\tag[10]$192 ($dff) from module icache_dm (D = $0$memwr$\tag$icache_dm.v:31$45_DATA[7:0]$58 [6], Q = \tag[10] [6]).
Adding EN signal on $memory\tag[10]$192 ($dff) from module icache_dm (D = $0$memwr$\tag$icache_dm.v:31$45_DATA[7:0]$58 [7], Q = \tag[10] [7]).
Adding EN signal on $memory\tag[11]$194 ($dff) from module icache_dm (D = $0$memwr$\tag$icache_dm.v:31$45_DATA[7:0]$58 [0], Q = \tag[11] [0]).
Adding EN signal on $memory\tag[11]$194 ($dff) from module icache_dm (D = $0$memwr$\tag$icache_dm.v:31$45_DATA[7:0]$58 [1], Q = \tag[11] [1]).
Adding EN signal on $memory\tag[11]$194 ($dff) from module icache_dm (D = $0$memwr$\tag$icache_dm.v:31$45_DATA[7:0]$58 [2], Q = \tag[11] [2]).
Adding EN signal on $memory\tag[11]$194 ($dff) from module icache_dm (D = $0$memwr$\tag$icache_dm.v:31$45_DATA[7:0]$58 [3], Q = \tag[11] [3]).
Adding EN signal on $memory\tag[11]$194 ($dff) from module icache_dm (D = $0$memwr$\tag$icache_dm.v:31$45_DATA[7:0]$58 [4], Q = \tag[11] [4]).
Adding EN signal on $memory\tag[11]$194 ($dff) from module icache_dm (D = $0$memwr$\tag$icache_dm.v:31$45_DATA[7:0]$58 [5], Q = \tag[11] [5]).
Adding EN signal on $memory\tag[11]$194 ($dff) from module icache_dm (D = $0$memwr$\tag$icache_dm.v:31$45_DATA[7:0]$58 [6], Q = \tag[11] [6]).
Adding EN signal on $memory\tag[11]$194 ($dff) from module icache_dm (D = $0$memwr$\tag$icache_dm.v:31$45_DATA[7:0]$58 [7], Q = \tag[11] [7]).
Adding EN signal on $memory\tag[12]$196 ($dff) from module icache_dm (D = $0$memwr$\tag$icache_dm.v:31$45_DATA[7:0]$58 [0], Q = \tag[12] [0]).
Adding EN signal on $memory\tag[12]$196 ($dff) from module icache_dm (D = $0$memwr$\tag$icache_dm.v:31$45_DATA[7:0]$58 [1], Q = \tag[12] [1]).
Adding EN signal on $memory\tag[12]$196 ($dff) from module icache_dm (D = $0$memwr$\tag$icache_dm.v:31$45_DATA[7:0]$58 [2], Q = \tag[12] [2]).
Adding EN signal on $memory\tag[12]$196 ($dff) from module icache_dm (D = $0$memwr$\tag$icache_dm.v:31$45_DATA[7:0]$58 [3], Q = \tag[12] [3]).
Adding EN signal on $memory\tag[12]$196 ($dff) from module icache_dm (D = $0$memwr$\tag$icache_dm.v:31$45_DATA[7:0]$58 [4], Q = \tag[12] [4]).
Adding EN signal on $memory\tag[12]$196 ($dff) from module icache_dm (D = $0$memwr$\tag$icache_dm.v:31$45_DATA[7:0]$58 [5], Q = \tag[12] [5]).
Adding EN signal on $memory\tag[12]$196 ($dff) from module icache_dm (D = $0$memwr$\tag$icache_dm.v:31$45_DATA[7:0]$58 [6], Q = \tag[12] [6]).
Adding EN signal on $memory\tag[12]$196 ($dff) from module icache_dm (D = $0$memwr$\tag$icache_dm.v:31$45_DATA[7:0]$58 [7], Q = \tag[12] [7]).
Adding EN signal on $memory\tag[13]$198 ($dff) from module icache_dm (D = $0$memwr$\tag$icache_dm.v:31$45_DATA[7:0]$58 [0], Q = \tag[13] [0]).
Adding EN signal on $memory\tag[13]$198 ($dff) from module icache_dm (D = $0$memwr$\tag$icache_dm.v:31$45_DATA[7:0]$58 [1], Q = \tag[13] [1]).
Adding EN signal on $memory\tag[13]$198 ($dff) from module icache_dm (D = $0$memwr$\tag$icache_dm.v:31$45_DATA[7:0]$58 [2], Q = \tag[13] [2]).
Adding EN signal on $memory\tag[13]$198 ($dff) from module icache_dm (D = $0$memwr$\tag$icache_dm.v:31$45_DATA[7:0]$58 [3], Q = \tag[13] [3]).
Adding EN signal on $memory\tag[13]$198 ($dff) from module icache_dm (D = $0$memwr$\tag$icache_dm.v:31$45_DATA[7:0]$58 [4], Q = \tag[13] [4]).
Adding EN signal on $memory\tag[13]$198 ($dff) from module icache_dm (D = $0$memwr$\tag$icache_dm.v:31$45_DATA[7:0]$58 [5], Q = \tag[13] [5]).
Adding EN signal on $memory\tag[13]$198 ($dff) from module icache_dm (D = $0$memwr$\tag$icache_dm.v:31$45_DATA[7:0]$58 [6], Q = \tag[13] [6]).
Adding EN signal on $memory\tag[13]$198 ($dff) from module icache_dm (D = $0$memwr$\tag$icache_dm.v:31$45_DATA[7:0]$58 [7], Q = \tag[13] [7]).
Adding EN signal on $memory\tag[14]$200 ($dff) from module icache_dm (D = $0$memwr$\tag$icache_dm.v:31$45_DATA[7:0]$58 [0], Q = \tag[14] [0]).
Adding EN signal on $memory\tag[14]$200 ($dff) from module icache_dm (D = $0$memwr$\tag$icache_dm.v:31$45_DATA[7:0]$58 [1], Q = \tag[14] [1]).
Adding EN signal on $memory\tag[14]$200 ($dff) from module icache_dm (D = $0$memwr$\tag$icache_dm.v:31$45_DATA[7:0]$58 [2], Q = \tag[14] [2]).
Adding EN signal on $memory\tag[14]$200 ($dff) from module icache_dm (D = $0$memwr$\tag$icache_dm.v:31$45_DATA[7:0]$58 [3], Q = \tag[14] [3]).
Adding EN signal on $memory\tag[14]$200 ($dff) from module icache_dm (D = $0$memwr$\tag$icache_dm.v:31$45_DATA[7:0]$58 [4], Q = \tag[14] [4]).
Adding EN signal on $memory\tag[14]$200 ($dff) from module icache_dm (D = $0$memwr$\tag$icache_dm.v:31$45_DATA[7:0]$58 [5], Q = \tag[14] [5]).
Adding EN signal on $memory\tag[14]$200 ($dff) from module icache_dm (D = $0$memwr$\tag$icache_dm.v:31$45_DATA[7:0]$58 [6], Q = \tag[14] [6]).
Adding EN signal on $memory\tag[14]$200 ($dff) from module icache_dm (D = $0$memwr$\tag$icache_dm.v:31$45_DATA[7:0]$58 [7], Q = \tag[14] [7]).
Adding EN signal on $memory\tag[15]$202 ($dff) from module icache_dm (D = $0$memwr$\tag$icache_dm.v:31$45_DATA[7:0]$58 [0], Q = \tag[15] [0]).
Adding EN signal on $memory\tag[15]$202 ($dff) from module icache_dm (D = $0$memwr$\tag$icache_dm.v:31$45_DATA[7:0]$58 [1], Q = \tag[15] [1]).
Adding EN signal on $memory\tag[15]$202 ($dff) from module icache_dm (D = $0$memwr$\tag$icache_dm.v:31$45_DATA[7:0]$58 [2], Q = \tag[15] [2]).
Adding EN signal on $memory\tag[15]$202 ($dff) from module icache_dm (D = $0$memwr$\tag$icache_dm.v:31$45_DATA[7:0]$58 [3], Q = \tag[15] [3]).
Adding EN signal on $memory\tag[15]$202 ($dff) from module icache_dm (D = $0$memwr$\tag$icache_dm.v:31$45_DATA[7:0]$58 [4], Q = \tag[15] [4]).
Adding EN signal on $memory\tag[15]$202 ($dff) from module icache_dm (D = $0$memwr$\tag$icache_dm.v:31$45_DATA[7:0]$58 [5], Q = \tag[15] [5]).
Adding EN signal on $memory\tag[15]$202 ($dff) from module icache_dm (D = $0$memwr$\tag$icache_dm.v:31$45_DATA[7:0]$58 [6], Q = \tag[15] [6]).
Adding EN signal on $memory\tag[15]$202 ($dff) from module icache_dm (D = $0$memwr$\tag$icache_dm.v:31$45_DATA[7:0]$58 [7], Q = \tag[15] [7]).
Adding EN signal on $memory\tag[16]$204 ($dff) from module icache_dm (D = $0$memwr$\tag$icache_dm.v:31$45_DATA[7:0]$58 [0], Q = \tag[16] [0]).
Adding EN signal on $memory\tag[16]$204 ($dff) from module icache_dm (D = $0$memwr$\tag$icache_dm.v:31$45_DATA[7:0]$58 [1], Q = \tag[16] [1]).
Adding EN signal on $memory\tag[16]$204 ($dff) from module icache_dm (D = $0$memwr$\tag$icache_dm.v:31$45_DATA[7:0]$58 [2], Q = \tag[16] [2]).
Adding EN signal on $memory\tag[16]$204 ($dff) from module icache_dm (D = $0$memwr$\tag$icache_dm.v:31$45_DATA[7:0]$58 [3], Q = \tag[16] [3]).
Adding EN signal on $memory\tag[16]$204 ($dff) from module icache_dm (D = $0$memwr$\tag$icache_dm.v:31$45_DATA[7:0]$58 [4], Q = \tag[16] [4]).
Adding EN signal on $memory\tag[16]$204 ($dff) from module icache_dm (D = $0$memwr$\tag$icache_dm.v:31$45_DATA[7:0]$58 [5], Q = \tag[16] [5]).
Adding EN signal on $memory\tag[16]$204 ($dff) from module icache_dm (D = $0$memwr$\tag$icache_dm.v:31$45_DATA[7:0]$58 [6], Q = \tag[16] [6]).
Adding EN signal on $memory\tag[16]$204 ($dff) from module icache_dm (D = $0$memwr$\tag$icache_dm.v:31$45_DATA[7:0]$58 [7], Q = \tag[16] [7]).
Adding EN signal on $memory\tag[17]$206 ($dff) from module icache_dm (D = $0$memwr$\tag$icache_dm.v:31$45_DATA[7:0]$58 [0], Q = \tag[17] [0]).
Adding EN signal on $memory\tag[17]$206 ($dff) from module icache_dm (D = $0$memwr$\tag$icache_dm.v:31$45_DATA[7:0]$58 [1], Q = \tag[17] [1]).
Adding EN signal on $memory\tag[17]$206 ($dff) from module icache_dm (D = $0$memwr$\tag$icache_dm.v:31$45_DATA[7:0]$58 [2], Q = \tag[17] [2]).
Adding EN signal on $memory\tag[17]$206 ($dff) from module icache_dm (D = $0$memwr$\tag$icache_dm.v:31$45_DATA[7:0]$58 [3], Q = \tag[17] [3]).
Adding EN signal on $memory\tag[17]$206 ($dff) from module icache_dm (D = $0$memwr$\tag$icache_dm.v:31$45_DATA[7:0]$58 [4], Q = \tag[17] [4]).
Adding EN signal on $memory\tag[17]$206 ($dff) from module icache_dm (D = $0$memwr$\tag$icache_dm.v:31$45_DATA[7:0]$58 [5], Q = \tag[17] [5]).
Adding EN signal on $memory\tag[17]$206 ($dff) from module icache_dm (D = $0$memwr$\tag$icache_dm.v:31$45_DATA[7:0]$58 [6], Q = \tag[17] [6]).
Adding EN signal on $memory\tag[17]$206 ($dff) from module icache_dm (D = $0$memwr$\tag$icache_dm.v:31$45_DATA[7:0]$58 [7], Q = \tag[17] [7]).
Adding EN signal on $memory\tag[18]$208 ($dff) from module icache_dm (D = $0$memwr$\tag$icache_dm.v:31$45_DATA[7:0]$58 [0], Q = \tag[18] [0]).
Adding EN signal on $memory\tag[18]$208 ($dff) from module icache_dm (D = $0$memwr$\tag$icache_dm.v:31$45_DATA[7:0]$58 [1], Q = \tag[18] [1]).
Adding EN signal on $memory\tag[18]$208 ($dff) from module icache_dm (D = $0$memwr$\tag$icache_dm.v:31$45_DATA[7:0]$58 [2], Q = \tag[18] [2]).
Adding EN signal on $memory\tag[18]$208 ($dff) from module icache_dm (D = $0$memwr$\tag$icache_dm.v:31$45_DATA[7:0]$58 [3], Q = \tag[18] [3]).
Adding EN signal on $memory\tag[18]$208 ($dff) from module icache_dm (D = $0$memwr$\tag$icache_dm.v:31$45_DATA[7:0]$58 [4], Q = \tag[18] [4]).
Adding EN signal on $memory\tag[18]$208 ($dff) from module icache_dm (D = $0$memwr$\tag$icache_dm.v:31$45_DATA[7:0]$58 [5], Q = \tag[18] [5]).
Adding EN signal on $memory\tag[18]$208 ($dff) from module icache_dm (D = $0$memwr$\tag$icache_dm.v:31$45_DATA[7:0]$58 [6], Q = \tag[18] [6]).
Adding EN signal on $memory\tag[18]$208 ($dff) from module icache_dm (D = $0$memwr$\tag$icache_dm.v:31$45_DATA[7:0]$58 [7], Q = \tag[18] [7]).
Adding EN signal on $memory\tag[19]$210 ($dff) from module icache_dm (D = $0$memwr$\tag$icache_dm.v:31$45_DATA[7:0]$58 [0], Q = \tag[19] [0]).
Adding EN signal on $memory\tag[19]$210 ($dff) from module icache_dm (D = $0$memwr$\tag$icache_dm.v:31$45_DATA[7:0]$58 [1], Q = \tag[19] [1]).
Adding EN signal on $memory\tag[19]$210 ($dff) from module icache_dm (D = $0$memwr$\tag$icache_dm.v:31$45_DATA[7:0]$58 [2], Q = \tag[19] [2]).
Adding EN signal on $memory\tag[19]$210 ($dff) from module icache_dm (D = $0$memwr$\tag$icache_dm.v:31$45_DATA[7:0]$58 [3], Q = \tag[19] [3]).
Adding EN signal on $memory\tag[19]$210 ($dff) from module icache_dm (D = $0$memwr$\tag$icache_dm.v:31$45_DATA[7:0]$58 [4], Q = \tag[19] [4]).
Adding EN signal on $memory\tag[19]$210 ($dff) from module icache_dm (D = $0$memwr$\tag$icache_dm.v:31$45_DATA[7:0]$58 [5], Q = \tag[19] [5]).
Adding EN signal on $memory\tag[19]$210 ($dff) from module icache_dm (D = $0$memwr$\tag$icache_dm.v:31$45_DATA[7:0]$58 [6], Q = \tag[19] [6]).
Adding EN signal on $memory\tag[19]$210 ($dff) from module icache_dm (D = $0$memwr$\tag$icache_dm.v:31$45_DATA[7:0]$58 [7], Q = \tag[19] [7]).
Adding EN signal on $memory\tag[20]$212 ($dff) from module icache_dm (D = $0$memwr$\tag$icache_dm.v:31$45_DATA[7:0]$58 [0], Q = \tag[20] [0]).
Adding EN signal on $memory\tag[20]$212 ($dff) from module icache_dm (D = $0$memwr$\tag$icache_dm.v:31$45_DATA[7:0]$58 [1], Q = \tag[20] [1]).
Adding EN signal on $memory\tag[20]$212 ($dff) from module icache_dm (D = $0$memwr$\tag$icache_dm.v:31$45_DATA[7:0]$58 [2], Q = \tag[20] [2]).
Adding EN signal on $memory\tag[20]$212 ($dff) from module icache_dm (D = $0$memwr$\tag$icache_dm.v:31$45_DATA[7:0]$58 [3], Q = \tag[20] [3]).
Adding EN signal on $memory\tag[20]$212 ($dff) from module icache_dm (D = $0$memwr$\tag$icache_dm.v:31$45_DATA[7:0]$58 [4], Q = \tag[20] [4]).
Adding EN signal on $memory\tag[20]$212 ($dff) from module icache_dm (D = $0$memwr$\tag$icache_dm.v:31$45_DATA[7:0]$58 [5], Q = \tag[20] [5]).
Adding EN signal on $memory\tag[20]$212 ($dff) from module icache_dm (D = $0$memwr$\tag$icache_dm.v:31$45_DATA[7:0]$58 [6], Q = \tag[20] [6]).
Adding EN signal on $memory\tag[20]$212 ($dff) from module icache_dm (D = $0$memwr$\tag$icache_dm.v:31$45_DATA[7:0]$58 [7], Q = \tag[20] [7]).
Adding EN signal on $memory\tag[21]$214 ($dff) from module icache_dm (D = $0$memwr$\tag$icache_dm.v:31$45_DATA[7:0]$58 [0], Q = \tag[21] [0]).
Adding EN signal on $memory\tag[21]$214 ($dff) from module icache_dm (D = $0$memwr$\tag$icache_dm.v:31$45_DATA[7:0]$58 [1], Q = \tag[21] [1]).
Adding EN signal on $memory\tag[21]$214 ($dff) from module icache_dm (D = $0$memwr$\tag$icache_dm.v:31$45_DATA[7:0]$58 [2], Q = \tag[21] [2]).
Adding EN signal on $memory\tag[21]$214 ($dff) from module icache_dm (D = $0$memwr$\tag$icache_dm.v:31$45_DATA[7:0]$58 [3], Q = \tag[21] [3]).
Adding EN signal on $memory\tag[21]$214 ($dff) from module icache_dm (D = $0$memwr$\tag$icache_dm.v:31$45_DATA[7:0]$58 [4], Q = \tag[21] [4]).
Adding EN signal on $memory\tag[21]$214 ($dff) from module icache_dm (D = $0$memwr$\tag$icache_dm.v:31$45_DATA[7:0]$58 [5], Q = \tag[21] [5]).
Adding EN signal on $memory\tag[21]$214 ($dff) from module icache_dm (D = $0$memwr$\tag$icache_dm.v:31$45_DATA[7:0]$58 [6], Q = \tag[21] [6]).
Adding EN signal on $memory\tag[21]$214 ($dff) from module icache_dm (D = $0$memwr$\tag$icache_dm.v:31$45_DATA[7:0]$58 [7], Q = \tag[21] [7]).
Adding EN signal on $memory\tag[22]$216 ($dff) from module icache_dm (D = $0$memwr$\tag$icache_dm.v:31$45_DATA[7:0]$58 [0], Q = \tag[22] [0]).
Adding EN signal on $memory\tag[22]$216 ($dff) from module icache_dm (D = $0$memwr$\tag$icache_dm.v:31$45_DATA[7:0]$58 [1], Q = \tag[22] [1]).
Adding EN signal on $memory\tag[22]$216 ($dff) from module icache_dm (D = $0$memwr$\tag$icache_dm.v:31$45_DATA[7:0]$58 [2], Q = \tag[22] [2]).
Adding EN signal on $memory\tag[22]$216 ($dff) from module icache_dm (D = $0$memwr$\tag$icache_dm.v:31$45_DATA[7:0]$58 [3], Q = \tag[22] [3]).
Adding EN signal on $memory\tag[22]$216 ($dff) from module icache_dm (D = $0$memwr$\tag$icache_dm.v:31$45_DATA[7:0]$58 [4], Q = \tag[22] [4]).
Adding EN signal on $memory\tag[22]$216 ($dff) from module icache_dm (D = $0$memwr$\tag$icache_dm.v:31$45_DATA[7:0]$58 [5], Q = \tag[22] [5]).
Adding EN signal on $memory\tag[22]$216 ($dff) from module icache_dm (D = $0$memwr$\tag$icache_dm.v:31$45_DATA[7:0]$58 [6], Q = \tag[22] [6]).
Adding EN signal on $memory\tag[22]$216 ($dff) from module icache_dm (D = $0$memwr$\tag$icache_dm.v:31$45_DATA[7:0]$58 [7], Q = \tag[22] [7]).
Adding EN signal on $memory\tag[23]$218 ($dff) from module icache_dm (D = $0$memwr$\tag$icache_dm.v:31$45_DATA[7:0]$58 [0], Q = \tag[23] [0]).
Adding EN signal on $memory\tag[23]$218 ($dff) from module icache_dm (D = $0$memwr$\tag$icache_dm.v:31$45_DATA[7:0]$58 [1], Q = \tag[23] [1]).
Adding EN signal on $memory\tag[23]$218 ($dff) from module icache_dm (D = $0$memwr$\tag$icache_dm.v:31$45_DATA[7:0]$58 [2], Q = \tag[23] [2]).
Adding EN signal on $memory\tag[23]$218 ($dff) from module icache_dm (D = $0$memwr$\tag$icache_dm.v:31$45_DATA[7:0]$58 [3], Q = \tag[23] [3]).
Adding EN signal on $memory\tag[23]$218 ($dff) from module icache_dm (D = $0$memwr$\tag$icache_dm.v:31$45_DATA[7:0]$58 [4], Q = \tag[23] [4]).
Adding EN signal on $memory\tag[23]$218 ($dff) from module icache_dm (D = $0$memwr$\tag$icache_dm.v:31$45_DATA[7:0]$58 [5], Q = \tag[23] [5]).
Adding EN signal on $memory\tag[23]$218 ($dff) from module icache_dm (D = $0$memwr$\tag$icache_dm.v:31$45_DATA[7:0]$58 [6], Q = \tag[23] [6]).
Adding EN signal on $memory\tag[23]$218 ($dff) from module icache_dm (D = $0$memwr$\tag$icache_dm.v:31$45_DATA[7:0]$58 [7], Q = \tag[23] [7]).
Adding EN signal on $memory\tag[24]$220 ($dff) from module icache_dm (D = $0$memwr$\tag$icache_dm.v:31$45_DATA[7:0]$58 [0], Q = \tag[24] [0]).
Adding EN signal on $memory\tag[24]$220 ($dff) from module icache_dm (D = $0$memwr$\tag$icache_dm.v:31$45_DATA[7:0]$58 [1], Q = \tag[24] [1]).
Adding EN signal on $memory\tag[24]$220 ($dff) from module icache_dm (D = $0$memwr$\tag$icache_dm.v:31$45_DATA[7:0]$58 [2], Q = \tag[24] [2]).
Adding EN signal on $memory\tag[24]$220 ($dff) from module icache_dm (D = $0$memwr$\tag$icache_dm.v:31$45_DATA[7:0]$58 [3], Q = \tag[24] [3]).
Adding EN signal on $memory\tag[24]$220 ($dff) from module icache_dm (D = $0$memwr$\tag$icache_dm.v:31$45_DATA[7:0]$58 [4], Q = \tag[24] [4]).
Adding EN signal on $memory\tag[24]$220 ($dff) from module icache_dm (D = $0$memwr$\tag$icache_dm.v:31$45_DATA[7:0]$58 [5], Q = \tag[24] [5]).
Adding EN signal on $memory\tag[24]$220 ($dff) from module icache_dm (D = $0$memwr$\tag$icache_dm.v:31$45_DATA[7:0]$58 [6], Q = \tag[24] [6]).
Adding EN signal on $memory\tag[24]$220 ($dff) from module icache_dm (D = $0$memwr$\tag$icache_dm.v:31$45_DATA[7:0]$58 [7], Q = \tag[24] [7]).
Adding EN signal on $memory\tag[25]$222 ($dff) from module icache_dm (D = $0$memwr$\tag$icache_dm.v:31$45_DATA[7:0]$58 [0], Q = \tag[25] [0]).
Adding EN signal on $memory\tag[25]$222 ($dff) from module icache_dm (D = $0$memwr$\tag$icache_dm.v:31$45_DATA[7:0]$58 [1], Q = \tag[25] [1]).
Adding EN signal on $memory\tag[25]$222 ($dff) from module icache_dm (D = $0$memwr$\tag$icache_dm.v:31$45_DATA[7:0]$58 [2], Q = \tag[25] [2]).
Adding EN signal on $memory\tag[25]$222 ($dff) from module icache_dm (D = $0$memwr$\tag$icache_dm.v:31$45_DATA[7:0]$58 [3], Q = \tag[25] [3]).
Adding EN signal on $memory\tag[25]$222 ($dff) from module icache_dm (D = $0$memwr$\tag$icache_dm.v:31$45_DATA[7:0]$58 [4], Q = \tag[25] [4]).
Adding EN signal on $memory\tag[25]$222 ($dff) from module icache_dm (D = $0$memwr$\tag$icache_dm.v:31$45_DATA[7:0]$58 [5], Q = \tag[25] [5]).
Adding EN signal on $memory\tag[25]$222 ($dff) from module icache_dm (D = $0$memwr$\tag$icache_dm.v:31$45_DATA[7:0]$58 [6], Q = \tag[25] [6]).
Adding EN signal on $memory\tag[25]$222 ($dff) from module icache_dm (D = $0$memwr$\tag$icache_dm.v:31$45_DATA[7:0]$58 [7], Q = \tag[25] [7]).
Adding EN signal on $memory\tag[26]$224 ($dff) from module icache_dm (D = $0$memwr$\tag$icache_dm.v:31$45_DATA[7:0]$58 [0], Q = \tag[26] [0]).
Adding EN signal on $memory\tag[26]$224 ($dff) from module icache_dm (D = $0$memwr$\tag$icache_dm.v:31$45_DATA[7:0]$58 [1], Q = \tag[26] [1]).
Adding EN signal on $memory\tag[26]$224 ($dff) from module icache_dm (D = $0$memwr$\tag$icache_dm.v:31$45_DATA[7:0]$58 [2], Q = \tag[26] [2]).
Adding EN signal on $memory\tag[26]$224 ($dff) from module icache_dm (D = $0$memwr$\tag$icache_dm.v:31$45_DATA[7:0]$58 [3], Q = \tag[26] [3]).
Adding EN signal on $memory\tag[26]$224 ($dff) from module icache_dm (D = $0$memwr$\tag$icache_dm.v:31$45_DATA[7:0]$58 [4], Q = \tag[26] [4]).
Adding EN signal on $memory\tag[26]$224 ($dff) from module icache_dm (D = $0$memwr$\tag$icache_dm.v:31$45_DATA[7:0]$58 [5], Q = \tag[26] [5]).
Adding EN signal on $memory\tag[26]$224 ($dff) from module icache_dm (D = $0$memwr$\tag$icache_dm.v:31$45_DATA[7:0]$58 [6], Q = \tag[26] [6]).
Adding EN signal on $memory\tag[26]$224 ($dff) from module icache_dm (D = $0$memwr$\tag$icache_dm.v:31$45_DATA[7:0]$58 [7], Q = \tag[26] [7]).
Adding EN signal on $memory\tag[27]$226 ($dff) from module icache_dm (D = $0$memwr$\tag$icache_dm.v:31$45_DATA[7:0]$58 [0], Q = \tag[27] [0]).
Adding EN signal on $memory\tag[27]$226 ($dff) from module icache_dm (D = $0$memwr$\tag$icache_dm.v:31$45_DATA[7:0]$58 [1], Q = \tag[27] [1]).
Adding EN signal on $memory\tag[27]$226 ($dff) from module icache_dm (D = $0$memwr$\tag$icache_dm.v:31$45_DATA[7:0]$58 [2], Q = \tag[27] [2]).
Adding EN signal on $memory\tag[27]$226 ($dff) from module icache_dm (D = $0$memwr$\tag$icache_dm.v:31$45_DATA[7:0]$58 [3], Q = \tag[27] [3]).
Adding EN signal on $memory\tag[27]$226 ($dff) from module icache_dm (D = $0$memwr$\tag$icache_dm.v:31$45_DATA[7:0]$58 [4], Q = \tag[27] [4]).
Adding EN signal on $memory\tag[27]$226 ($dff) from module icache_dm (D = $0$memwr$\tag$icache_dm.v:31$45_DATA[7:0]$58 [5], Q = \tag[27] [5]).
Adding EN signal on $memory\tag[27]$226 ($dff) from module icache_dm (D = $0$memwr$\tag$icache_dm.v:31$45_DATA[7:0]$58 [6], Q = \tag[27] [6]).
Adding EN signal on $memory\tag[27]$226 ($dff) from module icache_dm (D = $0$memwr$\tag$icache_dm.v:31$45_DATA[7:0]$58 [7], Q = \tag[27] [7]).
Adding EN signal on $memory\tag[28]$228 ($dff) from module icache_dm (D = $0$memwr$\tag$icache_dm.v:31$45_DATA[7:0]$58 [0], Q = \tag[28] [0]).
Adding EN signal on $memory\tag[28]$228 ($dff) from module icache_dm (D = $0$memwr$\tag$icache_dm.v:31$45_DATA[7:0]$58 [1], Q = \tag[28] [1]).
Adding EN signal on $memory\tag[28]$228 ($dff) from module icache_dm (D = $0$memwr$\tag$icache_dm.v:31$45_DATA[7:0]$58 [2], Q = \tag[28] [2]).
Adding EN signal on $memory\tag[28]$228 ($dff) from module icache_dm (D = $0$memwr$\tag$icache_dm.v:31$45_DATA[7:0]$58 [3], Q = \tag[28] [3]).
Adding EN signal on $memory\tag[28]$228 ($dff) from module icache_dm (D = $0$memwr$\tag$icache_dm.v:31$45_DATA[7:0]$58 [4], Q = \tag[28] [4]).
Adding EN signal on $memory\tag[28]$228 ($dff) from module icache_dm (D = $0$memwr$\tag$icache_dm.v:31$45_DATA[7:0]$58 [5], Q = \tag[28] [5]).
Adding EN signal on $memory\tag[28]$228 ($dff) from module icache_dm (D = $0$memwr$\tag$icache_dm.v:31$45_DATA[7:0]$58 [6], Q = \tag[28] [6]).
Adding EN signal on $memory\tag[28]$228 ($dff) from module icache_dm (D = $0$memwr$\tag$icache_dm.v:31$45_DATA[7:0]$58 [7], Q = \tag[28] [7]).
Adding EN signal on $memory\tag[29]$230 ($dff) from module icache_dm (D = $0$memwr$\tag$icache_dm.v:31$45_DATA[7:0]$58 [0], Q = \tag[29] [0]).
Adding EN signal on $memory\tag[29]$230 ($dff) from module icache_dm (D = $0$memwr$\tag$icache_dm.v:31$45_DATA[7:0]$58 [1], Q = \tag[29] [1]).
Adding EN signal on $memory\tag[29]$230 ($dff) from module icache_dm (D = $0$memwr$\tag$icache_dm.v:31$45_DATA[7:0]$58 [2], Q = \tag[29] [2]).
Adding EN signal on $memory\tag[29]$230 ($dff) from module icache_dm (D = $0$memwr$\tag$icache_dm.v:31$45_DATA[7:0]$58 [3], Q = \tag[29] [3]).
Adding EN signal on $memory\tag[29]$230 ($dff) from module icache_dm (D = $0$memwr$\tag$icache_dm.v:31$45_DATA[7:0]$58 [4], Q = \tag[29] [4]).
Adding EN signal on $memory\tag[29]$230 ($dff) from module icache_dm (D = $0$memwr$\tag$icache_dm.v:31$45_DATA[7:0]$58 [5], Q = \tag[29] [5]).
Adding EN signal on $memory\tag[29]$230 ($dff) from module icache_dm (D = $0$memwr$\tag$icache_dm.v:31$45_DATA[7:0]$58 [6], Q = \tag[29] [6]).
Adding EN signal on $memory\tag[29]$230 ($dff) from module icache_dm (D = $0$memwr$\tag$icache_dm.v:31$45_DATA[7:0]$58 [7], Q = \tag[29] [7]).
Adding EN signal on $memory\tag[30]$232 ($dff) from module icache_dm (D = $0$memwr$\tag$icache_dm.v:31$45_DATA[7:0]$58 [0], Q = \tag[30] [0]).
Adding EN signal on $memory\tag[30]$232 ($dff) from module icache_dm (D = $0$memwr$\tag$icache_dm.v:31$45_DATA[7:0]$58 [1], Q = \tag[30] [1]).
Adding EN signal on $memory\tag[30]$232 ($dff) from module icache_dm (D = $0$memwr$\tag$icache_dm.v:31$45_DATA[7:0]$58 [2], Q = \tag[30] [2]).
Adding EN signal on $memory\tag[30]$232 ($dff) from module icache_dm (D = $0$memwr$\tag$icache_dm.v:31$45_DATA[7:0]$58 [3], Q = \tag[30] [3]).
Adding EN signal on $memory\tag[30]$232 ($dff) from module icache_dm (D = $0$memwr$\tag$icache_dm.v:31$45_DATA[7:0]$58 [4], Q = \tag[30] [4]).
Adding EN signal on $memory\tag[30]$232 ($dff) from module icache_dm (D = $0$memwr$\tag$icache_dm.v:31$45_DATA[7:0]$58 [5], Q = \tag[30] [5]).
Adding EN signal on $memory\tag[30]$232 ($dff) from module icache_dm (D = $0$memwr$\tag$icache_dm.v:31$45_DATA[7:0]$58 [6], Q = \tag[30] [6]).
Adding EN signal on $memory\tag[30]$232 ($dff) from module icache_dm (D = $0$memwr$\tag$icache_dm.v:31$45_DATA[7:0]$58 [7], Q = \tag[30] [7]).
Adding EN signal on $memory\tag[31]$234 ($dff) from module icache_dm (D = $0$memwr$\tag$icache_dm.v:31$45_DATA[7:0]$58 [0], Q = \tag[31] [0]).
Adding EN signal on $memory\tag[31]$234 ($dff) from module icache_dm (D = $0$memwr$\tag$icache_dm.v:31$45_DATA[7:0]$58 [1], Q = \tag[31] [1]).
Adding EN signal on $memory\tag[31]$234 ($dff) from module icache_dm (D = $0$memwr$\tag$icache_dm.v:31$45_DATA[7:0]$58 [2], Q = \tag[31] [2]).
Adding EN signal on $memory\tag[31]$234 ($dff) from module icache_dm (D = $0$memwr$\tag$icache_dm.v:31$45_DATA[7:0]$58 [3], Q = \tag[31] [3]).
Adding EN signal on $memory\tag[31]$234 ($dff) from module icache_dm (D = $0$memwr$\tag$icache_dm.v:31$45_DATA[7:0]$58 [4], Q = \tag[31] [4]).
Adding EN signal on $memory\tag[31]$234 ($dff) from module icache_dm (D = $0$memwr$\tag$icache_dm.v:31$45_DATA[7:0]$58 [5], Q = \tag[31] [5]).
Adding EN signal on $memory\tag[31]$234 ($dff) from module icache_dm (D = $0$memwr$\tag$icache_dm.v:31$45_DATA[7:0]$58 [6], Q = \tag[31] [6]).
Adding EN signal on $memory\tag[31]$234 ($dff) from module icache_dm (D = $0$memwr$\tag$icache_dm.v:31$45_DATA[7:0]$58 [7], Q = \tag[31] [7]).
Adding EN signal on $memory\tag[32]$236 ($dff) from module icache_dm (D = $0$memwr$\tag$icache_dm.v:31$45_DATA[7:0]$58 [0], Q = \tag[32] [0]).
Adding EN signal on $memory\tag[32]$236 ($dff) from module icache_dm (D = $0$memwr$\tag$icache_dm.v:31$45_DATA[7:0]$58 [1], Q = \tag[32] [1]).
Adding EN signal on $memory\tag[32]$236 ($dff) from module icache_dm (D = $0$memwr$\tag$icache_dm.v:31$45_DATA[7:0]$58 [2], Q = \tag[32] [2]).
Adding EN signal on $memory\tag[32]$236 ($dff) from module icache_dm (D = $0$memwr$\tag$icache_dm.v:31$45_DATA[7:0]$58 [3], Q = \tag[32] [3]).
Adding EN signal on $memory\tag[32]$236 ($dff) from module icache_dm (D = $0$memwr$\tag$icache_dm.v:31$45_DATA[7:0]$58 [4], Q = \tag[32] [4]).
Adding EN signal on $memory\tag[32]$236 ($dff) from module icache_dm (D = $0$memwr$\tag$icache_dm.v:31$45_DATA[7:0]$58 [5], Q = \tag[32] [5]).
Adding EN signal on $memory\tag[32]$236 ($dff) from module icache_dm (D = $0$memwr$\tag$icache_dm.v:31$45_DATA[7:0]$58 [6], Q = \tag[32] [6]).
Adding EN signal on $memory\tag[32]$236 ($dff) from module icache_dm (D = $0$memwr$\tag$icache_dm.v:31$45_DATA[7:0]$58 [7], Q = \tag[32] [7]).
Adding EN signal on $memory\tag[33]$238 ($dff) from module icache_dm (D = $0$memwr$\tag$icache_dm.v:31$45_DATA[7:0]$58 [0], Q = \tag[33] [0]).
Adding EN signal on $memory\tag[33]$238 ($dff) from module icache_dm (D = $0$memwr$\tag$icache_dm.v:31$45_DATA[7:0]$58 [1], Q = \tag[33] [1]).
Adding EN signal on $memory\tag[33]$238 ($dff) from module icache_dm (D = $0$memwr$\tag$icache_dm.v:31$45_DATA[7:0]$58 [2], Q = \tag[33] [2]).
Adding EN signal on $memory\tag[33]$238 ($dff) from module icache_dm (D = $0$memwr$\tag$icache_dm.v:31$45_DATA[7:0]$58 [3], Q = \tag[33] [3]).
Adding EN signal on $memory\tag[33]$238 ($dff) from module icache_dm (D = $0$memwr$\tag$icache_dm.v:31$45_DATA[7:0]$58 [4], Q = \tag[33] [4]).
Adding EN signal on $memory\tag[33]$238 ($dff) from module icache_dm (D = $0$memwr$\tag$icache_dm.v:31$45_DATA[7:0]$58 [5], Q = \tag[33] [5]).
Adding EN signal on $memory\tag[33]$238 ($dff) from module icache_dm (D = $0$memwr$\tag$icache_dm.v:31$45_DATA[7:0]$58 [6], Q = \tag[33] [6]).
Adding EN signal on $memory\tag[33]$238 ($dff) from module icache_dm (D = $0$memwr$\tag$icache_dm.v:31$45_DATA[7:0]$58 [7], Q = \tag[33] [7]).
Adding EN signal on $memory\tag[34]$240 ($dff) from module icache_dm (D = $0$memwr$\tag$icache_dm.v:31$45_DATA[7:0]$58 [0], Q = \tag[34] [0]).
Adding EN signal on $memory\tag[34]$240 ($dff) from module icache_dm (D = $0$memwr$\tag$icache_dm.v:31$45_DATA[7:0]$58 [1], Q = \tag[34] [1]).
Adding EN signal on $memory\tag[34]$240 ($dff) from module icache_dm (D = $0$memwr$\tag$icache_dm.v:31$45_DATA[7:0]$58 [2], Q = \tag[34] [2]).
Adding EN signal on $memory\tag[34]$240 ($dff) from module icache_dm (D = $0$memwr$\tag$icache_dm.v:31$45_DATA[7:0]$58 [3], Q = \tag[34] [3]).
Adding EN signal on $memory\tag[34]$240 ($dff) from module icache_dm (D = $0$memwr$\tag$icache_dm.v:31$45_DATA[7:0]$58 [4], Q = \tag[34] [4]).
Adding EN signal on $memory\tag[34]$240 ($dff) from module icache_dm (D = $0$memwr$\tag$icache_dm.v:31$45_DATA[7:0]$58 [5], Q = \tag[34] [5]).
Adding EN signal on $memory\tag[34]$240 ($dff) from module icache_dm (D = $0$memwr$\tag$icache_dm.v:31$45_DATA[7:0]$58 [6], Q = \tag[34] [6]).
Adding EN signal on $memory\tag[34]$240 ($dff) from module icache_dm (D = $0$memwr$\tag$icache_dm.v:31$45_DATA[7:0]$58 [7], Q = \tag[34] [7]).
Adding EN signal on $memory\tag[35]$242 ($dff) from module icache_dm (D = $0$memwr$\tag$icache_dm.v:31$45_DATA[7:0]$58 [0], Q = \tag[35] [0]).
Adding EN signal on $memory\tag[35]$242 ($dff) from module icache_dm (D = $0$memwr$\tag$icache_dm.v:31$45_DATA[7:0]$58 [1], Q = \tag[35] [1]).
Adding EN signal on $memory\tag[35]$242 ($dff) from module icache_dm (D = $0$memwr$\tag$icache_dm.v:31$45_DATA[7:0]$58 [2], Q = \tag[35] [2]).
Adding EN signal on $memory\tag[35]$242 ($dff) from module icache_dm (D = $0$memwr$\tag$icache_dm.v:31$45_DATA[7:0]$58 [3], Q = \tag[35] [3]).
Adding EN signal on $memory\tag[35]$242 ($dff) from module icache_dm (D = $0$memwr$\tag$icache_dm.v:31$45_DATA[7:0]$58 [4], Q = \tag[35] [4]).
Adding EN signal on $memory\tag[35]$242 ($dff) from module icache_dm (D = $0$memwr$\tag$icache_dm.v:31$45_DATA[7:0]$58 [5], Q = \tag[35] [5]).
Adding EN signal on $memory\tag[35]$242 ($dff) from module icache_dm (D = $0$memwr$\tag$icache_dm.v:31$45_DATA[7:0]$58 [6], Q = \tag[35] [6]).
Adding EN signal on $memory\tag[35]$242 ($dff) from module icache_dm (D = $0$memwr$\tag$icache_dm.v:31$45_DATA[7:0]$58 [7], Q = \tag[35] [7]).
Adding EN signal on $memory\tag[36]$244 ($dff) from module icache_dm (D = $0$memwr$\tag$icache_dm.v:31$45_DATA[7:0]$58 [0], Q = \tag[36] [0]).
Adding EN signal on $memory\tag[36]$244 ($dff) from module icache_dm (D = $0$memwr$\tag$icache_dm.v:31$45_DATA[7:0]$58 [1], Q = \tag[36] [1]).
Adding EN signal on $memory\tag[36]$244 ($dff) from module icache_dm (D = $0$memwr$\tag$icache_dm.v:31$45_DATA[7:0]$58 [2], Q = \tag[36] [2]).
Adding EN signal on $memory\tag[36]$244 ($dff) from module icache_dm (D = $0$memwr$\tag$icache_dm.v:31$45_DATA[7:0]$58 [3], Q = \tag[36] [3]).
Adding EN signal on $memory\tag[36]$244 ($dff) from module icache_dm (D = $0$memwr$\tag$icache_dm.v:31$45_DATA[7:0]$58 [4], Q = \tag[36] [4]).
Adding EN signal on $memory\tag[36]$244 ($dff) from module icache_dm (D = $0$memwr$\tag$icache_dm.v:31$45_DATA[7:0]$58 [5], Q = \tag[36] [5]).
Adding EN signal on $memory\tag[36]$244 ($dff) from module icache_dm (D = $0$memwr$\tag$icache_dm.v:31$45_DATA[7:0]$58 [6], Q = \tag[36] [6]).
Adding EN signal on $memory\tag[36]$244 ($dff) from module icache_dm (D = $0$memwr$\tag$icache_dm.v:31$45_DATA[7:0]$58 [7], Q = \tag[36] [7]).
Adding EN signal on $memory\tag[37]$246 ($dff) from module icache_dm (D = $0$memwr$\tag$icache_dm.v:31$45_DATA[7:0]$58 [0], Q = \tag[37] [0]).
Adding EN signal on $memory\tag[37]$246 ($dff) from module icache_dm (D = $0$memwr$\tag$icache_dm.v:31$45_DATA[7:0]$58 [1], Q = \tag[37] [1]).
Adding EN signal on $memory\tag[37]$246 ($dff) from module icache_dm (D = $0$memwr$\tag$icache_dm.v:31$45_DATA[7:0]$58 [2], Q = \tag[37] [2]).
Adding EN signal on $memory\tag[37]$246 ($dff) from module icache_dm (D = $0$memwr$\tag$icache_dm.v:31$45_DATA[7:0]$58 [3], Q = \tag[37] [3]).
Adding EN signal on $memory\tag[37]$246 ($dff) from module icache_dm (D = $0$memwr$\tag$icache_dm.v:31$45_DATA[7:0]$58 [4], Q = \tag[37] [4]).
Adding EN signal on $memory\tag[37]$246 ($dff) from module icache_dm (D = $0$memwr$\tag$icache_dm.v:31$45_DATA[7:0]$58 [5], Q = \tag[37] [5]).
Adding EN signal on $memory\tag[37]$246 ($dff) from module icache_dm (D = $0$memwr$\tag$icache_dm.v:31$45_DATA[7:0]$58 [6], Q = \tag[37] [6]).
Adding EN signal on $memory\tag[37]$246 ($dff) from module icache_dm (D = $0$memwr$\tag$icache_dm.v:31$45_DATA[7:0]$58 [7], Q = \tag[37] [7]).
Adding EN signal on $memory\tag[38]$248 ($dff) from module icache_dm (D = $0$memwr$\tag$icache_dm.v:31$45_DATA[7:0]$58 [0], Q = \tag[38] [0]).
Adding EN signal on $memory\tag[38]$248 ($dff) from module icache_dm (D = $0$memwr$\tag$icache_dm.v:31$45_DATA[7:0]$58 [1], Q = \tag[38] [1]).
Adding EN signal on $memory\tag[38]$248 ($dff) from module icache_dm (D = $0$memwr$\tag$icache_dm.v:31$45_DATA[7:0]$58 [2], Q = \tag[38] [2]).
Adding EN signal on $memory\tag[38]$248 ($dff) from module icache_dm (D = $0$memwr$\tag$icache_dm.v:31$45_DATA[7:0]$58 [3], Q = \tag[38] [3]).
Adding EN signal on $memory\tag[38]$248 ($dff) from module icache_dm (D = $0$memwr$\tag$icache_dm.v:31$45_DATA[7:0]$58 [4], Q = \tag[38] [4]).
Adding EN signal on $memory\tag[38]$248 ($dff) from module icache_dm (D = $0$memwr$\tag$icache_dm.v:31$45_DATA[7:0]$58 [5], Q = \tag[38] [5]).
Adding EN signal on $memory\tag[38]$248 ($dff) from module icache_dm (D = $0$memwr$\tag$icache_dm.v:31$45_DATA[7:0]$58 [6], Q = \tag[38] [6]).
Adding EN signal on $memory\tag[38]$248 ($dff) from module icache_dm (D = $0$memwr$\tag$icache_dm.v:31$45_DATA[7:0]$58 [7], Q = \tag[38] [7]).
Adding EN signal on $memory\tag[39]$250 ($dff) from module icache_dm (D = $0$memwr$\tag$icache_dm.v:31$45_DATA[7:0]$58 [0], Q = \tag[39] [0]).
Adding EN signal on $memory\tag[39]$250 ($dff) from module icache_dm (D = $0$memwr$\tag$icache_dm.v:31$45_DATA[7:0]$58 [1], Q = \tag[39] [1]).
Adding EN signal on $memory\tag[39]$250 ($dff) from module icache_dm (D = $0$memwr$\tag$icache_dm.v:31$45_DATA[7:0]$58 [2], Q = \tag[39] [2]).
Adding EN signal on $memory\tag[39]$250 ($dff) from module icache_dm (D = $0$memwr$\tag$icache_dm.v:31$45_DATA[7:0]$58 [3], Q = \tag[39] [3]).
Adding EN signal on $memory\tag[39]$250 ($dff) from module icache_dm (D = $0$memwr$\tag$icache_dm.v:31$45_DATA[7:0]$58 [4], Q = \tag[39] [4]).
Adding EN signal on $memory\tag[39]$250 ($dff) from module icache_dm (D = $0$memwr$\tag$icache_dm.v:31$45_DATA[7:0]$58 [5], Q = \tag[39] [5]).
Adding EN signal on $memory\tag[39]$250 ($dff) from module icache_dm (D = $0$memwr$\tag$icache_dm.v:31$45_DATA[7:0]$58 [6], Q = \tag[39] [6]).
Adding EN signal on $memory\tag[39]$250 ($dff) from module icache_dm (D = $0$memwr$\tag$icache_dm.v:31$45_DATA[7:0]$58 [7], Q = \tag[39] [7]).
Adding EN signal on $memory\tag[40]$252 ($dff) from module icache_dm (D = $0$memwr$\tag$icache_dm.v:31$45_DATA[7:0]$58 [0], Q = \tag[40] [0]).
Adding EN signal on $memory\tag[40]$252 ($dff) from module icache_dm (D = $0$memwr$\tag$icache_dm.v:31$45_DATA[7:0]$58 [1], Q = \tag[40] [1]).
Adding EN signal on $memory\tag[40]$252 ($dff) from module icache_dm (D = $0$memwr$\tag$icache_dm.v:31$45_DATA[7:0]$58 [2], Q = \tag[40] [2]).
Adding EN signal on $memory\tag[40]$252 ($dff) from module icache_dm (D = $0$memwr$\tag$icache_dm.v:31$45_DATA[7:0]$58 [3], Q = \tag[40] [3]).
Adding EN signal on $memory\tag[40]$252 ($dff) from module icache_dm (D = $0$memwr$\tag$icache_dm.v:31$45_DATA[7:0]$58 [4], Q = \tag[40] [4]).
Adding EN signal on $memory\tag[40]$252 ($dff) from module icache_dm (D = $0$memwr$\tag$icache_dm.v:31$45_DATA[7:0]$58 [5], Q = \tag[40] [5]).
Adding EN signal on $memory\tag[40]$252 ($dff) from module icache_dm (D = $0$memwr$\tag$icache_dm.v:31$45_DATA[7:0]$58 [6], Q = \tag[40] [6]).
Adding EN signal on $memory\tag[40]$252 ($dff) from module icache_dm (D = $0$memwr$\tag$icache_dm.v:31$45_DATA[7:0]$58 [7], Q = \tag[40] [7]).
Adding EN signal on $memory\tag[41]$254 ($dff) from module icache_dm (D = $0$memwr$\tag$icache_dm.v:31$45_DATA[7:0]$58 [0], Q = \tag[41] [0]).
Adding EN signal on $memory\tag[41]$254 ($dff) from module icache_dm (D = $0$memwr$\tag$icache_dm.v:31$45_DATA[7:0]$58 [1], Q = \tag[41] [1]).
Adding EN signal on $memory\tag[41]$254 ($dff) from module icache_dm (D = $0$memwr$\tag$icache_dm.v:31$45_DATA[7:0]$58 [2], Q = \tag[41] [2]).
Adding EN signal on $memory\tag[41]$254 ($dff) from module icache_dm (D = $0$memwr$\tag$icache_dm.v:31$45_DATA[7:0]$58 [3], Q = \tag[41] [3]).
Adding EN signal on $memory\tag[41]$254 ($dff) from module icache_dm (D = $0$memwr$\tag$icache_dm.v:31$45_DATA[7:0]$58 [4], Q = \tag[41] [4]).
Adding EN signal on $memory\tag[41]$254 ($dff) from module icache_dm (D = $0$memwr$\tag$icache_dm.v:31$45_DATA[7:0]$58 [5], Q = \tag[41] [5]).
Adding EN signal on $memory\tag[41]$254 ($dff) from module icache_dm (D = $0$memwr$\tag$icache_dm.v:31$45_DATA[7:0]$58 [6], Q = \tag[41] [6]).
Adding EN signal on $memory\tag[41]$254 ($dff) from module icache_dm (D = $0$memwr$\tag$icache_dm.v:31$45_DATA[7:0]$58 [7], Q = \tag[41] [7]).
Adding EN signal on $memory\tag[42]$256 ($dff) from module icache_dm (D = $0$memwr$\tag$icache_dm.v:31$45_DATA[7:0]$58 [0], Q = \tag[42] [0]).
Adding EN signal on $memory\tag[42]$256 ($dff) from module icache_dm (D = $0$memwr$\tag$icache_dm.v:31$45_DATA[7:0]$58 [1], Q = \tag[42] [1]).
Adding EN signal on $memory\tag[42]$256 ($dff) from module icache_dm (D = $0$memwr$\tag$icache_dm.v:31$45_DATA[7:0]$58 [2], Q = \tag[42] [2]).
Adding EN signal on $memory\tag[42]$256 ($dff) from module icache_dm (D = $0$memwr$\tag$icache_dm.v:31$45_DATA[7:0]$58 [3], Q = \tag[42] [3]).
Adding EN signal on $memory\tag[42]$256 ($dff) from module icache_dm (D = $0$memwr$\tag$icache_dm.v:31$45_DATA[7:0]$58 [4], Q = \tag[42] [4]).
Adding EN signal on $memory\tag[42]$256 ($dff) from module icache_dm (D = $0$memwr$\tag$icache_dm.v:31$45_DATA[7:0]$58 [5], Q = \tag[42] [5]).
Adding EN signal on $memory\tag[42]$256 ($dff) from module icache_dm (D = $0$memwr$\tag$icache_dm.v:31$45_DATA[7:0]$58 [6], Q = \tag[42] [6]).
Adding EN signal on $memory\tag[42]$256 ($dff) from module icache_dm (D = $0$memwr$\tag$icache_dm.v:31$45_DATA[7:0]$58 [7], Q = \tag[42] [7]).
Adding EN signal on $memory\tag[43]$258 ($dff) from module icache_dm (D = $0$memwr$\tag$icache_dm.v:31$45_DATA[7:0]$58 [0], Q = \tag[43] [0]).
Adding EN signal on $memory\tag[43]$258 ($dff) from module icache_dm (D = $0$memwr$\tag$icache_dm.v:31$45_DATA[7:0]$58 [1], Q = \tag[43] [1]).
Adding EN signal on $memory\tag[43]$258 ($dff) from module icache_dm (D = $0$memwr$\tag$icache_dm.v:31$45_DATA[7:0]$58 [2], Q = \tag[43] [2]).
Adding EN signal on $memory\tag[43]$258 ($dff) from module icache_dm (D = $0$memwr$\tag$icache_dm.v:31$45_DATA[7:0]$58 [3], Q = \tag[43] [3]).
Adding EN signal on $memory\tag[43]$258 ($dff) from module icache_dm (D = $0$memwr$\tag$icache_dm.v:31$45_DATA[7:0]$58 [4], Q = \tag[43] [4]).
Adding EN signal on $memory\tag[43]$258 ($dff) from module icache_dm (D = $0$memwr$\tag$icache_dm.v:31$45_DATA[7:0]$58 [5], Q = \tag[43] [5]).
Adding EN signal on $memory\tag[43]$258 ($dff) from module icache_dm (D = $0$memwr$\tag$icache_dm.v:31$45_DATA[7:0]$58 [6], Q = \tag[43] [6]).
Adding EN signal on $memory\tag[43]$258 ($dff) from module icache_dm (D = $0$memwr$\tag$icache_dm.v:31$45_DATA[7:0]$58 [7], Q = \tag[43] [7]).
Adding EN signal on $memory\tag[44]$260 ($dff) from module icache_dm (D = $0$memwr$\tag$icache_dm.v:31$45_DATA[7:0]$58 [0], Q = \tag[44] [0]).
Adding EN signal on $memory\tag[44]$260 ($dff) from module icache_dm (D = $0$memwr$\tag$icache_dm.v:31$45_DATA[7:0]$58 [1], Q = \tag[44] [1]).
Adding EN signal on $memory\tag[44]$260 ($dff) from module icache_dm (D = $0$memwr$\tag$icache_dm.v:31$45_DATA[7:0]$58 [2], Q = \tag[44] [2]).
Adding EN signal on $memory\tag[44]$260 ($dff) from module icache_dm (D = $0$memwr$\tag$icache_dm.v:31$45_DATA[7:0]$58 [3], Q = \tag[44] [3]).
Adding EN signal on $memory\tag[44]$260 ($dff) from module icache_dm (D = $0$memwr$\tag$icache_dm.v:31$45_DATA[7:0]$58 [4], Q = \tag[44] [4]).
Adding EN signal on $memory\tag[44]$260 ($dff) from module icache_dm (D = $0$memwr$\tag$icache_dm.v:31$45_DATA[7:0]$58 [5], Q = \tag[44] [5]).
Adding EN signal on $memory\tag[44]$260 ($dff) from module icache_dm (D = $0$memwr$\tag$icache_dm.v:31$45_DATA[7:0]$58 [6], Q = \tag[44] [6]).
Adding EN signal on $memory\tag[44]$260 ($dff) from module icache_dm (D = $0$memwr$\tag$icache_dm.v:31$45_DATA[7:0]$58 [7], Q = \tag[44] [7]).
Adding EN signal on $memory\tag[45]$262 ($dff) from module icache_dm (D = $0$memwr$\tag$icache_dm.v:31$45_DATA[7:0]$58 [0], Q = \tag[45] [0]).
Adding EN signal on $memory\tag[45]$262 ($dff) from module icache_dm (D = $0$memwr$\tag$icache_dm.v:31$45_DATA[7:0]$58 [1], Q = \tag[45] [1]).
Adding EN signal on $memory\tag[45]$262 ($dff) from module icache_dm (D = $0$memwr$\tag$icache_dm.v:31$45_DATA[7:0]$58 [2], Q = \tag[45] [2]).
Adding EN signal on $memory\tag[45]$262 ($dff) from module icache_dm (D = $0$memwr$\tag$icache_dm.v:31$45_DATA[7:0]$58 [3], Q = \tag[45] [3]).
Adding EN signal on $memory\tag[45]$262 ($dff) from module icache_dm (D = $0$memwr$\tag$icache_dm.v:31$45_DATA[7:0]$58 [4], Q = \tag[45] [4]).
Adding EN signal on $memory\tag[45]$262 ($dff) from module icache_dm (D = $0$memwr$\tag$icache_dm.v:31$45_DATA[7:0]$58 [5], Q = \tag[45] [5]).
Adding EN signal on $memory\tag[45]$262 ($dff) from module icache_dm (D = $0$memwr$\tag$icache_dm.v:31$45_DATA[7:0]$58 [6], Q = \tag[45] [6]).
Adding EN signal on $memory\tag[45]$262 ($dff) from module icache_dm (D = $0$memwr$\tag$icache_dm.v:31$45_DATA[7:0]$58 [7], Q = \tag[45] [7]).
Adding EN signal on $memory\tag[46]$264 ($dff) from module icache_dm (D = $0$memwr$\tag$icache_dm.v:31$45_DATA[7:0]$58 [0], Q = \tag[46] [0]).
Adding EN signal on $memory\tag[46]$264 ($dff) from module icache_dm (D = $0$memwr$\tag$icache_dm.v:31$45_DATA[7:0]$58 [1], Q = \tag[46] [1]).
Adding EN signal on $memory\tag[46]$264 ($dff) from module icache_dm (D = $0$memwr$\tag$icache_dm.v:31$45_DATA[7:0]$58 [2], Q = \tag[46] [2]).
Adding EN signal on $memory\tag[46]$264 ($dff) from module icache_dm (D = $0$memwr$\tag$icache_dm.v:31$45_DATA[7:0]$58 [3], Q = \tag[46] [3]).
Adding EN signal on $memory\tag[46]$264 ($dff) from module icache_dm (D = $0$memwr$\tag$icache_dm.v:31$45_DATA[7:0]$58 [4], Q = \tag[46] [4]).
Adding EN signal on $memory\tag[46]$264 ($dff) from module icache_dm (D = $0$memwr$\tag$icache_dm.v:31$45_DATA[7:0]$58 [5], Q = \tag[46] [5]).
Adding EN signal on $memory\tag[46]$264 ($dff) from module icache_dm (D = $0$memwr$\tag$icache_dm.v:31$45_DATA[7:0]$58 [6], Q = \tag[46] [6]).
Adding EN signal on $memory\tag[46]$264 ($dff) from module icache_dm (D = $0$memwr$\tag$icache_dm.v:31$45_DATA[7:0]$58 [7], Q = \tag[46] [7]).
Adding EN signal on $memory\tag[47]$266 ($dff) from module icache_dm (D = $0$memwr$\tag$icache_dm.v:31$45_DATA[7:0]$58 [0], Q = \tag[47] [0]).
Adding EN signal on $memory\tag[47]$266 ($dff) from module icache_dm (D = $0$memwr$\tag$icache_dm.v:31$45_DATA[7:0]$58 [1], Q = \tag[47] [1]).
Adding EN signal on $memory\tag[47]$266 ($dff) from module icache_dm (D = $0$memwr$\tag$icache_dm.v:31$45_DATA[7:0]$58 [2], Q = \tag[47] [2]).
Adding EN signal on $memory\tag[47]$266 ($dff) from module icache_dm (D = $0$memwr$\tag$icache_dm.v:31$45_DATA[7:0]$58 [3], Q = \tag[47] [3]).
Adding EN signal on $memory\tag[47]$266 ($dff) from module icache_dm (D = $0$memwr$\tag$icache_dm.v:31$45_DATA[7:0]$58 [4], Q = \tag[47] [4]).
Adding EN signal on $memory\tag[47]$266 ($dff) from module icache_dm (D = $0$memwr$\tag$icache_dm.v:31$45_DATA[7:0]$58 [5], Q = \tag[47] [5]).
Adding EN signal on $memory\tag[47]$266 ($dff) from module icache_dm (D = $0$memwr$\tag$icache_dm.v:31$45_DATA[7:0]$58 [6], Q = \tag[47] [6]).
Adding EN signal on $memory\tag[47]$266 ($dff) from module icache_dm (D = $0$memwr$\tag$icache_dm.v:31$45_DATA[7:0]$58 [7], Q = \tag[47] [7]).
Adding EN signal on $memory\tag[48]$268 ($dff) from module icache_dm (D = $0$memwr$\tag$icache_dm.v:31$45_DATA[7:0]$58 [0], Q = \tag[48] [0]).
Adding EN signal on $memory\tag[48]$268 ($dff) from module icache_dm (D = $0$memwr$\tag$icache_dm.v:31$45_DATA[7:0]$58 [1], Q = \tag[48] [1]).
Adding EN signal on $memory\tag[48]$268 ($dff) from module icache_dm (D = $0$memwr$\tag$icache_dm.v:31$45_DATA[7:0]$58 [2], Q = \tag[48] [2]).
Adding EN signal on $memory\tag[48]$268 ($dff) from module icache_dm (D = $0$memwr$\tag$icache_dm.v:31$45_DATA[7:0]$58 [3], Q = \tag[48] [3]).
Adding EN signal on $memory\tag[48]$268 ($dff) from module icache_dm (D = $0$memwr$\tag$icache_dm.v:31$45_DATA[7:0]$58 [4], Q = \tag[48] [4]).
Adding EN signal on $memory\tag[48]$268 ($dff) from module icache_dm (D = $0$memwr$\tag$icache_dm.v:31$45_DATA[7:0]$58 [5], Q = \tag[48] [5]).
Adding EN signal on $memory\tag[48]$268 ($dff) from module icache_dm (D = $0$memwr$\tag$icache_dm.v:31$45_DATA[7:0]$58 [6], Q = \tag[48] [6]).
Adding EN signal on $memory\tag[48]$268 ($dff) from module icache_dm (D = $0$memwr$\tag$icache_dm.v:31$45_DATA[7:0]$58 [7], Q = \tag[48] [7]).
Adding EN signal on $memory\tag[49]$270 ($dff) from module icache_dm (D = $0$memwr$\tag$icache_dm.v:31$45_DATA[7:0]$58 [0], Q = \tag[49] [0]).
Adding EN signal on $memory\tag[49]$270 ($dff) from module icache_dm (D = $0$memwr$\tag$icache_dm.v:31$45_DATA[7:0]$58 [1], Q = \tag[49] [1]).
Adding EN signal on $memory\tag[49]$270 ($dff) from module icache_dm (D = $0$memwr$\tag$icache_dm.v:31$45_DATA[7:0]$58 [2], Q = \tag[49] [2]).
Adding EN signal on $memory\tag[49]$270 ($dff) from module icache_dm (D = $0$memwr$\tag$icache_dm.v:31$45_DATA[7:0]$58 [3], Q = \tag[49] [3]).
Adding EN signal on $memory\tag[49]$270 ($dff) from module icache_dm (D = $0$memwr$\tag$icache_dm.v:31$45_DATA[7:0]$58 [4], Q = \tag[49] [4]).
Adding EN signal on $memory\tag[49]$270 ($dff) from module icache_dm (D = $0$memwr$\tag$icache_dm.v:31$45_DATA[7:0]$58 [5], Q = \tag[49] [5]).
Adding EN signal on $memory\tag[49]$270 ($dff) from module icache_dm (D = $0$memwr$\tag$icache_dm.v:31$45_DATA[7:0]$58 [6], Q = \tag[49] [6]).
Adding EN signal on $memory\tag[49]$270 ($dff) from module icache_dm (D = $0$memwr$\tag$icache_dm.v:31$45_DATA[7:0]$58 [7], Q = \tag[49] [7]).
Adding EN signal on $memory\tag[50]$272 ($dff) from module icache_dm (D = $0$memwr$\tag$icache_dm.v:31$45_DATA[7:0]$58 [0], Q = \tag[50] [0]).
Adding EN signal on $memory\tag[50]$272 ($dff) from module icache_dm (D = $0$memwr$\tag$icache_dm.v:31$45_DATA[7:0]$58 [1], Q = \tag[50] [1]).
Adding EN signal on $memory\tag[50]$272 ($dff) from module icache_dm (D = $0$memwr$\tag$icache_dm.v:31$45_DATA[7:0]$58 [2], Q = \tag[50] [2]).
Adding EN signal on $memory\tag[50]$272 ($dff) from module icache_dm (D = $0$memwr$\tag$icache_dm.v:31$45_DATA[7:0]$58 [3], Q = \tag[50] [3]).
Adding EN signal on $memory\tag[50]$272 ($dff) from module icache_dm (D = $0$memwr$\tag$icache_dm.v:31$45_DATA[7:0]$58 [4], Q = \tag[50] [4]).
Adding EN signal on $memory\tag[50]$272 ($dff) from module icache_dm (D = $0$memwr$\tag$icache_dm.v:31$45_DATA[7:0]$58 [5], Q = \tag[50] [5]).
Adding EN signal on $memory\tag[50]$272 ($dff) from module icache_dm (D = $0$memwr$\tag$icache_dm.v:31$45_DATA[7:0]$58 [6], Q = \tag[50] [6]).
Adding EN signal on $memory\tag[50]$272 ($dff) from module icache_dm (D = $0$memwr$\tag$icache_dm.v:31$45_DATA[7:0]$58 [7], Q = \tag[50] [7]).
Adding EN signal on $memory\tag[51]$274 ($dff) from module icache_dm (D = $0$memwr$\tag$icache_dm.v:31$45_DATA[7:0]$58 [0], Q = \tag[51] [0]).
Adding EN signal on $memory\tag[51]$274 ($dff) from module icache_dm (D = $0$memwr$\tag$icache_dm.v:31$45_DATA[7:0]$58 [1], Q = \tag[51] [1]).
Adding EN signal on $memory\tag[51]$274 ($dff) from module icache_dm (D = $0$memwr$\tag$icache_dm.v:31$45_DATA[7:0]$58 [2], Q = \tag[51] [2]).
Adding EN signal on $memory\tag[51]$274 ($dff) from module icache_dm (D = $0$memwr$\tag$icache_dm.v:31$45_DATA[7:0]$58 [3], Q = \tag[51] [3]).
Adding EN signal on $memory\tag[51]$274 ($dff) from module icache_dm (D = $0$memwr$\tag$icache_dm.v:31$45_DATA[7:0]$58 [4], Q = \tag[51] [4]).
Adding EN signal on $memory\tag[51]$274 ($dff) from module icache_dm (D = $0$memwr$\tag$icache_dm.v:31$45_DATA[7:0]$58 [5], Q = \tag[51] [5]).
Adding EN signal on $memory\tag[51]$274 ($dff) from module icache_dm (D = $0$memwr$\tag$icache_dm.v:31$45_DATA[7:0]$58 [6], Q = \tag[51] [6]).
Adding EN signal on $memory\tag[51]$274 ($dff) from module icache_dm (D = $0$memwr$\tag$icache_dm.v:31$45_DATA[7:0]$58 [7], Q = \tag[51] [7]).
Adding EN signal on $memory\tag[52]$276 ($dff) from module icache_dm (D = $0$memwr$\tag$icache_dm.v:31$45_DATA[7:0]$58 [0], Q = \tag[52] [0]).
Adding EN signal on $memory\tag[52]$276 ($dff) from module icache_dm (D = $0$memwr$\tag$icache_dm.v:31$45_DATA[7:0]$58 [1], Q = \tag[52] [1]).
Adding EN signal on $memory\tag[52]$276 ($dff) from module icache_dm (D = $0$memwr$\tag$icache_dm.v:31$45_DATA[7:0]$58 [2], Q = \tag[52] [2]).
Adding EN signal on $memory\tag[52]$276 ($dff) from module icache_dm (D = $0$memwr$\tag$icache_dm.v:31$45_DATA[7:0]$58 [3], Q = \tag[52] [3]).
Adding EN signal on $memory\tag[52]$276 ($dff) from module icache_dm (D = $0$memwr$\tag$icache_dm.v:31$45_DATA[7:0]$58 [4], Q = \tag[52] [4]).
Adding EN signal on $memory\tag[52]$276 ($dff) from module icache_dm (D = $0$memwr$\tag$icache_dm.v:31$45_DATA[7:0]$58 [5], Q = \tag[52] [5]).
Adding EN signal on $memory\tag[52]$276 ($dff) from module icache_dm (D = $0$memwr$\tag$icache_dm.v:31$45_DATA[7:0]$58 [6], Q = \tag[52] [6]).
Adding EN signal on $memory\tag[52]$276 ($dff) from module icache_dm (D = $0$memwr$\tag$icache_dm.v:31$45_DATA[7:0]$58 [7], Q = \tag[52] [7]).
Adding EN signal on $memory\tag[53]$278 ($dff) from module icache_dm (D = $0$memwr$\tag$icache_dm.v:31$45_DATA[7:0]$58 [0], Q = \tag[53] [0]).
Adding EN signal on $memory\tag[53]$278 ($dff) from module icache_dm (D = $0$memwr$\tag$icache_dm.v:31$45_DATA[7:0]$58 [1], Q = \tag[53] [1]).
Adding EN signal on $memory\tag[53]$278 ($dff) from module icache_dm (D = $0$memwr$\tag$icache_dm.v:31$45_DATA[7:0]$58 [2], Q = \tag[53] [2]).
Adding EN signal on $memory\tag[53]$278 ($dff) from module icache_dm (D = $0$memwr$\tag$icache_dm.v:31$45_DATA[7:0]$58 [3], Q = \tag[53] [3]).
Adding EN signal on $memory\tag[53]$278 ($dff) from module icache_dm (D = $0$memwr$\tag$icache_dm.v:31$45_DATA[7:0]$58 [4], Q = \tag[53] [4]).
Adding EN signal on $memory\tag[53]$278 ($dff) from module icache_dm (D = $0$memwr$\tag$icache_dm.v:31$45_DATA[7:0]$58 [5], Q = \tag[53] [5]).
Adding EN signal on $memory\tag[53]$278 ($dff) from module icache_dm (D = $0$memwr$\tag$icache_dm.v:31$45_DATA[7:0]$58 [6], Q = \tag[53] [6]).
Adding EN signal on $memory\tag[53]$278 ($dff) from module icache_dm (D = $0$memwr$\tag$icache_dm.v:31$45_DATA[7:0]$58 [7], Q = \tag[53] [7]).
Adding EN signal on $memory\tag[54]$280 ($dff) from module icache_dm (D = $0$memwr$\tag$icache_dm.v:31$45_DATA[7:0]$58 [0], Q = \tag[54] [0]).
Adding EN signal on $memory\tag[54]$280 ($dff) from module icache_dm (D = $0$memwr$\tag$icache_dm.v:31$45_DATA[7:0]$58 [1], Q = \tag[54] [1]).
Adding EN signal on $memory\tag[54]$280 ($dff) from module icache_dm (D = $0$memwr$\tag$icache_dm.v:31$45_DATA[7:0]$58 [2], Q = \tag[54] [2]).
Adding EN signal on $memory\tag[54]$280 ($dff) from module icache_dm (D = $0$memwr$\tag$icache_dm.v:31$45_DATA[7:0]$58 [3], Q = \tag[54] [3]).
Adding EN signal on $memory\tag[54]$280 ($dff) from module icache_dm (D = $0$memwr$\tag$icache_dm.v:31$45_DATA[7:0]$58 [4], Q = \tag[54] [4]).
Adding EN signal on $memory\tag[54]$280 ($dff) from module icache_dm (D = $0$memwr$\tag$icache_dm.v:31$45_DATA[7:0]$58 [5], Q = \tag[54] [5]).
Adding EN signal on $memory\tag[54]$280 ($dff) from module icache_dm (D = $0$memwr$\tag$icache_dm.v:31$45_DATA[7:0]$58 [6], Q = \tag[54] [6]).
Adding EN signal on $memory\tag[54]$280 ($dff) from module icache_dm (D = $0$memwr$\tag$icache_dm.v:31$45_DATA[7:0]$58 [7], Q = \tag[54] [7]).
Adding EN signal on $memory\tag[55]$282 ($dff) from module icache_dm (D = $0$memwr$\tag$icache_dm.v:31$45_DATA[7:0]$58 [0], Q = \tag[55] [0]).
Adding EN signal on $memory\tag[55]$282 ($dff) from module icache_dm (D = $0$memwr$\tag$icache_dm.v:31$45_DATA[7:0]$58 [1], Q = \tag[55] [1]).
Adding EN signal on $memory\tag[55]$282 ($dff) from module icache_dm (D = $0$memwr$\tag$icache_dm.v:31$45_DATA[7:0]$58 [2], Q = \tag[55] [2]).
Adding EN signal on $memory\tag[55]$282 ($dff) from module icache_dm (D = $0$memwr$\tag$icache_dm.v:31$45_DATA[7:0]$58 [3], Q = \tag[55] [3]).
Adding EN signal on $memory\tag[55]$282 ($dff) from module icache_dm (D = $0$memwr$\tag$icache_dm.v:31$45_DATA[7:0]$58 [4], Q = \tag[55] [4]).
Adding EN signal on $memory\tag[55]$282 ($dff) from module icache_dm (D = $0$memwr$\tag$icache_dm.v:31$45_DATA[7:0]$58 [5], Q = \tag[55] [5]).
Adding EN signal on $memory\tag[55]$282 ($dff) from module icache_dm (D = $0$memwr$\tag$icache_dm.v:31$45_DATA[7:0]$58 [6], Q = \tag[55] [6]).
Adding EN signal on $memory\tag[55]$282 ($dff) from module icache_dm (D = $0$memwr$\tag$icache_dm.v:31$45_DATA[7:0]$58 [7], Q = \tag[55] [7]).
Adding EN signal on $memory\tag[56]$284 ($dff) from module icache_dm (D = $0$memwr$\tag$icache_dm.v:31$45_DATA[7:0]$58 [0], Q = \tag[56] [0]).
Adding EN signal on $memory\tag[56]$284 ($dff) from module icache_dm (D = $0$memwr$\tag$icache_dm.v:31$45_DATA[7:0]$58 [1], Q = \tag[56] [1]).
Adding EN signal on $memory\tag[56]$284 ($dff) from module icache_dm (D = $0$memwr$\tag$icache_dm.v:31$45_DATA[7:0]$58 [2], Q = \tag[56] [2]).
Adding EN signal on $memory\tag[56]$284 ($dff) from module icache_dm (D = $0$memwr$\tag$icache_dm.v:31$45_DATA[7:0]$58 [3], Q = \tag[56] [3]).
Adding EN signal on $memory\tag[56]$284 ($dff) from module icache_dm (D = $0$memwr$\tag$icache_dm.v:31$45_DATA[7:0]$58 [4], Q = \tag[56] [4]).
Adding EN signal on $memory\tag[56]$284 ($dff) from module icache_dm (D = $0$memwr$\tag$icache_dm.v:31$45_DATA[7:0]$58 [5], Q = \tag[56] [5]).
Adding EN signal on $memory\tag[56]$284 ($dff) from module icache_dm (D = $0$memwr$\tag$icache_dm.v:31$45_DATA[7:0]$58 [6], Q = \tag[56] [6]).
Adding EN signal on $memory\tag[56]$284 ($dff) from module icache_dm (D = $0$memwr$\tag$icache_dm.v:31$45_DATA[7:0]$58 [7], Q = \tag[56] [7]).
Adding EN signal on $memory\tag[57]$286 ($dff) from module icache_dm (D = $0$memwr$\tag$icache_dm.v:31$45_DATA[7:0]$58 [0], Q = \tag[57] [0]).
Adding EN signal on $memory\tag[57]$286 ($dff) from module icache_dm (D = $0$memwr$\tag$icache_dm.v:31$45_DATA[7:0]$58 [1], Q = \tag[57] [1]).
Adding EN signal on $memory\tag[57]$286 ($dff) from module icache_dm (D = $0$memwr$\tag$icache_dm.v:31$45_DATA[7:0]$58 [2], Q = \tag[57] [2]).
Adding EN signal on $memory\tag[57]$286 ($dff) from module icache_dm (D = $0$memwr$\tag$icache_dm.v:31$45_DATA[7:0]$58 [3], Q = \tag[57] [3]).
Adding EN signal on $memory\tag[57]$286 ($dff) from module icache_dm (D = $0$memwr$\tag$icache_dm.v:31$45_DATA[7:0]$58 [4], Q = \tag[57] [4]).
Adding EN signal on $memory\tag[57]$286 ($dff) from module icache_dm (D = $0$memwr$\tag$icache_dm.v:31$45_DATA[7:0]$58 [5], Q = \tag[57] [5]).
Adding EN signal on $memory\tag[57]$286 ($dff) from module icache_dm (D = $0$memwr$\tag$icache_dm.v:31$45_DATA[7:0]$58 [6], Q = \tag[57] [6]).
Adding EN signal on $memory\tag[57]$286 ($dff) from module icache_dm (D = $0$memwr$\tag$icache_dm.v:31$45_DATA[7:0]$58 [7], Q = \tag[57] [7]).
Adding EN signal on $memory\tag[58]$288 ($dff) from module icache_dm (D = $0$memwr$\tag$icache_dm.v:31$45_DATA[7:0]$58 [0], Q = \tag[58] [0]).
Adding EN signal on $memory\tag[58]$288 ($dff) from module icache_dm (D = $0$memwr$\tag$icache_dm.v:31$45_DATA[7:0]$58 [1], Q = \tag[58] [1]).
Adding EN signal on $memory\tag[58]$288 ($dff) from module icache_dm (D = $0$memwr$\tag$icache_dm.v:31$45_DATA[7:0]$58 [2], Q = \tag[58] [2]).
Adding EN signal on $memory\tag[58]$288 ($dff) from module icache_dm (D = $0$memwr$\tag$icache_dm.v:31$45_DATA[7:0]$58 [3], Q = \tag[58] [3]).
Adding EN signal on $memory\tag[58]$288 ($dff) from module icache_dm (D = $0$memwr$\tag$icache_dm.v:31$45_DATA[7:0]$58 [4], Q = \tag[58] [4]).
Adding EN signal on $memory\tag[58]$288 ($dff) from module icache_dm (D = $0$memwr$\tag$icache_dm.v:31$45_DATA[7:0]$58 [5], Q = \tag[58] [5]).
Adding EN signal on $memory\tag[58]$288 ($dff) from module icache_dm (D = $0$memwr$\tag$icache_dm.v:31$45_DATA[7:0]$58 [6], Q = \tag[58] [6]).
Adding EN signal on $memory\tag[58]$288 ($dff) from module icache_dm (D = $0$memwr$\tag$icache_dm.v:31$45_DATA[7:0]$58 [7], Q = \tag[58] [7]).
Adding EN signal on $memory\tag[59]$290 ($dff) from module icache_dm (D = $0$memwr$\tag$icache_dm.v:31$45_DATA[7:0]$58 [0], Q = \tag[59] [0]).
Adding EN signal on $memory\tag[59]$290 ($dff) from module icache_dm (D = $0$memwr$\tag$icache_dm.v:31$45_DATA[7:0]$58 [1], Q = \tag[59] [1]).
Adding EN signal on $memory\tag[59]$290 ($dff) from module icache_dm (D = $0$memwr$\tag$icache_dm.v:31$45_DATA[7:0]$58 [2], Q = \tag[59] [2]).
Adding EN signal on $memory\tag[59]$290 ($dff) from module icache_dm (D = $0$memwr$\tag$icache_dm.v:31$45_DATA[7:0]$58 [3], Q = \tag[59] [3]).
Adding EN signal on $memory\tag[59]$290 ($dff) from module icache_dm (D = $0$memwr$\tag$icache_dm.v:31$45_DATA[7:0]$58 [4], Q = \tag[59] [4]).
Adding EN signal on $memory\tag[59]$290 ($dff) from module icache_dm (D = $0$memwr$\tag$icache_dm.v:31$45_DATA[7:0]$58 [5], Q = \tag[59] [5]).
Adding EN signal on $memory\tag[59]$290 ($dff) from module icache_dm (D = $0$memwr$\tag$icache_dm.v:31$45_DATA[7:0]$58 [6], Q = \tag[59] [6]).
Adding EN signal on $memory\tag[59]$290 ($dff) from module icache_dm (D = $0$memwr$\tag$icache_dm.v:31$45_DATA[7:0]$58 [7], Q = \tag[59] [7]).
Adding EN signal on $memory\tag[60]$292 ($dff) from module icache_dm (D = $0$memwr$\tag$icache_dm.v:31$45_DATA[7:0]$58 [0], Q = \tag[60] [0]).
Adding EN signal on $memory\tag[60]$292 ($dff) from module icache_dm (D = $0$memwr$\tag$icache_dm.v:31$45_DATA[7:0]$58 [1], Q = \tag[60] [1]).
Adding EN signal on $memory\tag[60]$292 ($dff) from module icache_dm (D = $0$memwr$\tag$icache_dm.v:31$45_DATA[7:0]$58 [2], Q = \tag[60] [2]).
Adding EN signal on $memory\tag[60]$292 ($dff) from module icache_dm (D = $0$memwr$\tag$icache_dm.v:31$45_DATA[7:0]$58 [3], Q = \tag[60] [3]).
Adding EN signal on $memory\tag[60]$292 ($dff) from module icache_dm (D = $0$memwr$\tag$icache_dm.v:31$45_DATA[7:0]$58 [4], Q = \tag[60] [4]).
Adding EN signal on $memory\tag[60]$292 ($dff) from module icache_dm (D = $0$memwr$\tag$icache_dm.v:31$45_DATA[7:0]$58 [5], Q = \tag[60] [5]).
Adding EN signal on $memory\tag[60]$292 ($dff) from module icache_dm (D = $0$memwr$\tag$icache_dm.v:31$45_DATA[7:0]$58 [6], Q = \tag[60] [6]).
Adding EN signal on $memory\tag[60]$292 ($dff) from module icache_dm (D = $0$memwr$\tag$icache_dm.v:31$45_DATA[7:0]$58 [7], Q = \tag[60] [7]).
Adding EN signal on $memory\tag[61]$294 ($dff) from module icache_dm (D = $0$memwr$\tag$icache_dm.v:31$45_DATA[7:0]$58 [0], Q = \tag[61] [0]).
Adding EN signal on $memory\tag[61]$294 ($dff) from module icache_dm (D = $0$memwr$\tag$icache_dm.v:31$45_DATA[7:0]$58 [1], Q = \tag[61] [1]).
Adding EN signal on $memory\tag[61]$294 ($dff) from module icache_dm (D = $0$memwr$\tag$icache_dm.v:31$45_DATA[7:0]$58 [2], Q = \tag[61] [2]).
Adding EN signal on $memory\tag[61]$294 ($dff) from module icache_dm (D = $0$memwr$\tag$icache_dm.v:31$45_DATA[7:0]$58 [3], Q = \tag[61] [3]).
Adding EN signal on $memory\tag[61]$294 ($dff) from module icache_dm (D = $0$memwr$\tag$icache_dm.v:31$45_DATA[7:0]$58 [4], Q = \tag[61] [4]).
Adding EN signal on $memory\tag[61]$294 ($dff) from module icache_dm (D = $0$memwr$\tag$icache_dm.v:31$45_DATA[7:0]$58 [5], Q = \tag[61] [5]).
Adding EN signal on $memory\tag[61]$294 ($dff) from module icache_dm (D = $0$memwr$\tag$icache_dm.v:31$45_DATA[7:0]$58 [6], Q = \tag[61] [6]).
Adding EN signal on $memory\tag[61]$294 ($dff) from module icache_dm (D = $0$memwr$\tag$icache_dm.v:31$45_DATA[7:0]$58 [7], Q = \tag[61] [7]).
Adding EN signal on $memory\tag[62]$296 ($dff) from module icache_dm (D = $0$memwr$\tag$icache_dm.v:31$45_DATA[7:0]$58 [0], Q = \tag[62] [0]).
Adding EN signal on $memory\tag[62]$296 ($dff) from module icache_dm (D = $0$memwr$\tag$icache_dm.v:31$45_DATA[7:0]$58 [1], Q = \tag[62] [1]).
Adding EN signal on $memory\tag[62]$296 ($dff) from module icache_dm (D = $0$memwr$\tag$icache_dm.v:31$45_DATA[7:0]$58 [2], Q = \tag[62] [2]).
Adding EN signal on $memory\tag[62]$296 ($dff) from module icache_dm (D = $0$memwr$\tag$icache_dm.v:31$45_DATA[7:0]$58 [3], Q = \tag[62] [3]).
Adding EN signal on $memory\tag[62]$296 ($dff) from module icache_dm (D = $0$memwr$\tag$icache_dm.v:31$45_DATA[7:0]$58 [4], Q = \tag[62] [4]).
Adding EN signal on $memory\tag[62]$296 ($dff) from module icache_dm (D = $0$memwr$\tag$icache_dm.v:31$45_DATA[7:0]$58 [5], Q = \tag[62] [5]).
Adding EN signal on $memory\tag[62]$296 ($dff) from module icache_dm (D = $0$memwr$\tag$icache_dm.v:31$45_DATA[7:0]$58 [6], Q = \tag[62] [6]).
Adding EN signal on $memory\tag[62]$296 ($dff) from module icache_dm (D = $0$memwr$\tag$icache_dm.v:31$45_DATA[7:0]$58 [7], Q = \tag[62] [7]).
Adding EN signal on $memory\tag[63]$298 ($dff) from module icache_dm (D = $0$memwr$\tag$icache_dm.v:31$45_DATA[7:0]$58 [0], Q = \tag[63] [0]).
Adding EN signal on $memory\tag[63]$298 ($dff) from module icache_dm (D = $0$memwr$\tag$icache_dm.v:31$45_DATA[7:0]$58 [1], Q = \tag[63] [1]).
Adding EN signal on $memory\tag[63]$298 ($dff) from module icache_dm (D = $0$memwr$\tag$icache_dm.v:31$45_DATA[7:0]$58 [2], Q = \tag[63] [2]).
Adding EN signal on $memory\tag[63]$298 ($dff) from module icache_dm (D = $0$memwr$\tag$icache_dm.v:31$45_DATA[7:0]$58 [3], Q = \tag[63] [3]).
Adding EN signal on $memory\tag[63]$298 ($dff) from module icache_dm (D = $0$memwr$\tag$icache_dm.v:31$45_DATA[7:0]$58 [4], Q = \tag[63] [4]).
Adding EN signal on $memory\tag[63]$298 ($dff) from module icache_dm (D = $0$memwr$\tag$icache_dm.v:31$45_DATA[7:0]$58 [5], Q = \tag[63] [5]).
Adding EN signal on $memory\tag[63]$298 ($dff) from module icache_dm (D = $0$memwr$\tag$icache_dm.v:31$45_DATA[7:0]$58 [6], Q = \tag[63] [6]).
Adding EN signal on $memory\tag[63]$298 ($dff) from module icache_dm (D = $0$memwr$\tag$icache_dm.v:31$45_DATA[7:0]$58 [7], Q = \tag[63] [7]).
Adding EN signal on $memory\data[0]$2737 ($dff) from module icache_dm (D = $0$memwr$\data$icache_dm.v:30$44_DATA[31:0]$55 [0], Q = \data[0] [0]).
Adding EN signal on $memory\data[0]$2737 ($dff) from module icache_dm (D = $0$memwr$\data$icache_dm.v:30$44_DATA[31:0]$55 [1], Q = \data[0] [1]).
Adding EN signal on $memory\data[0]$2737 ($dff) from module icache_dm (D = $0$memwr$\data$icache_dm.v:30$44_DATA[31:0]$55 [2], Q = \data[0] [2]).
Adding EN signal on $memory\data[0]$2737 ($dff) from module icache_dm (D = $0$memwr$\data$icache_dm.v:30$44_DATA[31:0]$55 [3], Q = \data[0] [3]).
Adding EN signal on $memory\data[0]$2737 ($dff) from module icache_dm (D = $0$memwr$\data$icache_dm.v:30$44_DATA[31:0]$55 [4], Q = \data[0] [4]).
Adding EN signal on $memory\data[0]$2737 ($dff) from module icache_dm (D = $0$memwr$\data$icache_dm.v:30$44_DATA[31:0]$55 [5], Q = \data[0] [5]).
Adding EN signal on $memory\data[0]$2737 ($dff) from module icache_dm (D = $0$memwr$\data$icache_dm.v:30$44_DATA[31:0]$55 [6], Q = \data[0] [6]).
Adding EN signal on $memory\data[0]$2737 ($dff) from module icache_dm (D = $0$memwr$\data$icache_dm.v:30$44_DATA[31:0]$55 [7], Q = \data[0] [7]).
Adding EN signal on $memory\data[0]$2737 ($dff) from module icache_dm (D = $0$memwr$\data$icache_dm.v:30$44_DATA[31:0]$55 [8], Q = \data[0] [8]).
Adding EN signal on $memory\data[0]$2737 ($dff) from module icache_dm (D = $0$memwr$\data$icache_dm.v:30$44_DATA[31:0]$55 [9], Q = \data[0] [9]).
Adding EN signal on $memory\data[0]$2737 ($dff) from module icache_dm (D = $0$memwr$\data$icache_dm.v:30$44_DATA[31:0]$55 [10], Q = \data[0] [10]).
Adding EN signal on $memory\data[0]$2737 ($dff) from module icache_dm (D = $0$memwr$\data$icache_dm.v:30$44_DATA[31:0]$55 [11], Q = \data[0] [11]).
Adding EN signal on $memory\data[0]$2737 ($dff) from module icache_dm (D = $0$memwr$\data$icache_dm.v:30$44_DATA[31:0]$55 [12], Q = \data[0] [12]).
Adding EN signal on $memory\data[0]$2737 ($dff) from module icache_dm (D = $0$memwr$\data$icache_dm.v:30$44_DATA[31:0]$55 [13], Q = \data[0] [13]).
Adding EN signal on $memory\data[0]$2737 ($dff) from module icache_dm (D = $0$memwr$\data$icache_dm.v:30$44_DATA[31:0]$55 [14], Q = \data[0] [14]).
Adding EN signal on $memory\data[0]$2737 ($dff) from module icache_dm (D = $0$memwr$\data$icache_dm.v:30$44_DATA[31:0]$55 [15], Q = \data[0] [15]).
Adding EN signal on $memory\data[0]$2737 ($dff) from module icache_dm (D = $0$memwr$\data$icache_dm.v:30$44_DATA[31:0]$55 [16], Q = \data[0] [16]).
Adding EN signal on $memory\data[0]$2737 ($dff) from module icache_dm (D = $0$memwr$\data$icache_dm.v:30$44_DATA[31:0]$55 [17], Q = \data[0] [17]).
Adding EN signal on $memory\data[0]$2737 ($dff) from module icache_dm (D = $0$memwr$\data$icache_dm.v:30$44_DATA[31:0]$55 [18], Q = \data[0] [18]).
Adding EN signal on $memory\data[0]$2737 ($dff) from module icache_dm (D = $0$memwr$\data$icache_dm.v:30$44_DATA[31:0]$55 [19], Q = \data[0] [19]).
Adding EN signal on $memory\data[0]$2737 ($dff) from module icache_dm (D = $0$memwr$\data$icache_dm.v:30$44_DATA[31:0]$55 [20], Q = \data[0] [20]).
Adding EN signal on $memory\data[0]$2737 ($dff) from module icache_dm (D = $0$memwr$\data$icache_dm.v:30$44_DATA[31:0]$55 [21], Q = \data[0] [21]).
Adding EN signal on $memory\data[0]$2737 ($dff) from module icache_dm (D = $0$memwr$\data$icache_dm.v:30$44_DATA[31:0]$55 [22], Q = \data[0] [22]).
Adding EN signal on $memory\data[0]$2737 ($dff) from module icache_dm (D = $0$memwr$\data$icache_dm.v:30$44_DATA[31:0]$55 [23], Q = \data[0] [23]).
Adding EN signal on $memory\data[0]$2737 ($dff) from module icache_dm (D = $0$memwr$\data$icache_dm.v:30$44_DATA[31:0]$55 [24], Q = \data[0] [24]).
Adding EN signal on $memory\data[0]$2737 ($dff) from module icache_dm (D = $0$memwr$\data$icache_dm.v:30$44_DATA[31:0]$55 [25], Q = \data[0] [25]).
Adding EN signal on $memory\data[0]$2737 ($dff) from module icache_dm (D = $0$memwr$\data$icache_dm.v:30$44_DATA[31:0]$55 [26], Q = \data[0] [26]).
Adding EN signal on $memory\data[0]$2737 ($dff) from module icache_dm (D = $0$memwr$\data$icache_dm.v:30$44_DATA[31:0]$55 [27], Q = \data[0] [27]).
Adding EN signal on $memory\data[0]$2737 ($dff) from module icache_dm (D = $0$memwr$\data$icache_dm.v:30$44_DATA[31:0]$55 [28], Q = \data[0] [28]).
Adding EN signal on $memory\data[0]$2737 ($dff) from module icache_dm (D = $0$memwr$\data$icache_dm.v:30$44_DATA[31:0]$55 [29], Q = \data[0] [29]).
Adding EN signal on $memory\data[0]$2737 ($dff) from module icache_dm (D = $0$memwr$\data$icache_dm.v:30$44_DATA[31:0]$55 [30], Q = \data[0] [30]).
Adding EN signal on $memory\data[0]$2737 ($dff) from module icache_dm (D = $0$memwr$\data$icache_dm.v:30$44_DATA[31:0]$55 [31], Q = \data[0] [31]).
Adding EN signal on $memory\data[1]$2739 ($dff) from module icache_dm (D = $0$memwr$\data$icache_dm.v:30$44_DATA[31:0]$55 [0], Q = \data[1] [0]).
Adding EN signal on $memory\data[1]$2739 ($dff) from module icache_dm (D = $0$memwr$\data$icache_dm.v:30$44_DATA[31:0]$55 [1], Q = \data[1] [1]).
Adding EN signal on $memory\data[1]$2739 ($dff) from module icache_dm (D = $0$memwr$\data$icache_dm.v:30$44_DATA[31:0]$55 [2], Q = \data[1] [2]).
Adding EN signal on $memory\data[1]$2739 ($dff) from module icache_dm (D = $0$memwr$\data$icache_dm.v:30$44_DATA[31:0]$55 [3], Q = \data[1] [3]).
Adding EN signal on $memory\data[1]$2739 ($dff) from module icache_dm (D = $0$memwr$\data$icache_dm.v:30$44_DATA[31:0]$55 [4], Q = \data[1] [4]).
Adding EN signal on $memory\data[1]$2739 ($dff) from module icache_dm (D = $0$memwr$\data$icache_dm.v:30$44_DATA[31:0]$55 [5], Q = \data[1] [5]).
Adding EN signal on $memory\data[1]$2739 ($dff) from module icache_dm (D = $0$memwr$\data$icache_dm.v:30$44_DATA[31:0]$55 [6], Q = \data[1] [6]).
Adding EN signal on $memory\data[1]$2739 ($dff) from module icache_dm (D = $0$memwr$\data$icache_dm.v:30$44_DATA[31:0]$55 [7], Q = \data[1] [7]).
Adding EN signal on $memory\data[1]$2739 ($dff) from module icache_dm (D = $0$memwr$\data$icache_dm.v:30$44_DATA[31:0]$55 [8], Q = \data[1] [8]).
Adding EN signal on $memory\data[1]$2739 ($dff) from module icache_dm (D = $0$memwr$\data$icache_dm.v:30$44_DATA[31:0]$55 [9], Q = \data[1] [9]).
Adding EN signal on $memory\data[1]$2739 ($dff) from module icache_dm (D = $0$memwr$\data$icache_dm.v:30$44_DATA[31:0]$55 [10], Q = \data[1] [10]).
Adding EN signal on $memory\data[1]$2739 ($dff) from module icache_dm (D = $0$memwr$\data$icache_dm.v:30$44_DATA[31:0]$55 [11], Q = \data[1] [11]).
Adding EN signal on $memory\data[1]$2739 ($dff) from module icache_dm (D = $0$memwr$\data$icache_dm.v:30$44_DATA[31:0]$55 [12], Q = \data[1] [12]).
Adding EN signal on $memory\data[1]$2739 ($dff) from module icache_dm (D = $0$memwr$\data$icache_dm.v:30$44_DATA[31:0]$55 [13], Q = \data[1] [13]).
Adding EN signal on $memory\data[1]$2739 ($dff) from module icache_dm (D = $0$memwr$\data$icache_dm.v:30$44_DATA[31:0]$55 [14], Q = \data[1] [14]).
Adding EN signal on $memory\data[1]$2739 ($dff) from module icache_dm (D = $0$memwr$\data$icache_dm.v:30$44_DATA[31:0]$55 [15], Q = \data[1] [15]).
Adding EN signal on $memory\data[1]$2739 ($dff) from module icache_dm (D = $0$memwr$\data$icache_dm.v:30$44_DATA[31:0]$55 [16], Q = \data[1] [16]).
Adding EN signal on $memory\data[1]$2739 ($dff) from module icache_dm (D = $0$memwr$\data$icache_dm.v:30$44_DATA[31:0]$55 [17], Q = \data[1] [17]).
Adding EN signal on $memory\data[1]$2739 ($dff) from module icache_dm (D = $0$memwr$\data$icache_dm.v:30$44_DATA[31:0]$55 [18], Q = \data[1] [18]).
Adding EN signal on $memory\data[1]$2739 ($dff) from module icache_dm (D = $0$memwr$\data$icache_dm.v:30$44_DATA[31:0]$55 [19], Q = \data[1] [19]).
Adding EN signal on $memory\data[1]$2739 ($dff) from module icache_dm (D = $0$memwr$\data$icache_dm.v:30$44_DATA[31:0]$55 [20], Q = \data[1] [20]).
Adding EN signal on $memory\data[1]$2739 ($dff) from module icache_dm (D = $0$memwr$\data$icache_dm.v:30$44_DATA[31:0]$55 [21], Q = \data[1] [21]).
Adding EN signal on $memory\data[1]$2739 ($dff) from module icache_dm (D = $0$memwr$\data$icache_dm.v:30$44_DATA[31:0]$55 [22], Q = \data[1] [22]).
Adding EN signal on $memory\data[1]$2739 ($dff) from module icache_dm (D = $0$memwr$\data$icache_dm.v:30$44_DATA[31:0]$55 [23], Q = \data[1] [23]).
Adding EN signal on $memory\data[1]$2739 ($dff) from module icache_dm (D = $0$memwr$\data$icache_dm.v:30$44_DATA[31:0]$55 [24], Q = \data[1] [24]).
Adding EN signal on $memory\data[1]$2739 ($dff) from module icache_dm (D = $0$memwr$\data$icache_dm.v:30$44_DATA[31:0]$55 [25], Q = \data[1] [25]).
Adding EN signal on $memory\data[1]$2739 ($dff) from module icache_dm (D = $0$memwr$\data$icache_dm.v:30$44_DATA[31:0]$55 [26], Q = \data[1] [26]).
Adding EN signal on $memory\data[1]$2739 ($dff) from module icache_dm (D = $0$memwr$\data$icache_dm.v:30$44_DATA[31:0]$55 [27], Q = \data[1] [27]).
Adding EN signal on $memory\data[1]$2739 ($dff) from module icache_dm (D = $0$memwr$\data$icache_dm.v:30$44_DATA[31:0]$55 [28], Q = \data[1] [28]).
Adding EN signal on $memory\data[1]$2739 ($dff) from module icache_dm (D = $0$memwr$\data$icache_dm.v:30$44_DATA[31:0]$55 [29], Q = \data[1] [29]).
Adding EN signal on $memory\data[1]$2739 ($dff) from module icache_dm (D = $0$memwr$\data$icache_dm.v:30$44_DATA[31:0]$55 [30], Q = \data[1] [30]).
Adding EN signal on $memory\data[1]$2739 ($dff) from module icache_dm (D = $0$memwr$\data$icache_dm.v:30$44_DATA[31:0]$55 [31], Q = \data[1] [31]).
Adding EN signal on $memory\data[2]$2741 ($dff) from module icache_dm (D = $0$memwr$\data$icache_dm.v:30$44_DATA[31:0]$55 [0], Q = \data[2] [0]).
Adding EN signal on $memory\data[2]$2741 ($dff) from module icache_dm (D = $0$memwr$\data$icache_dm.v:30$44_DATA[31:0]$55 [1], Q = \data[2] [1]).
Adding EN signal on $memory\data[2]$2741 ($dff) from module icache_dm (D = $0$memwr$\data$icache_dm.v:30$44_DATA[31:0]$55 [2], Q = \data[2] [2]).
Adding EN signal on $memory\data[2]$2741 ($dff) from module icache_dm (D = $0$memwr$\data$icache_dm.v:30$44_DATA[31:0]$55 [3], Q = \data[2] [3]).
Adding EN signal on $memory\data[2]$2741 ($dff) from module icache_dm (D = $0$memwr$\data$icache_dm.v:30$44_DATA[31:0]$55 [4], Q = \data[2] [4]).
Adding EN signal on $memory\data[2]$2741 ($dff) from module icache_dm (D = $0$memwr$\data$icache_dm.v:30$44_DATA[31:0]$55 [5], Q = \data[2] [5]).
Adding EN signal on $memory\data[2]$2741 ($dff) from module icache_dm (D = $0$memwr$\data$icache_dm.v:30$44_DATA[31:0]$55 [6], Q = \data[2] [6]).
Adding EN signal on $memory\data[2]$2741 ($dff) from module icache_dm (D = $0$memwr$\data$icache_dm.v:30$44_DATA[31:0]$55 [7], Q = \data[2] [7]).
Adding EN signal on $memory\data[2]$2741 ($dff) from module icache_dm (D = $0$memwr$\data$icache_dm.v:30$44_DATA[31:0]$55 [8], Q = \data[2] [8]).
Adding EN signal on $memory\data[2]$2741 ($dff) from module icache_dm (D = $0$memwr$\data$icache_dm.v:30$44_DATA[31:0]$55 [9], Q = \data[2] [9]).
Adding EN signal on $memory\data[2]$2741 ($dff) from module icache_dm (D = $0$memwr$\data$icache_dm.v:30$44_DATA[31:0]$55 [10], Q = \data[2] [10]).
Adding EN signal on $memory\data[2]$2741 ($dff) from module icache_dm (D = $0$memwr$\data$icache_dm.v:30$44_DATA[31:0]$55 [11], Q = \data[2] [11]).
Adding EN signal on $memory\data[2]$2741 ($dff) from module icache_dm (D = $0$memwr$\data$icache_dm.v:30$44_DATA[31:0]$55 [12], Q = \data[2] [12]).
Adding EN signal on $memory\data[2]$2741 ($dff) from module icache_dm (D = $0$memwr$\data$icache_dm.v:30$44_DATA[31:0]$55 [13], Q = \data[2] [13]).
Adding EN signal on $memory\data[2]$2741 ($dff) from module icache_dm (D = $0$memwr$\data$icache_dm.v:30$44_DATA[31:0]$55 [14], Q = \data[2] [14]).
Adding EN signal on $memory\data[2]$2741 ($dff) from module icache_dm (D = $0$memwr$\data$icache_dm.v:30$44_DATA[31:0]$55 [15], Q = \data[2] [15]).
Adding EN signal on $memory\data[2]$2741 ($dff) from module icache_dm (D = $0$memwr$\data$icache_dm.v:30$44_DATA[31:0]$55 [16], Q = \data[2] [16]).
Adding EN signal on $memory\data[2]$2741 ($dff) from module icache_dm (D = $0$memwr$\data$icache_dm.v:30$44_DATA[31:0]$55 [17], Q = \data[2] [17]).
Adding EN signal on $memory\data[2]$2741 ($dff) from module icache_dm (D = $0$memwr$\data$icache_dm.v:30$44_DATA[31:0]$55 [18], Q = \data[2] [18]).
Adding EN signal on $memory\data[2]$2741 ($dff) from module icache_dm (D = $0$memwr$\data$icache_dm.v:30$44_DATA[31:0]$55 [19], Q = \data[2] [19]).
Adding EN signal on $memory\data[2]$2741 ($dff) from module icache_dm (D = $0$memwr$\data$icache_dm.v:30$44_DATA[31:0]$55 [20], Q = \data[2] [20]).
Adding EN signal on $memory\data[2]$2741 ($dff) from module icache_dm (D = $0$memwr$\data$icache_dm.v:30$44_DATA[31:0]$55 [21], Q = \data[2] [21]).
Adding EN signal on $memory\data[2]$2741 ($dff) from module icache_dm (D = $0$memwr$\data$icache_dm.v:30$44_DATA[31:0]$55 [22], Q = \data[2] [22]).
Adding EN signal on $memory\data[2]$2741 ($dff) from module icache_dm (D = $0$memwr$\data$icache_dm.v:30$44_DATA[31:0]$55 [23], Q = \data[2] [23]).
Adding EN signal on $memory\data[2]$2741 ($dff) from module icache_dm (D = $0$memwr$\data$icache_dm.v:30$44_DATA[31:0]$55 [24], Q = \data[2] [24]).
Adding EN signal on $memory\data[2]$2741 ($dff) from module icache_dm (D = $0$memwr$\data$icache_dm.v:30$44_DATA[31:0]$55 [25], Q = \data[2] [25]).
Adding EN signal on $memory\data[2]$2741 ($dff) from module icache_dm (D = $0$memwr$\data$icache_dm.v:30$44_DATA[31:0]$55 [26], Q = \data[2] [26]).
Adding EN signal on $memory\data[2]$2741 ($dff) from module icache_dm (D = $0$memwr$\data$icache_dm.v:30$44_DATA[31:0]$55 [27], Q = \data[2] [27]).
Adding EN signal on $memory\data[2]$2741 ($dff) from module icache_dm (D = $0$memwr$\data$icache_dm.v:30$44_DATA[31:0]$55 [28], Q = \data[2] [28]).
Adding EN signal on $memory\data[2]$2741 ($dff) from module icache_dm (D = $0$memwr$\data$icache_dm.v:30$44_DATA[31:0]$55 [29], Q = \data[2] [29]).
Adding EN signal on $memory\data[2]$2741 ($dff) from module icache_dm (D = $0$memwr$\data$icache_dm.v:30$44_DATA[31:0]$55 [30], Q = \data[2] [30]).
Adding EN signal on $memory\data[2]$2741 ($dff) from module icache_dm (D = $0$memwr$\data$icache_dm.v:30$44_DATA[31:0]$55 [31], Q = \data[2] [31]).
Adding EN signal on $memory\data[3]$2743 ($dff) from module icache_dm (D = $0$memwr$\data$icache_dm.v:30$44_DATA[31:0]$55 [0], Q = \data[3] [0]).
Adding EN signal on $memory\data[3]$2743 ($dff) from module icache_dm (D = $0$memwr$\data$icache_dm.v:30$44_DATA[31:0]$55 [1], Q = \data[3] [1]).
Adding EN signal on $memory\data[3]$2743 ($dff) from module icache_dm (D = $0$memwr$\data$icache_dm.v:30$44_DATA[31:0]$55 [2], Q = \data[3] [2]).
Adding EN signal on $memory\data[3]$2743 ($dff) from module icache_dm (D = $0$memwr$\data$icache_dm.v:30$44_DATA[31:0]$55 [3], Q = \data[3] [3]).
Adding EN signal on $memory\data[3]$2743 ($dff) from module icache_dm (D = $0$memwr$\data$icache_dm.v:30$44_DATA[31:0]$55 [4], Q = \data[3] [4]).
Adding EN signal on $memory\data[3]$2743 ($dff) from module icache_dm (D = $0$memwr$\data$icache_dm.v:30$44_DATA[31:0]$55 [5], Q = \data[3] [5]).
Adding EN signal on $memory\data[3]$2743 ($dff) from module icache_dm (D = $0$memwr$\data$icache_dm.v:30$44_DATA[31:0]$55 [6], Q = \data[3] [6]).
Adding EN signal on $memory\data[3]$2743 ($dff) from module icache_dm (D = $0$memwr$\data$icache_dm.v:30$44_DATA[31:0]$55 [7], Q = \data[3] [7]).
Adding EN signal on $memory\data[3]$2743 ($dff) from module icache_dm (D = $0$memwr$\data$icache_dm.v:30$44_DATA[31:0]$55 [8], Q = \data[3] [8]).
Adding EN signal on $memory\data[3]$2743 ($dff) from module icache_dm (D = $0$memwr$\data$icache_dm.v:30$44_DATA[31:0]$55 [9], Q = \data[3] [9]).
Adding EN signal on $memory\data[3]$2743 ($dff) from module icache_dm (D = $0$memwr$\data$icache_dm.v:30$44_DATA[31:0]$55 [10], Q = \data[3] [10]).
Adding EN signal on $memory\data[3]$2743 ($dff) from module icache_dm (D = $0$memwr$\data$icache_dm.v:30$44_DATA[31:0]$55 [11], Q = \data[3] [11]).
Adding EN signal on $memory\data[3]$2743 ($dff) from module icache_dm (D = $0$memwr$\data$icache_dm.v:30$44_DATA[31:0]$55 [12], Q = \data[3] [12]).
Adding EN signal on $memory\data[3]$2743 ($dff) from module icache_dm (D = $0$memwr$\data$icache_dm.v:30$44_DATA[31:0]$55 [13], Q = \data[3] [13]).
Adding EN signal on $memory\data[3]$2743 ($dff) from module icache_dm (D = $0$memwr$\data$icache_dm.v:30$44_DATA[31:0]$55 [14], Q = \data[3] [14]).
Adding EN signal on $memory\data[3]$2743 ($dff) from module icache_dm (D = $0$memwr$\data$icache_dm.v:30$44_DATA[31:0]$55 [15], Q = \data[3] [15]).
Adding EN signal on $memory\data[3]$2743 ($dff) from module icache_dm (D = $0$memwr$\data$icache_dm.v:30$44_DATA[31:0]$55 [16], Q = \data[3] [16]).
Adding EN signal on $memory\data[3]$2743 ($dff) from module icache_dm (D = $0$memwr$\data$icache_dm.v:30$44_DATA[31:0]$55 [17], Q = \data[3] [17]).
Adding EN signal on $memory\data[3]$2743 ($dff) from module icache_dm (D = $0$memwr$\data$icache_dm.v:30$44_DATA[31:0]$55 [18], Q = \data[3] [18]).
Adding EN signal on $memory\data[3]$2743 ($dff) from module icache_dm (D = $0$memwr$\data$icache_dm.v:30$44_DATA[31:0]$55 [19], Q = \data[3] [19]).
Adding EN signal on $memory\data[3]$2743 ($dff) from module icache_dm (D = $0$memwr$\data$icache_dm.v:30$44_DATA[31:0]$55 [20], Q = \data[3] [20]).
Adding EN signal on $memory\data[3]$2743 ($dff) from module icache_dm (D = $0$memwr$\data$icache_dm.v:30$44_DATA[31:0]$55 [21], Q = \data[3] [21]).
Adding EN signal on $memory\data[3]$2743 ($dff) from module icache_dm (D = $0$memwr$\data$icache_dm.v:30$44_DATA[31:0]$55 [22], Q = \data[3] [22]).
Adding EN signal on $memory\data[3]$2743 ($dff) from module icache_dm (D = $0$memwr$\data$icache_dm.v:30$44_DATA[31:0]$55 [23], Q = \data[3] [23]).
Adding EN signal on $memory\data[3]$2743 ($dff) from module icache_dm (D = $0$memwr$\data$icache_dm.v:30$44_DATA[31:0]$55 [24], Q = \data[3] [24]).
Adding EN signal on $memory\data[3]$2743 ($dff) from module icache_dm (D = $0$memwr$\data$icache_dm.v:30$44_DATA[31:0]$55 [25], Q = \data[3] [25]).
Adding EN signal on $memory\data[3]$2743 ($dff) from module icache_dm (D = $0$memwr$\data$icache_dm.v:30$44_DATA[31:0]$55 [26], Q = \data[3] [26]).
Adding EN signal on $memory\data[3]$2743 ($dff) from module icache_dm (D = $0$memwr$\data$icache_dm.v:30$44_DATA[31:0]$55 [27], Q = \data[3] [27]).
Adding EN signal on $memory\data[3]$2743 ($dff) from module icache_dm (D = $0$memwr$\data$icache_dm.v:30$44_DATA[31:0]$55 [28], Q = \data[3] [28]).
Adding EN signal on $memory\data[3]$2743 ($dff) from module icache_dm (D = $0$memwr$\data$icache_dm.v:30$44_DATA[31:0]$55 [29], Q = \data[3] [29]).
Adding EN signal on $memory\data[3]$2743 ($dff) from module icache_dm (D = $0$memwr$\data$icache_dm.v:30$44_DATA[31:0]$55 [30], Q = \data[3] [30]).
Adding EN signal on $memory\data[3]$2743 ($dff) from module icache_dm (D = $0$memwr$\data$icache_dm.v:30$44_DATA[31:0]$55 [31], Q = \data[3] [31]).
Adding EN signal on $memory\data[4]$2745 ($dff) from module icache_dm (D = $0$memwr$\data$icache_dm.v:30$44_DATA[31:0]$55 [0], Q = \data[4] [0]).
Adding EN signal on $memory\data[4]$2745 ($dff) from module icache_dm (D = $0$memwr$\data$icache_dm.v:30$44_DATA[31:0]$55 [1], Q = \data[4] [1]).
Adding EN signal on $memory\data[4]$2745 ($dff) from module icache_dm (D = $0$memwr$\data$icache_dm.v:30$44_DATA[31:0]$55 [2], Q = \data[4] [2]).
Adding EN signal on $memory\data[4]$2745 ($dff) from module icache_dm (D = $0$memwr$\data$icache_dm.v:30$44_DATA[31:0]$55 [3], Q = \data[4] [3]).
Adding EN signal on $memory\data[4]$2745 ($dff) from module icache_dm (D = $0$memwr$\data$icache_dm.v:30$44_DATA[31:0]$55 [4], Q = \data[4] [4]).
Adding EN signal on $memory\data[4]$2745 ($dff) from module icache_dm (D = $0$memwr$\data$icache_dm.v:30$44_DATA[31:0]$55 [5], Q = \data[4] [5]).
Adding EN signal on $memory\data[4]$2745 ($dff) from module icache_dm (D = $0$memwr$\data$icache_dm.v:30$44_DATA[31:0]$55 [6], Q = \data[4] [6]).
Adding EN signal on $memory\data[4]$2745 ($dff) from module icache_dm (D = $0$memwr$\data$icache_dm.v:30$44_DATA[31:0]$55 [7], Q = \data[4] [7]).
Adding EN signal on $memory\data[4]$2745 ($dff) from module icache_dm (D = $0$memwr$\data$icache_dm.v:30$44_DATA[31:0]$55 [8], Q = \data[4] [8]).
Adding EN signal on $memory\data[4]$2745 ($dff) from module icache_dm (D = $0$memwr$\data$icache_dm.v:30$44_DATA[31:0]$55 [9], Q = \data[4] [9]).
Adding EN signal on $memory\data[4]$2745 ($dff) from module icache_dm (D = $0$memwr$\data$icache_dm.v:30$44_DATA[31:0]$55 [10], Q = \data[4] [10]).
Adding EN signal on $memory\data[4]$2745 ($dff) from module icache_dm (D = $0$memwr$\data$icache_dm.v:30$44_DATA[31:0]$55 [11], Q = \data[4] [11]).
Adding EN signal on $memory\data[4]$2745 ($dff) from module icache_dm (D = $0$memwr$\data$icache_dm.v:30$44_DATA[31:0]$55 [12], Q = \data[4] [12]).
Adding EN signal on $memory\data[4]$2745 ($dff) from module icache_dm (D = $0$memwr$\data$icache_dm.v:30$44_DATA[31:0]$55 [13], Q = \data[4] [13]).
Adding EN signal on $memory\data[4]$2745 ($dff) from module icache_dm (D = $0$memwr$\data$icache_dm.v:30$44_DATA[31:0]$55 [14], Q = \data[4] [14]).
Adding EN signal on $memory\data[4]$2745 ($dff) from module icache_dm (D = $0$memwr$\data$icache_dm.v:30$44_DATA[31:0]$55 [15], Q = \data[4] [15]).
Adding EN signal on $memory\data[4]$2745 ($dff) from module icache_dm (D = $0$memwr$\data$icache_dm.v:30$44_DATA[31:0]$55 [16], Q = \data[4] [16]).
Adding EN signal on $memory\data[4]$2745 ($dff) from module icache_dm (D = $0$memwr$\data$icache_dm.v:30$44_DATA[31:0]$55 [17], Q = \data[4] [17]).
Adding EN signal on $memory\data[4]$2745 ($dff) from module icache_dm (D = $0$memwr$\data$icache_dm.v:30$44_DATA[31:0]$55 [18], Q = \data[4] [18]).
Adding EN signal on $memory\data[4]$2745 ($dff) from module icache_dm (D = $0$memwr$\data$icache_dm.v:30$44_DATA[31:0]$55 [19], Q = \data[4] [19]).
Adding EN signal on $memory\data[4]$2745 ($dff) from module icache_dm (D = $0$memwr$\data$icache_dm.v:30$44_DATA[31:0]$55 [20], Q = \data[4] [20]).
Adding EN signal on $memory\data[4]$2745 ($dff) from module icache_dm (D = $0$memwr$\data$icache_dm.v:30$44_DATA[31:0]$55 [21], Q = \data[4] [21]).
Adding EN signal on $memory\data[4]$2745 ($dff) from module icache_dm (D = $0$memwr$\data$icache_dm.v:30$44_DATA[31:0]$55 [22], Q = \data[4] [22]).
Adding EN signal on $memory\data[4]$2745 ($dff) from module icache_dm (D = $0$memwr$\data$icache_dm.v:30$44_DATA[31:0]$55 [23], Q = \data[4] [23]).
Adding EN signal on $memory\data[4]$2745 ($dff) from module icache_dm (D = $0$memwr$\data$icache_dm.v:30$44_DATA[31:0]$55 [24], Q = \data[4] [24]).
Adding EN signal on $memory\data[4]$2745 ($dff) from module icache_dm (D = $0$memwr$\data$icache_dm.v:30$44_DATA[31:0]$55 [25], Q = \data[4] [25]).
Adding EN signal on $memory\data[4]$2745 ($dff) from module icache_dm (D = $0$memwr$\data$icache_dm.v:30$44_DATA[31:0]$55 [26], Q = \data[4] [26]).
Adding EN signal on $memory\data[4]$2745 ($dff) from module icache_dm (D = $0$memwr$\data$icache_dm.v:30$44_DATA[31:0]$55 [27], Q = \data[4] [27]).
Adding EN signal on $memory\data[4]$2745 ($dff) from module icache_dm (D = $0$memwr$\data$icache_dm.v:30$44_DATA[31:0]$55 [28], Q = \data[4] [28]).
Adding EN signal on $memory\data[4]$2745 ($dff) from module icache_dm (D = $0$memwr$\data$icache_dm.v:30$44_DATA[31:0]$55 [29], Q = \data[4] [29]).
Adding EN signal on $memory\data[4]$2745 ($dff) from module icache_dm (D = $0$memwr$\data$icache_dm.v:30$44_DATA[31:0]$55 [30], Q = \data[4] [30]).
Adding EN signal on $memory\data[4]$2745 ($dff) from module icache_dm (D = $0$memwr$\data$icache_dm.v:30$44_DATA[31:0]$55 [31], Q = \data[4] [31]).
Adding EN signal on $memory\data[5]$2747 ($dff) from module icache_dm (D = $0$memwr$\data$icache_dm.v:30$44_DATA[31:0]$55 [0], Q = \data[5] [0]).
Adding EN signal on $memory\data[5]$2747 ($dff) from module icache_dm (D = $0$memwr$\data$icache_dm.v:30$44_DATA[31:0]$55 [1], Q = \data[5] [1]).
Adding EN signal on $memory\data[5]$2747 ($dff) from module icache_dm (D = $0$memwr$\data$icache_dm.v:30$44_DATA[31:0]$55 [2], Q = \data[5] [2]).
Adding EN signal on $memory\data[5]$2747 ($dff) from module icache_dm (D = $0$memwr$\data$icache_dm.v:30$44_DATA[31:0]$55 [3], Q = \data[5] [3]).
Adding EN signal on $memory\data[5]$2747 ($dff) from module icache_dm (D = $0$memwr$\data$icache_dm.v:30$44_DATA[31:0]$55 [4], Q = \data[5] [4]).
Adding EN signal on $memory\data[5]$2747 ($dff) from module icache_dm (D = $0$memwr$\data$icache_dm.v:30$44_DATA[31:0]$55 [5], Q = \data[5] [5]).
Adding EN signal on $memory\data[5]$2747 ($dff) from module icache_dm (D = $0$memwr$\data$icache_dm.v:30$44_DATA[31:0]$55 [6], Q = \data[5] [6]).
Adding EN signal on $memory\data[5]$2747 ($dff) from module icache_dm (D = $0$memwr$\data$icache_dm.v:30$44_DATA[31:0]$55 [7], Q = \data[5] [7]).
Adding EN signal on $memory\data[5]$2747 ($dff) from module icache_dm (D = $0$memwr$\data$icache_dm.v:30$44_DATA[31:0]$55 [8], Q = \data[5] [8]).
Adding EN signal on $memory\data[5]$2747 ($dff) from module icache_dm (D = $0$memwr$\data$icache_dm.v:30$44_DATA[31:0]$55 [9], Q = \data[5] [9]).
Adding EN signal on $memory\data[5]$2747 ($dff) from module icache_dm (D = $0$memwr$\data$icache_dm.v:30$44_DATA[31:0]$55 [10], Q = \data[5] [10]).
Adding EN signal on $memory\data[5]$2747 ($dff) from module icache_dm (D = $0$memwr$\data$icache_dm.v:30$44_DATA[31:0]$55 [11], Q = \data[5] [11]).
Adding EN signal on $memory\data[5]$2747 ($dff) from module icache_dm (D = $0$memwr$\data$icache_dm.v:30$44_DATA[31:0]$55 [12], Q = \data[5] [12]).
Adding EN signal on $memory\data[5]$2747 ($dff) from module icache_dm (D = $0$memwr$\data$icache_dm.v:30$44_DATA[31:0]$55 [13], Q = \data[5] [13]).
Adding EN signal on $memory\data[5]$2747 ($dff) from module icache_dm (D = $0$memwr$\data$icache_dm.v:30$44_DATA[31:0]$55 [14], Q = \data[5] [14]).
Adding EN signal on $memory\data[5]$2747 ($dff) from module icache_dm (D = $0$memwr$\data$icache_dm.v:30$44_DATA[31:0]$55 [15], Q = \data[5] [15]).
Adding EN signal on $memory\data[5]$2747 ($dff) from module icache_dm (D = $0$memwr$\data$icache_dm.v:30$44_DATA[31:0]$55 [16], Q = \data[5] [16]).
Adding EN signal on $memory\data[5]$2747 ($dff) from module icache_dm (D = $0$memwr$\data$icache_dm.v:30$44_DATA[31:0]$55 [17], Q = \data[5] [17]).
Adding EN signal on $memory\data[5]$2747 ($dff) from module icache_dm (D = $0$memwr$\data$icache_dm.v:30$44_DATA[31:0]$55 [18], Q = \data[5] [18]).
Adding EN signal on $memory\data[5]$2747 ($dff) from module icache_dm (D = $0$memwr$\data$icache_dm.v:30$44_DATA[31:0]$55 [19], Q = \data[5] [19]).
Adding EN signal on $memory\data[5]$2747 ($dff) from module icache_dm (D = $0$memwr$\data$icache_dm.v:30$44_DATA[31:0]$55 [20], Q = \data[5] [20]).
Adding EN signal on $memory\data[5]$2747 ($dff) from module icache_dm (D = $0$memwr$\data$icache_dm.v:30$44_DATA[31:0]$55 [21], Q = \data[5] [21]).
Adding EN signal on $memory\data[5]$2747 ($dff) from module icache_dm (D = $0$memwr$\data$icache_dm.v:30$44_DATA[31:0]$55 [22], Q = \data[5] [22]).
Adding EN signal on $memory\data[5]$2747 ($dff) from module icache_dm (D = $0$memwr$\data$icache_dm.v:30$44_DATA[31:0]$55 [23], Q = \data[5] [23]).
Adding EN signal on $memory\data[5]$2747 ($dff) from module icache_dm (D = $0$memwr$\data$icache_dm.v:30$44_DATA[31:0]$55 [24], Q = \data[5] [24]).
Adding EN signal on $memory\data[5]$2747 ($dff) from module icache_dm (D = $0$memwr$\data$icache_dm.v:30$44_DATA[31:0]$55 [25], Q = \data[5] [25]).
Adding EN signal on $memory\data[5]$2747 ($dff) from module icache_dm (D = $0$memwr$\data$icache_dm.v:30$44_DATA[31:0]$55 [26], Q = \data[5] [26]).
Adding EN signal on $memory\data[5]$2747 ($dff) from module icache_dm (D = $0$memwr$\data$icache_dm.v:30$44_DATA[31:0]$55 [27], Q = \data[5] [27]).
Adding EN signal on $memory\data[5]$2747 ($dff) from module icache_dm (D = $0$memwr$\data$icache_dm.v:30$44_DATA[31:0]$55 [28], Q = \data[5] [28]).
Adding EN signal on $memory\data[5]$2747 ($dff) from module icache_dm (D = $0$memwr$\data$icache_dm.v:30$44_DATA[31:0]$55 [29], Q = \data[5] [29]).
Adding EN signal on $memory\data[5]$2747 ($dff) from module icache_dm (D = $0$memwr$\data$icache_dm.v:30$44_DATA[31:0]$55 [30], Q = \data[5] [30]).
Adding EN signal on $memory\data[5]$2747 ($dff) from module icache_dm (D = $0$memwr$\data$icache_dm.v:30$44_DATA[31:0]$55 [31], Q = \data[5] [31]).
Adding EN signal on $memory\data[6]$2749 ($dff) from module icache_dm (D = $0$memwr$\data$icache_dm.v:30$44_DATA[31:0]$55 [0], Q = \data[6] [0]).
Adding EN signal on $memory\data[6]$2749 ($dff) from module icache_dm (D = $0$memwr$\data$icache_dm.v:30$44_DATA[31:0]$55 [1], Q = \data[6] [1]).
Adding EN signal on $memory\data[6]$2749 ($dff) from module icache_dm (D = $0$memwr$\data$icache_dm.v:30$44_DATA[31:0]$55 [2], Q = \data[6] [2]).
Adding EN signal on $memory\data[6]$2749 ($dff) from module icache_dm (D = $0$memwr$\data$icache_dm.v:30$44_DATA[31:0]$55 [3], Q = \data[6] [3]).
Adding EN signal on $memory\data[6]$2749 ($dff) from module icache_dm (D = $0$memwr$\data$icache_dm.v:30$44_DATA[31:0]$55 [4], Q = \data[6] [4]).
Adding EN signal on $memory\data[6]$2749 ($dff) from module icache_dm (D = $0$memwr$\data$icache_dm.v:30$44_DATA[31:0]$55 [5], Q = \data[6] [5]).
Adding EN signal on $memory\data[6]$2749 ($dff) from module icache_dm (D = $0$memwr$\data$icache_dm.v:30$44_DATA[31:0]$55 [6], Q = \data[6] [6]).
Adding EN signal on $memory\data[6]$2749 ($dff) from module icache_dm (D = $0$memwr$\data$icache_dm.v:30$44_DATA[31:0]$55 [7], Q = \data[6] [7]).
Adding EN signal on $memory\data[6]$2749 ($dff) from module icache_dm (D = $0$memwr$\data$icache_dm.v:30$44_DATA[31:0]$55 [8], Q = \data[6] [8]).
Adding EN signal on $memory\data[6]$2749 ($dff) from module icache_dm (D = $0$memwr$\data$icache_dm.v:30$44_DATA[31:0]$55 [9], Q = \data[6] [9]).
Adding EN signal on $memory\data[6]$2749 ($dff) from module icache_dm (D = $0$memwr$\data$icache_dm.v:30$44_DATA[31:0]$55 [10], Q = \data[6] [10]).
Adding EN signal on $memory\data[6]$2749 ($dff) from module icache_dm (D = $0$memwr$\data$icache_dm.v:30$44_DATA[31:0]$55 [11], Q = \data[6] [11]).
Adding EN signal on $memory\data[6]$2749 ($dff) from module icache_dm (D = $0$memwr$\data$icache_dm.v:30$44_DATA[31:0]$55 [12], Q = \data[6] [12]).
Adding EN signal on $memory\data[6]$2749 ($dff) from module icache_dm (D = $0$memwr$\data$icache_dm.v:30$44_DATA[31:0]$55 [13], Q = \data[6] [13]).
Adding EN signal on $memory\data[6]$2749 ($dff) from module icache_dm (D = $0$memwr$\data$icache_dm.v:30$44_DATA[31:0]$55 [14], Q = \data[6] [14]).
Adding EN signal on $memory\data[6]$2749 ($dff) from module icache_dm (D = $0$memwr$\data$icache_dm.v:30$44_DATA[31:0]$55 [15], Q = \data[6] [15]).
Adding EN signal on $memory\data[6]$2749 ($dff) from module icache_dm (D = $0$memwr$\data$icache_dm.v:30$44_DATA[31:0]$55 [16], Q = \data[6] [16]).
Adding EN signal on $memory\data[6]$2749 ($dff) from module icache_dm (D = $0$memwr$\data$icache_dm.v:30$44_DATA[31:0]$55 [17], Q = \data[6] [17]).
Adding EN signal on $memory\data[6]$2749 ($dff) from module icache_dm (D = $0$memwr$\data$icache_dm.v:30$44_DATA[31:0]$55 [18], Q = \data[6] [18]).
Adding EN signal on $memory\data[6]$2749 ($dff) from module icache_dm (D = $0$memwr$\data$icache_dm.v:30$44_DATA[31:0]$55 [19], Q = \data[6] [19]).
Adding EN signal on $memory\data[6]$2749 ($dff) from module icache_dm (D = $0$memwr$\data$icache_dm.v:30$44_DATA[31:0]$55 [20], Q = \data[6] [20]).
Adding EN signal on $memory\data[6]$2749 ($dff) from module icache_dm (D = $0$memwr$\data$icache_dm.v:30$44_DATA[31:0]$55 [21], Q = \data[6] [21]).
Adding EN signal on $memory\data[6]$2749 ($dff) from module icache_dm (D = $0$memwr$\data$icache_dm.v:30$44_DATA[31:0]$55 [22], Q = \data[6] [22]).
Adding EN signal on $memory\data[6]$2749 ($dff) from module icache_dm (D = $0$memwr$\data$icache_dm.v:30$44_DATA[31:0]$55 [23], Q = \data[6] [23]).
Adding EN signal on $memory\data[6]$2749 ($dff) from module icache_dm (D = $0$memwr$\data$icache_dm.v:30$44_DATA[31:0]$55 [24], Q = \data[6] [24]).
Adding EN signal on $memory\data[6]$2749 ($dff) from module icache_dm (D = $0$memwr$\data$icache_dm.v:30$44_DATA[31:0]$55 [25], Q = \data[6] [25]).
Adding EN signal on $memory\data[6]$2749 ($dff) from module icache_dm (D = $0$memwr$\data$icache_dm.v:30$44_DATA[31:0]$55 [26], Q = \data[6] [26]).
Adding EN signal on $memory\data[6]$2749 ($dff) from module icache_dm (D = $0$memwr$\data$icache_dm.v:30$44_DATA[31:0]$55 [27], Q = \data[6] [27]).
Adding EN signal on $memory\data[6]$2749 ($dff) from module icache_dm (D = $0$memwr$\data$icache_dm.v:30$44_DATA[31:0]$55 [28], Q = \data[6] [28]).
Adding EN signal on $memory\data[6]$2749 ($dff) from module icache_dm (D = $0$memwr$\data$icache_dm.v:30$44_DATA[31:0]$55 [29], Q = \data[6] [29]).
Adding EN signal on $memory\data[6]$2749 ($dff) from module icache_dm (D = $0$memwr$\data$icache_dm.v:30$44_DATA[31:0]$55 [30], Q = \data[6] [30]).
Adding EN signal on $memory\data[6]$2749 ($dff) from module icache_dm (D = $0$memwr$\data$icache_dm.v:30$44_DATA[31:0]$55 [31], Q = \data[6] [31]).
Adding EN signal on $memory\data[7]$2751 ($dff) from module icache_dm (D = $0$memwr$\data$icache_dm.v:30$44_DATA[31:0]$55 [0], Q = \data[7] [0]).
Adding EN signal on $memory\data[7]$2751 ($dff) from module icache_dm (D = $0$memwr$\data$icache_dm.v:30$44_DATA[31:0]$55 [1], Q = \data[7] [1]).
Adding EN signal on $memory\data[7]$2751 ($dff) from module icache_dm (D = $0$memwr$\data$icache_dm.v:30$44_DATA[31:0]$55 [2], Q = \data[7] [2]).
Adding EN signal on $memory\data[7]$2751 ($dff) from module icache_dm (D = $0$memwr$\data$icache_dm.v:30$44_DATA[31:0]$55 [3], Q = \data[7] [3]).
Adding EN signal on $memory\data[7]$2751 ($dff) from module icache_dm (D = $0$memwr$\data$icache_dm.v:30$44_DATA[31:0]$55 [4], Q = \data[7] [4]).
Adding EN signal on $memory\data[7]$2751 ($dff) from module icache_dm (D = $0$memwr$\data$icache_dm.v:30$44_DATA[31:0]$55 [5], Q = \data[7] [5]).
Adding EN signal on $memory\data[7]$2751 ($dff) from module icache_dm (D = $0$memwr$\data$icache_dm.v:30$44_DATA[31:0]$55 [6], Q = \data[7] [6]).
Adding EN signal on $memory\data[7]$2751 ($dff) from module icache_dm (D = $0$memwr$\data$icache_dm.v:30$44_DATA[31:0]$55 [7], Q = \data[7] [7]).
Adding EN signal on $memory\data[7]$2751 ($dff) from module icache_dm (D = $0$memwr$\data$icache_dm.v:30$44_DATA[31:0]$55 [8], Q = \data[7] [8]).
Adding EN signal on $memory\data[7]$2751 ($dff) from module icache_dm (D = $0$memwr$\data$icache_dm.v:30$44_DATA[31:0]$55 [9], Q = \data[7] [9]).
Adding EN signal on $memory\data[7]$2751 ($dff) from module icache_dm (D = $0$memwr$\data$icache_dm.v:30$44_DATA[31:0]$55 [10], Q = \data[7] [10]).
Adding EN signal on $memory\data[7]$2751 ($dff) from module icache_dm (D = $0$memwr$\data$icache_dm.v:30$44_DATA[31:0]$55 [11], Q = \data[7] [11]).
Adding EN signal on $memory\data[7]$2751 ($dff) from module icache_dm (D = $0$memwr$\data$icache_dm.v:30$44_DATA[31:0]$55 [12], Q = \data[7] [12]).
Adding EN signal on $memory\data[7]$2751 ($dff) from module icache_dm (D = $0$memwr$\data$icache_dm.v:30$44_DATA[31:0]$55 [13], Q = \data[7] [13]).
Adding EN signal on $memory\data[7]$2751 ($dff) from module icache_dm (D = $0$memwr$\data$icache_dm.v:30$44_DATA[31:0]$55 [14], Q = \data[7] [14]).
Adding EN signal on $memory\data[7]$2751 ($dff) from module icache_dm (D = $0$memwr$\data$icache_dm.v:30$44_DATA[31:0]$55 [15], Q = \data[7] [15]).
Adding EN signal on $memory\data[7]$2751 ($dff) from module icache_dm (D = $0$memwr$\data$icache_dm.v:30$44_DATA[31:0]$55 [16], Q = \data[7] [16]).
Adding EN signal on $memory\data[7]$2751 ($dff) from module icache_dm (D = $0$memwr$\data$icache_dm.v:30$44_DATA[31:0]$55 [17], Q = \data[7] [17]).
Adding EN signal on $memory\data[7]$2751 ($dff) from module icache_dm (D = $0$memwr$\data$icache_dm.v:30$44_DATA[31:0]$55 [18], Q = \data[7] [18]).
Adding EN signal on $memory\data[7]$2751 ($dff) from module icache_dm (D = $0$memwr$\data$icache_dm.v:30$44_DATA[31:0]$55 [19], Q = \data[7] [19]).
Adding EN signal on $memory\data[7]$2751 ($dff) from module icache_dm (D = $0$memwr$\data$icache_dm.v:30$44_DATA[31:0]$55 [20], Q = \data[7] [20]).
Adding EN signal on $memory\data[7]$2751 ($dff) from module icache_dm (D = $0$memwr$\data$icache_dm.v:30$44_DATA[31:0]$55 [21], Q = \data[7] [21]).
Adding EN signal on $memory\data[7]$2751 ($dff) from module icache_dm (D = $0$memwr$\data$icache_dm.v:30$44_DATA[31:0]$55 [22], Q = \data[7] [22]).
Adding EN signal on $memory\data[7]$2751 ($dff) from module icache_dm (D = $0$memwr$\data$icache_dm.v:30$44_DATA[31:0]$55 [23], Q = \data[7] [23]).
Adding EN signal on $memory\data[7]$2751 ($dff) from module icache_dm (D = $0$memwr$\data$icache_dm.v:30$44_DATA[31:0]$55 [24], Q = \data[7] [24]).
Adding EN signal on $memory\data[7]$2751 ($dff) from module icache_dm (D = $0$memwr$\data$icache_dm.v:30$44_DATA[31:0]$55 [25], Q = \data[7] [25]).
Adding EN signal on $memory\data[7]$2751 ($dff) from module icache_dm (D = $0$memwr$\data$icache_dm.v:30$44_DATA[31:0]$55 [26], Q = \data[7] [26]).
Adding EN signal on $memory\data[7]$2751 ($dff) from module icache_dm (D = $0$memwr$\data$icache_dm.v:30$44_DATA[31:0]$55 [27], Q = \data[7] [27]).
Adding EN signal on $memory\data[7]$2751 ($dff) from module icache_dm (D = $0$memwr$\data$icache_dm.v:30$44_DATA[31:0]$55 [28], Q = \data[7] [28]).
Adding EN signal on $memory\data[7]$2751 ($dff) from module icache_dm (D = $0$memwr$\data$icache_dm.v:30$44_DATA[31:0]$55 [29], Q = \data[7] [29]).
Adding EN signal on $memory\data[7]$2751 ($dff) from module icache_dm (D = $0$memwr$\data$icache_dm.v:30$44_DATA[31:0]$55 [30], Q = \data[7] [30]).
Adding EN signal on $memory\data[7]$2751 ($dff) from module icache_dm (D = $0$memwr$\data$icache_dm.v:30$44_DATA[31:0]$55 [31], Q = \data[7] [31]).
Adding EN signal on $memory\data[8]$2753 ($dff) from module icache_dm (D = $0$memwr$\data$icache_dm.v:30$44_DATA[31:0]$55 [0], Q = \data[8] [0]).
Adding EN signal on $memory\data[8]$2753 ($dff) from module icache_dm (D = $0$memwr$\data$icache_dm.v:30$44_DATA[31:0]$55 [1], Q = \data[8] [1]).
Adding EN signal on $memory\data[8]$2753 ($dff) from module icache_dm (D = $0$memwr$\data$icache_dm.v:30$44_DATA[31:0]$55 [2], Q = \data[8] [2]).
Adding EN signal on $memory\data[8]$2753 ($dff) from module icache_dm (D = $0$memwr$\data$icache_dm.v:30$44_DATA[31:0]$55 [3], Q = \data[8] [3]).
Adding EN signal on $memory\data[8]$2753 ($dff) from module icache_dm (D = $0$memwr$\data$icache_dm.v:30$44_DATA[31:0]$55 [4], Q = \data[8] [4]).
Adding EN signal on $memory\data[8]$2753 ($dff) from module icache_dm (D = $0$memwr$\data$icache_dm.v:30$44_DATA[31:0]$55 [5], Q = \data[8] [5]).
Adding EN signal on $memory\data[8]$2753 ($dff) from module icache_dm (D = $0$memwr$\data$icache_dm.v:30$44_DATA[31:0]$55 [6], Q = \data[8] [6]).
Adding EN signal on $memory\data[8]$2753 ($dff) from module icache_dm (D = $0$memwr$\data$icache_dm.v:30$44_DATA[31:0]$55 [7], Q = \data[8] [7]).
Adding EN signal on $memory\data[8]$2753 ($dff) from module icache_dm (D = $0$memwr$\data$icache_dm.v:30$44_DATA[31:0]$55 [8], Q = \data[8] [8]).
Adding EN signal on $memory\data[8]$2753 ($dff) from module icache_dm (D = $0$memwr$\data$icache_dm.v:30$44_DATA[31:0]$55 [9], Q = \data[8] [9]).
Adding EN signal on $memory\data[8]$2753 ($dff) from module icache_dm (D = $0$memwr$\data$icache_dm.v:30$44_DATA[31:0]$55 [10], Q = \data[8] [10]).
Adding EN signal on $memory\data[8]$2753 ($dff) from module icache_dm (D = $0$memwr$\data$icache_dm.v:30$44_DATA[31:0]$55 [11], Q = \data[8] [11]).
Adding EN signal on $memory\data[8]$2753 ($dff) from module icache_dm (D = $0$memwr$\data$icache_dm.v:30$44_DATA[31:0]$55 [12], Q = \data[8] [12]).
Adding EN signal on $memory\data[8]$2753 ($dff) from module icache_dm (D = $0$memwr$\data$icache_dm.v:30$44_DATA[31:0]$55 [13], Q = \data[8] [13]).
Adding EN signal on $memory\data[8]$2753 ($dff) from module icache_dm (D = $0$memwr$\data$icache_dm.v:30$44_DATA[31:0]$55 [14], Q = \data[8] [14]).
Adding EN signal on $memory\data[8]$2753 ($dff) from module icache_dm (D = $0$memwr$\data$icache_dm.v:30$44_DATA[31:0]$55 [15], Q = \data[8] [15]).
Adding EN signal on $memory\data[8]$2753 ($dff) from module icache_dm (D = $0$memwr$\data$icache_dm.v:30$44_DATA[31:0]$55 [16], Q = \data[8] [16]).
Adding EN signal on $memory\data[8]$2753 ($dff) from module icache_dm (D = $0$memwr$\data$icache_dm.v:30$44_DATA[31:0]$55 [17], Q = \data[8] [17]).
Adding EN signal on $memory\data[8]$2753 ($dff) from module icache_dm (D = $0$memwr$\data$icache_dm.v:30$44_DATA[31:0]$55 [18], Q = \data[8] [18]).
Adding EN signal on $memory\data[8]$2753 ($dff) from module icache_dm (D = $0$memwr$\data$icache_dm.v:30$44_DATA[31:0]$55 [19], Q = \data[8] [19]).
Adding EN signal on $memory\data[8]$2753 ($dff) from module icache_dm (D = $0$memwr$\data$icache_dm.v:30$44_DATA[31:0]$55 [20], Q = \data[8] [20]).
Adding EN signal on $memory\data[8]$2753 ($dff) from module icache_dm (D = $0$memwr$\data$icache_dm.v:30$44_DATA[31:0]$55 [21], Q = \data[8] [21]).
Adding EN signal on $memory\data[8]$2753 ($dff) from module icache_dm (D = $0$memwr$\data$icache_dm.v:30$44_DATA[31:0]$55 [22], Q = \data[8] [22]).
Adding EN signal on $memory\data[8]$2753 ($dff) from module icache_dm (D = $0$memwr$\data$icache_dm.v:30$44_DATA[31:0]$55 [23], Q = \data[8] [23]).
Adding EN signal on $memory\data[8]$2753 ($dff) from module icache_dm (D = $0$memwr$\data$icache_dm.v:30$44_DATA[31:0]$55 [24], Q = \data[8] [24]).
Adding EN signal on $memory\data[8]$2753 ($dff) from module icache_dm (D = $0$memwr$\data$icache_dm.v:30$44_DATA[31:0]$55 [25], Q = \data[8] [25]).
Adding EN signal on $memory\data[8]$2753 ($dff) from module icache_dm (D = $0$memwr$\data$icache_dm.v:30$44_DATA[31:0]$55 [26], Q = \data[8] [26]).
Adding EN signal on $memory\data[8]$2753 ($dff) from module icache_dm (D = $0$memwr$\data$icache_dm.v:30$44_DATA[31:0]$55 [27], Q = \data[8] [27]).
Adding EN signal on $memory\data[8]$2753 ($dff) from module icache_dm (D = $0$memwr$\data$icache_dm.v:30$44_DATA[31:0]$55 [28], Q = \data[8] [28]).
Adding EN signal on $memory\data[8]$2753 ($dff) from module icache_dm (D = $0$memwr$\data$icache_dm.v:30$44_DATA[31:0]$55 [29], Q = \data[8] [29]).
Adding EN signal on $memory\data[8]$2753 ($dff) from module icache_dm (D = $0$memwr$\data$icache_dm.v:30$44_DATA[31:0]$55 [30], Q = \data[8] [30]).
Adding EN signal on $memory\data[8]$2753 ($dff) from module icache_dm (D = $0$memwr$\data$icache_dm.v:30$44_DATA[31:0]$55 [31], Q = \data[8] [31]).
Adding EN signal on $memory\data[9]$2755 ($dff) from module icache_dm (D = $0$memwr$\data$icache_dm.v:30$44_DATA[31:0]$55 [0], Q = \data[9] [0]).
Adding EN signal on $memory\data[9]$2755 ($dff) from module icache_dm (D = $0$memwr$\data$icache_dm.v:30$44_DATA[31:0]$55 [1], Q = \data[9] [1]).
Adding EN signal on $memory\data[9]$2755 ($dff) from module icache_dm (D = $0$memwr$\data$icache_dm.v:30$44_DATA[31:0]$55 [2], Q = \data[9] [2]).
Adding EN signal on $memory\data[9]$2755 ($dff) from module icache_dm (D = $0$memwr$\data$icache_dm.v:30$44_DATA[31:0]$55 [3], Q = \data[9] [3]).
Adding EN signal on $memory\data[9]$2755 ($dff) from module icache_dm (D = $0$memwr$\data$icache_dm.v:30$44_DATA[31:0]$55 [4], Q = \data[9] [4]).
Adding EN signal on $memory\data[9]$2755 ($dff) from module icache_dm (D = $0$memwr$\data$icache_dm.v:30$44_DATA[31:0]$55 [5], Q = \data[9] [5]).
Adding EN signal on $memory\data[9]$2755 ($dff) from module icache_dm (D = $0$memwr$\data$icache_dm.v:30$44_DATA[31:0]$55 [6], Q = \data[9] [6]).
Adding EN signal on $memory\data[9]$2755 ($dff) from module icache_dm (D = $0$memwr$\data$icache_dm.v:30$44_DATA[31:0]$55 [7], Q = \data[9] [7]).
Adding EN signal on $memory\data[9]$2755 ($dff) from module icache_dm (D = $0$memwr$\data$icache_dm.v:30$44_DATA[31:0]$55 [8], Q = \data[9] [8]).
Adding EN signal on $memory\data[9]$2755 ($dff) from module icache_dm (D = $0$memwr$\data$icache_dm.v:30$44_DATA[31:0]$55 [9], Q = \data[9] [9]).
Adding EN signal on $memory\data[9]$2755 ($dff) from module icache_dm (D = $0$memwr$\data$icache_dm.v:30$44_DATA[31:0]$55 [10], Q = \data[9] [10]).
Adding EN signal on $memory\data[9]$2755 ($dff) from module icache_dm (D = $0$memwr$\data$icache_dm.v:30$44_DATA[31:0]$55 [11], Q = \data[9] [11]).
Adding EN signal on $memory\data[9]$2755 ($dff) from module icache_dm (D = $0$memwr$\data$icache_dm.v:30$44_DATA[31:0]$55 [12], Q = \data[9] [12]).
Adding EN signal on $memory\data[9]$2755 ($dff) from module icache_dm (D = $0$memwr$\data$icache_dm.v:30$44_DATA[31:0]$55 [13], Q = \data[9] [13]).
Adding EN signal on $memory\data[9]$2755 ($dff) from module icache_dm (D = $0$memwr$\data$icache_dm.v:30$44_DATA[31:0]$55 [14], Q = \data[9] [14]).
Adding EN signal on $memory\data[9]$2755 ($dff) from module icache_dm (D = $0$memwr$\data$icache_dm.v:30$44_DATA[31:0]$55 [15], Q = \data[9] [15]).
Adding EN signal on $memory\data[9]$2755 ($dff) from module icache_dm (D = $0$memwr$\data$icache_dm.v:30$44_DATA[31:0]$55 [16], Q = \data[9] [16]).
Adding EN signal on $memory\data[9]$2755 ($dff) from module icache_dm (D = $0$memwr$\data$icache_dm.v:30$44_DATA[31:0]$55 [17], Q = \data[9] [17]).
Adding EN signal on $memory\data[9]$2755 ($dff) from module icache_dm (D = $0$memwr$\data$icache_dm.v:30$44_DATA[31:0]$55 [18], Q = \data[9] [18]).
Adding EN signal on $memory\data[9]$2755 ($dff) from module icache_dm (D = $0$memwr$\data$icache_dm.v:30$44_DATA[31:0]$55 [19], Q = \data[9] [19]).
Adding EN signal on $memory\data[9]$2755 ($dff) from module icache_dm (D = $0$memwr$\data$icache_dm.v:30$44_DATA[31:0]$55 [20], Q = \data[9] [20]).
Adding EN signal on $memory\data[9]$2755 ($dff) from module icache_dm (D = $0$memwr$\data$icache_dm.v:30$44_DATA[31:0]$55 [21], Q = \data[9] [21]).
Adding EN signal on $memory\data[9]$2755 ($dff) from module icache_dm (D = $0$memwr$\data$icache_dm.v:30$44_DATA[31:0]$55 [22], Q = \data[9] [22]).
Adding EN signal on $memory\data[9]$2755 ($dff) from module icache_dm (D = $0$memwr$\data$icache_dm.v:30$44_DATA[31:0]$55 [23], Q = \data[9] [23]).
Adding EN signal on $memory\data[9]$2755 ($dff) from module icache_dm (D = $0$memwr$\data$icache_dm.v:30$44_DATA[31:0]$55 [24], Q = \data[9] [24]).
Adding EN signal on $memory\data[9]$2755 ($dff) from module icache_dm (D = $0$memwr$\data$icache_dm.v:30$44_DATA[31:0]$55 [25], Q = \data[9] [25]).
Adding EN signal on $memory\data[9]$2755 ($dff) from module icache_dm (D = $0$memwr$\data$icache_dm.v:30$44_DATA[31:0]$55 [26], Q = \data[9] [26]).
Adding EN signal on $memory\data[9]$2755 ($dff) from module icache_dm (D = $0$memwr$\data$icache_dm.v:30$44_DATA[31:0]$55 [27], Q = \data[9] [27]).
Adding EN signal on $memory\data[9]$2755 ($dff) from module icache_dm (D = $0$memwr$\data$icache_dm.v:30$44_DATA[31:0]$55 [28], Q = \data[9] [28]).
Adding EN signal on $memory\data[9]$2755 ($dff) from module icache_dm (D = $0$memwr$\data$icache_dm.v:30$44_DATA[31:0]$55 [29], Q = \data[9] [29]).
Adding EN signal on $memory\data[9]$2755 ($dff) from module icache_dm (D = $0$memwr$\data$icache_dm.v:30$44_DATA[31:0]$55 [30], Q = \data[9] [30]).
Adding EN signal on $memory\data[9]$2755 ($dff) from module icache_dm (D = $0$memwr$\data$icache_dm.v:30$44_DATA[31:0]$55 [31], Q = \data[9] [31]).
Adding EN signal on $memory\data[10]$2757 ($dff) from module icache_dm (D = $0$memwr$\data$icache_dm.v:30$44_DATA[31:0]$55 [0], Q = \data[10] [0]).
Adding EN signal on $memory\data[10]$2757 ($dff) from module icache_dm (D = $0$memwr$\data$icache_dm.v:30$44_DATA[31:0]$55 [1], Q = \data[10] [1]).
Adding EN signal on $memory\data[10]$2757 ($dff) from module icache_dm (D = $0$memwr$\data$icache_dm.v:30$44_DATA[31:0]$55 [2], Q = \data[10] [2]).
Adding EN signal on $memory\data[10]$2757 ($dff) from module icache_dm (D = $0$memwr$\data$icache_dm.v:30$44_DATA[31:0]$55 [3], Q = \data[10] [3]).
Adding EN signal on $memory\data[10]$2757 ($dff) from module icache_dm (D = $0$memwr$\data$icache_dm.v:30$44_DATA[31:0]$55 [4], Q = \data[10] [4]).
Adding EN signal on $memory\data[10]$2757 ($dff) from module icache_dm (D = $0$memwr$\data$icache_dm.v:30$44_DATA[31:0]$55 [5], Q = \data[10] [5]).
Adding EN signal on $memory\data[10]$2757 ($dff) from module icache_dm (D = $0$memwr$\data$icache_dm.v:30$44_DATA[31:0]$55 [6], Q = \data[10] [6]).
Adding EN signal on $memory\data[10]$2757 ($dff) from module icache_dm (D = $0$memwr$\data$icache_dm.v:30$44_DATA[31:0]$55 [7], Q = \data[10] [7]).
Adding EN signal on $memory\data[10]$2757 ($dff) from module icache_dm (D = $0$memwr$\data$icache_dm.v:30$44_DATA[31:0]$55 [8], Q = \data[10] [8]).
Adding EN signal on $memory\data[10]$2757 ($dff) from module icache_dm (D = $0$memwr$\data$icache_dm.v:30$44_DATA[31:0]$55 [9], Q = \data[10] [9]).
Adding EN signal on $memory\data[10]$2757 ($dff) from module icache_dm (D = $0$memwr$\data$icache_dm.v:30$44_DATA[31:0]$55 [10], Q = \data[10] [10]).
Adding EN signal on $memory\data[10]$2757 ($dff) from module icache_dm (D = $0$memwr$\data$icache_dm.v:30$44_DATA[31:0]$55 [11], Q = \data[10] [11]).
Adding EN signal on $memory\data[10]$2757 ($dff) from module icache_dm (D = $0$memwr$\data$icache_dm.v:30$44_DATA[31:0]$55 [12], Q = \data[10] [12]).
Adding EN signal on $memory\data[10]$2757 ($dff) from module icache_dm (D = $0$memwr$\data$icache_dm.v:30$44_DATA[31:0]$55 [13], Q = \data[10] [13]).
Adding EN signal on $memory\data[10]$2757 ($dff) from module icache_dm (D = $0$memwr$\data$icache_dm.v:30$44_DATA[31:0]$55 [14], Q = \data[10] [14]).
Adding EN signal on $memory\data[10]$2757 ($dff) from module icache_dm (D = $0$memwr$\data$icache_dm.v:30$44_DATA[31:0]$55 [15], Q = \data[10] [15]).
Adding EN signal on $memory\data[10]$2757 ($dff) from module icache_dm (D = $0$memwr$\data$icache_dm.v:30$44_DATA[31:0]$55 [16], Q = \data[10] [16]).
Adding EN signal on $memory\data[10]$2757 ($dff) from module icache_dm (D = $0$memwr$\data$icache_dm.v:30$44_DATA[31:0]$55 [17], Q = \data[10] [17]).
Adding EN signal on $memory\data[10]$2757 ($dff) from module icache_dm (D = $0$memwr$\data$icache_dm.v:30$44_DATA[31:0]$55 [18], Q = \data[10] [18]).
Adding EN signal on $memory\data[10]$2757 ($dff) from module icache_dm (D = $0$memwr$\data$icache_dm.v:30$44_DATA[31:0]$55 [19], Q = \data[10] [19]).
Adding EN signal on $memory\data[10]$2757 ($dff) from module icache_dm (D = $0$memwr$\data$icache_dm.v:30$44_DATA[31:0]$55 [20], Q = \data[10] [20]).
Adding EN signal on $memory\data[10]$2757 ($dff) from module icache_dm (D = $0$memwr$\data$icache_dm.v:30$44_DATA[31:0]$55 [21], Q = \data[10] [21]).
Adding EN signal on $memory\data[10]$2757 ($dff) from module icache_dm (D = $0$memwr$\data$icache_dm.v:30$44_DATA[31:0]$55 [22], Q = \data[10] [22]).
Adding EN signal on $memory\data[10]$2757 ($dff) from module icache_dm (D = $0$memwr$\data$icache_dm.v:30$44_DATA[31:0]$55 [23], Q = \data[10] [23]).
Adding EN signal on $memory\data[10]$2757 ($dff) from module icache_dm (D = $0$memwr$\data$icache_dm.v:30$44_DATA[31:0]$55 [24], Q = \data[10] [24]).
Adding EN signal on $memory\data[10]$2757 ($dff) from module icache_dm (D = $0$memwr$\data$icache_dm.v:30$44_DATA[31:0]$55 [25], Q = \data[10] [25]).
Adding EN signal on $memory\data[10]$2757 ($dff) from module icache_dm (D = $0$memwr$\data$icache_dm.v:30$44_DATA[31:0]$55 [26], Q = \data[10] [26]).
Adding EN signal on $memory\data[10]$2757 ($dff) from module icache_dm (D = $0$memwr$\data$icache_dm.v:30$44_DATA[31:0]$55 [27], Q = \data[10] [27]).
Adding EN signal on $memory\data[10]$2757 ($dff) from module icache_dm (D = $0$memwr$\data$icache_dm.v:30$44_DATA[31:0]$55 [28], Q = \data[10] [28]).
Adding EN signal on $memory\data[10]$2757 ($dff) from module icache_dm (D = $0$memwr$\data$icache_dm.v:30$44_DATA[31:0]$55 [29], Q = \data[10] [29]).
Adding EN signal on $memory\data[10]$2757 ($dff) from module icache_dm (D = $0$memwr$\data$icache_dm.v:30$44_DATA[31:0]$55 [30], Q = \data[10] [30]).
Adding EN signal on $memory\data[10]$2757 ($dff) from module icache_dm (D = $0$memwr$\data$icache_dm.v:30$44_DATA[31:0]$55 [31], Q = \data[10] [31]).
Adding EN signal on $memory\data[11]$2759 ($dff) from module icache_dm (D = $0$memwr$\data$icache_dm.v:30$44_DATA[31:0]$55 [0], Q = \data[11] [0]).
Adding EN signal on $memory\data[11]$2759 ($dff) from module icache_dm (D = $0$memwr$\data$icache_dm.v:30$44_DATA[31:0]$55 [1], Q = \data[11] [1]).
Adding EN signal on $memory\data[11]$2759 ($dff) from module icache_dm (D = $0$memwr$\data$icache_dm.v:30$44_DATA[31:0]$55 [2], Q = \data[11] [2]).
Adding EN signal on $memory\data[11]$2759 ($dff) from module icache_dm (D = $0$memwr$\data$icache_dm.v:30$44_DATA[31:0]$55 [3], Q = \data[11] [3]).
Adding EN signal on $memory\data[11]$2759 ($dff) from module icache_dm (D = $0$memwr$\data$icache_dm.v:30$44_DATA[31:0]$55 [4], Q = \data[11] [4]).
Adding EN signal on $memory\data[11]$2759 ($dff) from module icache_dm (D = $0$memwr$\data$icache_dm.v:30$44_DATA[31:0]$55 [5], Q = \data[11] [5]).
Adding EN signal on $memory\data[11]$2759 ($dff) from module icache_dm (D = $0$memwr$\data$icache_dm.v:30$44_DATA[31:0]$55 [6], Q = \data[11] [6]).
Adding EN signal on $memory\data[11]$2759 ($dff) from module icache_dm (D = $0$memwr$\data$icache_dm.v:30$44_DATA[31:0]$55 [7], Q = \data[11] [7]).
Adding EN signal on $memory\data[11]$2759 ($dff) from module icache_dm (D = $0$memwr$\data$icache_dm.v:30$44_DATA[31:0]$55 [8], Q = \data[11] [8]).
Adding EN signal on $memory\data[11]$2759 ($dff) from module icache_dm (D = $0$memwr$\data$icache_dm.v:30$44_DATA[31:0]$55 [9], Q = \data[11] [9]).
Adding EN signal on $memory\data[11]$2759 ($dff) from module icache_dm (D = $0$memwr$\data$icache_dm.v:30$44_DATA[31:0]$55 [10], Q = \data[11] [10]).
Adding EN signal on $memory\data[11]$2759 ($dff) from module icache_dm (D = $0$memwr$\data$icache_dm.v:30$44_DATA[31:0]$55 [11], Q = \data[11] [11]).
Adding EN signal on $memory\data[11]$2759 ($dff) from module icache_dm (D = $0$memwr$\data$icache_dm.v:30$44_DATA[31:0]$55 [12], Q = \data[11] [12]).
Adding EN signal on $memory\data[11]$2759 ($dff) from module icache_dm (D = $0$memwr$\data$icache_dm.v:30$44_DATA[31:0]$55 [13], Q = \data[11] [13]).
Adding EN signal on $memory\data[11]$2759 ($dff) from module icache_dm (D = $0$memwr$\data$icache_dm.v:30$44_DATA[31:0]$55 [14], Q = \data[11] [14]).
Adding EN signal on $memory\data[11]$2759 ($dff) from module icache_dm (D = $0$memwr$\data$icache_dm.v:30$44_DATA[31:0]$55 [15], Q = \data[11] [15]).
Adding EN signal on $memory\data[11]$2759 ($dff) from module icache_dm (D = $0$memwr$\data$icache_dm.v:30$44_DATA[31:0]$55 [16], Q = \data[11] [16]).
Adding EN signal on $memory\data[11]$2759 ($dff) from module icache_dm (D = $0$memwr$\data$icache_dm.v:30$44_DATA[31:0]$55 [17], Q = \data[11] [17]).
Adding EN signal on $memory\data[11]$2759 ($dff) from module icache_dm (D = $0$memwr$\data$icache_dm.v:30$44_DATA[31:0]$55 [18], Q = \data[11] [18]).
Adding EN signal on $memory\data[11]$2759 ($dff) from module icache_dm (D = $0$memwr$\data$icache_dm.v:30$44_DATA[31:0]$55 [19], Q = \data[11] [19]).
Adding EN signal on $memory\data[11]$2759 ($dff) from module icache_dm (D = $0$memwr$\data$icache_dm.v:30$44_DATA[31:0]$55 [20], Q = \data[11] [20]).
Adding EN signal on $memory\data[11]$2759 ($dff) from module icache_dm (D = $0$memwr$\data$icache_dm.v:30$44_DATA[31:0]$55 [21], Q = \data[11] [21]).
Adding EN signal on $memory\data[11]$2759 ($dff) from module icache_dm (D = $0$memwr$\data$icache_dm.v:30$44_DATA[31:0]$55 [22], Q = \data[11] [22]).
Adding EN signal on $memory\data[11]$2759 ($dff) from module icache_dm (D = $0$memwr$\data$icache_dm.v:30$44_DATA[31:0]$55 [23], Q = \data[11] [23]).
Adding EN signal on $memory\data[11]$2759 ($dff) from module icache_dm (D = $0$memwr$\data$icache_dm.v:30$44_DATA[31:0]$55 [24], Q = \data[11] [24]).
Adding EN signal on $memory\data[11]$2759 ($dff) from module icache_dm (D = $0$memwr$\data$icache_dm.v:30$44_DATA[31:0]$55 [25], Q = \data[11] [25]).
Adding EN signal on $memory\data[11]$2759 ($dff) from module icache_dm (D = $0$memwr$\data$icache_dm.v:30$44_DATA[31:0]$55 [26], Q = \data[11] [26]).
Adding EN signal on $memory\data[11]$2759 ($dff) from module icache_dm (D = $0$memwr$\data$icache_dm.v:30$44_DATA[31:0]$55 [27], Q = \data[11] [27]).
Adding EN signal on $memory\data[11]$2759 ($dff) from module icache_dm (D = $0$memwr$\data$icache_dm.v:30$44_DATA[31:0]$55 [28], Q = \data[11] [28]).
Adding EN signal on $memory\data[11]$2759 ($dff) from module icache_dm (D = $0$memwr$\data$icache_dm.v:30$44_DATA[31:0]$55 [29], Q = \data[11] [29]).
Adding EN signal on $memory\data[11]$2759 ($dff) from module icache_dm (D = $0$memwr$\data$icache_dm.v:30$44_DATA[31:0]$55 [30], Q = \data[11] [30]).
Adding EN signal on $memory\data[11]$2759 ($dff) from module icache_dm (D = $0$memwr$\data$icache_dm.v:30$44_DATA[31:0]$55 [31], Q = \data[11] [31]).
Adding EN signal on $memory\data[12]$2761 ($dff) from module icache_dm (D = $0$memwr$\data$icache_dm.v:30$44_DATA[31:0]$55 [0], Q = \data[12] [0]).
Adding EN signal on $memory\data[12]$2761 ($dff) from module icache_dm (D = $0$memwr$\data$icache_dm.v:30$44_DATA[31:0]$55 [1], Q = \data[12] [1]).
Adding EN signal on $memory\data[12]$2761 ($dff) from module icache_dm (D = $0$memwr$\data$icache_dm.v:30$44_DATA[31:0]$55 [2], Q = \data[12] [2]).
Adding EN signal on $memory\data[12]$2761 ($dff) from module icache_dm (D = $0$memwr$\data$icache_dm.v:30$44_DATA[31:0]$55 [3], Q = \data[12] [3]).
Adding EN signal on $memory\data[12]$2761 ($dff) from module icache_dm (D = $0$memwr$\data$icache_dm.v:30$44_DATA[31:0]$55 [4], Q = \data[12] [4]).
Adding EN signal on $memory\data[12]$2761 ($dff) from module icache_dm (D = $0$memwr$\data$icache_dm.v:30$44_DATA[31:0]$55 [5], Q = \data[12] [5]).
Adding EN signal on $memory\data[12]$2761 ($dff) from module icache_dm (D = $0$memwr$\data$icache_dm.v:30$44_DATA[31:0]$55 [6], Q = \data[12] [6]).
Adding EN signal on $memory\data[12]$2761 ($dff) from module icache_dm (D = $0$memwr$\data$icache_dm.v:30$44_DATA[31:0]$55 [7], Q = \data[12] [7]).
Adding EN signal on $memory\data[12]$2761 ($dff) from module icache_dm (D = $0$memwr$\data$icache_dm.v:30$44_DATA[31:0]$55 [8], Q = \data[12] [8]).
Adding EN signal on $memory\data[12]$2761 ($dff) from module icache_dm (D = $0$memwr$\data$icache_dm.v:30$44_DATA[31:0]$55 [9], Q = \data[12] [9]).
Adding EN signal on $memory\data[12]$2761 ($dff) from module icache_dm (D = $0$memwr$\data$icache_dm.v:30$44_DATA[31:0]$55 [10], Q = \data[12] [10]).
Adding EN signal on $memory\data[12]$2761 ($dff) from module icache_dm (D = $0$memwr$\data$icache_dm.v:30$44_DATA[31:0]$55 [11], Q = \data[12] [11]).
Adding EN signal on $memory\data[12]$2761 ($dff) from module icache_dm (D = $0$memwr$\data$icache_dm.v:30$44_DATA[31:0]$55 [12], Q = \data[12] [12]).
Adding EN signal on $memory\data[12]$2761 ($dff) from module icache_dm (D = $0$memwr$\data$icache_dm.v:30$44_DATA[31:0]$55 [13], Q = \data[12] [13]).
Adding EN signal on $memory\data[12]$2761 ($dff) from module icache_dm (D = $0$memwr$\data$icache_dm.v:30$44_DATA[31:0]$55 [14], Q = \data[12] [14]).
Adding EN signal on $memory\data[12]$2761 ($dff) from module icache_dm (D = $0$memwr$\data$icache_dm.v:30$44_DATA[31:0]$55 [15], Q = \data[12] [15]).
Adding EN signal on $memory\data[12]$2761 ($dff) from module icache_dm (D = $0$memwr$\data$icache_dm.v:30$44_DATA[31:0]$55 [16], Q = \data[12] [16]).
Adding EN signal on $memory\data[12]$2761 ($dff) from module icache_dm (D = $0$memwr$\data$icache_dm.v:30$44_DATA[31:0]$55 [17], Q = \data[12] [17]).
Adding EN signal on $memory\data[12]$2761 ($dff) from module icache_dm (D = $0$memwr$\data$icache_dm.v:30$44_DATA[31:0]$55 [18], Q = \data[12] [18]).
Adding EN signal on $memory\data[12]$2761 ($dff) from module icache_dm (D = $0$memwr$\data$icache_dm.v:30$44_DATA[31:0]$55 [19], Q = \data[12] [19]).
Adding EN signal on $memory\data[12]$2761 ($dff) from module icache_dm (D = $0$memwr$\data$icache_dm.v:30$44_DATA[31:0]$55 [20], Q = \data[12] [20]).
Adding EN signal on $memory\data[12]$2761 ($dff) from module icache_dm (D = $0$memwr$\data$icache_dm.v:30$44_DATA[31:0]$55 [21], Q = \data[12] [21]).
Adding EN signal on $memory\data[12]$2761 ($dff) from module icache_dm (D = $0$memwr$\data$icache_dm.v:30$44_DATA[31:0]$55 [22], Q = \data[12] [22]).
Adding EN signal on $memory\data[12]$2761 ($dff) from module icache_dm (D = $0$memwr$\data$icache_dm.v:30$44_DATA[31:0]$55 [23], Q = \data[12] [23]).
Adding EN signal on $memory\data[12]$2761 ($dff) from module icache_dm (D = $0$memwr$\data$icache_dm.v:30$44_DATA[31:0]$55 [24], Q = \data[12] [24]).
Adding EN signal on $memory\data[12]$2761 ($dff) from module icache_dm (D = $0$memwr$\data$icache_dm.v:30$44_DATA[31:0]$55 [25], Q = \data[12] [25]).
Adding EN signal on $memory\data[12]$2761 ($dff) from module icache_dm (D = $0$memwr$\data$icache_dm.v:30$44_DATA[31:0]$55 [26], Q = \data[12] [26]).
Adding EN signal on $memory\data[12]$2761 ($dff) from module icache_dm (D = $0$memwr$\data$icache_dm.v:30$44_DATA[31:0]$55 [27], Q = \data[12] [27]).
Adding EN signal on $memory\data[12]$2761 ($dff) from module icache_dm (D = $0$memwr$\data$icache_dm.v:30$44_DATA[31:0]$55 [28], Q = \data[12] [28]).
Adding EN signal on $memory\data[12]$2761 ($dff) from module icache_dm (D = $0$memwr$\data$icache_dm.v:30$44_DATA[31:0]$55 [29], Q = \data[12] [29]).
Adding EN signal on $memory\data[12]$2761 ($dff) from module icache_dm (D = $0$memwr$\data$icache_dm.v:30$44_DATA[31:0]$55 [30], Q = \data[12] [30]).
Adding EN signal on $memory\data[12]$2761 ($dff) from module icache_dm (D = $0$memwr$\data$icache_dm.v:30$44_DATA[31:0]$55 [31], Q = \data[12] [31]).
Adding EN signal on $memory\data[13]$2763 ($dff) from module icache_dm (D = $0$memwr$\data$icache_dm.v:30$44_DATA[31:0]$55 [0], Q = \data[13] [0]).
Adding EN signal on $memory\data[13]$2763 ($dff) from module icache_dm (D = $0$memwr$\data$icache_dm.v:30$44_DATA[31:0]$55 [1], Q = \data[13] [1]).
Adding EN signal on $memory\data[13]$2763 ($dff) from module icache_dm (D = $0$memwr$\data$icache_dm.v:30$44_DATA[31:0]$55 [2], Q = \data[13] [2]).
Adding EN signal on $memory\data[13]$2763 ($dff) from module icache_dm (D = $0$memwr$\data$icache_dm.v:30$44_DATA[31:0]$55 [3], Q = \data[13] [3]).
Adding EN signal on $memory\data[13]$2763 ($dff) from module icache_dm (D = $0$memwr$\data$icache_dm.v:30$44_DATA[31:0]$55 [4], Q = \data[13] [4]).
Adding EN signal on $memory\data[13]$2763 ($dff) from module icache_dm (D = $0$memwr$\data$icache_dm.v:30$44_DATA[31:0]$55 [5], Q = \data[13] [5]).
Adding EN signal on $memory\data[13]$2763 ($dff) from module icache_dm (D = $0$memwr$\data$icache_dm.v:30$44_DATA[31:0]$55 [6], Q = \data[13] [6]).
Adding EN signal on $memory\data[13]$2763 ($dff) from module icache_dm (D = $0$memwr$\data$icache_dm.v:30$44_DATA[31:0]$55 [7], Q = \data[13] [7]).
Adding EN signal on $memory\data[13]$2763 ($dff) from module icache_dm (D = $0$memwr$\data$icache_dm.v:30$44_DATA[31:0]$55 [8], Q = \data[13] [8]).
Adding EN signal on $memory\data[13]$2763 ($dff) from module icache_dm (D = $0$memwr$\data$icache_dm.v:30$44_DATA[31:0]$55 [9], Q = \data[13] [9]).
Adding EN signal on $memory\data[13]$2763 ($dff) from module icache_dm (D = $0$memwr$\data$icache_dm.v:30$44_DATA[31:0]$55 [10], Q = \data[13] [10]).
Adding EN signal on $memory\data[13]$2763 ($dff) from module icache_dm (D = $0$memwr$\data$icache_dm.v:30$44_DATA[31:0]$55 [11], Q = \data[13] [11]).
Adding EN signal on $memory\data[13]$2763 ($dff) from module icache_dm (D = $0$memwr$\data$icache_dm.v:30$44_DATA[31:0]$55 [12], Q = \data[13] [12]).
Adding EN signal on $memory\data[13]$2763 ($dff) from module icache_dm (D = $0$memwr$\data$icache_dm.v:30$44_DATA[31:0]$55 [13], Q = \data[13] [13]).
Adding EN signal on $memory\data[13]$2763 ($dff) from module icache_dm (D = $0$memwr$\data$icache_dm.v:30$44_DATA[31:0]$55 [14], Q = \data[13] [14]).
Adding EN signal on $memory\data[13]$2763 ($dff) from module icache_dm (D = $0$memwr$\data$icache_dm.v:30$44_DATA[31:0]$55 [15], Q = \data[13] [15]).
Adding EN signal on $memory\data[13]$2763 ($dff) from module icache_dm (D = $0$memwr$\data$icache_dm.v:30$44_DATA[31:0]$55 [16], Q = \data[13] [16]).
Adding EN signal on $memory\data[13]$2763 ($dff) from module icache_dm (D = $0$memwr$\data$icache_dm.v:30$44_DATA[31:0]$55 [17], Q = \data[13] [17]).
Adding EN signal on $memory\data[13]$2763 ($dff) from module icache_dm (D = $0$memwr$\data$icache_dm.v:30$44_DATA[31:0]$55 [18], Q = \data[13] [18]).
Adding EN signal on $memory\data[13]$2763 ($dff) from module icache_dm (D = $0$memwr$\data$icache_dm.v:30$44_DATA[31:0]$55 [19], Q = \data[13] [19]).
Adding EN signal on $memory\data[13]$2763 ($dff) from module icache_dm (D = $0$memwr$\data$icache_dm.v:30$44_DATA[31:0]$55 [20], Q = \data[13] [20]).
Adding EN signal on $memory\data[13]$2763 ($dff) from module icache_dm (D = $0$memwr$\data$icache_dm.v:30$44_DATA[31:0]$55 [21], Q = \data[13] [21]).
Adding EN signal on $memory\data[13]$2763 ($dff) from module icache_dm (D = $0$memwr$\data$icache_dm.v:30$44_DATA[31:0]$55 [22], Q = \data[13] [22]).
Adding EN signal on $memory\data[13]$2763 ($dff) from module icache_dm (D = $0$memwr$\data$icache_dm.v:30$44_DATA[31:0]$55 [23], Q = \data[13] [23]).
Adding EN signal on $memory\data[13]$2763 ($dff) from module icache_dm (D = $0$memwr$\data$icache_dm.v:30$44_DATA[31:0]$55 [24], Q = \data[13] [24]).
Adding EN signal on $memory\data[13]$2763 ($dff) from module icache_dm (D = $0$memwr$\data$icache_dm.v:30$44_DATA[31:0]$55 [25], Q = \data[13] [25]).
Adding EN signal on $memory\data[13]$2763 ($dff) from module icache_dm (D = $0$memwr$\data$icache_dm.v:30$44_DATA[31:0]$55 [26], Q = \data[13] [26]).
Adding EN signal on $memory\data[13]$2763 ($dff) from module icache_dm (D = $0$memwr$\data$icache_dm.v:30$44_DATA[31:0]$55 [27], Q = \data[13] [27]).
Adding EN signal on $memory\data[13]$2763 ($dff) from module icache_dm (D = $0$memwr$\data$icache_dm.v:30$44_DATA[31:0]$55 [28], Q = \data[13] [28]).
Adding EN signal on $memory\data[13]$2763 ($dff) from module icache_dm (D = $0$memwr$\data$icache_dm.v:30$44_DATA[31:0]$55 [29], Q = \data[13] [29]).
Adding EN signal on $memory\data[13]$2763 ($dff) from module icache_dm (D = $0$memwr$\data$icache_dm.v:30$44_DATA[31:0]$55 [30], Q = \data[13] [30]).
Adding EN signal on $memory\data[13]$2763 ($dff) from module icache_dm (D = $0$memwr$\data$icache_dm.v:30$44_DATA[31:0]$55 [31], Q = \data[13] [31]).
Adding EN signal on $memory\data[14]$2765 ($dff) from module icache_dm (D = $0$memwr$\data$icache_dm.v:30$44_DATA[31:0]$55 [0], Q = \data[14] [0]).
Adding EN signal on $memory\data[14]$2765 ($dff) from module icache_dm (D = $0$memwr$\data$icache_dm.v:30$44_DATA[31:0]$55 [1], Q = \data[14] [1]).
Adding EN signal on $memory\data[14]$2765 ($dff) from module icache_dm (D = $0$memwr$\data$icache_dm.v:30$44_DATA[31:0]$55 [2], Q = \data[14] [2]).
Adding EN signal on $memory\data[14]$2765 ($dff) from module icache_dm (D = $0$memwr$\data$icache_dm.v:30$44_DATA[31:0]$55 [3], Q = \data[14] [3]).
Adding EN signal on $memory\data[14]$2765 ($dff) from module icache_dm (D = $0$memwr$\data$icache_dm.v:30$44_DATA[31:0]$55 [4], Q = \data[14] [4]).
Adding EN signal on $memory\data[14]$2765 ($dff) from module icache_dm (D = $0$memwr$\data$icache_dm.v:30$44_DATA[31:0]$55 [5], Q = \data[14] [5]).
Adding EN signal on $memory\data[14]$2765 ($dff) from module icache_dm (D = $0$memwr$\data$icache_dm.v:30$44_DATA[31:0]$55 [6], Q = \data[14] [6]).
Adding EN signal on $memory\data[14]$2765 ($dff) from module icache_dm (D = $0$memwr$\data$icache_dm.v:30$44_DATA[31:0]$55 [7], Q = \data[14] [7]).
Adding EN signal on $memory\data[14]$2765 ($dff) from module icache_dm (D = $0$memwr$\data$icache_dm.v:30$44_DATA[31:0]$55 [8], Q = \data[14] [8]).
Adding EN signal on $memory\data[14]$2765 ($dff) from module icache_dm (D = $0$memwr$\data$icache_dm.v:30$44_DATA[31:0]$55 [9], Q = \data[14] [9]).
Adding EN signal on $memory\data[14]$2765 ($dff) from module icache_dm (D = $0$memwr$\data$icache_dm.v:30$44_DATA[31:0]$55 [10], Q = \data[14] [10]).
Adding EN signal on $memory\data[14]$2765 ($dff) from module icache_dm (D = $0$memwr$\data$icache_dm.v:30$44_DATA[31:0]$55 [11], Q = \data[14] [11]).
Adding EN signal on $memory\data[14]$2765 ($dff) from module icache_dm (D = $0$memwr$\data$icache_dm.v:30$44_DATA[31:0]$55 [12], Q = \data[14] [12]).
Adding EN signal on $memory\data[14]$2765 ($dff) from module icache_dm (D = $0$memwr$\data$icache_dm.v:30$44_DATA[31:0]$55 [13], Q = \data[14] [13]).
Adding EN signal on $memory\data[14]$2765 ($dff) from module icache_dm (D = $0$memwr$\data$icache_dm.v:30$44_DATA[31:0]$55 [14], Q = \data[14] [14]).
Adding EN signal on $memory\data[14]$2765 ($dff) from module icache_dm (D = $0$memwr$\data$icache_dm.v:30$44_DATA[31:0]$55 [15], Q = \data[14] [15]).
Adding EN signal on $memory\data[14]$2765 ($dff) from module icache_dm (D = $0$memwr$\data$icache_dm.v:30$44_DATA[31:0]$55 [16], Q = \data[14] [16]).
Adding EN signal on $memory\data[14]$2765 ($dff) from module icache_dm (D = $0$memwr$\data$icache_dm.v:30$44_DATA[31:0]$55 [17], Q = \data[14] [17]).
Adding EN signal on $memory\data[14]$2765 ($dff) from module icache_dm (D = $0$memwr$\data$icache_dm.v:30$44_DATA[31:0]$55 [18], Q = \data[14] [18]).
Adding EN signal on $memory\data[14]$2765 ($dff) from module icache_dm (D = $0$memwr$\data$icache_dm.v:30$44_DATA[31:0]$55 [19], Q = \data[14] [19]).
Adding EN signal on $memory\data[14]$2765 ($dff) from module icache_dm (D = $0$memwr$\data$icache_dm.v:30$44_DATA[31:0]$55 [20], Q = \data[14] [20]).
Adding EN signal on $memory\data[14]$2765 ($dff) from module icache_dm (D = $0$memwr$\data$icache_dm.v:30$44_DATA[31:0]$55 [21], Q = \data[14] [21]).
Adding EN signal on $memory\data[14]$2765 ($dff) from module icache_dm (D = $0$memwr$\data$icache_dm.v:30$44_DATA[31:0]$55 [22], Q = \data[14] [22]).
Adding EN signal on $memory\data[14]$2765 ($dff) from module icache_dm (D = $0$memwr$\data$icache_dm.v:30$44_DATA[31:0]$55 [23], Q = \data[14] [23]).
Adding EN signal on $memory\data[14]$2765 ($dff) from module icache_dm (D = $0$memwr$\data$icache_dm.v:30$44_DATA[31:0]$55 [24], Q = \data[14] [24]).
Adding EN signal on $memory\data[14]$2765 ($dff) from module icache_dm (D = $0$memwr$\data$icache_dm.v:30$44_DATA[31:0]$55 [25], Q = \data[14] [25]).
Adding EN signal on $memory\data[14]$2765 ($dff) from module icache_dm (D = $0$memwr$\data$icache_dm.v:30$44_DATA[31:0]$55 [26], Q = \data[14] [26]).
Adding EN signal on $memory\data[14]$2765 ($dff) from module icache_dm (D = $0$memwr$\data$icache_dm.v:30$44_DATA[31:0]$55 [27], Q = \data[14] [27]).
Adding EN signal on $memory\data[14]$2765 ($dff) from module icache_dm (D = $0$memwr$\data$icache_dm.v:30$44_DATA[31:0]$55 [28], Q = \data[14] [28]).
Adding EN signal on $memory\data[14]$2765 ($dff) from module icache_dm (D = $0$memwr$\data$icache_dm.v:30$44_DATA[31:0]$55 [29], Q = \data[14] [29]).
Adding EN signal on $memory\data[14]$2765 ($dff) from module icache_dm (D = $0$memwr$\data$icache_dm.v:30$44_DATA[31:0]$55 [30], Q = \data[14] [30]).
Adding EN signal on $memory\data[14]$2765 ($dff) from module icache_dm (D = $0$memwr$\data$icache_dm.v:30$44_DATA[31:0]$55 [31], Q = \data[14] [31]).
Adding EN signal on $memory\data[15]$2767 ($dff) from module icache_dm (D = $0$memwr$\data$icache_dm.v:30$44_DATA[31:0]$55 [0], Q = \data[15] [0]).
Adding EN signal on $memory\data[15]$2767 ($dff) from module icache_dm (D = $0$memwr$\data$icache_dm.v:30$44_DATA[31:0]$55 [1], Q = \data[15] [1]).
Adding EN signal on $memory\data[15]$2767 ($dff) from module icache_dm (D = $0$memwr$\data$icache_dm.v:30$44_DATA[31:0]$55 [2], Q = \data[15] [2]).
Adding EN signal on $memory\data[15]$2767 ($dff) from module icache_dm (D = $0$memwr$\data$icache_dm.v:30$44_DATA[31:0]$55 [3], Q = \data[15] [3]).
Adding EN signal on $memory\data[15]$2767 ($dff) from module icache_dm (D = $0$memwr$\data$icache_dm.v:30$44_DATA[31:0]$55 [4], Q = \data[15] [4]).
Adding EN signal on $memory\data[15]$2767 ($dff) from module icache_dm (D = $0$memwr$\data$icache_dm.v:30$44_DATA[31:0]$55 [5], Q = \data[15] [5]).
Adding EN signal on $memory\data[15]$2767 ($dff) from module icache_dm (D = $0$memwr$\data$icache_dm.v:30$44_DATA[31:0]$55 [6], Q = \data[15] [6]).
Adding EN signal on $memory\data[15]$2767 ($dff) from module icache_dm (D = $0$memwr$\data$icache_dm.v:30$44_DATA[31:0]$55 [7], Q = \data[15] [7]).
Adding EN signal on $memory\data[15]$2767 ($dff) from module icache_dm (D = $0$memwr$\data$icache_dm.v:30$44_DATA[31:0]$55 [8], Q = \data[15] [8]).
Adding EN signal on $memory\data[15]$2767 ($dff) from module icache_dm (D = $0$memwr$\data$icache_dm.v:30$44_DATA[31:0]$55 [9], Q = \data[15] [9]).
Adding EN signal on $memory\data[15]$2767 ($dff) from module icache_dm (D = $0$memwr$\data$icache_dm.v:30$44_DATA[31:0]$55 [10], Q = \data[15] [10]).
Adding EN signal on $memory\data[15]$2767 ($dff) from module icache_dm (D = $0$memwr$\data$icache_dm.v:30$44_DATA[31:0]$55 [11], Q = \data[15] [11]).
Adding EN signal on $memory\data[15]$2767 ($dff) from module icache_dm (D = $0$memwr$\data$icache_dm.v:30$44_DATA[31:0]$55 [12], Q = \data[15] [12]).
Adding EN signal on $memory\data[15]$2767 ($dff) from module icache_dm (D = $0$memwr$\data$icache_dm.v:30$44_DATA[31:0]$55 [13], Q = \data[15] [13]).
Adding EN signal on $memory\data[15]$2767 ($dff) from module icache_dm (D = $0$memwr$\data$icache_dm.v:30$44_DATA[31:0]$55 [14], Q = \data[15] [14]).
Adding EN signal on $memory\data[15]$2767 ($dff) from module icache_dm (D = $0$memwr$\data$icache_dm.v:30$44_DATA[31:0]$55 [15], Q = \data[15] [15]).
Adding EN signal on $memory\data[15]$2767 ($dff) from module icache_dm (D = $0$memwr$\data$icache_dm.v:30$44_DATA[31:0]$55 [16], Q = \data[15] [16]).
Adding EN signal on $memory\data[15]$2767 ($dff) from module icache_dm (D = $0$memwr$\data$icache_dm.v:30$44_DATA[31:0]$55 [17], Q = \data[15] [17]).
Adding EN signal on $memory\data[15]$2767 ($dff) from module icache_dm (D = $0$memwr$\data$icache_dm.v:30$44_DATA[31:0]$55 [18], Q = \data[15] [18]).
Adding EN signal on $memory\data[15]$2767 ($dff) from module icache_dm (D = $0$memwr$\data$icache_dm.v:30$44_DATA[31:0]$55 [19], Q = \data[15] [19]).
Adding EN signal on $memory\data[15]$2767 ($dff) from module icache_dm (D = $0$memwr$\data$icache_dm.v:30$44_DATA[31:0]$55 [20], Q = \data[15] [20]).
Adding EN signal on $memory\data[15]$2767 ($dff) from module icache_dm (D = $0$memwr$\data$icache_dm.v:30$44_DATA[31:0]$55 [21], Q = \data[15] [21]).
Adding EN signal on $memory\data[15]$2767 ($dff) from module icache_dm (D = $0$memwr$\data$icache_dm.v:30$44_DATA[31:0]$55 [22], Q = \data[15] [22]).
Adding EN signal on $memory\data[15]$2767 ($dff) from module icache_dm (D = $0$memwr$\data$icache_dm.v:30$44_DATA[31:0]$55 [23], Q = \data[15] [23]).
Adding EN signal on $memory\data[15]$2767 ($dff) from module icache_dm (D = $0$memwr$\data$icache_dm.v:30$44_DATA[31:0]$55 [24], Q = \data[15] [24]).
Adding EN signal on $memory\data[15]$2767 ($dff) from module icache_dm (D = $0$memwr$\data$icache_dm.v:30$44_DATA[31:0]$55 [25], Q = \data[15] [25]).
Adding EN signal on $memory\data[15]$2767 ($dff) from module icache_dm (D = $0$memwr$\data$icache_dm.v:30$44_DATA[31:0]$55 [26], Q = \data[15] [26]).
Adding EN signal on $memory\data[15]$2767 ($dff) from module icache_dm (D = $0$memwr$\data$icache_dm.v:30$44_DATA[31:0]$55 [27], Q = \data[15] [27]).
Adding EN signal on $memory\data[15]$2767 ($dff) from module icache_dm (D = $0$memwr$\data$icache_dm.v:30$44_DATA[31:0]$55 [28], Q = \data[15] [28]).
Adding EN signal on $memory\data[15]$2767 ($dff) from module icache_dm (D = $0$memwr$\data$icache_dm.v:30$44_DATA[31:0]$55 [29], Q = \data[15] [29]).
Adding EN signal on $memory\data[15]$2767 ($dff) from module icache_dm (D = $0$memwr$\data$icache_dm.v:30$44_DATA[31:0]$55 [30], Q = \data[15] [30]).
Adding EN signal on $memory\data[15]$2767 ($dff) from module icache_dm (D = $0$memwr$\data$icache_dm.v:30$44_DATA[31:0]$55 [31], Q = \data[15] [31]).
Adding EN signal on $memory\data[16]$2769 ($dff) from module icache_dm (D = $0$memwr$\data$icache_dm.v:30$44_DATA[31:0]$55 [0], Q = \data[16] [0]).
Adding EN signal on $memory\data[16]$2769 ($dff) from module icache_dm (D = $0$memwr$\data$icache_dm.v:30$44_DATA[31:0]$55 [1], Q = \data[16] [1]).
Adding EN signal on $memory\data[16]$2769 ($dff) from module icache_dm (D = $0$memwr$\data$icache_dm.v:30$44_DATA[31:0]$55 [2], Q = \data[16] [2]).
Adding EN signal on $memory\data[16]$2769 ($dff) from module icache_dm (D = $0$memwr$\data$icache_dm.v:30$44_DATA[31:0]$55 [3], Q = \data[16] [3]).
Adding EN signal on $memory\data[16]$2769 ($dff) from module icache_dm (D = $0$memwr$\data$icache_dm.v:30$44_DATA[31:0]$55 [4], Q = \data[16] [4]).
Adding EN signal on $memory\data[16]$2769 ($dff) from module icache_dm (D = $0$memwr$\data$icache_dm.v:30$44_DATA[31:0]$55 [5], Q = \data[16] [5]).
Adding EN signal on $memory\data[16]$2769 ($dff) from module icache_dm (D = $0$memwr$\data$icache_dm.v:30$44_DATA[31:0]$55 [6], Q = \data[16] [6]).
Adding EN signal on $memory\data[16]$2769 ($dff) from module icache_dm (D = $0$memwr$\data$icache_dm.v:30$44_DATA[31:0]$55 [7], Q = \data[16] [7]).
Adding EN signal on $memory\data[16]$2769 ($dff) from module icache_dm (D = $0$memwr$\data$icache_dm.v:30$44_DATA[31:0]$55 [8], Q = \data[16] [8]).
Adding EN signal on $memory\data[16]$2769 ($dff) from module icache_dm (D = $0$memwr$\data$icache_dm.v:30$44_DATA[31:0]$55 [9], Q = \data[16] [9]).
Adding EN signal on $memory\data[16]$2769 ($dff) from module icache_dm (D = $0$memwr$\data$icache_dm.v:30$44_DATA[31:0]$55 [10], Q = \data[16] [10]).
Adding EN signal on $memory\data[16]$2769 ($dff) from module icache_dm (D = $0$memwr$\data$icache_dm.v:30$44_DATA[31:0]$55 [11], Q = \data[16] [11]).
Adding EN signal on $memory\data[16]$2769 ($dff) from module icache_dm (D = $0$memwr$\data$icache_dm.v:30$44_DATA[31:0]$55 [12], Q = \data[16] [12]).
Adding EN signal on $memory\data[16]$2769 ($dff) from module icache_dm (D = $0$memwr$\data$icache_dm.v:30$44_DATA[31:0]$55 [13], Q = \data[16] [13]).
Adding EN signal on $memory\data[16]$2769 ($dff) from module icache_dm (D = $0$memwr$\data$icache_dm.v:30$44_DATA[31:0]$55 [14], Q = \data[16] [14]).
Adding EN signal on $memory\data[16]$2769 ($dff) from module icache_dm (D = $0$memwr$\data$icache_dm.v:30$44_DATA[31:0]$55 [15], Q = \data[16] [15]).
Adding EN signal on $memory\data[16]$2769 ($dff) from module icache_dm (D = $0$memwr$\data$icache_dm.v:30$44_DATA[31:0]$55 [16], Q = \data[16] [16]).
Adding EN signal on $memory\data[16]$2769 ($dff) from module icache_dm (D = $0$memwr$\data$icache_dm.v:30$44_DATA[31:0]$55 [17], Q = \data[16] [17]).
Adding EN signal on $memory\data[16]$2769 ($dff) from module icache_dm (D = $0$memwr$\data$icache_dm.v:30$44_DATA[31:0]$55 [18], Q = \data[16] [18]).
Adding EN signal on $memory\data[16]$2769 ($dff) from module icache_dm (D = $0$memwr$\data$icache_dm.v:30$44_DATA[31:0]$55 [19], Q = \data[16] [19]).
Adding EN signal on $memory\data[16]$2769 ($dff) from module icache_dm (D = $0$memwr$\data$icache_dm.v:30$44_DATA[31:0]$55 [20], Q = \data[16] [20]).
Adding EN signal on $memory\data[16]$2769 ($dff) from module icache_dm (D = $0$memwr$\data$icache_dm.v:30$44_DATA[31:0]$55 [21], Q = \data[16] [21]).
Adding EN signal on $memory\data[16]$2769 ($dff) from module icache_dm (D = $0$memwr$\data$icache_dm.v:30$44_DATA[31:0]$55 [22], Q = \data[16] [22]).
Adding EN signal on $memory\data[16]$2769 ($dff) from module icache_dm (D = $0$memwr$\data$icache_dm.v:30$44_DATA[31:0]$55 [23], Q = \data[16] [23]).
Adding EN signal on $memory\data[16]$2769 ($dff) from module icache_dm (D = $0$memwr$\data$icache_dm.v:30$44_DATA[31:0]$55 [24], Q = \data[16] [24]).
Adding EN signal on $memory\data[16]$2769 ($dff) from module icache_dm (D = $0$memwr$\data$icache_dm.v:30$44_DATA[31:0]$55 [25], Q = \data[16] [25]).
Adding EN signal on $memory\data[16]$2769 ($dff) from module icache_dm (D = $0$memwr$\data$icache_dm.v:30$44_DATA[31:0]$55 [26], Q = \data[16] [26]).
Adding EN signal on $memory\data[16]$2769 ($dff) from module icache_dm (D = $0$memwr$\data$icache_dm.v:30$44_DATA[31:0]$55 [27], Q = \data[16] [27]).
Adding EN signal on $memory\data[16]$2769 ($dff) from module icache_dm (D = $0$memwr$\data$icache_dm.v:30$44_DATA[31:0]$55 [28], Q = \data[16] [28]).
Adding EN signal on $memory\data[16]$2769 ($dff) from module icache_dm (D = $0$memwr$\data$icache_dm.v:30$44_DATA[31:0]$55 [29], Q = \data[16] [29]).
Adding EN signal on $memory\data[16]$2769 ($dff) from module icache_dm (D = $0$memwr$\data$icache_dm.v:30$44_DATA[31:0]$55 [30], Q = \data[16] [30]).
Adding EN signal on $memory\data[16]$2769 ($dff) from module icache_dm (D = $0$memwr$\data$icache_dm.v:30$44_DATA[31:0]$55 [31], Q = \data[16] [31]).
Adding EN signal on $memory\data[17]$2771 ($dff) from module icache_dm (D = $0$memwr$\data$icache_dm.v:30$44_DATA[31:0]$55 [0], Q = \data[17] [0]).
Adding EN signal on $memory\data[17]$2771 ($dff) from module icache_dm (D = $0$memwr$\data$icache_dm.v:30$44_DATA[31:0]$55 [1], Q = \data[17] [1]).
Adding EN signal on $memory\data[17]$2771 ($dff) from module icache_dm (D = $0$memwr$\data$icache_dm.v:30$44_DATA[31:0]$55 [2], Q = \data[17] [2]).
Adding EN signal on $memory\data[17]$2771 ($dff) from module icache_dm (D = $0$memwr$\data$icache_dm.v:30$44_DATA[31:0]$55 [3], Q = \data[17] [3]).
Adding EN signal on $memory\data[17]$2771 ($dff) from module icache_dm (D = $0$memwr$\data$icache_dm.v:30$44_DATA[31:0]$55 [4], Q = \data[17] [4]).
Adding EN signal on $memory\data[17]$2771 ($dff) from module icache_dm (D = $0$memwr$\data$icache_dm.v:30$44_DATA[31:0]$55 [5], Q = \data[17] [5]).
Adding EN signal on $memory\data[17]$2771 ($dff) from module icache_dm (D = $0$memwr$\data$icache_dm.v:30$44_DATA[31:0]$55 [6], Q = \data[17] [6]).
Adding EN signal on $memory\data[17]$2771 ($dff) from module icache_dm (D = $0$memwr$\data$icache_dm.v:30$44_DATA[31:0]$55 [7], Q = \data[17] [7]).
Adding EN signal on $memory\data[17]$2771 ($dff) from module icache_dm (D = $0$memwr$\data$icache_dm.v:30$44_DATA[31:0]$55 [8], Q = \data[17] [8]).
Adding EN signal on $memory\data[17]$2771 ($dff) from module icache_dm (D = $0$memwr$\data$icache_dm.v:30$44_DATA[31:0]$55 [9], Q = \data[17] [9]).
Adding EN signal on $memory\data[17]$2771 ($dff) from module icache_dm (D = $0$memwr$\data$icache_dm.v:30$44_DATA[31:0]$55 [10], Q = \data[17] [10]).
Adding EN signal on $memory\data[17]$2771 ($dff) from module icache_dm (D = $0$memwr$\data$icache_dm.v:30$44_DATA[31:0]$55 [11], Q = \data[17] [11]).
Adding EN signal on $memory\data[17]$2771 ($dff) from module icache_dm (D = $0$memwr$\data$icache_dm.v:30$44_DATA[31:0]$55 [12], Q = \data[17] [12]).
Adding EN signal on $memory\data[17]$2771 ($dff) from module icache_dm (D = $0$memwr$\data$icache_dm.v:30$44_DATA[31:0]$55 [13], Q = \data[17] [13]).
Adding EN signal on $memory\data[17]$2771 ($dff) from module icache_dm (D = $0$memwr$\data$icache_dm.v:30$44_DATA[31:0]$55 [14], Q = \data[17] [14]).
Adding EN signal on $memory\data[17]$2771 ($dff) from module icache_dm (D = $0$memwr$\data$icache_dm.v:30$44_DATA[31:0]$55 [15], Q = \data[17] [15]).
Adding EN signal on $memory\data[17]$2771 ($dff) from module icache_dm (D = $0$memwr$\data$icache_dm.v:30$44_DATA[31:0]$55 [16], Q = \data[17] [16]).
Adding EN signal on $memory\data[17]$2771 ($dff) from module icache_dm (D = $0$memwr$\data$icache_dm.v:30$44_DATA[31:0]$55 [17], Q = \data[17] [17]).
Adding EN signal on $memory\data[17]$2771 ($dff) from module icache_dm (D = $0$memwr$\data$icache_dm.v:30$44_DATA[31:0]$55 [18], Q = \data[17] [18]).
Adding EN signal on $memory\data[17]$2771 ($dff) from module icache_dm (D = $0$memwr$\data$icache_dm.v:30$44_DATA[31:0]$55 [19], Q = \data[17] [19]).
Adding EN signal on $memory\data[17]$2771 ($dff) from module icache_dm (D = $0$memwr$\data$icache_dm.v:30$44_DATA[31:0]$55 [20], Q = \data[17] [20]).
Adding EN signal on $memory\data[17]$2771 ($dff) from module icache_dm (D = $0$memwr$\data$icache_dm.v:30$44_DATA[31:0]$55 [21], Q = \data[17] [21]).
Adding EN signal on $memory\data[17]$2771 ($dff) from module icache_dm (D = $0$memwr$\data$icache_dm.v:30$44_DATA[31:0]$55 [22], Q = \data[17] [22]).
Adding EN signal on $memory\data[17]$2771 ($dff) from module icache_dm (D = $0$memwr$\data$icache_dm.v:30$44_DATA[31:0]$55 [23], Q = \data[17] [23]).
Adding EN signal on $memory\data[17]$2771 ($dff) from module icache_dm (D = $0$memwr$\data$icache_dm.v:30$44_DATA[31:0]$55 [24], Q = \data[17] [24]).
Adding EN signal on $memory\data[17]$2771 ($dff) from module icache_dm (D = $0$memwr$\data$icache_dm.v:30$44_DATA[31:0]$55 [25], Q = \data[17] [25]).
Adding EN signal on $memory\data[17]$2771 ($dff) from module icache_dm (D = $0$memwr$\data$icache_dm.v:30$44_DATA[31:0]$55 [26], Q = \data[17] [26]).
Adding EN signal on $memory\data[17]$2771 ($dff) from module icache_dm (D = $0$memwr$\data$icache_dm.v:30$44_DATA[31:0]$55 [27], Q = \data[17] [27]).
Adding EN signal on $memory\data[17]$2771 ($dff) from module icache_dm (D = $0$memwr$\data$icache_dm.v:30$44_DATA[31:0]$55 [28], Q = \data[17] [28]).
Adding EN signal on $memory\data[17]$2771 ($dff) from module icache_dm (D = $0$memwr$\data$icache_dm.v:30$44_DATA[31:0]$55 [29], Q = \data[17] [29]).
Adding EN signal on $memory\data[17]$2771 ($dff) from module icache_dm (D = $0$memwr$\data$icache_dm.v:30$44_DATA[31:0]$55 [30], Q = \data[17] [30]).
Adding EN signal on $memory\data[17]$2771 ($dff) from module icache_dm (D = $0$memwr$\data$icache_dm.v:30$44_DATA[31:0]$55 [31], Q = \data[17] [31]).
Adding EN signal on $memory\data[18]$2773 ($dff) from module icache_dm (D = $0$memwr$\data$icache_dm.v:30$44_DATA[31:0]$55 [0], Q = \data[18] [0]).
Adding EN signal on $memory\data[18]$2773 ($dff) from module icache_dm (D = $0$memwr$\data$icache_dm.v:30$44_DATA[31:0]$55 [1], Q = \data[18] [1]).
Adding EN signal on $memory\data[18]$2773 ($dff) from module icache_dm (D = $0$memwr$\data$icache_dm.v:30$44_DATA[31:0]$55 [2], Q = \data[18] [2]).
Adding EN signal on $memory\data[18]$2773 ($dff) from module icache_dm (D = $0$memwr$\data$icache_dm.v:30$44_DATA[31:0]$55 [3], Q = \data[18] [3]).
Adding EN signal on $memory\data[18]$2773 ($dff) from module icache_dm (D = $0$memwr$\data$icache_dm.v:30$44_DATA[31:0]$55 [4], Q = \data[18] [4]).
Adding EN signal on $memory\data[18]$2773 ($dff) from module icache_dm (D = $0$memwr$\data$icache_dm.v:30$44_DATA[31:0]$55 [5], Q = \data[18] [5]).
Adding EN signal on $memory\data[18]$2773 ($dff) from module icache_dm (D = $0$memwr$\data$icache_dm.v:30$44_DATA[31:0]$55 [6], Q = \data[18] [6]).
Adding EN signal on $memory\data[18]$2773 ($dff) from module icache_dm (D = $0$memwr$\data$icache_dm.v:30$44_DATA[31:0]$55 [7], Q = \data[18] [7]).
Adding EN signal on $memory\data[18]$2773 ($dff) from module icache_dm (D = $0$memwr$\data$icache_dm.v:30$44_DATA[31:0]$55 [8], Q = \data[18] [8]).
Adding EN signal on $memory\data[18]$2773 ($dff) from module icache_dm (D = $0$memwr$\data$icache_dm.v:30$44_DATA[31:0]$55 [9], Q = \data[18] [9]).
Adding EN signal on $memory\data[18]$2773 ($dff) from module icache_dm (D = $0$memwr$\data$icache_dm.v:30$44_DATA[31:0]$55 [10], Q = \data[18] [10]).
Adding EN signal on $memory\data[18]$2773 ($dff) from module icache_dm (D = $0$memwr$\data$icache_dm.v:30$44_DATA[31:0]$55 [11], Q = \data[18] [11]).
Adding EN signal on $memory\data[18]$2773 ($dff) from module icache_dm (D = $0$memwr$\data$icache_dm.v:30$44_DATA[31:0]$55 [12], Q = \data[18] [12]).
Adding EN signal on $memory\data[18]$2773 ($dff) from module icache_dm (D = $0$memwr$\data$icache_dm.v:30$44_DATA[31:0]$55 [13], Q = \data[18] [13]).
Adding EN signal on $memory\data[18]$2773 ($dff) from module icache_dm (D = $0$memwr$\data$icache_dm.v:30$44_DATA[31:0]$55 [14], Q = \data[18] [14]).
Adding EN signal on $memory\data[18]$2773 ($dff) from module icache_dm (D = $0$memwr$\data$icache_dm.v:30$44_DATA[31:0]$55 [15], Q = \data[18] [15]).
Adding EN signal on $memory\data[18]$2773 ($dff) from module icache_dm (D = $0$memwr$\data$icache_dm.v:30$44_DATA[31:0]$55 [16], Q = \data[18] [16]).
Adding EN signal on $memory\data[18]$2773 ($dff) from module icache_dm (D = $0$memwr$\data$icache_dm.v:30$44_DATA[31:0]$55 [17], Q = \data[18] [17]).
Adding EN signal on $memory\data[18]$2773 ($dff) from module icache_dm (D = $0$memwr$\data$icache_dm.v:30$44_DATA[31:0]$55 [18], Q = \data[18] [18]).
Adding EN signal on $memory\data[18]$2773 ($dff) from module icache_dm (D = $0$memwr$\data$icache_dm.v:30$44_DATA[31:0]$55 [19], Q = \data[18] [19]).
Adding EN signal on $memory\data[18]$2773 ($dff) from module icache_dm (D = $0$memwr$\data$icache_dm.v:30$44_DATA[31:0]$55 [20], Q = \data[18] [20]).
Adding EN signal on $memory\data[18]$2773 ($dff) from module icache_dm (D = $0$memwr$\data$icache_dm.v:30$44_DATA[31:0]$55 [21], Q = \data[18] [21]).
Adding EN signal on $memory\data[18]$2773 ($dff) from module icache_dm (D = $0$memwr$\data$icache_dm.v:30$44_DATA[31:0]$55 [22], Q = \data[18] [22]).
Adding EN signal on $memory\data[18]$2773 ($dff) from module icache_dm (D = $0$memwr$\data$icache_dm.v:30$44_DATA[31:0]$55 [23], Q = \data[18] [23]).
Adding EN signal on $memory\data[18]$2773 ($dff) from module icache_dm (D = $0$memwr$\data$icache_dm.v:30$44_DATA[31:0]$55 [24], Q = \data[18] [24]).
Adding EN signal on $memory\data[18]$2773 ($dff) from module icache_dm (D = $0$memwr$\data$icache_dm.v:30$44_DATA[31:0]$55 [25], Q = \data[18] [25]).
Adding EN signal on $memory\data[18]$2773 ($dff) from module icache_dm (D = $0$memwr$\data$icache_dm.v:30$44_DATA[31:0]$55 [26], Q = \data[18] [26]).
Adding EN signal on $memory\data[18]$2773 ($dff) from module icache_dm (D = $0$memwr$\data$icache_dm.v:30$44_DATA[31:0]$55 [27], Q = \data[18] [27]).
Adding EN signal on $memory\data[18]$2773 ($dff) from module icache_dm (D = $0$memwr$\data$icache_dm.v:30$44_DATA[31:0]$55 [28], Q = \data[18] [28]).
Adding EN signal on $memory\data[18]$2773 ($dff) from module icache_dm (D = $0$memwr$\data$icache_dm.v:30$44_DATA[31:0]$55 [29], Q = \data[18] [29]).
Adding EN signal on $memory\data[18]$2773 ($dff) from module icache_dm (D = $0$memwr$\data$icache_dm.v:30$44_DATA[31:0]$55 [30], Q = \data[18] [30]).
Adding EN signal on $memory\data[18]$2773 ($dff) from module icache_dm (D = $0$memwr$\data$icache_dm.v:30$44_DATA[31:0]$55 [31], Q = \data[18] [31]).
Adding EN signal on $memory\data[19]$2775 ($dff) from module icache_dm (D = $0$memwr$\data$icache_dm.v:30$44_DATA[31:0]$55 [0], Q = \data[19] [0]).
Adding EN signal on $memory\data[19]$2775 ($dff) from module icache_dm (D = $0$memwr$\data$icache_dm.v:30$44_DATA[31:0]$55 [1], Q = \data[19] [1]).
Adding EN signal on $memory\data[19]$2775 ($dff) from module icache_dm (D = $0$memwr$\data$icache_dm.v:30$44_DATA[31:0]$55 [2], Q = \data[19] [2]).
Adding EN signal on $memory\data[19]$2775 ($dff) from module icache_dm (D = $0$memwr$\data$icache_dm.v:30$44_DATA[31:0]$55 [3], Q = \data[19] [3]).
Adding EN signal on $memory\data[19]$2775 ($dff) from module icache_dm (D = $0$memwr$\data$icache_dm.v:30$44_DATA[31:0]$55 [4], Q = \data[19] [4]).
Adding EN signal on $memory\data[19]$2775 ($dff) from module icache_dm (D = $0$memwr$\data$icache_dm.v:30$44_DATA[31:0]$55 [5], Q = \data[19] [5]).
Adding EN signal on $memory\data[19]$2775 ($dff) from module icache_dm (D = $0$memwr$\data$icache_dm.v:30$44_DATA[31:0]$55 [6], Q = \data[19] [6]).
Adding EN signal on $memory\data[19]$2775 ($dff) from module icache_dm (D = $0$memwr$\data$icache_dm.v:30$44_DATA[31:0]$55 [7], Q = \data[19] [7]).
Adding EN signal on $memory\data[19]$2775 ($dff) from module icache_dm (D = $0$memwr$\data$icache_dm.v:30$44_DATA[31:0]$55 [8], Q = \data[19] [8]).
Adding EN signal on $memory\data[19]$2775 ($dff) from module icache_dm (D = $0$memwr$\data$icache_dm.v:30$44_DATA[31:0]$55 [9], Q = \data[19] [9]).
Adding EN signal on $memory\data[19]$2775 ($dff) from module icache_dm (D = $0$memwr$\data$icache_dm.v:30$44_DATA[31:0]$55 [10], Q = \data[19] [10]).
Adding EN signal on $memory\data[19]$2775 ($dff) from module icache_dm (D = $0$memwr$\data$icache_dm.v:30$44_DATA[31:0]$55 [11], Q = \data[19] [11]).
Adding EN signal on $memory\data[19]$2775 ($dff) from module icache_dm (D = $0$memwr$\data$icache_dm.v:30$44_DATA[31:0]$55 [12], Q = \data[19] [12]).
Adding EN signal on $memory\data[19]$2775 ($dff) from module icache_dm (D = $0$memwr$\data$icache_dm.v:30$44_DATA[31:0]$55 [13], Q = \data[19] [13]).
Adding EN signal on $memory\data[19]$2775 ($dff) from module icache_dm (D = $0$memwr$\data$icache_dm.v:30$44_DATA[31:0]$55 [14], Q = \data[19] [14]).
Adding EN signal on $memory\data[19]$2775 ($dff) from module icache_dm (D = $0$memwr$\data$icache_dm.v:30$44_DATA[31:0]$55 [15], Q = \data[19] [15]).
Adding EN signal on $memory\data[19]$2775 ($dff) from module icache_dm (D = $0$memwr$\data$icache_dm.v:30$44_DATA[31:0]$55 [16], Q = \data[19] [16]).
Adding EN signal on $memory\data[19]$2775 ($dff) from module icache_dm (D = $0$memwr$\data$icache_dm.v:30$44_DATA[31:0]$55 [17], Q = \data[19] [17]).
Adding EN signal on $memory\data[19]$2775 ($dff) from module icache_dm (D = $0$memwr$\data$icache_dm.v:30$44_DATA[31:0]$55 [18], Q = \data[19] [18]).
Adding EN signal on $memory\data[19]$2775 ($dff) from module icache_dm (D = $0$memwr$\data$icache_dm.v:30$44_DATA[31:0]$55 [19], Q = \data[19] [19]).
Adding EN signal on $memory\data[19]$2775 ($dff) from module icache_dm (D = $0$memwr$\data$icache_dm.v:30$44_DATA[31:0]$55 [20], Q = \data[19] [20]).
Adding EN signal on $memory\data[19]$2775 ($dff) from module icache_dm (D = $0$memwr$\data$icache_dm.v:30$44_DATA[31:0]$55 [21], Q = \data[19] [21]).
Adding EN signal on $memory\data[19]$2775 ($dff) from module icache_dm (D = $0$memwr$\data$icache_dm.v:30$44_DATA[31:0]$55 [22], Q = \data[19] [22]).
Adding EN signal on $memory\data[19]$2775 ($dff) from module icache_dm (D = $0$memwr$\data$icache_dm.v:30$44_DATA[31:0]$55 [23], Q = \data[19] [23]).
Adding EN signal on $memory\data[19]$2775 ($dff) from module icache_dm (D = $0$memwr$\data$icache_dm.v:30$44_DATA[31:0]$55 [24], Q = \data[19] [24]).
Adding EN signal on $memory\data[19]$2775 ($dff) from module icache_dm (D = $0$memwr$\data$icache_dm.v:30$44_DATA[31:0]$55 [25], Q = \data[19] [25]).
Adding EN signal on $memory\data[19]$2775 ($dff) from module icache_dm (D = $0$memwr$\data$icache_dm.v:30$44_DATA[31:0]$55 [26], Q = \data[19] [26]).
Adding EN signal on $memory\data[19]$2775 ($dff) from module icache_dm (D = $0$memwr$\data$icache_dm.v:30$44_DATA[31:0]$55 [27], Q = \data[19] [27]).
Adding EN signal on $memory\data[19]$2775 ($dff) from module icache_dm (D = $0$memwr$\data$icache_dm.v:30$44_DATA[31:0]$55 [28], Q = \data[19] [28]).
Adding EN signal on $memory\data[19]$2775 ($dff) from module icache_dm (D = $0$memwr$\data$icache_dm.v:30$44_DATA[31:0]$55 [29], Q = \data[19] [29]).
Adding EN signal on $memory\data[19]$2775 ($dff) from module icache_dm (D = $0$memwr$\data$icache_dm.v:30$44_DATA[31:0]$55 [30], Q = \data[19] [30]).
Adding EN signal on $memory\data[19]$2775 ($dff) from module icache_dm (D = $0$memwr$\data$icache_dm.v:30$44_DATA[31:0]$55 [31], Q = \data[19] [31]).
Adding EN signal on $memory\data[20]$2777 ($dff) from module icache_dm (D = $0$memwr$\data$icache_dm.v:30$44_DATA[31:0]$55 [0], Q = \data[20] [0]).
Adding EN signal on $memory\data[20]$2777 ($dff) from module icache_dm (D = $0$memwr$\data$icache_dm.v:30$44_DATA[31:0]$55 [1], Q = \data[20] [1]).
Adding EN signal on $memory\data[20]$2777 ($dff) from module icache_dm (D = $0$memwr$\data$icache_dm.v:30$44_DATA[31:0]$55 [2], Q = \data[20] [2]).
Adding EN signal on $memory\data[20]$2777 ($dff) from module icache_dm (D = $0$memwr$\data$icache_dm.v:30$44_DATA[31:0]$55 [3], Q = \data[20] [3]).
Adding EN signal on $memory\data[20]$2777 ($dff) from module icache_dm (D = $0$memwr$\data$icache_dm.v:30$44_DATA[31:0]$55 [4], Q = \data[20] [4]).
Adding EN signal on $memory\data[20]$2777 ($dff) from module icache_dm (D = $0$memwr$\data$icache_dm.v:30$44_DATA[31:0]$55 [5], Q = \data[20] [5]).
Adding EN signal on $memory\data[20]$2777 ($dff) from module icache_dm (D = $0$memwr$\data$icache_dm.v:30$44_DATA[31:0]$55 [6], Q = \data[20] [6]).
Adding EN signal on $memory\data[20]$2777 ($dff) from module icache_dm (D = $0$memwr$\data$icache_dm.v:30$44_DATA[31:0]$55 [7], Q = \data[20] [7]).
Adding EN signal on $memory\data[20]$2777 ($dff) from module icache_dm (D = $0$memwr$\data$icache_dm.v:30$44_DATA[31:0]$55 [8], Q = \data[20] [8]).
Adding EN signal on $memory\data[20]$2777 ($dff) from module icache_dm (D = $0$memwr$\data$icache_dm.v:30$44_DATA[31:0]$55 [9], Q = \data[20] [9]).
Adding EN signal on $memory\data[20]$2777 ($dff) from module icache_dm (D = $0$memwr$\data$icache_dm.v:30$44_DATA[31:0]$55 [10], Q = \data[20] [10]).
Adding EN signal on $memory\data[20]$2777 ($dff) from module icache_dm (D = $0$memwr$\data$icache_dm.v:30$44_DATA[31:0]$55 [11], Q = \data[20] [11]).
Adding EN signal on $memory\data[20]$2777 ($dff) from module icache_dm (D = $0$memwr$\data$icache_dm.v:30$44_DATA[31:0]$55 [12], Q = \data[20] [12]).
Adding EN signal on $memory\data[20]$2777 ($dff) from module icache_dm (D = $0$memwr$\data$icache_dm.v:30$44_DATA[31:0]$55 [13], Q = \data[20] [13]).
Adding EN signal on $memory\data[20]$2777 ($dff) from module icache_dm (D = $0$memwr$\data$icache_dm.v:30$44_DATA[31:0]$55 [14], Q = \data[20] [14]).
Adding EN signal on $memory\data[20]$2777 ($dff) from module icache_dm (D = $0$memwr$\data$icache_dm.v:30$44_DATA[31:0]$55 [15], Q = \data[20] [15]).
Adding EN signal on $memory\data[20]$2777 ($dff) from module icache_dm (D = $0$memwr$\data$icache_dm.v:30$44_DATA[31:0]$55 [16], Q = \data[20] [16]).
Adding EN signal on $memory\data[20]$2777 ($dff) from module icache_dm (D = $0$memwr$\data$icache_dm.v:30$44_DATA[31:0]$55 [17], Q = \data[20] [17]).
Adding EN signal on $memory\data[20]$2777 ($dff) from module icache_dm (D = $0$memwr$\data$icache_dm.v:30$44_DATA[31:0]$55 [18], Q = \data[20] [18]).
Adding EN signal on $memory\data[20]$2777 ($dff) from module icache_dm (D = $0$memwr$\data$icache_dm.v:30$44_DATA[31:0]$55 [19], Q = \data[20] [19]).
Adding EN signal on $memory\data[20]$2777 ($dff) from module icache_dm (D = $0$memwr$\data$icache_dm.v:30$44_DATA[31:0]$55 [20], Q = \data[20] [20]).
Adding EN signal on $memory\data[20]$2777 ($dff) from module icache_dm (D = $0$memwr$\data$icache_dm.v:30$44_DATA[31:0]$55 [21], Q = \data[20] [21]).
Adding EN signal on $memory\data[20]$2777 ($dff) from module icache_dm (D = $0$memwr$\data$icache_dm.v:30$44_DATA[31:0]$55 [22], Q = \data[20] [22]).
Adding EN signal on $memory\data[20]$2777 ($dff) from module icache_dm (D = $0$memwr$\data$icache_dm.v:30$44_DATA[31:0]$55 [23], Q = \data[20] [23]).
Adding EN signal on $memory\data[20]$2777 ($dff) from module icache_dm (D = $0$memwr$\data$icache_dm.v:30$44_DATA[31:0]$55 [24], Q = \data[20] [24]).
Adding EN signal on $memory\data[20]$2777 ($dff) from module icache_dm (D = $0$memwr$\data$icache_dm.v:30$44_DATA[31:0]$55 [25], Q = \data[20] [25]).
Adding EN signal on $memory\data[20]$2777 ($dff) from module icache_dm (D = $0$memwr$\data$icache_dm.v:30$44_DATA[31:0]$55 [26], Q = \data[20] [26]).
Adding EN signal on $memory\data[20]$2777 ($dff) from module icache_dm (D = $0$memwr$\data$icache_dm.v:30$44_DATA[31:0]$55 [27], Q = \data[20] [27]).
Adding EN signal on $memory\data[20]$2777 ($dff) from module icache_dm (D = $0$memwr$\data$icache_dm.v:30$44_DATA[31:0]$55 [28], Q = \data[20] [28]).
Adding EN signal on $memory\data[20]$2777 ($dff) from module icache_dm (D = $0$memwr$\data$icache_dm.v:30$44_DATA[31:0]$55 [29], Q = \data[20] [29]).
Adding EN signal on $memory\data[20]$2777 ($dff) from module icache_dm (D = $0$memwr$\data$icache_dm.v:30$44_DATA[31:0]$55 [30], Q = \data[20] [30]).
Adding EN signal on $memory\data[20]$2777 ($dff) from module icache_dm (D = $0$memwr$\data$icache_dm.v:30$44_DATA[31:0]$55 [31], Q = \data[20] [31]).
Adding EN signal on $memory\data[21]$2779 ($dff) from module icache_dm (D = $0$memwr$\data$icache_dm.v:30$44_DATA[31:0]$55 [0], Q = \data[21] [0]).
Adding EN signal on $memory\data[21]$2779 ($dff) from module icache_dm (D = $0$memwr$\data$icache_dm.v:30$44_DATA[31:0]$55 [1], Q = \data[21] [1]).
Adding EN signal on $memory\data[21]$2779 ($dff) from module icache_dm (D = $0$memwr$\data$icache_dm.v:30$44_DATA[31:0]$55 [2], Q = \data[21] [2]).
Adding EN signal on $memory\data[21]$2779 ($dff) from module icache_dm (D = $0$memwr$\data$icache_dm.v:30$44_DATA[31:0]$55 [3], Q = \data[21] [3]).
Adding EN signal on $memory\data[21]$2779 ($dff) from module icache_dm (D = $0$memwr$\data$icache_dm.v:30$44_DATA[31:0]$55 [4], Q = \data[21] [4]).
Adding EN signal on $memory\data[21]$2779 ($dff) from module icache_dm (D = $0$memwr$\data$icache_dm.v:30$44_DATA[31:0]$55 [5], Q = \data[21] [5]).
Adding EN signal on $memory\data[21]$2779 ($dff) from module icache_dm (D = $0$memwr$\data$icache_dm.v:30$44_DATA[31:0]$55 [6], Q = \data[21] [6]).
Adding EN signal on $memory\data[21]$2779 ($dff) from module icache_dm (D = $0$memwr$\data$icache_dm.v:30$44_DATA[31:0]$55 [7], Q = \data[21] [7]).
Adding EN signal on $memory\data[21]$2779 ($dff) from module icache_dm (D = $0$memwr$\data$icache_dm.v:30$44_DATA[31:0]$55 [8], Q = \data[21] [8]).
Adding EN signal on $memory\data[21]$2779 ($dff) from module icache_dm (D = $0$memwr$\data$icache_dm.v:30$44_DATA[31:0]$55 [9], Q = \data[21] [9]).
Adding EN signal on $memory\data[21]$2779 ($dff) from module icache_dm (D = $0$memwr$\data$icache_dm.v:30$44_DATA[31:0]$55 [10], Q = \data[21] [10]).
Adding EN signal on $memory\data[21]$2779 ($dff) from module icache_dm (D = $0$memwr$\data$icache_dm.v:30$44_DATA[31:0]$55 [11], Q = \data[21] [11]).
Adding EN signal on $memory\data[21]$2779 ($dff) from module icache_dm (D = $0$memwr$\data$icache_dm.v:30$44_DATA[31:0]$55 [12], Q = \data[21] [12]).
Adding EN signal on $memory\data[21]$2779 ($dff) from module icache_dm (D = $0$memwr$\data$icache_dm.v:30$44_DATA[31:0]$55 [13], Q = \data[21] [13]).
Adding EN signal on $memory\data[21]$2779 ($dff) from module icache_dm (D = $0$memwr$\data$icache_dm.v:30$44_DATA[31:0]$55 [14], Q = \data[21] [14]).
Adding EN signal on $memory\data[21]$2779 ($dff) from module icache_dm (D = $0$memwr$\data$icache_dm.v:30$44_DATA[31:0]$55 [15], Q = \data[21] [15]).
Adding EN signal on $memory\data[21]$2779 ($dff) from module icache_dm (D = $0$memwr$\data$icache_dm.v:30$44_DATA[31:0]$55 [16], Q = \data[21] [16]).
Adding EN signal on $memory\data[21]$2779 ($dff) from module icache_dm (D = $0$memwr$\data$icache_dm.v:30$44_DATA[31:0]$55 [17], Q = \data[21] [17]).
Adding EN signal on $memory\data[21]$2779 ($dff) from module icache_dm (D = $0$memwr$\data$icache_dm.v:30$44_DATA[31:0]$55 [18], Q = \data[21] [18]).
Adding EN signal on $memory\data[21]$2779 ($dff) from module icache_dm (D = $0$memwr$\data$icache_dm.v:30$44_DATA[31:0]$55 [19], Q = \data[21] [19]).
Adding EN signal on $memory\data[21]$2779 ($dff) from module icache_dm (D = $0$memwr$\data$icache_dm.v:30$44_DATA[31:0]$55 [20], Q = \data[21] [20]).
Adding EN signal on $memory\data[21]$2779 ($dff) from module icache_dm (D = $0$memwr$\data$icache_dm.v:30$44_DATA[31:0]$55 [21], Q = \data[21] [21]).
Adding EN signal on $memory\data[21]$2779 ($dff) from module icache_dm (D = $0$memwr$\data$icache_dm.v:30$44_DATA[31:0]$55 [22], Q = \data[21] [22]).
Adding EN signal on $memory\data[21]$2779 ($dff) from module icache_dm (D = $0$memwr$\data$icache_dm.v:30$44_DATA[31:0]$55 [23], Q = \data[21] [23]).
Adding EN signal on $memory\data[21]$2779 ($dff) from module icache_dm (D = $0$memwr$\data$icache_dm.v:30$44_DATA[31:0]$55 [24], Q = \data[21] [24]).
Adding EN signal on $memory\data[21]$2779 ($dff) from module icache_dm (D = $0$memwr$\data$icache_dm.v:30$44_DATA[31:0]$55 [25], Q = \data[21] [25]).
Adding EN signal on $memory\data[21]$2779 ($dff) from module icache_dm (D = $0$memwr$\data$icache_dm.v:30$44_DATA[31:0]$55 [26], Q = \data[21] [26]).
Adding EN signal on $memory\data[21]$2779 ($dff) from module icache_dm (D = $0$memwr$\data$icache_dm.v:30$44_DATA[31:0]$55 [27], Q = \data[21] [27]).
Adding EN signal on $memory\data[21]$2779 ($dff) from module icache_dm (D = $0$memwr$\data$icache_dm.v:30$44_DATA[31:0]$55 [28], Q = \data[21] [28]).
Adding EN signal on $memory\data[21]$2779 ($dff) from module icache_dm (D = $0$memwr$\data$icache_dm.v:30$44_DATA[31:0]$55 [29], Q = \data[21] [29]).
Adding EN signal on $memory\data[21]$2779 ($dff) from module icache_dm (D = $0$memwr$\data$icache_dm.v:30$44_DATA[31:0]$55 [30], Q = \data[21] [30]).
Adding EN signal on $memory\data[21]$2779 ($dff) from module icache_dm (D = $0$memwr$\data$icache_dm.v:30$44_DATA[31:0]$55 [31], Q = \data[21] [31]).
Adding EN signal on $memory\data[22]$2781 ($dff) from module icache_dm (D = $0$memwr$\data$icache_dm.v:30$44_DATA[31:0]$55 [0], Q = \data[22] [0]).
Adding EN signal on $memory\data[22]$2781 ($dff) from module icache_dm (D = $0$memwr$\data$icache_dm.v:30$44_DATA[31:0]$55 [1], Q = \data[22] [1]).
Adding EN signal on $memory\data[22]$2781 ($dff) from module icache_dm (D = $0$memwr$\data$icache_dm.v:30$44_DATA[31:0]$55 [2], Q = \data[22] [2]).
Adding EN signal on $memory\data[22]$2781 ($dff) from module icache_dm (D = $0$memwr$\data$icache_dm.v:30$44_DATA[31:0]$55 [3], Q = \data[22] [3]).
Adding EN signal on $memory\data[22]$2781 ($dff) from module icache_dm (D = $0$memwr$\data$icache_dm.v:30$44_DATA[31:0]$55 [4], Q = \data[22] [4]).
Adding EN signal on $memory\data[22]$2781 ($dff) from module icache_dm (D = $0$memwr$\data$icache_dm.v:30$44_DATA[31:0]$55 [5], Q = \data[22] [5]).
Adding EN signal on $memory\data[22]$2781 ($dff) from module icache_dm (D = $0$memwr$\data$icache_dm.v:30$44_DATA[31:0]$55 [6], Q = \data[22] [6]).
Adding EN signal on $memory\data[22]$2781 ($dff) from module icache_dm (D = $0$memwr$\data$icache_dm.v:30$44_DATA[31:0]$55 [7], Q = \data[22] [7]).
Adding EN signal on $memory\data[22]$2781 ($dff) from module icache_dm (D = $0$memwr$\data$icache_dm.v:30$44_DATA[31:0]$55 [8], Q = \data[22] [8]).
Adding EN signal on $memory\data[22]$2781 ($dff) from module icache_dm (D = $0$memwr$\data$icache_dm.v:30$44_DATA[31:0]$55 [9], Q = \data[22] [9]).
Adding EN signal on $memory\data[22]$2781 ($dff) from module icache_dm (D = $0$memwr$\data$icache_dm.v:30$44_DATA[31:0]$55 [10], Q = \data[22] [10]).
Adding EN signal on $memory\data[22]$2781 ($dff) from module icache_dm (D = $0$memwr$\data$icache_dm.v:30$44_DATA[31:0]$55 [11], Q = \data[22] [11]).
Adding EN signal on $memory\data[22]$2781 ($dff) from module icache_dm (D = $0$memwr$\data$icache_dm.v:30$44_DATA[31:0]$55 [12], Q = \data[22] [12]).
Adding EN signal on $memory\data[22]$2781 ($dff) from module icache_dm (D = $0$memwr$\data$icache_dm.v:30$44_DATA[31:0]$55 [13], Q = \data[22] [13]).
Adding EN signal on $memory\data[22]$2781 ($dff) from module icache_dm (D = $0$memwr$\data$icache_dm.v:30$44_DATA[31:0]$55 [14], Q = \data[22] [14]).
Adding EN signal on $memory\data[22]$2781 ($dff) from module icache_dm (D = $0$memwr$\data$icache_dm.v:30$44_DATA[31:0]$55 [15], Q = \data[22] [15]).
Adding EN signal on $memory\data[22]$2781 ($dff) from module icache_dm (D = $0$memwr$\data$icache_dm.v:30$44_DATA[31:0]$55 [16], Q = \data[22] [16]).
Adding EN signal on $memory\data[22]$2781 ($dff) from module icache_dm (D = $0$memwr$\data$icache_dm.v:30$44_DATA[31:0]$55 [17], Q = \data[22] [17]).
Adding EN signal on $memory\data[22]$2781 ($dff) from module icache_dm (D = $0$memwr$\data$icache_dm.v:30$44_DATA[31:0]$55 [18], Q = \data[22] [18]).
Adding EN signal on $memory\data[22]$2781 ($dff) from module icache_dm (D = $0$memwr$\data$icache_dm.v:30$44_DATA[31:0]$55 [19], Q = \data[22] [19]).
Adding EN signal on $memory\data[22]$2781 ($dff) from module icache_dm (D = $0$memwr$\data$icache_dm.v:30$44_DATA[31:0]$55 [20], Q = \data[22] [20]).
Adding EN signal on $memory\data[22]$2781 ($dff) from module icache_dm (D = $0$memwr$\data$icache_dm.v:30$44_DATA[31:0]$55 [21], Q = \data[22] [21]).
Adding EN signal on $memory\data[22]$2781 ($dff) from module icache_dm (D = $0$memwr$\data$icache_dm.v:30$44_DATA[31:0]$55 [22], Q = \data[22] [22]).
Adding EN signal on $memory\data[22]$2781 ($dff) from module icache_dm (D = $0$memwr$\data$icache_dm.v:30$44_DATA[31:0]$55 [23], Q = \data[22] [23]).
Adding EN signal on $memory\data[22]$2781 ($dff) from module icache_dm (D = $0$memwr$\data$icache_dm.v:30$44_DATA[31:0]$55 [24], Q = \data[22] [24]).
Adding EN signal on $memory\data[22]$2781 ($dff) from module icache_dm (D = $0$memwr$\data$icache_dm.v:30$44_DATA[31:0]$55 [25], Q = \data[22] [25]).
Adding EN signal on $memory\data[22]$2781 ($dff) from module icache_dm (D = $0$memwr$\data$icache_dm.v:30$44_DATA[31:0]$55 [26], Q = \data[22] [26]).
Adding EN signal on $memory\data[22]$2781 ($dff) from module icache_dm (D = $0$memwr$\data$icache_dm.v:30$44_DATA[31:0]$55 [27], Q = \data[22] [27]).
Adding EN signal on $memory\data[22]$2781 ($dff) from module icache_dm (D = $0$memwr$\data$icache_dm.v:30$44_DATA[31:0]$55 [28], Q = \data[22] [28]).
Adding EN signal on $memory\data[22]$2781 ($dff) from module icache_dm (D = $0$memwr$\data$icache_dm.v:30$44_DATA[31:0]$55 [29], Q = \data[22] [29]).
Adding EN signal on $memory\data[22]$2781 ($dff) from module icache_dm (D = $0$memwr$\data$icache_dm.v:30$44_DATA[31:0]$55 [30], Q = \data[22] [30]).
Adding EN signal on $memory\data[22]$2781 ($dff) from module icache_dm (D = $0$memwr$\data$icache_dm.v:30$44_DATA[31:0]$55 [31], Q = \data[22] [31]).
Adding EN signal on $memory\data[23]$2783 ($dff) from module icache_dm (D = $0$memwr$\data$icache_dm.v:30$44_DATA[31:0]$55 [0], Q = \data[23] [0]).
Adding EN signal on $memory\data[23]$2783 ($dff) from module icache_dm (D = $0$memwr$\data$icache_dm.v:30$44_DATA[31:0]$55 [1], Q = \data[23] [1]).
Adding EN signal on $memory\data[23]$2783 ($dff) from module icache_dm (D = $0$memwr$\data$icache_dm.v:30$44_DATA[31:0]$55 [2], Q = \data[23] [2]).
Adding EN signal on $memory\data[23]$2783 ($dff) from module icache_dm (D = $0$memwr$\data$icache_dm.v:30$44_DATA[31:0]$55 [3], Q = \data[23] [3]).
Adding EN signal on $memory\data[23]$2783 ($dff) from module icache_dm (D = $0$memwr$\data$icache_dm.v:30$44_DATA[31:0]$55 [4], Q = \data[23] [4]).
Adding EN signal on $memory\data[23]$2783 ($dff) from module icache_dm (D = $0$memwr$\data$icache_dm.v:30$44_DATA[31:0]$55 [5], Q = \data[23] [5]).
Adding EN signal on $memory\data[23]$2783 ($dff) from module icache_dm (D = $0$memwr$\data$icache_dm.v:30$44_DATA[31:0]$55 [6], Q = \data[23] [6]).
Adding EN signal on $memory\data[23]$2783 ($dff) from module icache_dm (D = $0$memwr$\data$icache_dm.v:30$44_DATA[31:0]$55 [7], Q = \data[23] [7]).
Adding EN signal on $memory\data[23]$2783 ($dff) from module icache_dm (D = $0$memwr$\data$icache_dm.v:30$44_DATA[31:0]$55 [8], Q = \data[23] [8]).
Adding EN signal on $memory\data[23]$2783 ($dff) from module icache_dm (D = $0$memwr$\data$icache_dm.v:30$44_DATA[31:0]$55 [9], Q = \data[23] [9]).
Adding EN signal on $memory\data[23]$2783 ($dff) from module icache_dm (D = $0$memwr$\data$icache_dm.v:30$44_DATA[31:0]$55 [10], Q = \data[23] [10]).
Adding EN signal on $memory\data[23]$2783 ($dff) from module icache_dm (D = $0$memwr$\data$icache_dm.v:30$44_DATA[31:0]$55 [11], Q = \data[23] [11]).
Adding EN signal on $memory\data[23]$2783 ($dff) from module icache_dm (D = $0$memwr$\data$icache_dm.v:30$44_DATA[31:0]$55 [12], Q = \data[23] [12]).
Adding EN signal on $memory\data[23]$2783 ($dff) from module icache_dm (D = $0$memwr$\data$icache_dm.v:30$44_DATA[31:0]$55 [13], Q = \data[23] [13]).
Adding EN signal on $memory\data[23]$2783 ($dff) from module icache_dm (D = $0$memwr$\data$icache_dm.v:30$44_DATA[31:0]$55 [14], Q = \data[23] [14]).
Adding EN signal on $memory\data[23]$2783 ($dff) from module icache_dm (D = $0$memwr$\data$icache_dm.v:30$44_DATA[31:0]$55 [15], Q = \data[23] [15]).
Adding EN signal on $memory\data[23]$2783 ($dff) from module icache_dm (D = $0$memwr$\data$icache_dm.v:30$44_DATA[31:0]$55 [16], Q = \data[23] [16]).
Adding EN signal on $memory\data[23]$2783 ($dff) from module icache_dm (D = $0$memwr$\data$icache_dm.v:30$44_DATA[31:0]$55 [17], Q = \data[23] [17]).
Adding EN signal on $memory\data[23]$2783 ($dff) from module icache_dm (D = $0$memwr$\data$icache_dm.v:30$44_DATA[31:0]$55 [18], Q = \data[23] [18]).
Adding EN signal on $memory\data[23]$2783 ($dff) from module icache_dm (D = $0$memwr$\data$icache_dm.v:30$44_DATA[31:0]$55 [19], Q = \data[23] [19]).
Adding EN signal on $memory\data[23]$2783 ($dff) from module icache_dm (D = $0$memwr$\data$icache_dm.v:30$44_DATA[31:0]$55 [20], Q = \data[23] [20]).
Adding EN signal on $memory\data[23]$2783 ($dff) from module icache_dm (D = $0$memwr$\data$icache_dm.v:30$44_DATA[31:0]$55 [21], Q = \data[23] [21]).
Adding EN signal on $memory\data[23]$2783 ($dff) from module icache_dm (D = $0$memwr$\data$icache_dm.v:30$44_DATA[31:0]$55 [22], Q = \data[23] [22]).
Adding EN signal on $memory\data[23]$2783 ($dff) from module icache_dm (D = $0$memwr$\data$icache_dm.v:30$44_DATA[31:0]$55 [23], Q = \data[23] [23]).
Adding EN signal on $memory\data[23]$2783 ($dff) from module icache_dm (D = $0$memwr$\data$icache_dm.v:30$44_DATA[31:0]$55 [24], Q = \data[23] [24]).
Adding EN signal on $memory\data[23]$2783 ($dff) from module icache_dm (D = $0$memwr$\data$icache_dm.v:30$44_DATA[31:0]$55 [25], Q = \data[23] [25]).
Adding EN signal on $memory\data[23]$2783 ($dff) from module icache_dm (D = $0$memwr$\data$icache_dm.v:30$44_DATA[31:0]$55 [26], Q = \data[23] [26]).
Adding EN signal on $memory\data[23]$2783 ($dff) from module icache_dm (D = $0$memwr$\data$icache_dm.v:30$44_DATA[31:0]$55 [27], Q = \data[23] [27]).
Adding EN signal on $memory\data[23]$2783 ($dff) from module icache_dm (D = $0$memwr$\data$icache_dm.v:30$44_DATA[31:0]$55 [28], Q = \data[23] [28]).
Adding EN signal on $memory\data[23]$2783 ($dff) from module icache_dm (D = $0$memwr$\data$icache_dm.v:30$44_DATA[31:0]$55 [29], Q = \data[23] [29]).
Adding EN signal on $memory\data[23]$2783 ($dff) from module icache_dm (D = $0$memwr$\data$icache_dm.v:30$44_DATA[31:0]$55 [30], Q = \data[23] [30]).
Adding EN signal on $memory\data[23]$2783 ($dff) from module icache_dm (D = $0$memwr$\data$icache_dm.v:30$44_DATA[31:0]$55 [31], Q = \data[23] [31]).
Adding EN signal on $memory\data[24]$2785 ($dff) from module icache_dm (D = $0$memwr$\data$icache_dm.v:30$44_DATA[31:0]$55 [0], Q = \data[24] [0]).
Adding EN signal on $memory\data[24]$2785 ($dff) from module icache_dm (D = $0$memwr$\data$icache_dm.v:30$44_DATA[31:0]$55 [1], Q = \data[24] [1]).
Adding EN signal on $memory\data[24]$2785 ($dff) from module icache_dm (D = $0$memwr$\data$icache_dm.v:30$44_DATA[31:0]$55 [2], Q = \data[24] [2]).
Adding EN signal on $memory\data[24]$2785 ($dff) from module icache_dm (D = $0$memwr$\data$icache_dm.v:30$44_DATA[31:0]$55 [3], Q = \data[24] [3]).
Adding EN signal on $memory\data[24]$2785 ($dff) from module icache_dm (D = $0$memwr$\data$icache_dm.v:30$44_DATA[31:0]$55 [4], Q = \data[24] [4]).
Adding EN signal on $memory\data[24]$2785 ($dff) from module icache_dm (D = $0$memwr$\data$icache_dm.v:30$44_DATA[31:0]$55 [5], Q = \data[24] [5]).
Adding EN signal on $memory\data[24]$2785 ($dff) from module icache_dm (D = $0$memwr$\data$icache_dm.v:30$44_DATA[31:0]$55 [6], Q = \data[24] [6]).
Adding EN signal on $memory\data[24]$2785 ($dff) from module icache_dm (D = $0$memwr$\data$icache_dm.v:30$44_DATA[31:0]$55 [7], Q = \data[24] [7]).
Adding EN signal on $memory\data[24]$2785 ($dff) from module icache_dm (D = $0$memwr$\data$icache_dm.v:30$44_DATA[31:0]$55 [8], Q = \data[24] [8]).
Adding EN signal on $memory\data[24]$2785 ($dff) from module icache_dm (D = $0$memwr$\data$icache_dm.v:30$44_DATA[31:0]$55 [9], Q = \data[24] [9]).
Adding EN signal on $memory\data[24]$2785 ($dff) from module icache_dm (D = $0$memwr$\data$icache_dm.v:30$44_DATA[31:0]$55 [10], Q = \data[24] [10]).
Adding EN signal on $memory\data[24]$2785 ($dff) from module icache_dm (D = $0$memwr$\data$icache_dm.v:30$44_DATA[31:0]$55 [11], Q = \data[24] [11]).
Adding EN signal on $memory\data[24]$2785 ($dff) from module icache_dm (D = $0$memwr$\data$icache_dm.v:30$44_DATA[31:0]$55 [12], Q = \data[24] [12]).
Adding EN signal on $memory\data[24]$2785 ($dff) from module icache_dm (D = $0$memwr$\data$icache_dm.v:30$44_DATA[31:0]$55 [13], Q = \data[24] [13]).
Adding EN signal on $memory\data[24]$2785 ($dff) from module icache_dm (D = $0$memwr$\data$icache_dm.v:30$44_DATA[31:0]$55 [14], Q = \data[24] [14]).
Adding EN signal on $memory\data[24]$2785 ($dff) from module icache_dm (D = $0$memwr$\data$icache_dm.v:30$44_DATA[31:0]$55 [15], Q = \data[24] [15]).
Adding EN signal on $memory\data[24]$2785 ($dff) from module icache_dm (D = $0$memwr$\data$icache_dm.v:30$44_DATA[31:0]$55 [16], Q = \data[24] [16]).
Adding EN signal on $memory\data[24]$2785 ($dff) from module icache_dm (D = $0$memwr$\data$icache_dm.v:30$44_DATA[31:0]$55 [17], Q = \data[24] [17]).
Adding EN signal on $memory\data[24]$2785 ($dff) from module icache_dm (D = $0$memwr$\data$icache_dm.v:30$44_DATA[31:0]$55 [18], Q = \data[24] [18]).
Adding EN signal on $memory\data[24]$2785 ($dff) from module icache_dm (D = $0$memwr$\data$icache_dm.v:30$44_DATA[31:0]$55 [19], Q = \data[24] [19]).
Adding EN signal on $memory\data[24]$2785 ($dff) from module icache_dm (D = $0$memwr$\data$icache_dm.v:30$44_DATA[31:0]$55 [20], Q = \data[24] [20]).
Adding EN signal on $memory\data[24]$2785 ($dff) from module icache_dm (D = $0$memwr$\data$icache_dm.v:30$44_DATA[31:0]$55 [21], Q = \data[24] [21]).
Adding EN signal on $memory\data[24]$2785 ($dff) from module icache_dm (D = $0$memwr$\data$icache_dm.v:30$44_DATA[31:0]$55 [22], Q = \data[24] [22]).
Adding EN signal on $memory\data[24]$2785 ($dff) from module icache_dm (D = $0$memwr$\data$icache_dm.v:30$44_DATA[31:0]$55 [23], Q = \data[24] [23]).
Adding EN signal on $memory\data[24]$2785 ($dff) from module icache_dm (D = $0$memwr$\data$icache_dm.v:30$44_DATA[31:0]$55 [24], Q = \data[24] [24]).
Adding EN signal on $memory\data[24]$2785 ($dff) from module icache_dm (D = $0$memwr$\data$icache_dm.v:30$44_DATA[31:0]$55 [25], Q = \data[24] [25]).
Adding EN signal on $memory\data[24]$2785 ($dff) from module icache_dm (D = $0$memwr$\data$icache_dm.v:30$44_DATA[31:0]$55 [26], Q = \data[24] [26]).
Adding EN signal on $memory\data[24]$2785 ($dff) from module icache_dm (D = $0$memwr$\data$icache_dm.v:30$44_DATA[31:0]$55 [27], Q = \data[24] [27]).
Adding EN signal on $memory\data[24]$2785 ($dff) from module icache_dm (D = $0$memwr$\data$icache_dm.v:30$44_DATA[31:0]$55 [28], Q = \data[24] [28]).
Adding EN signal on $memory\data[24]$2785 ($dff) from module icache_dm (D = $0$memwr$\data$icache_dm.v:30$44_DATA[31:0]$55 [29], Q = \data[24] [29]).
Adding EN signal on $memory\data[24]$2785 ($dff) from module icache_dm (D = $0$memwr$\data$icache_dm.v:30$44_DATA[31:0]$55 [30], Q = \data[24] [30]).
Adding EN signal on $memory\data[24]$2785 ($dff) from module icache_dm (D = $0$memwr$\data$icache_dm.v:30$44_DATA[31:0]$55 [31], Q = \data[24] [31]).
Adding EN signal on $memory\data[25]$2787 ($dff) from module icache_dm (D = $0$memwr$\data$icache_dm.v:30$44_DATA[31:0]$55 [0], Q = \data[25] [0]).
Adding EN signal on $memory\data[25]$2787 ($dff) from module icache_dm (D = $0$memwr$\data$icache_dm.v:30$44_DATA[31:0]$55 [1], Q = \data[25] [1]).
Adding EN signal on $memory\data[25]$2787 ($dff) from module icache_dm (D = $0$memwr$\data$icache_dm.v:30$44_DATA[31:0]$55 [2], Q = \data[25] [2]).
Adding EN signal on $memory\data[25]$2787 ($dff) from module icache_dm (D = $0$memwr$\data$icache_dm.v:30$44_DATA[31:0]$55 [3], Q = \data[25] [3]).
Adding EN signal on $memory\data[25]$2787 ($dff) from module icache_dm (D = $0$memwr$\data$icache_dm.v:30$44_DATA[31:0]$55 [4], Q = \data[25] [4]).
Adding EN signal on $memory\data[25]$2787 ($dff) from module icache_dm (D = $0$memwr$\data$icache_dm.v:30$44_DATA[31:0]$55 [5], Q = \data[25] [5]).
Adding EN signal on $memory\data[25]$2787 ($dff) from module icache_dm (D = $0$memwr$\data$icache_dm.v:30$44_DATA[31:0]$55 [6], Q = \data[25] [6]).
Adding EN signal on $memory\data[25]$2787 ($dff) from module icache_dm (D = $0$memwr$\data$icache_dm.v:30$44_DATA[31:0]$55 [7], Q = \data[25] [7]).
Adding EN signal on $memory\data[25]$2787 ($dff) from module icache_dm (D = $0$memwr$\data$icache_dm.v:30$44_DATA[31:0]$55 [8], Q = \data[25] [8]).
Adding EN signal on $memory\data[25]$2787 ($dff) from module icache_dm (D = $0$memwr$\data$icache_dm.v:30$44_DATA[31:0]$55 [9], Q = \data[25] [9]).
Adding EN signal on $memory\data[25]$2787 ($dff) from module icache_dm (D = $0$memwr$\data$icache_dm.v:30$44_DATA[31:0]$55 [10], Q = \data[25] [10]).
Adding EN signal on $memory\data[25]$2787 ($dff) from module icache_dm (D = $0$memwr$\data$icache_dm.v:30$44_DATA[31:0]$55 [11], Q = \data[25] [11]).
Adding EN signal on $memory\data[25]$2787 ($dff) from module icache_dm (D = $0$memwr$\data$icache_dm.v:30$44_DATA[31:0]$55 [12], Q = \data[25] [12]).
Adding EN signal on $memory\data[25]$2787 ($dff) from module icache_dm (D = $0$memwr$\data$icache_dm.v:30$44_DATA[31:0]$55 [13], Q = \data[25] [13]).
Adding EN signal on $memory\data[25]$2787 ($dff) from module icache_dm (D = $0$memwr$\data$icache_dm.v:30$44_DATA[31:0]$55 [14], Q = \data[25] [14]).
Adding EN signal on $memory\data[25]$2787 ($dff) from module icache_dm (D = $0$memwr$\data$icache_dm.v:30$44_DATA[31:0]$55 [15], Q = \data[25] [15]).
Adding EN signal on $memory\data[25]$2787 ($dff) from module icache_dm (D = $0$memwr$\data$icache_dm.v:30$44_DATA[31:0]$55 [16], Q = \data[25] [16]).
Adding EN signal on $memory\data[25]$2787 ($dff) from module icache_dm (D = $0$memwr$\data$icache_dm.v:30$44_DATA[31:0]$55 [17], Q = \data[25] [17]).
Adding EN signal on $memory\data[25]$2787 ($dff) from module icache_dm (D = $0$memwr$\data$icache_dm.v:30$44_DATA[31:0]$55 [18], Q = \data[25] [18]).
Adding EN signal on $memory\data[25]$2787 ($dff) from module icache_dm (D = $0$memwr$\data$icache_dm.v:30$44_DATA[31:0]$55 [19], Q = \data[25] [19]).
Adding EN signal on $memory\data[25]$2787 ($dff) from module icache_dm (D = $0$memwr$\data$icache_dm.v:30$44_DATA[31:0]$55 [20], Q = \data[25] [20]).
Adding EN signal on $memory\data[25]$2787 ($dff) from module icache_dm (D = $0$memwr$\data$icache_dm.v:30$44_DATA[31:0]$55 [21], Q = \data[25] [21]).
Adding EN signal on $memory\data[25]$2787 ($dff) from module icache_dm (D = $0$memwr$\data$icache_dm.v:30$44_DATA[31:0]$55 [22], Q = \data[25] [22]).
Adding EN signal on $memory\data[25]$2787 ($dff) from module icache_dm (D = $0$memwr$\data$icache_dm.v:30$44_DATA[31:0]$55 [23], Q = \data[25] [23]).
Adding EN signal on $memory\data[25]$2787 ($dff) from module icache_dm (D = $0$memwr$\data$icache_dm.v:30$44_DATA[31:0]$55 [24], Q = \data[25] [24]).
Adding EN signal on $memory\data[25]$2787 ($dff) from module icache_dm (D = $0$memwr$\data$icache_dm.v:30$44_DATA[31:0]$55 [25], Q = \data[25] [25]).
Adding EN signal on $memory\data[25]$2787 ($dff) from module icache_dm (D = $0$memwr$\data$icache_dm.v:30$44_DATA[31:0]$55 [26], Q = \data[25] [26]).
Adding EN signal on $memory\data[25]$2787 ($dff) from module icache_dm (D = $0$memwr$\data$icache_dm.v:30$44_DATA[31:0]$55 [27], Q = \data[25] [27]).
Adding EN signal on $memory\data[25]$2787 ($dff) from module icache_dm (D = $0$memwr$\data$icache_dm.v:30$44_DATA[31:0]$55 [28], Q = \data[25] [28]).
Adding EN signal on $memory\data[25]$2787 ($dff) from module icache_dm (D = $0$memwr$\data$icache_dm.v:30$44_DATA[31:0]$55 [29], Q = \data[25] [29]).
Adding EN signal on $memory\data[25]$2787 ($dff) from module icache_dm (D = $0$memwr$\data$icache_dm.v:30$44_DATA[31:0]$55 [30], Q = \data[25] [30]).
Adding EN signal on $memory\data[25]$2787 ($dff) from module icache_dm (D = $0$memwr$\data$icache_dm.v:30$44_DATA[31:0]$55 [31], Q = \data[25] [31]).
Adding EN signal on $memory\data[26]$2789 ($dff) from module icache_dm (D = $0$memwr$\data$icache_dm.v:30$44_DATA[31:0]$55 [0], Q = \data[26] [0]).
Adding EN signal on $memory\data[26]$2789 ($dff) from module icache_dm (D = $0$memwr$\data$icache_dm.v:30$44_DATA[31:0]$55 [1], Q = \data[26] [1]).
Adding EN signal on $memory\data[26]$2789 ($dff) from module icache_dm (D = $0$memwr$\data$icache_dm.v:30$44_DATA[31:0]$55 [2], Q = \data[26] [2]).
Adding EN signal on $memory\data[26]$2789 ($dff) from module icache_dm (D = $0$memwr$\data$icache_dm.v:30$44_DATA[31:0]$55 [3], Q = \data[26] [3]).
Adding EN signal on $memory\data[26]$2789 ($dff) from module icache_dm (D = $0$memwr$\data$icache_dm.v:30$44_DATA[31:0]$55 [4], Q = \data[26] [4]).
Adding EN signal on $memory\data[26]$2789 ($dff) from module icache_dm (D = $0$memwr$\data$icache_dm.v:30$44_DATA[31:0]$55 [5], Q = \data[26] [5]).
Adding EN signal on $memory\data[26]$2789 ($dff) from module icache_dm (D = $0$memwr$\data$icache_dm.v:30$44_DATA[31:0]$55 [6], Q = \data[26] [6]).
Adding EN signal on $memory\data[26]$2789 ($dff) from module icache_dm (D = $0$memwr$\data$icache_dm.v:30$44_DATA[31:0]$55 [7], Q = \data[26] [7]).
Adding EN signal on $memory\data[26]$2789 ($dff) from module icache_dm (D = $0$memwr$\data$icache_dm.v:30$44_DATA[31:0]$55 [8], Q = \data[26] [8]).
Adding EN signal on $memory\data[26]$2789 ($dff) from module icache_dm (D = $0$memwr$\data$icache_dm.v:30$44_DATA[31:0]$55 [9], Q = \data[26] [9]).
Adding EN signal on $memory\data[26]$2789 ($dff) from module icache_dm (D = $0$memwr$\data$icache_dm.v:30$44_DATA[31:0]$55 [10], Q = \data[26] [10]).
Adding EN signal on $memory\data[26]$2789 ($dff) from module icache_dm (D = $0$memwr$\data$icache_dm.v:30$44_DATA[31:0]$55 [11], Q = \data[26] [11]).
Adding EN signal on $memory\data[26]$2789 ($dff) from module icache_dm (D = $0$memwr$\data$icache_dm.v:30$44_DATA[31:0]$55 [12], Q = \data[26] [12]).
Adding EN signal on $memory\data[26]$2789 ($dff) from module icache_dm (D = $0$memwr$\data$icache_dm.v:30$44_DATA[31:0]$55 [13], Q = \data[26] [13]).
Adding EN signal on $memory\data[26]$2789 ($dff) from module icache_dm (D = $0$memwr$\data$icache_dm.v:30$44_DATA[31:0]$55 [14], Q = \data[26] [14]).
Adding EN signal on $memory\data[26]$2789 ($dff) from module icache_dm (D = $0$memwr$\data$icache_dm.v:30$44_DATA[31:0]$55 [15], Q = \data[26] [15]).
Adding EN signal on $memory\data[26]$2789 ($dff) from module icache_dm (D = $0$memwr$\data$icache_dm.v:30$44_DATA[31:0]$55 [16], Q = \data[26] [16]).
Adding EN signal on $memory\data[26]$2789 ($dff) from module icache_dm (D = $0$memwr$\data$icache_dm.v:30$44_DATA[31:0]$55 [17], Q = \data[26] [17]).
Adding EN signal on $memory\data[26]$2789 ($dff) from module icache_dm (D = $0$memwr$\data$icache_dm.v:30$44_DATA[31:0]$55 [18], Q = \data[26] [18]).
Adding EN signal on $memory\data[26]$2789 ($dff) from module icache_dm (D = $0$memwr$\data$icache_dm.v:30$44_DATA[31:0]$55 [19], Q = \data[26] [19]).
Adding EN signal on $memory\data[26]$2789 ($dff) from module icache_dm (D = $0$memwr$\data$icache_dm.v:30$44_DATA[31:0]$55 [20], Q = \data[26] [20]).
Adding EN signal on $memory\data[26]$2789 ($dff) from module icache_dm (D = $0$memwr$\data$icache_dm.v:30$44_DATA[31:0]$55 [21], Q = \data[26] [21]).
Adding EN signal on $memory\data[26]$2789 ($dff) from module icache_dm (D = $0$memwr$\data$icache_dm.v:30$44_DATA[31:0]$55 [22], Q = \data[26] [22]).
Adding EN signal on $memory\data[26]$2789 ($dff) from module icache_dm (D = $0$memwr$\data$icache_dm.v:30$44_DATA[31:0]$55 [23], Q = \data[26] [23]).
Adding EN signal on $memory\data[26]$2789 ($dff) from module icache_dm (D = $0$memwr$\data$icache_dm.v:30$44_DATA[31:0]$55 [24], Q = \data[26] [24]).
Adding EN signal on $memory\data[26]$2789 ($dff) from module icache_dm (D = $0$memwr$\data$icache_dm.v:30$44_DATA[31:0]$55 [25], Q = \data[26] [25]).
Adding EN signal on $memory\data[26]$2789 ($dff) from module icache_dm (D = $0$memwr$\data$icache_dm.v:30$44_DATA[31:0]$55 [26], Q = \data[26] [26]).
Adding EN signal on $memory\data[26]$2789 ($dff) from module icache_dm (D = $0$memwr$\data$icache_dm.v:30$44_DATA[31:0]$55 [27], Q = \data[26] [27]).
Adding EN signal on $memory\data[26]$2789 ($dff) from module icache_dm (D = $0$memwr$\data$icache_dm.v:30$44_DATA[31:0]$55 [28], Q = \data[26] [28]).
Adding EN signal on $memory\data[26]$2789 ($dff) from module icache_dm (D = $0$memwr$\data$icache_dm.v:30$44_DATA[31:0]$55 [29], Q = \data[26] [29]).
Adding EN signal on $memory\data[26]$2789 ($dff) from module icache_dm (D = $0$memwr$\data$icache_dm.v:30$44_DATA[31:0]$55 [30], Q = \data[26] [30]).
Adding EN signal on $memory\data[26]$2789 ($dff) from module icache_dm (D = $0$memwr$\data$icache_dm.v:30$44_DATA[31:0]$55 [31], Q = \data[26] [31]).
Adding EN signal on $memory\data[27]$2791 ($dff) from module icache_dm (D = $0$memwr$\data$icache_dm.v:30$44_DATA[31:0]$55 [0], Q = \data[27] [0]).
Adding EN signal on $memory\data[27]$2791 ($dff) from module icache_dm (D = $0$memwr$\data$icache_dm.v:30$44_DATA[31:0]$55 [1], Q = \data[27] [1]).
Adding EN signal on $memory\data[27]$2791 ($dff) from module icache_dm (D = $0$memwr$\data$icache_dm.v:30$44_DATA[31:0]$55 [2], Q = \data[27] [2]).
Adding EN signal on $memory\data[27]$2791 ($dff) from module icache_dm (D = $0$memwr$\data$icache_dm.v:30$44_DATA[31:0]$55 [3], Q = \data[27] [3]).
Adding EN signal on $memory\data[27]$2791 ($dff) from module icache_dm (D = $0$memwr$\data$icache_dm.v:30$44_DATA[31:0]$55 [4], Q = \data[27] [4]).
Adding EN signal on $memory\data[27]$2791 ($dff) from module icache_dm (D = $0$memwr$\data$icache_dm.v:30$44_DATA[31:0]$55 [5], Q = \data[27] [5]).
Adding EN signal on $memory\data[27]$2791 ($dff) from module icache_dm (D = $0$memwr$\data$icache_dm.v:30$44_DATA[31:0]$55 [6], Q = \data[27] [6]).
Adding EN signal on $memory\data[27]$2791 ($dff) from module icache_dm (D = $0$memwr$\data$icache_dm.v:30$44_DATA[31:0]$55 [7], Q = \data[27] [7]).
Adding EN signal on $memory\data[27]$2791 ($dff) from module icache_dm (D = $0$memwr$\data$icache_dm.v:30$44_DATA[31:0]$55 [8], Q = \data[27] [8]).
Adding EN signal on $memory\data[27]$2791 ($dff) from module icache_dm (D = $0$memwr$\data$icache_dm.v:30$44_DATA[31:0]$55 [9], Q = \data[27] [9]).
Adding EN signal on $memory\data[27]$2791 ($dff) from module icache_dm (D = $0$memwr$\data$icache_dm.v:30$44_DATA[31:0]$55 [10], Q = \data[27] [10]).
Adding EN signal on $memory\data[27]$2791 ($dff) from module icache_dm (D = $0$memwr$\data$icache_dm.v:30$44_DATA[31:0]$55 [11], Q = \data[27] [11]).
Adding EN signal on $memory\data[27]$2791 ($dff) from module icache_dm (D = $0$memwr$\data$icache_dm.v:30$44_DATA[31:0]$55 [12], Q = \data[27] [12]).
Adding EN signal on $memory\data[27]$2791 ($dff) from module icache_dm (D = $0$memwr$\data$icache_dm.v:30$44_DATA[31:0]$55 [13], Q = \data[27] [13]).
Adding EN signal on $memory\data[27]$2791 ($dff) from module icache_dm (D = $0$memwr$\data$icache_dm.v:30$44_DATA[31:0]$55 [14], Q = \data[27] [14]).
Adding EN signal on $memory\data[27]$2791 ($dff) from module icache_dm (D = $0$memwr$\data$icache_dm.v:30$44_DATA[31:0]$55 [15], Q = \data[27] [15]).
Adding EN signal on $memory\data[27]$2791 ($dff) from module icache_dm (D = $0$memwr$\data$icache_dm.v:30$44_DATA[31:0]$55 [16], Q = \data[27] [16]).
Adding EN signal on $memory\data[27]$2791 ($dff) from module icache_dm (D = $0$memwr$\data$icache_dm.v:30$44_DATA[31:0]$55 [17], Q = \data[27] [17]).
Adding EN signal on $memory\data[27]$2791 ($dff) from module icache_dm (D = $0$memwr$\data$icache_dm.v:30$44_DATA[31:0]$55 [18], Q = \data[27] [18]).
Adding EN signal on $memory\data[27]$2791 ($dff) from module icache_dm (D = $0$memwr$\data$icache_dm.v:30$44_DATA[31:0]$55 [19], Q = \data[27] [19]).
Adding EN signal on $memory\data[27]$2791 ($dff) from module icache_dm (D = $0$memwr$\data$icache_dm.v:30$44_DATA[31:0]$55 [20], Q = \data[27] [20]).
Adding EN signal on $memory\data[27]$2791 ($dff) from module icache_dm (D = $0$memwr$\data$icache_dm.v:30$44_DATA[31:0]$55 [21], Q = \data[27] [21]).
Adding EN signal on $memory\data[27]$2791 ($dff) from module icache_dm (D = $0$memwr$\data$icache_dm.v:30$44_DATA[31:0]$55 [22], Q = \data[27] [22]).
Adding EN signal on $memory\data[27]$2791 ($dff) from module icache_dm (D = $0$memwr$\data$icache_dm.v:30$44_DATA[31:0]$55 [23], Q = \data[27] [23]).
Adding EN signal on $memory\data[27]$2791 ($dff) from module icache_dm (D = $0$memwr$\data$icache_dm.v:30$44_DATA[31:0]$55 [24], Q = \data[27] [24]).
Adding EN signal on $memory\data[27]$2791 ($dff) from module icache_dm (D = $0$memwr$\data$icache_dm.v:30$44_DATA[31:0]$55 [25], Q = \data[27] [25]).
Adding EN signal on $memory\data[27]$2791 ($dff) from module icache_dm (D = $0$memwr$\data$icache_dm.v:30$44_DATA[31:0]$55 [26], Q = \data[27] [26]).
Adding EN signal on $memory\data[27]$2791 ($dff) from module icache_dm (D = $0$memwr$\data$icache_dm.v:30$44_DATA[31:0]$55 [27], Q = \data[27] [27]).
Adding EN signal on $memory\data[27]$2791 ($dff) from module icache_dm (D = $0$memwr$\data$icache_dm.v:30$44_DATA[31:0]$55 [28], Q = \data[27] [28]).
Adding EN signal on $memory\data[27]$2791 ($dff) from module icache_dm (D = $0$memwr$\data$icache_dm.v:30$44_DATA[31:0]$55 [29], Q = \data[27] [29]).
Adding EN signal on $memory\data[27]$2791 ($dff) from module icache_dm (D = $0$memwr$\data$icache_dm.v:30$44_DATA[31:0]$55 [30], Q = \data[27] [30]).
Adding EN signal on $memory\data[27]$2791 ($dff) from module icache_dm (D = $0$memwr$\data$icache_dm.v:30$44_DATA[31:0]$55 [31], Q = \data[27] [31]).
Adding EN signal on $memory\data[28]$2793 ($dff) from module icache_dm (D = $0$memwr$\data$icache_dm.v:30$44_DATA[31:0]$55 [0], Q = \data[28] [0]).
Adding EN signal on $memory\data[28]$2793 ($dff) from module icache_dm (D = $0$memwr$\data$icache_dm.v:30$44_DATA[31:0]$55 [1], Q = \data[28] [1]).
Adding EN signal on $memory\data[28]$2793 ($dff) from module icache_dm (D = $0$memwr$\data$icache_dm.v:30$44_DATA[31:0]$55 [2], Q = \data[28] [2]).
Adding EN signal on $memory\data[28]$2793 ($dff) from module icache_dm (D = $0$memwr$\data$icache_dm.v:30$44_DATA[31:0]$55 [3], Q = \data[28] [3]).
Adding EN signal on $memory\data[28]$2793 ($dff) from module icache_dm (D = $0$memwr$\data$icache_dm.v:30$44_DATA[31:0]$55 [4], Q = \data[28] [4]).
Adding EN signal on $memory\data[28]$2793 ($dff) from module icache_dm (D = $0$memwr$\data$icache_dm.v:30$44_DATA[31:0]$55 [5], Q = \data[28] [5]).
Adding EN signal on $memory\data[28]$2793 ($dff) from module icache_dm (D = $0$memwr$\data$icache_dm.v:30$44_DATA[31:0]$55 [6], Q = \data[28] [6]).
Adding EN signal on $memory\data[28]$2793 ($dff) from module icache_dm (D = $0$memwr$\data$icache_dm.v:30$44_DATA[31:0]$55 [7], Q = \data[28] [7]).
Adding EN signal on $memory\data[28]$2793 ($dff) from module icache_dm (D = $0$memwr$\data$icache_dm.v:30$44_DATA[31:0]$55 [8], Q = \data[28] [8]).
Adding EN signal on $memory\data[28]$2793 ($dff) from module icache_dm (D = $0$memwr$\data$icache_dm.v:30$44_DATA[31:0]$55 [9], Q = \data[28] [9]).
Adding EN signal on $memory\data[28]$2793 ($dff) from module icache_dm (D = $0$memwr$\data$icache_dm.v:30$44_DATA[31:0]$55 [10], Q = \data[28] [10]).
Adding EN signal on $memory\data[28]$2793 ($dff) from module icache_dm (D = $0$memwr$\data$icache_dm.v:30$44_DATA[31:0]$55 [11], Q = \data[28] [11]).
Adding EN signal on $memory\data[28]$2793 ($dff) from module icache_dm (D = $0$memwr$\data$icache_dm.v:30$44_DATA[31:0]$55 [12], Q = \data[28] [12]).
Adding EN signal on $memory\data[28]$2793 ($dff) from module icache_dm (D = $0$memwr$\data$icache_dm.v:30$44_DATA[31:0]$55 [13], Q = \data[28] [13]).
Adding EN signal on $memory\data[28]$2793 ($dff) from module icache_dm (D = $0$memwr$\data$icache_dm.v:30$44_DATA[31:0]$55 [14], Q = \data[28] [14]).
Adding EN signal on $memory\data[28]$2793 ($dff) from module icache_dm (D = $0$memwr$\data$icache_dm.v:30$44_DATA[31:0]$55 [15], Q = \data[28] [15]).
Adding EN signal on $memory\data[28]$2793 ($dff) from module icache_dm (D = $0$memwr$\data$icache_dm.v:30$44_DATA[31:0]$55 [16], Q = \data[28] [16]).
Adding EN signal on $memory\data[28]$2793 ($dff) from module icache_dm (D = $0$memwr$\data$icache_dm.v:30$44_DATA[31:0]$55 [17], Q = \data[28] [17]).
Adding EN signal on $memory\data[28]$2793 ($dff) from module icache_dm (D = $0$memwr$\data$icache_dm.v:30$44_DATA[31:0]$55 [18], Q = \data[28] [18]).
Adding EN signal on $memory\data[28]$2793 ($dff) from module icache_dm (D = $0$memwr$\data$icache_dm.v:30$44_DATA[31:0]$55 [19], Q = \data[28] [19]).
Adding EN signal on $memory\data[28]$2793 ($dff) from module icache_dm (D = $0$memwr$\data$icache_dm.v:30$44_DATA[31:0]$55 [20], Q = \data[28] [20]).
Adding EN signal on $memory\data[28]$2793 ($dff) from module icache_dm (D = $0$memwr$\data$icache_dm.v:30$44_DATA[31:0]$55 [21], Q = \data[28] [21]).
Adding EN signal on $memory\data[28]$2793 ($dff) from module icache_dm (D = $0$memwr$\data$icache_dm.v:30$44_DATA[31:0]$55 [22], Q = \data[28] [22]).
Adding EN signal on $memory\data[28]$2793 ($dff) from module icache_dm (D = $0$memwr$\data$icache_dm.v:30$44_DATA[31:0]$55 [23], Q = \data[28] [23]).
Adding EN signal on $memory\data[28]$2793 ($dff) from module icache_dm (D = $0$memwr$\data$icache_dm.v:30$44_DATA[31:0]$55 [24], Q = \data[28] [24]).
Adding EN signal on $memory\data[28]$2793 ($dff) from module icache_dm (D = $0$memwr$\data$icache_dm.v:30$44_DATA[31:0]$55 [25], Q = \data[28] [25]).
Adding EN signal on $memory\data[28]$2793 ($dff) from module icache_dm (D = $0$memwr$\data$icache_dm.v:30$44_DATA[31:0]$55 [26], Q = \data[28] [26]).
Adding EN signal on $memory\data[28]$2793 ($dff) from module icache_dm (D = $0$memwr$\data$icache_dm.v:30$44_DATA[31:0]$55 [27], Q = \data[28] [27]).
Adding EN signal on $memory\data[28]$2793 ($dff) from module icache_dm (D = $0$memwr$\data$icache_dm.v:30$44_DATA[31:0]$55 [28], Q = \data[28] [28]).
Adding EN signal on $memory\data[28]$2793 ($dff) from module icache_dm (D = $0$memwr$\data$icache_dm.v:30$44_DATA[31:0]$55 [29], Q = \data[28] [29]).
Adding EN signal on $memory\data[28]$2793 ($dff) from module icache_dm (D = $0$memwr$\data$icache_dm.v:30$44_DATA[31:0]$55 [30], Q = \data[28] [30]).
Adding EN signal on $memory\data[28]$2793 ($dff) from module icache_dm (D = $0$memwr$\data$icache_dm.v:30$44_DATA[31:0]$55 [31], Q = \data[28] [31]).
Adding EN signal on $memory\data[29]$2795 ($dff) from module icache_dm (D = $0$memwr$\data$icache_dm.v:30$44_DATA[31:0]$55 [0], Q = \data[29] [0]).
Adding EN signal on $memory\data[29]$2795 ($dff) from module icache_dm (D = $0$memwr$\data$icache_dm.v:30$44_DATA[31:0]$55 [1], Q = \data[29] [1]).
Adding EN signal on $memory\data[29]$2795 ($dff) from module icache_dm (D = $0$memwr$\data$icache_dm.v:30$44_DATA[31:0]$55 [2], Q = \data[29] [2]).
Adding EN signal on $memory\data[29]$2795 ($dff) from module icache_dm (D = $0$memwr$\data$icache_dm.v:30$44_DATA[31:0]$55 [3], Q = \data[29] [3]).
Adding EN signal on $memory\data[29]$2795 ($dff) from module icache_dm (D = $0$memwr$\data$icache_dm.v:30$44_DATA[31:0]$55 [4], Q = \data[29] [4]).
Adding EN signal on $memory\data[29]$2795 ($dff) from module icache_dm (D = $0$memwr$\data$icache_dm.v:30$44_DATA[31:0]$55 [5], Q = \data[29] [5]).
Adding EN signal on $memory\data[29]$2795 ($dff) from module icache_dm (D = $0$memwr$\data$icache_dm.v:30$44_DATA[31:0]$55 [6], Q = \data[29] [6]).
Adding EN signal on $memory\data[29]$2795 ($dff) from module icache_dm (D = $0$memwr$\data$icache_dm.v:30$44_DATA[31:0]$55 [7], Q = \data[29] [7]).
Adding EN signal on $memory\data[29]$2795 ($dff) from module icache_dm (D = $0$memwr$\data$icache_dm.v:30$44_DATA[31:0]$55 [8], Q = \data[29] [8]).
Adding EN signal on $memory\data[29]$2795 ($dff) from module icache_dm (D = $0$memwr$\data$icache_dm.v:30$44_DATA[31:0]$55 [9], Q = \data[29] [9]).
Adding EN signal on $memory\data[29]$2795 ($dff) from module icache_dm (D = $0$memwr$\data$icache_dm.v:30$44_DATA[31:0]$55 [10], Q = \data[29] [10]).
Adding EN signal on $memory\data[29]$2795 ($dff) from module icache_dm (D = $0$memwr$\data$icache_dm.v:30$44_DATA[31:0]$55 [11], Q = \data[29] [11]).
Adding EN signal on $memory\data[29]$2795 ($dff) from module icache_dm (D = $0$memwr$\data$icache_dm.v:30$44_DATA[31:0]$55 [12], Q = \data[29] [12]).
Adding EN signal on $memory\data[29]$2795 ($dff) from module icache_dm (D = $0$memwr$\data$icache_dm.v:30$44_DATA[31:0]$55 [13], Q = \data[29] [13]).
Adding EN signal on $memory\data[29]$2795 ($dff) from module icache_dm (D = $0$memwr$\data$icache_dm.v:30$44_DATA[31:0]$55 [14], Q = \data[29] [14]).
Adding EN signal on $memory\data[29]$2795 ($dff) from module icache_dm (D = $0$memwr$\data$icache_dm.v:30$44_DATA[31:0]$55 [15], Q = \data[29] [15]).
Adding EN signal on $memory\data[29]$2795 ($dff) from module icache_dm (D = $0$memwr$\data$icache_dm.v:30$44_DATA[31:0]$55 [16], Q = \data[29] [16]).
Adding EN signal on $memory\data[29]$2795 ($dff) from module icache_dm (D = $0$memwr$\data$icache_dm.v:30$44_DATA[31:0]$55 [17], Q = \data[29] [17]).
Adding EN signal on $memory\data[29]$2795 ($dff) from module icache_dm (D = $0$memwr$\data$icache_dm.v:30$44_DATA[31:0]$55 [18], Q = \data[29] [18]).
Adding EN signal on $memory\data[29]$2795 ($dff) from module icache_dm (D = $0$memwr$\data$icache_dm.v:30$44_DATA[31:0]$55 [19], Q = \data[29] [19]).
Adding EN signal on $memory\data[29]$2795 ($dff) from module icache_dm (D = $0$memwr$\data$icache_dm.v:30$44_DATA[31:0]$55 [20], Q = \data[29] [20]).
Adding EN signal on $memory\data[29]$2795 ($dff) from module icache_dm (D = $0$memwr$\data$icache_dm.v:30$44_DATA[31:0]$55 [21], Q = \data[29] [21]).
Adding EN signal on $memory\data[29]$2795 ($dff) from module icache_dm (D = $0$memwr$\data$icache_dm.v:30$44_DATA[31:0]$55 [22], Q = \data[29] [22]).
Adding EN signal on $memory\data[29]$2795 ($dff) from module icache_dm (D = $0$memwr$\data$icache_dm.v:30$44_DATA[31:0]$55 [23], Q = \data[29] [23]).
Adding EN signal on $memory\data[29]$2795 ($dff) from module icache_dm (D = $0$memwr$\data$icache_dm.v:30$44_DATA[31:0]$55 [24], Q = \data[29] [24]).
Adding EN signal on $memory\data[29]$2795 ($dff) from module icache_dm (D = $0$memwr$\data$icache_dm.v:30$44_DATA[31:0]$55 [25], Q = \data[29] [25]).
Adding EN signal on $memory\data[29]$2795 ($dff) from module icache_dm (D = $0$memwr$\data$icache_dm.v:30$44_DATA[31:0]$55 [26], Q = \data[29] [26]).
Adding EN signal on $memory\data[29]$2795 ($dff) from module icache_dm (D = $0$memwr$\data$icache_dm.v:30$44_DATA[31:0]$55 [27], Q = \data[29] [27]).
Adding EN signal on $memory\data[29]$2795 ($dff) from module icache_dm (D = $0$memwr$\data$icache_dm.v:30$44_DATA[31:0]$55 [28], Q = \data[29] [28]).
Adding EN signal on $memory\data[29]$2795 ($dff) from module icache_dm (D = $0$memwr$\data$icache_dm.v:30$44_DATA[31:0]$55 [29], Q = \data[29] [29]).
Adding EN signal on $memory\data[29]$2795 ($dff) from module icache_dm (D = $0$memwr$\data$icache_dm.v:30$44_DATA[31:0]$55 [30], Q = \data[29] [30]).
Adding EN signal on $memory\data[29]$2795 ($dff) from module icache_dm (D = $0$memwr$\data$icache_dm.v:30$44_DATA[31:0]$55 [31], Q = \data[29] [31]).
Adding EN signal on $memory\data[30]$2797 ($dff) from module icache_dm (D = $0$memwr$\data$icache_dm.v:30$44_DATA[31:0]$55 [0], Q = \data[30] [0]).
Adding EN signal on $memory\data[30]$2797 ($dff) from module icache_dm (D = $0$memwr$\data$icache_dm.v:30$44_DATA[31:0]$55 [1], Q = \data[30] [1]).
Adding EN signal on $memory\data[30]$2797 ($dff) from module icache_dm (D = $0$memwr$\data$icache_dm.v:30$44_DATA[31:0]$55 [2], Q = \data[30] [2]).
Adding EN signal on $memory\data[30]$2797 ($dff) from module icache_dm (D = $0$memwr$\data$icache_dm.v:30$44_DATA[31:0]$55 [3], Q = \data[30] [3]).
Adding EN signal on $memory\data[30]$2797 ($dff) from module icache_dm (D = $0$memwr$\data$icache_dm.v:30$44_DATA[31:0]$55 [4], Q = \data[30] [4]).
Adding EN signal on $memory\data[30]$2797 ($dff) from module icache_dm (D = $0$memwr$\data$icache_dm.v:30$44_DATA[31:0]$55 [5], Q = \data[30] [5]).
Adding EN signal on $memory\data[30]$2797 ($dff) from module icache_dm (D = $0$memwr$\data$icache_dm.v:30$44_DATA[31:0]$55 [6], Q = \data[30] [6]).
Adding EN signal on $memory\data[30]$2797 ($dff) from module icache_dm (D = $0$memwr$\data$icache_dm.v:30$44_DATA[31:0]$55 [7], Q = \data[30] [7]).
Adding EN signal on $memory\data[30]$2797 ($dff) from module icache_dm (D = $0$memwr$\data$icache_dm.v:30$44_DATA[31:0]$55 [8], Q = \data[30] [8]).
Adding EN signal on $memory\data[30]$2797 ($dff) from module icache_dm (D = $0$memwr$\data$icache_dm.v:30$44_DATA[31:0]$55 [9], Q = \data[30] [9]).
Adding EN signal on $memory\data[30]$2797 ($dff) from module icache_dm (D = $0$memwr$\data$icache_dm.v:30$44_DATA[31:0]$55 [10], Q = \data[30] [10]).
Adding EN signal on $memory\data[30]$2797 ($dff) from module icache_dm (D = $0$memwr$\data$icache_dm.v:30$44_DATA[31:0]$55 [11], Q = \data[30] [11]).
Adding EN signal on $memory\data[30]$2797 ($dff) from module icache_dm (D = $0$memwr$\data$icache_dm.v:30$44_DATA[31:0]$55 [12], Q = \data[30] [12]).
Adding EN signal on $memory\data[30]$2797 ($dff) from module icache_dm (D = $0$memwr$\data$icache_dm.v:30$44_DATA[31:0]$55 [13], Q = \data[30] [13]).
Adding EN signal on $memory\data[30]$2797 ($dff) from module icache_dm (D = $0$memwr$\data$icache_dm.v:30$44_DATA[31:0]$55 [14], Q = \data[30] [14]).
Adding EN signal on $memory\data[30]$2797 ($dff) from module icache_dm (D = $0$memwr$\data$icache_dm.v:30$44_DATA[31:0]$55 [15], Q = \data[30] [15]).
Adding EN signal on $memory\data[30]$2797 ($dff) from module icache_dm (D = $0$memwr$\data$icache_dm.v:30$44_DATA[31:0]$55 [16], Q = \data[30] [16]).
Adding EN signal on $memory\data[30]$2797 ($dff) from module icache_dm (D = $0$memwr$\data$icache_dm.v:30$44_DATA[31:0]$55 [17], Q = \data[30] [17]).
Adding EN signal on $memory\data[30]$2797 ($dff) from module icache_dm (D = $0$memwr$\data$icache_dm.v:30$44_DATA[31:0]$55 [18], Q = \data[30] [18]).
Adding EN signal on $memory\data[30]$2797 ($dff) from module icache_dm (D = $0$memwr$\data$icache_dm.v:30$44_DATA[31:0]$55 [19], Q = \data[30] [19]).
Adding EN signal on $memory\data[30]$2797 ($dff) from module icache_dm (D = $0$memwr$\data$icache_dm.v:30$44_DATA[31:0]$55 [20], Q = \data[30] [20]).
Adding EN signal on $memory\data[30]$2797 ($dff) from module icache_dm (D = $0$memwr$\data$icache_dm.v:30$44_DATA[31:0]$55 [21], Q = \data[30] [21]).
Adding EN signal on $memory\data[30]$2797 ($dff) from module icache_dm (D = $0$memwr$\data$icache_dm.v:30$44_DATA[31:0]$55 [22], Q = \data[30] [22]).
Adding EN signal on $memory\data[30]$2797 ($dff) from module icache_dm (D = $0$memwr$\data$icache_dm.v:30$44_DATA[31:0]$55 [23], Q = \data[30] [23]).
Adding EN signal on $memory\data[30]$2797 ($dff) from module icache_dm (D = $0$memwr$\data$icache_dm.v:30$44_DATA[31:0]$55 [24], Q = \data[30] [24]).
Adding EN signal on $memory\data[30]$2797 ($dff) from module icache_dm (D = $0$memwr$\data$icache_dm.v:30$44_DATA[31:0]$55 [25], Q = \data[30] [25]).
Adding EN signal on $memory\data[30]$2797 ($dff) from module icache_dm (D = $0$memwr$\data$icache_dm.v:30$44_DATA[31:0]$55 [26], Q = \data[30] [26]).
Adding EN signal on $memory\data[30]$2797 ($dff) from module icache_dm (D = $0$memwr$\data$icache_dm.v:30$44_DATA[31:0]$55 [27], Q = \data[30] [27]).
Adding EN signal on $memory\data[30]$2797 ($dff) from module icache_dm (D = $0$memwr$\data$icache_dm.v:30$44_DATA[31:0]$55 [28], Q = \data[30] [28]).
Adding EN signal on $memory\data[30]$2797 ($dff) from module icache_dm (D = $0$memwr$\data$icache_dm.v:30$44_DATA[31:0]$55 [29], Q = \data[30] [29]).
Adding EN signal on $memory\data[30]$2797 ($dff) from module icache_dm (D = $0$memwr$\data$icache_dm.v:30$44_DATA[31:0]$55 [30], Q = \data[30] [30]).
Adding EN signal on $memory\data[30]$2797 ($dff) from module icache_dm (D = $0$memwr$\data$icache_dm.v:30$44_DATA[31:0]$55 [31], Q = \data[30] [31]).
Adding EN signal on $memory\data[31]$2799 ($dff) from module icache_dm (D = $0$memwr$\data$icache_dm.v:30$44_DATA[31:0]$55 [0], Q = \data[31] [0]).
Adding EN signal on $memory\data[31]$2799 ($dff) from module icache_dm (D = $0$memwr$\data$icache_dm.v:30$44_DATA[31:0]$55 [1], Q = \data[31] [1]).
Adding EN signal on $memory\data[31]$2799 ($dff) from module icache_dm (D = $0$memwr$\data$icache_dm.v:30$44_DATA[31:0]$55 [2], Q = \data[31] [2]).
Adding EN signal on $memory\data[31]$2799 ($dff) from module icache_dm (D = $0$memwr$\data$icache_dm.v:30$44_DATA[31:0]$55 [3], Q = \data[31] [3]).
Adding EN signal on $memory\data[31]$2799 ($dff) from module icache_dm (D = $0$memwr$\data$icache_dm.v:30$44_DATA[31:0]$55 [4], Q = \data[31] [4]).
Adding EN signal on $memory\data[31]$2799 ($dff) from module icache_dm (D = $0$memwr$\data$icache_dm.v:30$44_DATA[31:0]$55 [5], Q = \data[31] [5]).
Adding EN signal on $memory\data[31]$2799 ($dff) from module icache_dm (D = $0$memwr$\data$icache_dm.v:30$44_DATA[31:0]$55 [6], Q = \data[31] [6]).
Adding EN signal on $memory\data[31]$2799 ($dff) from module icache_dm (D = $0$memwr$\data$icache_dm.v:30$44_DATA[31:0]$55 [7], Q = \data[31] [7]).
Adding EN signal on $memory\data[31]$2799 ($dff) from module icache_dm (D = $0$memwr$\data$icache_dm.v:30$44_DATA[31:0]$55 [8], Q = \data[31] [8]).
Adding EN signal on $memory\data[31]$2799 ($dff) from module icache_dm (D = $0$memwr$\data$icache_dm.v:30$44_DATA[31:0]$55 [9], Q = \data[31] [9]).
Adding EN signal on $memory\data[31]$2799 ($dff) from module icache_dm (D = $0$memwr$\data$icache_dm.v:30$44_DATA[31:0]$55 [10], Q = \data[31] [10]).
Adding EN signal on $memory\data[31]$2799 ($dff) from module icache_dm (D = $0$memwr$\data$icache_dm.v:30$44_DATA[31:0]$55 [11], Q = \data[31] [11]).
Adding EN signal on $memory\data[31]$2799 ($dff) from module icache_dm (D = $0$memwr$\data$icache_dm.v:30$44_DATA[31:0]$55 [12], Q = \data[31] [12]).
Adding EN signal on $memory\data[31]$2799 ($dff) from module icache_dm (D = $0$memwr$\data$icache_dm.v:30$44_DATA[31:0]$55 [13], Q = \data[31] [13]).
Adding EN signal on $memory\data[31]$2799 ($dff) from module icache_dm (D = $0$memwr$\data$icache_dm.v:30$44_DATA[31:0]$55 [14], Q = \data[31] [14]).
Adding EN signal on $memory\data[31]$2799 ($dff) from module icache_dm (D = $0$memwr$\data$icache_dm.v:30$44_DATA[31:0]$55 [15], Q = \data[31] [15]).
Adding EN signal on $memory\data[31]$2799 ($dff) from module icache_dm (D = $0$memwr$\data$icache_dm.v:30$44_DATA[31:0]$55 [16], Q = \data[31] [16]).
Adding EN signal on $memory\data[31]$2799 ($dff) from module icache_dm (D = $0$memwr$\data$icache_dm.v:30$44_DATA[31:0]$55 [17], Q = \data[31] [17]).
Adding EN signal on $memory\data[31]$2799 ($dff) from module icache_dm (D = $0$memwr$\data$icache_dm.v:30$44_DATA[31:0]$55 [18], Q = \data[31] [18]).
Adding EN signal on $memory\data[31]$2799 ($dff) from module icache_dm (D = $0$memwr$\data$icache_dm.v:30$44_DATA[31:0]$55 [19], Q = \data[31] [19]).
Adding EN signal on $memory\data[31]$2799 ($dff) from module icache_dm (D = $0$memwr$\data$icache_dm.v:30$44_DATA[31:0]$55 [20], Q = \data[31] [20]).
Adding EN signal on $memory\data[31]$2799 ($dff) from module icache_dm (D = $0$memwr$\data$icache_dm.v:30$44_DATA[31:0]$55 [21], Q = \data[31] [21]).
Adding EN signal on $memory\data[31]$2799 ($dff) from module icache_dm (D = $0$memwr$\data$icache_dm.v:30$44_DATA[31:0]$55 [22], Q = \data[31] [22]).
Adding EN signal on $memory\data[31]$2799 ($dff) from module icache_dm (D = $0$memwr$\data$icache_dm.v:30$44_DATA[31:0]$55 [23], Q = \data[31] [23]).
Adding EN signal on $memory\data[31]$2799 ($dff) from module icache_dm (D = $0$memwr$\data$icache_dm.v:30$44_DATA[31:0]$55 [24], Q = \data[31] [24]).
Adding EN signal on $memory\data[31]$2799 ($dff) from module icache_dm (D = $0$memwr$\data$icache_dm.v:30$44_DATA[31:0]$55 [25], Q = \data[31] [25]).
Adding EN signal on $memory\data[31]$2799 ($dff) from module icache_dm (D = $0$memwr$\data$icache_dm.v:30$44_DATA[31:0]$55 [26], Q = \data[31] [26]).
Adding EN signal on $memory\data[31]$2799 ($dff) from module icache_dm (D = $0$memwr$\data$icache_dm.v:30$44_DATA[31:0]$55 [27], Q = \data[31] [27]).
Adding EN signal on $memory\data[31]$2799 ($dff) from module icache_dm (D = $0$memwr$\data$icache_dm.v:30$44_DATA[31:0]$55 [28], Q = \data[31] [28]).
Adding EN signal on $memory\data[31]$2799 ($dff) from module icache_dm (D = $0$memwr$\data$icache_dm.v:30$44_DATA[31:0]$55 [29], Q = \data[31] [29]).
Adding EN signal on $memory\data[31]$2799 ($dff) from module icache_dm (D = $0$memwr$\data$icache_dm.v:30$44_DATA[31:0]$55 [30], Q = \data[31] [30]).
Adding EN signal on $memory\data[31]$2799 ($dff) from module icache_dm (D = $0$memwr$\data$icache_dm.v:30$44_DATA[31:0]$55 [31], Q = \data[31] [31]).
Adding EN signal on $memory\data[32]$2801 ($dff) from module icache_dm (D = $0$memwr$\data$icache_dm.v:30$44_DATA[31:0]$55 [0], Q = \data[32] [0]).
Adding EN signal on $memory\data[32]$2801 ($dff) from module icache_dm (D = $0$memwr$\data$icache_dm.v:30$44_DATA[31:0]$55 [1], Q = \data[32] [1]).
Adding EN signal on $memory\data[32]$2801 ($dff) from module icache_dm (D = $0$memwr$\data$icache_dm.v:30$44_DATA[31:0]$55 [2], Q = \data[32] [2]).
Adding EN signal on $memory\data[32]$2801 ($dff) from module icache_dm (D = $0$memwr$\data$icache_dm.v:30$44_DATA[31:0]$55 [3], Q = \data[32] [3]).
Adding EN signal on $memory\data[32]$2801 ($dff) from module icache_dm (D = $0$memwr$\data$icache_dm.v:30$44_DATA[31:0]$55 [4], Q = \data[32] [4]).
Adding EN signal on $memory\data[32]$2801 ($dff) from module icache_dm (D = $0$memwr$\data$icache_dm.v:30$44_DATA[31:0]$55 [5], Q = \data[32] [5]).
Adding EN signal on $memory\data[32]$2801 ($dff) from module icache_dm (D = $0$memwr$\data$icache_dm.v:30$44_DATA[31:0]$55 [6], Q = \data[32] [6]).
Adding EN signal on $memory\data[32]$2801 ($dff) from module icache_dm (D = $0$memwr$\data$icache_dm.v:30$44_DATA[31:0]$55 [7], Q = \data[32] [7]).
Adding EN signal on $memory\data[32]$2801 ($dff) from module icache_dm (D = $0$memwr$\data$icache_dm.v:30$44_DATA[31:0]$55 [8], Q = \data[32] [8]).
Adding EN signal on $memory\data[32]$2801 ($dff) from module icache_dm (D = $0$memwr$\data$icache_dm.v:30$44_DATA[31:0]$55 [9], Q = \data[32] [9]).
Adding EN signal on $memory\data[32]$2801 ($dff) from module icache_dm (D = $0$memwr$\data$icache_dm.v:30$44_DATA[31:0]$55 [10], Q = \data[32] [10]).
Adding EN signal on $memory\data[32]$2801 ($dff) from module icache_dm (D = $0$memwr$\data$icache_dm.v:30$44_DATA[31:0]$55 [11], Q = \data[32] [11]).
Adding EN signal on $memory\data[32]$2801 ($dff) from module icache_dm (D = $0$memwr$\data$icache_dm.v:30$44_DATA[31:0]$55 [12], Q = \data[32] [12]).
Adding EN signal on $memory\data[32]$2801 ($dff) from module icache_dm (D = $0$memwr$\data$icache_dm.v:30$44_DATA[31:0]$55 [13], Q = \data[32] [13]).
Adding EN signal on $memory\data[32]$2801 ($dff) from module icache_dm (D = $0$memwr$\data$icache_dm.v:30$44_DATA[31:0]$55 [14], Q = \data[32] [14]).
Adding EN signal on $memory\data[32]$2801 ($dff) from module icache_dm (D = $0$memwr$\data$icache_dm.v:30$44_DATA[31:0]$55 [15], Q = \data[32] [15]).
Adding EN signal on $memory\data[32]$2801 ($dff) from module icache_dm (D = $0$memwr$\data$icache_dm.v:30$44_DATA[31:0]$55 [16], Q = \data[32] [16]).
Adding EN signal on $memory\data[32]$2801 ($dff) from module icache_dm (D = $0$memwr$\data$icache_dm.v:30$44_DATA[31:0]$55 [17], Q = \data[32] [17]).
Adding EN signal on $memory\data[32]$2801 ($dff) from module icache_dm (D = $0$memwr$\data$icache_dm.v:30$44_DATA[31:0]$55 [18], Q = \data[32] [18]).
Adding EN signal on $memory\data[32]$2801 ($dff) from module icache_dm (D = $0$memwr$\data$icache_dm.v:30$44_DATA[31:0]$55 [19], Q = \data[32] [19]).
Adding EN signal on $memory\data[32]$2801 ($dff) from module icache_dm (D = $0$memwr$\data$icache_dm.v:30$44_DATA[31:0]$55 [20], Q = \data[32] [20]).
Adding EN signal on $memory\data[32]$2801 ($dff) from module icache_dm (D = $0$memwr$\data$icache_dm.v:30$44_DATA[31:0]$55 [21], Q = \data[32] [21]).
Adding EN signal on $memory\data[32]$2801 ($dff) from module icache_dm (D = $0$memwr$\data$icache_dm.v:30$44_DATA[31:0]$55 [22], Q = \data[32] [22]).
Adding EN signal on $memory\data[32]$2801 ($dff) from module icache_dm (D = $0$memwr$\data$icache_dm.v:30$44_DATA[31:0]$55 [23], Q = \data[32] [23]).
Adding EN signal on $memory\data[32]$2801 ($dff) from module icache_dm (D = $0$memwr$\data$icache_dm.v:30$44_DATA[31:0]$55 [24], Q = \data[32] [24]).
Adding EN signal on $memory\data[32]$2801 ($dff) from module icache_dm (D = $0$memwr$\data$icache_dm.v:30$44_DATA[31:0]$55 [25], Q = \data[32] [25]).
Adding EN signal on $memory\data[32]$2801 ($dff) from module icache_dm (D = $0$memwr$\data$icache_dm.v:30$44_DATA[31:0]$55 [26], Q = \data[32] [26]).
Adding EN signal on $memory\data[32]$2801 ($dff) from module icache_dm (D = $0$memwr$\data$icache_dm.v:30$44_DATA[31:0]$55 [27], Q = \data[32] [27]).
Adding EN signal on $memory\data[32]$2801 ($dff) from module icache_dm (D = $0$memwr$\data$icache_dm.v:30$44_DATA[31:0]$55 [28], Q = \data[32] [28]).
Adding EN signal on $memory\data[32]$2801 ($dff) from module icache_dm (D = $0$memwr$\data$icache_dm.v:30$44_DATA[31:0]$55 [29], Q = \data[32] [29]).
Adding EN signal on $memory\data[32]$2801 ($dff) from module icache_dm (D = $0$memwr$\data$icache_dm.v:30$44_DATA[31:0]$55 [30], Q = \data[32] [30]).
Adding EN signal on $memory\data[32]$2801 ($dff) from module icache_dm (D = $0$memwr$\data$icache_dm.v:30$44_DATA[31:0]$55 [31], Q = \data[32] [31]).
Adding EN signal on $memory\data[33]$2803 ($dff) from module icache_dm (D = $0$memwr$\data$icache_dm.v:30$44_DATA[31:0]$55 [0], Q = \data[33] [0]).
Adding EN signal on $memory\data[33]$2803 ($dff) from module icache_dm (D = $0$memwr$\data$icache_dm.v:30$44_DATA[31:0]$55 [1], Q = \data[33] [1]).
Adding EN signal on $memory\data[33]$2803 ($dff) from module icache_dm (D = $0$memwr$\data$icache_dm.v:30$44_DATA[31:0]$55 [2], Q = \data[33] [2]).
Adding EN signal on $memory\data[33]$2803 ($dff) from module icache_dm (D = $0$memwr$\data$icache_dm.v:30$44_DATA[31:0]$55 [3], Q = \data[33] [3]).
Adding EN signal on $memory\data[33]$2803 ($dff) from module icache_dm (D = $0$memwr$\data$icache_dm.v:30$44_DATA[31:0]$55 [4], Q = \data[33] [4]).
Adding EN signal on $memory\data[33]$2803 ($dff) from module icache_dm (D = $0$memwr$\data$icache_dm.v:30$44_DATA[31:0]$55 [5], Q = \data[33] [5]).
Adding EN signal on $memory\data[33]$2803 ($dff) from module icache_dm (D = $0$memwr$\data$icache_dm.v:30$44_DATA[31:0]$55 [6], Q = \data[33] [6]).
Adding EN signal on $memory\data[33]$2803 ($dff) from module icache_dm (D = $0$memwr$\data$icache_dm.v:30$44_DATA[31:0]$55 [7], Q = \data[33] [7]).
Adding EN signal on $memory\data[33]$2803 ($dff) from module icache_dm (D = $0$memwr$\data$icache_dm.v:30$44_DATA[31:0]$55 [8], Q = \data[33] [8]).
Adding EN signal on $memory\data[33]$2803 ($dff) from module icache_dm (D = $0$memwr$\data$icache_dm.v:30$44_DATA[31:0]$55 [9], Q = \data[33] [9]).
Adding EN signal on $memory\data[33]$2803 ($dff) from module icache_dm (D = $0$memwr$\data$icache_dm.v:30$44_DATA[31:0]$55 [10], Q = \data[33] [10]).
Adding EN signal on $memory\data[33]$2803 ($dff) from module icache_dm (D = $0$memwr$\data$icache_dm.v:30$44_DATA[31:0]$55 [11], Q = \data[33] [11]).
Adding EN signal on $memory\data[33]$2803 ($dff) from module icache_dm (D = $0$memwr$\data$icache_dm.v:30$44_DATA[31:0]$55 [12], Q = \data[33] [12]).
Adding EN signal on $memory\data[33]$2803 ($dff) from module icache_dm (D = $0$memwr$\data$icache_dm.v:30$44_DATA[31:0]$55 [13], Q = \data[33] [13]).
Adding EN signal on $memory\data[33]$2803 ($dff) from module icache_dm (D = $0$memwr$\data$icache_dm.v:30$44_DATA[31:0]$55 [14], Q = \data[33] [14]).
Adding EN signal on $memory\data[33]$2803 ($dff) from module icache_dm (D = $0$memwr$\data$icache_dm.v:30$44_DATA[31:0]$55 [15], Q = \data[33] [15]).
Adding EN signal on $memory\data[33]$2803 ($dff) from module icache_dm (D = $0$memwr$\data$icache_dm.v:30$44_DATA[31:0]$55 [16], Q = \data[33] [16]).
Adding EN signal on $memory\data[33]$2803 ($dff) from module icache_dm (D = $0$memwr$\data$icache_dm.v:30$44_DATA[31:0]$55 [17], Q = \data[33] [17]).
Adding EN signal on $memory\data[33]$2803 ($dff) from module icache_dm (D = $0$memwr$\data$icache_dm.v:30$44_DATA[31:0]$55 [18], Q = \data[33] [18]).
Adding EN signal on $memory\data[33]$2803 ($dff) from module icache_dm (D = $0$memwr$\data$icache_dm.v:30$44_DATA[31:0]$55 [19], Q = \data[33] [19]).
Adding EN signal on $memory\data[33]$2803 ($dff) from module icache_dm (D = $0$memwr$\data$icache_dm.v:30$44_DATA[31:0]$55 [20], Q = \data[33] [20]).
Adding EN signal on $memory\data[33]$2803 ($dff) from module icache_dm (D = $0$memwr$\data$icache_dm.v:30$44_DATA[31:0]$55 [21], Q = \data[33] [21]).
Adding EN signal on $memory\data[33]$2803 ($dff) from module icache_dm (D = $0$memwr$\data$icache_dm.v:30$44_DATA[31:0]$55 [22], Q = \data[33] [22]).
Adding EN signal on $memory\data[33]$2803 ($dff) from module icache_dm (D = $0$memwr$\data$icache_dm.v:30$44_DATA[31:0]$55 [23], Q = \data[33] [23]).
Adding EN signal on $memory\data[33]$2803 ($dff) from module icache_dm (D = $0$memwr$\data$icache_dm.v:30$44_DATA[31:0]$55 [24], Q = \data[33] [24]).
Adding EN signal on $memory\data[33]$2803 ($dff) from module icache_dm (D = $0$memwr$\data$icache_dm.v:30$44_DATA[31:0]$55 [25], Q = \data[33] [25]).
Adding EN signal on $memory\data[33]$2803 ($dff) from module icache_dm (D = $0$memwr$\data$icache_dm.v:30$44_DATA[31:0]$55 [26], Q = \data[33] [26]).
Adding EN signal on $memory\data[33]$2803 ($dff) from module icache_dm (D = $0$memwr$\data$icache_dm.v:30$44_DATA[31:0]$55 [27], Q = \data[33] [27]).
Adding EN signal on $memory\data[33]$2803 ($dff) from module icache_dm (D = $0$memwr$\data$icache_dm.v:30$44_DATA[31:0]$55 [28], Q = \data[33] [28]).
Adding EN signal on $memory\data[33]$2803 ($dff) from module icache_dm (D = $0$memwr$\data$icache_dm.v:30$44_DATA[31:0]$55 [29], Q = \data[33] [29]).
Adding EN signal on $memory\data[33]$2803 ($dff) from module icache_dm (D = $0$memwr$\data$icache_dm.v:30$44_DATA[31:0]$55 [30], Q = \data[33] [30]).
Adding EN signal on $memory\data[33]$2803 ($dff) from module icache_dm (D = $0$memwr$\data$icache_dm.v:30$44_DATA[31:0]$55 [31], Q = \data[33] [31]).
Adding EN signal on $memory\data[34]$2805 ($dff) from module icache_dm (D = $0$memwr$\data$icache_dm.v:30$44_DATA[31:0]$55 [0], Q = \data[34] [0]).
Adding EN signal on $memory\data[34]$2805 ($dff) from module icache_dm (D = $0$memwr$\data$icache_dm.v:30$44_DATA[31:0]$55 [1], Q = \data[34] [1]).
Adding EN signal on $memory\data[34]$2805 ($dff) from module icache_dm (D = $0$memwr$\data$icache_dm.v:30$44_DATA[31:0]$55 [2], Q = \data[34] [2]).
Adding EN signal on $memory\data[34]$2805 ($dff) from module icache_dm (D = $0$memwr$\data$icache_dm.v:30$44_DATA[31:0]$55 [3], Q = \data[34] [3]).
Adding EN signal on $memory\data[34]$2805 ($dff) from module icache_dm (D = $0$memwr$\data$icache_dm.v:30$44_DATA[31:0]$55 [4], Q = \data[34] [4]).
Adding EN signal on $memory\data[34]$2805 ($dff) from module icache_dm (D = $0$memwr$\data$icache_dm.v:30$44_DATA[31:0]$55 [5], Q = \data[34] [5]).
Adding EN signal on $memory\data[34]$2805 ($dff) from module icache_dm (D = $0$memwr$\data$icache_dm.v:30$44_DATA[31:0]$55 [6], Q = \data[34] [6]).
Adding EN signal on $memory\data[34]$2805 ($dff) from module icache_dm (D = $0$memwr$\data$icache_dm.v:30$44_DATA[31:0]$55 [7], Q = \data[34] [7]).
Adding EN signal on $memory\data[34]$2805 ($dff) from module icache_dm (D = $0$memwr$\data$icache_dm.v:30$44_DATA[31:0]$55 [8], Q = \data[34] [8]).
Adding EN signal on $memory\data[34]$2805 ($dff) from module icache_dm (D = $0$memwr$\data$icache_dm.v:30$44_DATA[31:0]$55 [9], Q = \data[34] [9]).
Adding EN signal on $memory\data[34]$2805 ($dff) from module icache_dm (D = $0$memwr$\data$icache_dm.v:30$44_DATA[31:0]$55 [10], Q = \data[34] [10]).
Adding EN signal on $memory\data[34]$2805 ($dff) from module icache_dm (D = $0$memwr$\data$icache_dm.v:30$44_DATA[31:0]$55 [11], Q = \data[34] [11]).
Adding EN signal on $memory\data[34]$2805 ($dff) from module icache_dm (D = $0$memwr$\data$icache_dm.v:30$44_DATA[31:0]$55 [12], Q = \data[34] [12]).
Adding EN signal on $memory\data[34]$2805 ($dff) from module icache_dm (D = $0$memwr$\data$icache_dm.v:30$44_DATA[31:0]$55 [13], Q = \data[34] [13]).
Adding EN signal on $memory\data[34]$2805 ($dff) from module icache_dm (D = $0$memwr$\data$icache_dm.v:30$44_DATA[31:0]$55 [14], Q = \data[34] [14]).
Adding EN signal on $memory\data[34]$2805 ($dff) from module icache_dm (D = $0$memwr$\data$icache_dm.v:30$44_DATA[31:0]$55 [15], Q = \data[34] [15]).
Adding EN signal on $memory\data[34]$2805 ($dff) from module icache_dm (D = $0$memwr$\data$icache_dm.v:30$44_DATA[31:0]$55 [16], Q = \data[34] [16]).
Adding EN signal on $memory\data[34]$2805 ($dff) from module icache_dm (D = $0$memwr$\data$icache_dm.v:30$44_DATA[31:0]$55 [17], Q = \data[34] [17]).
Adding EN signal on $memory\data[34]$2805 ($dff) from module icache_dm (D = $0$memwr$\data$icache_dm.v:30$44_DATA[31:0]$55 [18], Q = \data[34] [18]).
Adding EN signal on $memory\data[34]$2805 ($dff) from module icache_dm (D = $0$memwr$\data$icache_dm.v:30$44_DATA[31:0]$55 [19], Q = \data[34] [19]).
Adding EN signal on $memory\data[34]$2805 ($dff) from module icache_dm (D = $0$memwr$\data$icache_dm.v:30$44_DATA[31:0]$55 [20], Q = \data[34] [20]).
Adding EN signal on $memory\data[34]$2805 ($dff) from module icache_dm (D = $0$memwr$\data$icache_dm.v:30$44_DATA[31:0]$55 [21], Q = \data[34] [21]).
Adding EN signal on $memory\data[34]$2805 ($dff) from module icache_dm (D = $0$memwr$\data$icache_dm.v:30$44_DATA[31:0]$55 [22], Q = \data[34] [22]).
Adding EN signal on $memory\data[34]$2805 ($dff) from module icache_dm (D = $0$memwr$\data$icache_dm.v:30$44_DATA[31:0]$55 [23], Q = \data[34] [23]).
Adding EN signal on $memory\data[34]$2805 ($dff) from module icache_dm (D = $0$memwr$\data$icache_dm.v:30$44_DATA[31:0]$55 [24], Q = \data[34] [24]).
Adding EN signal on $memory\data[34]$2805 ($dff) from module icache_dm (D = $0$memwr$\data$icache_dm.v:30$44_DATA[31:0]$55 [25], Q = \data[34] [25]).
Adding EN signal on $memory\data[34]$2805 ($dff) from module icache_dm (D = $0$memwr$\data$icache_dm.v:30$44_DATA[31:0]$55 [26], Q = \data[34] [26]).
Adding EN signal on $memory\data[34]$2805 ($dff) from module icache_dm (D = $0$memwr$\data$icache_dm.v:30$44_DATA[31:0]$55 [27], Q = \data[34] [27]).
Adding EN signal on $memory\data[34]$2805 ($dff) from module icache_dm (D = $0$memwr$\data$icache_dm.v:30$44_DATA[31:0]$55 [28], Q = \data[34] [28]).
Adding EN signal on $memory\data[34]$2805 ($dff) from module icache_dm (D = $0$memwr$\data$icache_dm.v:30$44_DATA[31:0]$55 [29], Q = \data[34] [29]).
Adding EN signal on $memory\data[34]$2805 ($dff) from module icache_dm (D = $0$memwr$\data$icache_dm.v:30$44_DATA[31:0]$55 [30], Q = \data[34] [30]).
Adding EN signal on $memory\data[34]$2805 ($dff) from module icache_dm (D = $0$memwr$\data$icache_dm.v:30$44_DATA[31:0]$55 [31], Q = \data[34] [31]).
Adding EN signal on $memory\data[35]$2807 ($dff) from module icache_dm (D = $0$memwr$\data$icache_dm.v:30$44_DATA[31:0]$55 [0], Q = \data[35] [0]).
Adding EN signal on $memory\data[35]$2807 ($dff) from module icache_dm (D = $0$memwr$\data$icache_dm.v:30$44_DATA[31:0]$55 [1], Q = \data[35] [1]).
Adding EN signal on $memory\data[35]$2807 ($dff) from module icache_dm (D = $0$memwr$\data$icache_dm.v:30$44_DATA[31:0]$55 [2], Q = \data[35] [2]).
Adding EN signal on $memory\data[35]$2807 ($dff) from module icache_dm (D = $0$memwr$\data$icache_dm.v:30$44_DATA[31:0]$55 [3], Q = \data[35] [3]).
Adding EN signal on $memory\data[35]$2807 ($dff) from module icache_dm (D = $0$memwr$\data$icache_dm.v:30$44_DATA[31:0]$55 [4], Q = \data[35] [4]).
Adding EN signal on $memory\data[35]$2807 ($dff) from module icache_dm (D = $0$memwr$\data$icache_dm.v:30$44_DATA[31:0]$55 [5], Q = \data[35] [5]).
Adding EN signal on $memory\data[35]$2807 ($dff) from module icache_dm (D = $0$memwr$\data$icache_dm.v:30$44_DATA[31:0]$55 [6], Q = \data[35] [6]).
Adding EN signal on $memory\data[35]$2807 ($dff) from module icache_dm (D = $0$memwr$\data$icache_dm.v:30$44_DATA[31:0]$55 [7], Q = \data[35] [7]).
Adding EN signal on $memory\data[35]$2807 ($dff) from module icache_dm (D = $0$memwr$\data$icache_dm.v:30$44_DATA[31:0]$55 [8], Q = \data[35] [8]).
Adding EN signal on $memory\data[35]$2807 ($dff) from module icache_dm (D = $0$memwr$\data$icache_dm.v:30$44_DATA[31:0]$55 [9], Q = \data[35] [9]).
Adding EN signal on $memory\data[35]$2807 ($dff) from module icache_dm (D = $0$memwr$\data$icache_dm.v:30$44_DATA[31:0]$55 [10], Q = \data[35] [10]).
Adding EN signal on $memory\data[35]$2807 ($dff) from module icache_dm (D = $0$memwr$\data$icache_dm.v:30$44_DATA[31:0]$55 [11], Q = \data[35] [11]).
Adding EN signal on $memory\data[35]$2807 ($dff) from module icache_dm (D = $0$memwr$\data$icache_dm.v:30$44_DATA[31:0]$55 [12], Q = \data[35] [12]).
Adding EN signal on $memory\data[35]$2807 ($dff) from module icache_dm (D = $0$memwr$\data$icache_dm.v:30$44_DATA[31:0]$55 [13], Q = \data[35] [13]).
Adding EN signal on $memory\data[35]$2807 ($dff) from module icache_dm (D = $0$memwr$\data$icache_dm.v:30$44_DATA[31:0]$55 [14], Q = \data[35] [14]).
Adding EN signal on $memory\data[35]$2807 ($dff) from module icache_dm (D = $0$memwr$\data$icache_dm.v:30$44_DATA[31:0]$55 [15], Q = \data[35] [15]).
Adding EN signal on $memory\data[35]$2807 ($dff) from module icache_dm (D = $0$memwr$\data$icache_dm.v:30$44_DATA[31:0]$55 [16], Q = \data[35] [16]).
Adding EN signal on $memory\data[35]$2807 ($dff) from module icache_dm (D = $0$memwr$\data$icache_dm.v:30$44_DATA[31:0]$55 [17], Q = \data[35] [17]).
Adding EN signal on $memory\data[35]$2807 ($dff) from module icache_dm (D = $0$memwr$\data$icache_dm.v:30$44_DATA[31:0]$55 [18], Q = \data[35] [18]).
Adding EN signal on $memory\data[35]$2807 ($dff) from module icache_dm (D = $0$memwr$\data$icache_dm.v:30$44_DATA[31:0]$55 [19], Q = \data[35] [19]).
Adding EN signal on $memory\data[35]$2807 ($dff) from module icache_dm (D = $0$memwr$\data$icache_dm.v:30$44_DATA[31:0]$55 [20], Q = \data[35] [20]).
Adding EN signal on $memory\data[35]$2807 ($dff) from module icache_dm (D = $0$memwr$\data$icache_dm.v:30$44_DATA[31:0]$55 [21], Q = \data[35] [21]).
Adding EN signal on $memory\data[35]$2807 ($dff) from module icache_dm (D = $0$memwr$\data$icache_dm.v:30$44_DATA[31:0]$55 [22], Q = \data[35] [22]).
Adding EN signal on $memory\data[35]$2807 ($dff) from module icache_dm (D = $0$memwr$\data$icache_dm.v:30$44_DATA[31:0]$55 [23], Q = \data[35] [23]).
Adding EN signal on $memory\data[35]$2807 ($dff) from module icache_dm (D = $0$memwr$\data$icache_dm.v:30$44_DATA[31:0]$55 [24], Q = \data[35] [24]).
Adding EN signal on $memory\data[35]$2807 ($dff) from module icache_dm (D = $0$memwr$\data$icache_dm.v:30$44_DATA[31:0]$55 [25], Q = \data[35] [25]).
Adding EN signal on $memory\data[35]$2807 ($dff) from module icache_dm (D = $0$memwr$\data$icache_dm.v:30$44_DATA[31:0]$55 [26], Q = \data[35] [26]).
Adding EN signal on $memory\data[35]$2807 ($dff) from module icache_dm (D = $0$memwr$\data$icache_dm.v:30$44_DATA[31:0]$55 [27], Q = \data[35] [27]).
Adding EN signal on $memory\data[35]$2807 ($dff) from module icache_dm (D = $0$memwr$\data$icache_dm.v:30$44_DATA[31:0]$55 [28], Q = \data[35] [28]).
Adding EN signal on $memory\data[35]$2807 ($dff) from module icache_dm (D = $0$memwr$\data$icache_dm.v:30$44_DATA[31:0]$55 [29], Q = \data[35] [29]).
Adding EN signal on $memory\data[35]$2807 ($dff) from module icache_dm (D = $0$memwr$\data$icache_dm.v:30$44_DATA[31:0]$55 [30], Q = \data[35] [30]).
Adding EN signal on $memory\data[35]$2807 ($dff) from module icache_dm (D = $0$memwr$\data$icache_dm.v:30$44_DATA[31:0]$55 [31], Q = \data[35] [31]).
Adding EN signal on $memory\data[36]$2809 ($dff) from module icache_dm (D = $0$memwr$\data$icache_dm.v:30$44_DATA[31:0]$55 [0], Q = \data[36] [0]).
Adding EN signal on $memory\data[36]$2809 ($dff) from module icache_dm (D = $0$memwr$\data$icache_dm.v:30$44_DATA[31:0]$55 [1], Q = \data[36] [1]).
Adding EN signal on $memory\data[36]$2809 ($dff) from module icache_dm (D = $0$memwr$\data$icache_dm.v:30$44_DATA[31:0]$55 [2], Q = \data[36] [2]).
Adding EN signal on $memory\data[36]$2809 ($dff) from module icache_dm (D = $0$memwr$\data$icache_dm.v:30$44_DATA[31:0]$55 [3], Q = \data[36] [3]).
Adding EN signal on $memory\data[36]$2809 ($dff) from module icache_dm (D = $0$memwr$\data$icache_dm.v:30$44_DATA[31:0]$55 [4], Q = \data[36] [4]).
Adding EN signal on $memory\data[36]$2809 ($dff) from module icache_dm (D = $0$memwr$\data$icache_dm.v:30$44_DATA[31:0]$55 [5], Q = \data[36] [5]).
Adding EN signal on $memory\data[36]$2809 ($dff) from module icache_dm (D = $0$memwr$\data$icache_dm.v:30$44_DATA[31:0]$55 [6], Q = \data[36] [6]).
Adding EN signal on $memory\data[36]$2809 ($dff) from module icache_dm (D = $0$memwr$\data$icache_dm.v:30$44_DATA[31:0]$55 [7], Q = \data[36] [7]).
Adding EN signal on $memory\data[36]$2809 ($dff) from module icache_dm (D = $0$memwr$\data$icache_dm.v:30$44_DATA[31:0]$55 [8], Q = \data[36] [8]).
Adding EN signal on $memory\data[36]$2809 ($dff) from module icache_dm (D = $0$memwr$\data$icache_dm.v:30$44_DATA[31:0]$55 [9], Q = \data[36] [9]).
Adding EN signal on $memory\data[36]$2809 ($dff) from module icache_dm (D = $0$memwr$\data$icache_dm.v:30$44_DATA[31:0]$55 [10], Q = \data[36] [10]).
Adding EN signal on $memory\data[36]$2809 ($dff) from module icache_dm (D = $0$memwr$\data$icache_dm.v:30$44_DATA[31:0]$55 [11], Q = \data[36] [11]).
Adding EN signal on $memory\data[36]$2809 ($dff) from module icache_dm (D = $0$memwr$\data$icache_dm.v:30$44_DATA[31:0]$55 [12], Q = \data[36] [12]).
Adding EN signal on $memory\data[36]$2809 ($dff) from module icache_dm (D = $0$memwr$\data$icache_dm.v:30$44_DATA[31:0]$55 [13], Q = \data[36] [13]).
Adding EN signal on $memory\data[36]$2809 ($dff) from module icache_dm (D = $0$memwr$\data$icache_dm.v:30$44_DATA[31:0]$55 [14], Q = \data[36] [14]).
Adding EN signal on $memory\data[36]$2809 ($dff) from module icache_dm (D = $0$memwr$\data$icache_dm.v:30$44_DATA[31:0]$55 [15], Q = \data[36] [15]).
Adding EN signal on $memory\data[36]$2809 ($dff) from module icache_dm (D = $0$memwr$\data$icache_dm.v:30$44_DATA[31:0]$55 [16], Q = \data[36] [16]).
Adding EN signal on $memory\data[36]$2809 ($dff) from module icache_dm (D = $0$memwr$\data$icache_dm.v:30$44_DATA[31:0]$55 [17], Q = \data[36] [17]).
Adding EN signal on $memory\data[36]$2809 ($dff) from module icache_dm (D = $0$memwr$\data$icache_dm.v:30$44_DATA[31:0]$55 [18], Q = \data[36] [18]).
Adding EN signal on $memory\data[36]$2809 ($dff) from module icache_dm (D = $0$memwr$\data$icache_dm.v:30$44_DATA[31:0]$55 [19], Q = \data[36] [19]).
Adding EN signal on $memory\data[36]$2809 ($dff) from module icache_dm (D = $0$memwr$\data$icache_dm.v:30$44_DATA[31:0]$55 [20], Q = \data[36] [20]).
Adding EN signal on $memory\data[36]$2809 ($dff) from module icache_dm (D = $0$memwr$\data$icache_dm.v:30$44_DATA[31:0]$55 [21], Q = \data[36] [21]).
Adding EN signal on $memory\data[36]$2809 ($dff) from module icache_dm (D = $0$memwr$\data$icache_dm.v:30$44_DATA[31:0]$55 [22], Q = \data[36] [22]).
Adding EN signal on $memory\data[36]$2809 ($dff) from module icache_dm (D = $0$memwr$\data$icache_dm.v:30$44_DATA[31:0]$55 [23], Q = \data[36] [23]).
Adding EN signal on $memory\data[36]$2809 ($dff) from module icache_dm (D = $0$memwr$\data$icache_dm.v:30$44_DATA[31:0]$55 [24], Q = \data[36] [24]).
Adding EN signal on $memory\data[36]$2809 ($dff) from module icache_dm (D = $0$memwr$\data$icache_dm.v:30$44_DATA[31:0]$55 [25], Q = \data[36] [25]).
Adding EN signal on $memory\data[36]$2809 ($dff) from module icache_dm (D = $0$memwr$\data$icache_dm.v:30$44_DATA[31:0]$55 [26], Q = \data[36] [26]).
Adding EN signal on $memory\data[36]$2809 ($dff) from module icache_dm (D = $0$memwr$\data$icache_dm.v:30$44_DATA[31:0]$55 [27], Q = \data[36] [27]).
Adding EN signal on $memory\data[36]$2809 ($dff) from module icache_dm (D = $0$memwr$\data$icache_dm.v:30$44_DATA[31:0]$55 [28], Q = \data[36] [28]).
Adding EN signal on $memory\data[36]$2809 ($dff) from module icache_dm (D = $0$memwr$\data$icache_dm.v:30$44_DATA[31:0]$55 [29], Q = \data[36] [29]).
Adding EN signal on $memory\data[36]$2809 ($dff) from module icache_dm (D = $0$memwr$\data$icache_dm.v:30$44_DATA[31:0]$55 [30], Q = \data[36] [30]).
Adding EN signal on $memory\data[36]$2809 ($dff) from module icache_dm (D = $0$memwr$\data$icache_dm.v:30$44_DATA[31:0]$55 [31], Q = \data[36] [31]).
Adding EN signal on $memory\data[37]$2811 ($dff) from module icache_dm (D = $0$memwr$\data$icache_dm.v:30$44_DATA[31:0]$55 [0], Q = \data[37] [0]).
Adding EN signal on $memory\data[37]$2811 ($dff) from module icache_dm (D = $0$memwr$\data$icache_dm.v:30$44_DATA[31:0]$55 [1], Q = \data[37] [1]).
Adding EN signal on $memory\data[37]$2811 ($dff) from module icache_dm (D = $0$memwr$\data$icache_dm.v:30$44_DATA[31:0]$55 [2], Q = \data[37] [2]).
Adding EN signal on $memory\data[37]$2811 ($dff) from module icache_dm (D = $0$memwr$\data$icache_dm.v:30$44_DATA[31:0]$55 [3], Q = \data[37] [3]).
Adding EN signal on $memory\data[37]$2811 ($dff) from module icache_dm (D = $0$memwr$\data$icache_dm.v:30$44_DATA[31:0]$55 [4], Q = \data[37] [4]).
Adding EN signal on $memory\data[37]$2811 ($dff) from module icache_dm (D = $0$memwr$\data$icache_dm.v:30$44_DATA[31:0]$55 [5], Q = \data[37] [5]).
Adding EN signal on $memory\data[37]$2811 ($dff) from module icache_dm (D = $0$memwr$\data$icache_dm.v:30$44_DATA[31:0]$55 [6], Q = \data[37] [6]).
Adding EN signal on $memory\data[37]$2811 ($dff) from module icache_dm (D = $0$memwr$\data$icache_dm.v:30$44_DATA[31:0]$55 [7], Q = \data[37] [7]).
Adding EN signal on $memory\data[37]$2811 ($dff) from module icache_dm (D = $0$memwr$\data$icache_dm.v:30$44_DATA[31:0]$55 [8], Q = \data[37] [8]).
Adding EN signal on $memory\data[37]$2811 ($dff) from module icache_dm (D = $0$memwr$\data$icache_dm.v:30$44_DATA[31:0]$55 [9], Q = \data[37] [9]).
Adding EN signal on $memory\data[37]$2811 ($dff) from module icache_dm (D = $0$memwr$\data$icache_dm.v:30$44_DATA[31:0]$55 [10], Q = \data[37] [10]).
Adding EN signal on $memory\data[37]$2811 ($dff) from module icache_dm (D = $0$memwr$\data$icache_dm.v:30$44_DATA[31:0]$55 [11], Q = \data[37] [11]).
Adding EN signal on $memory\data[37]$2811 ($dff) from module icache_dm (D = $0$memwr$\data$icache_dm.v:30$44_DATA[31:0]$55 [12], Q = \data[37] [12]).
Adding EN signal on $memory\data[37]$2811 ($dff) from module icache_dm (D = $0$memwr$\data$icache_dm.v:30$44_DATA[31:0]$55 [13], Q = \data[37] [13]).
Adding EN signal on $memory\data[37]$2811 ($dff) from module icache_dm (D = $0$memwr$\data$icache_dm.v:30$44_DATA[31:0]$55 [14], Q = \data[37] [14]).
Adding EN signal on $memory\data[37]$2811 ($dff) from module icache_dm (D = $0$memwr$\data$icache_dm.v:30$44_DATA[31:0]$55 [15], Q = \data[37] [15]).
Adding EN signal on $memory\data[37]$2811 ($dff) from module icache_dm (D = $0$memwr$\data$icache_dm.v:30$44_DATA[31:0]$55 [16], Q = \data[37] [16]).
Adding EN signal on $memory\data[37]$2811 ($dff) from module icache_dm (D = $0$memwr$\data$icache_dm.v:30$44_DATA[31:0]$55 [17], Q = \data[37] [17]).
Adding EN signal on $memory\data[37]$2811 ($dff) from module icache_dm (D = $0$memwr$\data$icache_dm.v:30$44_DATA[31:0]$55 [18], Q = \data[37] [18]).
Adding EN signal on $memory\data[37]$2811 ($dff) from module icache_dm (D = $0$memwr$\data$icache_dm.v:30$44_DATA[31:0]$55 [19], Q = \data[37] [19]).
Adding EN signal on $memory\data[37]$2811 ($dff) from module icache_dm (D = $0$memwr$\data$icache_dm.v:30$44_DATA[31:0]$55 [20], Q = \data[37] [20]).
Adding EN signal on $memory\data[37]$2811 ($dff) from module icache_dm (D = $0$memwr$\data$icache_dm.v:30$44_DATA[31:0]$55 [21], Q = \data[37] [21]).
Adding EN signal on $memory\data[37]$2811 ($dff) from module icache_dm (D = $0$memwr$\data$icache_dm.v:30$44_DATA[31:0]$55 [22], Q = \data[37] [22]).
Adding EN signal on $memory\data[37]$2811 ($dff) from module icache_dm (D = $0$memwr$\data$icache_dm.v:30$44_DATA[31:0]$55 [23], Q = \data[37] [23]).
Adding EN signal on $memory\data[37]$2811 ($dff) from module icache_dm (D = $0$memwr$\data$icache_dm.v:30$44_DATA[31:0]$55 [24], Q = \data[37] [24]).
Adding EN signal on $memory\data[37]$2811 ($dff) from module icache_dm (D = $0$memwr$\data$icache_dm.v:30$44_DATA[31:0]$55 [25], Q = \data[37] [25]).
Adding EN signal on $memory\data[37]$2811 ($dff) from module icache_dm (D = $0$memwr$\data$icache_dm.v:30$44_DATA[31:0]$55 [26], Q = \data[37] [26]).
Adding EN signal on $memory\data[37]$2811 ($dff) from module icache_dm (D = $0$memwr$\data$icache_dm.v:30$44_DATA[31:0]$55 [27], Q = \data[37] [27]).
Adding EN signal on $memory\data[37]$2811 ($dff) from module icache_dm (D = $0$memwr$\data$icache_dm.v:30$44_DATA[31:0]$55 [28], Q = \data[37] [28]).
Adding EN signal on $memory\data[37]$2811 ($dff) from module icache_dm (D = $0$memwr$\data$icache_dm.v:30$44_DATA[31:0]$55 [29], Q = \data[37] [29]).
Adding EN signal on $memory\data[37]$2811 ($dff) from module icache_dm (D = $0$memwr$\data$icache_dm.v:30$44_DATA[31:0]$55 [30], Q = \data[37] [30]).
Adding EN signal on $memory\data[37]$2811 ($dff) from module icache_dm (D = $0$memwr$\data$icache_dm.v:30$44_DATA[31:0]$55 [31], Q = \data[37] [31]).
Adding EN signal on $memory\data[38]$2813 ($dff) from module icache_dm (D = $0$memwr$\data$icache_dm.v:30$44_DATA[31:0]$55 [0], Q = \data[38] [0]).
Adding EN signal on $memory\data[38]$2813 ($dff) from module icache_dm (D = $0$memwr$\data$icache_dm.v:30$44_DATA[31:0]$55 [1], Q = \data[38] [1]).
Adding EN signal on $memory\data[38]$2813 ($dff) from module icache_dm (D = $0$memwr$\data$icache_dm.v:30$44_DATA[31:0]$55 [2], Q = \data[38] [2]).
Adding EN signal on $memory\data[38]$2813 ($dff) from module icache_dm (D = $0$memwr$\data$icache_dm.v:30$44_DATA[31:0]$55 [3], Q = \data[38] [3]).
Adding EN signal on $memory\data[38]$2813 ($dff) from module icache_dm (D = $0$memwr$\data$icache_dm.v:30$44_DATA[31:0]$55 [4], Q = \data[38] [4]).
Adding EN signal on $memory\data[38]$2813 ($dff) from module icache_dm (D = $0$memwr$\data$icache_dm.v:30$44_DATA[31:0]$55 [5], Q = \data[38] [5]).
Adding EN signal on $memory\data[38]$2813 ($dff) from module icache_dm (D = $0$memwr$\data$icache_dm.v:30$44_DATA[31:0]$55 [6], Q = \data[38] [6]).
Adding EN signal on $memory\data[38]$2813 ($dff) from module icache_dm (D = $0$memwr$\data$icache_dm.v:30$44_DATA[31:0]$55 [7], Q = \data[38] [7]).
Adding EN signal on $memory\data[38]$2813 ($dff) from module icache_dm (D = $0$memwr$\data$icache_dm.v:30$44_DATA[31:0]$55 [8], Q = \data[38] [8]).
Adding EN signal on $memory\data[38]$2813 ($dff) from module icache_dm (D = $0$memwr$\data$icache_dm.v:30$44_DATA[31:0]$55 [9], Q = \data[38] [9]).
Adding EN signal on $memory\data[38]$2813 ($dff) from module icache_dm (D = $0$memwr$\data$icache_dm.v:30$44_DATA[31:0]$55 [10], Q = \data[38] [10]).
Adding EN signal on $memory\data[38]$2813 ($dff) from module icache_dm (D = $0$memwr$\data$icache_dm.v:30$44_DATA[31:0]$55 [11], Q = \data[38] [11]).
Adding EN signal on $memory\data[38]$2813 ($dff) from module icache_dm (D = $0$memwr$\data$icache_dm.v:30$44_DATA[31:0]$55 [12], Q = \data[38] [12]).
Adding EN signal on $memory\data[38]$2813 ($dff) from module icache_dm (D = $0$memwr$\data$icache_dm.v:30$44_DATA[31:0]$55 [13], Q = \data[38] [13]).
Adding EN signal on $memory\data[38]$2813 ($dff) from module icache_dm (D = $0$memwr$\data$icache_dm.v:30$44_DATA[31:0]$55 [14], Q = \data[38] [14]).
Adding EN signal on $memory\data[38]$2813 ($dff) from module icache_dm (D = $0$memwr$\data$icache_dm.v:30$44_DATA[31:0]$55 [15], Q = \data[38] [15]).
Adding EN signal on $memory\data[38]$2813 ($dff) from module icache_dm (D = $0$memwr$\data$icache_dm.v:30$44_DATA[31:0]$55 [16], Q = \data[38] [16]).
Adding EN signal on $memory\data[38]$2813 ($dff) from module icache_dm (D = $0$memwr$\data$icache_dm.v:30$44_DATA[31:0]$55 [17], Q = \data[38] [17]).
Adding EN signal on $memory\data[38]$2813 ($dff) from module icache_dm (D = $0$memwr$\data$icache_dm.v:30$44_DATA[31:0]$55 [18], Q = \data[38] [18]).
Adding EN signal on $memory\data[38]$2813 ($dff) from module icache_dm (D = $0$memwr$\data$icache_dm.v:30$44_DATA[31:0]$55 [19], Q = \data[38] [19]).
Adding EN signal on $memory\data[38]$2813 ($dff) from module icache_dm (D = $0$memwr$\data$icache_dm.v:30$44_DATA[31:0]$55 [20], Q = \data[38] [20]).
Adding EN signal on $memory\data[38]$2813 ($dff) from module icache_dm (D = $0$memwr$\data$icache_dm.v:30$44_DATA[31:0]$55 [21], Q = \data[38] [21]).
Adding EN signal on $memory\data[38]$2813 ($dff) from module icache_dm (D = $0$memwr$\data$icache_dm.v:30$44_DATA[31:0]$55 [22], Q = \data[38] [22]).
Adding EN signal on $memory\data[38]$2813 ($dff) from module icache_dm (D = $0$memwr$\data$icache_dm.v:30$44_DATA[31:0]$55 [23], Q = \data[38] [23]).
Adding EN signal on $memory\data[38]$2813 ($dff) from module icache_dm (D = $0$memwr$\data$icache_dm.v:30$44_DATA[31:0]$55 [24], Q = \data[38] [24]).
Adding EN signal on $memory\data[38]$2813 ($dff) from module icache_dm (D = $0$memwr$\data$icache_dm.v:30$44_DATA[31:0]$55 [25], Q = \data[38] [25]).
Adding EN signal on $memory\data[38]$2813 ($dff) from module icache_dm (D = $0$memwr$\data$icache_dm.v:30$44_DATA[31:0]$55 [26], Q = \data[38] [26]).
Adding EN signal on $memory\data[38]$2813 ($dff) from module icache_dm (D = $0$memwr$\data$icache_dm.v:30$44_DATA[31:0]$55 [27], Q = \data[38] [27]).
Adding EN signal on $memory\data[38]$2813 ($dff) from module icache_dm (D = $0$memwr$\data$icache_dm.v:30$44_DATA[31:0]$55 [28], Q = \data[38] [28]).
Adding EN signal on $memory\data[38]$2813 ($dff) from module icache_dm (D = $0$memwr$\data$icache_dm.v:30$44_DATA[31:0]$55 [29], Q = \data[38] [29]).
Adding EN signal on $memory\data[38]$2813 ($dff) from module icache_dm (D = $0$memwr$\data$icache_dm.v:30$44_DATA[31:0]$55 [30], Q = \data[38] [30]).
Adding EN signal on $memory\data[38]$2813 ($dff) from module icache_dm (D = $0$memwr$\data$icache_dm.v:30$44_DATA[31:0]$55 [31], Q = \data[38] [31]).
Adding EN signal on $memory\data[39]$2815 ($dff) from module icache_dm (D = $0$memwr$\data$icache_dm.v:30$44_DATA[31:0]$55 [0], Q = \data[39] [0]).
Adding EN signal on $memory\data[39]$2815 ($dff) from module icache_dm (D = $0$memwr$\data$icache_dm.v:30$44_DATA[31:0]$55 [1], Q = \data[39] [1]).
Adding EN signal on $memory\data[39]$2815 ($dff) from module icache_dm (D = $0$memwr$\data$icache_dm.v:30$44_DATA[31:0]$55 [2], Q = \data[39] [2]).
Adding EN signal on $memory\data[39]$2815 ($dff) from module icache_dm (D = $0$memwr$\data$icache_dm.v:30$44_DATA[31:0]$55 [3], Q = \data[39] [3]).
Adding EN signal on $memory\data[39]$2815 ($dff) from module icache_dm (D = $0$memwr$\data$icache_dm.v:30$44_DATA[31:0]$55 [4], Q = \data[39] [4]).
Adding EN signal on $memory\data[39]$2815 ($dff) from module icache_dm (D = $0$memwr$\data$icache_dm.v:30$44_DATA[31:0]$55 [5], Q = \data[39] [5]).
Adding EN signal on $memory\data[39]$2815 ($dff) from module icache_dm (D = $0$memwr$\data$icache_dm.v:30$44_DATA[31:0]$55 [6], Q = \data[39] [6]).
Adding EN signal on $memory\data[39]$2815 ($dff) from module icache_dm (D = $0$memwr$\data$icache_dm.v:30$44_DATA[31:0]$55 [7], Q = \data[39] [7]).
Adding EN signal on $memory\data[39]$2815 ($dff) from module icache_dm (D = $0$memwr$\data$icache_dm.v:30$44_DATA[31:0]$55 [8], Q = \data[39] [8]).
Adding EN signal on $memory\data[39]$2815 ($dff) from module icache_dm (D = $0$memwr$\data$icache_dm.v:30$44_DATA[31:0]$55 [9], Q = \data[39] [9]).
Adding EN signal on $memory\data[39]$2815 ($dff) from module icache_dm (D = $0$memwr$\data$icache_dm.v:30$44_DATA[31:0]$55 [10], Q = \data[39] [10]).
Adding EN signal on $memory\data[39]$2815 ($dff) from module icache_dm (D = $0$memwr$\data$icache_dm.v:30$44_DATA[31:0]$55 [11], Q = \data[39] [11]).
Adding EN signal on $memory\data[39]$2815 ($dff) from module icache_dm (D = $0$memwr$\data$icache_dm.v:30$44_DATA[31:0]$55 [12], Q = \data[39] [12]).
Adding EN signal on $memory\data[39]$2815 ($dff) from module icache_dm (D = $0$memwr$\data$icache_dm.v:30$44_DATA[31:0]$55 [13], Q = \data[39] [13]).
Adding EN signal on $memory\data[39]$2815 ($dff) from module icache_dm (D = $0$memwr$\data$icache_dm.v:30$44_DATA[31:0]$55 [14], Q = \data[39] [14]).
Adding EN signal on $memory\data[39]$2815 ($dff) from module icache_dm (D = $0$memwr$\data$icache_dm.v:30$44_DATA[31:0]$55 [15], Q = \data[39] [15]).
Adding EN signal on $memory\data[39]$2815 ($dff) from module icache_dm (D = $0$memwr$\data$icache_dm.v:30$44_DATA[31:0]$55 [16], Q = \data[39] [16]).
Adding EN signal on $memory\data[39]$2815 ($dff) from module icache_dm (D = $0$memwr$\data$icache_dm.v:30$44_DATA[31:0]$55 [17], Q = \data[39] [17]).
Adding EN signal on $memory\data[39]$2815 ($dff) from module icache_dm (D = $0$memwr$\data$icache_dm.v:30$44_DATA[31:0]$55 [18], Q = \data[39] [18]).
Adding EN signal on $memory\data[39]$2815 ($dff) from module icache_dm (D = $0$memwr$\data$icache_dm.v:30$44_DATA[31:0]$55 [19], Q = \data[39] [19]).
Adding EN signal on $memory\data[39]$2815 ($dff) from module icache_dm (D = $0$memwr$\data$icache_dm.v:30$44_DATA[31:0]$55 [20], Q = \data[39] [20]).
Adding EN signal on $memory\data[39]$2815 ($dff) from module icache_dm (D = $0$memwr$\data$icache_dm.v:30$44_DATA[31:0]$55 [21], Q = \data[39] [21]).
Adding EN signal on $memory\data[39]$2815 ($dff) from module icache_dm (D = $0$memwr$\data$icache_dm.v:30$44_DATA[31:0]$55 [22], Q = \data[39] [22]).
Adding EN signal on $memory\data[39]$2815 ($dff) from module icache_dm (D = $0$memwr$\data$icache_dm.v:30$44_DATA[31:0]$55 [23], Q = \data[39] [23]).
Adding EN signal on $memory\data[39]$2815 ($dff) from module icache_dm (D = $0$memwr$\data$icache_dm.v:30$44_DATA[31:0]$55 [24], Q = \data[39] [24]).
Adding EN signal on $memory\data[39]$2815 ($dff) from module icache_dm (D = $0$memwr$\data$icache_dm.v:30$44_DATA[31:0]$55 [25], Q = \data[39] [25]).
Adding EN signal on $memory\data[39]$2815 ($dff) from module icache_dm (D = $0$memwr$\data$icache_dm.v:30$44_DATA[31:0]$55 [26], Q = \data[39] [26]).
Adding EN signal on $memory\data[39]$2815 ($dff) from module icache_dm (D = $0$memwr$\data$icache_dm.v:30$44_DATA[31:0]$55 [27], Q = \data[39] [27]).
Adding EN signal on $memory\data[39]$2815 ($dff) from module icache_dm (D = $0$memwr$\data$icache_dm.v:30$44_DATA[31:0]$55 [28], Q = \data[39] [28]).
Adding EN signal on $memory\data[39]$2815 ($dff) from module icache_dm (D = $0$memwr$\data$icache_dm.v:30$44_DATA[31:0]$55 [29], Q = \data[39] [29]).
Adding EN signal on $memory\data[39]$2815 ($dff) from module icache_dm (D = $0$memwr$\data$icache_dm.v:30$44_DATA[31:0]$55 [30], Q = \data[39] [30]).
Adding EN signal on $memory\data[39]$2815 ($dff) from module icache_dm (D = $0$memwr$\data$icache_dm.v:30$44_DATA[31:0]$55 [31], Q = \data[39] [31]).
Adding EN signal on $memory\data[40]$2817 ($dff) from module icache_dm (D = $0$memwr$\data$icache_dm.v:30$44_DATA[31:0]$55 [0], Q = \data[40] [0]).
Adding EN signal on $memory\data[40]$2817 ($dff) from module icache_dm (D = $0$memwr$\data$icache_dm.v:30$44_DATA[31:0]$55 [1], Q = \data[40] [1]).
Adding EN signal on $memory\data[40]$2817 ($dff) from module icache_dm (D = $0$memwr$\data$icache_dm.v:30$44_DATA[31:0]$55 [2], Q = \data[40] [2]).
Adding EN signal on $memory\data[40]$2817 ($dff) from module icache_dm (D = $0$memwr$\data$icache_dm.v:30$44_DATA[31:0]$55 [3], Q = \data[40] [3]).
Adding EN signal on $memory\data[40]$2817 ($dff) from module icache_dm (D = $0$memwr$\data$icache_dm.v:30$44_DATA[31:0]$55 [4], Q = \data[40] [4]).
Adding EN signal on $memory\data[40]$2817 ($dff) from module icache_dm (D = $0$memwr$\data$icache_dm.v:30$44_DATA[31:0]$55 [5], Q = \data[40] [5]).
Adding EN signal on $memory\data[40]$2817 ($dff) from module icache_dm (D = $0$memwr$\data$icache_dm.v:30$44_DATA[31:0]$55 [6], Q = \data[40] [6]).
Adding EN signal on $memory\data[40]$2817 ($dff) from module icache_dm (D = $0$memwr$\data$icache_dm.v:30$44_DATA[31:0]$55 [7], Q = \data[40] [7]).
Adding EN signal on $memory\data[40]$2817 ($dff) from module icache_dm (D = $0$memwr$\data$icache_dm.v:30$44_DATA[31:0]$55 [8], Q = \data[40] [8]).
Adding EN signal on $memory\data[40]$2817 ($dff) from module icache_dm (D = $0$memwr$\data$icache_dm.v:30$44_DATA[31:0]$55 [9], Q = \data[40] [9]).
Adding EN signal on $memory\data[40]$2817 ($dff) from module icache_dm (D = $0$memwr$\data$icache_dm.v:30$44_DATA[31:0]$55 [10], Q = \data[40] [10]).
Adding EN signal on $memory\data[40]$2817 ($dff) from module icache_dm (D = $0$memwr$\data$icache_dm.v:30$44_DATA[31:0]$55 [11], Q = \data[40] [11]).
Adding EN signal on $memory\data[40]$2817 ($dff) from module icache_dm (D = $0$memwr$\data$icache_dm.v:30$44_DATA[31:0]$55 [12], Q = \data[40] [12]).
Adding EN signal on $memory\data[40]$2817 ($dff) from module icache_dm (D = $0$memwr$\data$icache_dm.v:30$44_DATA[31:0]$55 [13], Q = \data[40] [13]).
Adding EN signal on $memory\data[40]$2817 ($dff) from module icache_dm (D = $0$memwr$\data$icache_dm.v:30$44_DATA[31:0]$55 [14], Q = \data[40] [14]).
Adding EN signal on $memory\data[40]$2817 ($dff) from module icache_dm (D = $0$memwr$\data$icache_dm.v:30$44_DATA[31:0]$55 [15], Q = \data[40] [15]).
Adding EN signal on $memory\data[40]$2817 ($dff) from module icache_dm (D = $0$memwr$\data$icache_dm.v:30$44_DATA[31:0]$55 [16], Q = \data[40] [16]).
Adding EN signal on $memory\data[40]$2817 ($dff) from module icache_dm (D = $0$memwr$\data$icache_dm.v:30$44_DATA[31:0]$55 [17], Q = \data[40] [17]).
Adding EN signal on $memory\data[40]$2817 ($dff) from module icache_dm (D = $0$memwr$\data$icache_dm.v:30$44_DATA[31:0]$55 [18], Q = \data[40] [18]).
Adding EN signal on $memory\data[40]$2817 ($dff) from module icache_dm (D = $0$memwr$\data$icache_dm.v:30$44_DATA[31:0]$55 [19], Q = \data[40] [19]).
Adding EN signal on $memory\data[40]$2817 ($dff) from module icache_dm (D = $0$memwr$\data$icache_dm.v:30$44_DATA[31:0]$55 [20], Q = \data[40] [20]).
Adding EN signal on $memory\data[40]$2817 ($dff) from module icache_dm (D = $0$memwr$\data$icache_dm.v:30$44_DATA[31:0]$55 [21], Q = \data[40] [21]).
Adding EN signal on $memory\data[40]$2817 ($dff) from module icache_dm (D = $0$memwr$\data$icache_dm.v:30$44_DATA[31:0]$55 [22], Q = \data[40] [22]).
Adding EN signal on $memory\data[40]$2817 ($dff) from module icache_dm (D = $0$memwr$\data$icache_dm.v:30$44_DATA[31:0]$55 [23], Q = \data[40] [23]).
Adding EN signal on $memory\data[40]$2817 ($dff) from module icache_dm (D = $0$memwr$\data$icache_dm.v:30$44_DATA[31:0]$55 [24], Q = \data[40] [24]).
Adding EN signal on $memory\data[40]$2817 ($dff) from module icache_dm (D = $0$memwr$\data$icache_dm.v:30$44_DATA[31:0]$55 [25], Q = \data[40] [25]).
Adding EN signal on $memory\data[40]$2817 ($dff) from module icache_dm (D = $0$memwr$\data$icache_dm.v:30$44_DATA[31:0]$55 [26], Q = \data[40] [26]).
Adding EN signal on $memory\data[40]$2817 ($dff) from module icache_dm (D = $0$memwr$\data$icache_dm.v:30$44_DATA[31:0]$55 [27], Q = \data[40] [27]).
Adding EN signal on $memory\data[40]$2817 ($dff) from module icache_dm (D = $0$memwr$\data$icache_dm.v:30$44_DATA[31:0]$55 [28], Q = \data[40] [28]).
Adding EN signal on $memory\data[40]$2817 ($dff) from module icache_dm (D = $0$memwr$\data$icache_dm.v:30$44_DATA[31:0]$55 [29], Q = \data[40] [29]).
Adding EN signal on $memory\data[40]$2817 ($dff) from module icache_dm (D = $0$memwr$\data$icache_dm.v:30$44_DATA[31:0]$55 [30], Q = \data[40] [30]).
Adding EN signal on $memory\data[40]$2817 ($dff) from module icache_dm (D = $0$memwr$\data$icache_dm.v:30$44_DATA[31:0]$55 [31], Q = \data[40] [31]).
Adding EN signal on $memory\data[41]$2819 ($dff) from module icache_dm (D = $0$memwr$\data$icache_dm.v:30$44_DATA[31:0]$55 [0], Q = \data[41] [0]).
Adding EN signal on $memory\data[41]$2819 ($dff) from module icache_dm (D = $0$memwr$\data$icache_dm.v:30$44_DATA[31:0]$55 [1], Q = \data[41] [1]).
Adding EN signal on $memory\data[41]$2819 ($dff) from module icache_dm (D = $0$memwr$\data$icache_dm.v:30$44_DATA[31:0]$55 [2], Q = \data[41] [2]).
Adding EN signal on $memory\data[41]$2819 ($dff) from module icache_dm (D = $0$memwr$\data$icache_dm.v:30$44_DATA[31:0]$55 [3], Q = \data[41] [3]).
Adding EN signal on $memory\data[41]$2819 ($dff) from module icache_dm (D = $0$memwr$\data$icache_dm.v:30$44_DATA[31:0]$55 [4], Q = \data[41] [4]).
Adding EN signal on $memory\data[41]$2819 ($dff) from module icache_dm (D = $0$memwr$\data$icache_dm.v:30$44_DATA[31:0]$55 [5], Q = \data[41] [5]).
Adding EN signal on $memory\data[41]$2819 ($dff) from module icache_dm (D = $0$memwr$\data$icache_dm.v:30$44_DATA[31:0]$55 [6], Q = \data[41] [6]).
Adding EN signal on $memory\data[41]$2819 ($dff) from module icache_dm (D = $0$memwr$\data$icache_dm.v:30$44_DATA[31:0]$55 [7], Q = \data[41] [7]).
Adding EN signal on $memory\data[41]$2819 ($dff) from module icache_dm (D = $0$memwr$\data$icache_dm.v:30$44_DATA[31:0]$55 [8], Q = \data[41] [8]).
Adding EN signal on $memory\data[41]$2819 ($dff) from module icache_dm (D = $0$memwr$\data$icache_dm.v:30$44_DATA[31:0]$55 [9], Q = \data[41] [9]).
Adding EN signal on $memory\data[41]$2819 ($dff) from module icache_dm (D = $0$memwr$\data$icache_dm.v:30$44_DATA[31:0]$55 [10], Q = \data[41] [10]).
Adding EN signal on $memory\data[41]$2819 ($dff) from module icache_dm (D = $0$memwr$\data$icache_dm.v:30$44_DATA[31:0]$55 [11], Q = \data[41] [11]).
Adding EN signal on $memory\data[41]$2819 ($dff) from module icache_dm (D = $0$memwr$\data$icache_dm.v:30$44_DATA[31:0]$55 [12], Q = \data[41] [12]).
Adding EN signal on $memory\data[41]$2819 ($dff) from module icache_dm (D = $0$memwr$\data$icache_dm.v:30$44_DATA[31:0]$55 [13], Q = \data[41] [13]).
Adding EN signal on $memory\data[41]$2819 ($dff) from module icache_dm (D = $0$memwr$\data$icache_dm.v:30$44_DATA[31:0]$55 [14], Q = \data[41] [14]).
Adding EN signal on $memory\data[41]$2819 ($dff) from module icache_dm (D = $0$memwr$\data$icache_dm.v:30$44_DATA[31:0]$55 [15], Q = \data[41] [15]).
Adding EN signal on $memory\data[41]$2819 ($dff) from module icache_dm (D = $0$memwr$\data$icache_dm.v:30$44_DATA[31:0]$55 [16], Q = \data[41] [16]).
Adding EN signal on $memory\data[41]$2819 ($dff) from module icache_dm (D = $0$memwr$\data$icache_dm.v:30$44_DATA[31:0]$55 [17], Q = \data[41] [17]).
Adding EN signal on $memory\data[41]$2819 ($dff) from module icache_dm (D = $0$memwr$\data$icache_dm.v:30$44_DATA[31:0]$55 [18], Q = \data[41] [18]).
Adding EN signal on $memory\data[41]$2819 ($dff) from module icache_dm (D = $0$memwr$\data$icache_dm.v:30$44_DATA[31:0]$55 [19], Q = \data[41] [19]).
Adding EN signal on $memory\data[41]$2819 ($dff) from module icache_dm (D = $0$memwr$\data$icache_dm.v:30$44_DATA[31:0]$55 [20], Q = \data[41] [20]).
Adding EN signal on $memory\data[41]$2819 ($dff) from module icache_dm (D = $0$memwr$\data$icache_dm.v:30$44_DATA[31:0]$55 [21], Q = \data[41] [21]).
Adding EN signal on $memory\data[41]$2819 ($dff) from module icache_dm (D = $0$memwr$\data$icache_dm.v:30$44_DATA[31:0]$55 [22], Q = \data[41] [22]).
Adding EN signal on $memory\data[41]$2819 ($dff) from module icache_dm (D = $0$memwr$\data$icache_dm.v:30$44_DATA[31:0]$55 [23], Q = \data[41] [23]).
Adding EN signal on $memory\data[41]$2819 ($dff) from module icache_dm (D = $0$memwr$\data$icache_dm.v:30$44_DATA[31:0]$55 [24], Q = \data[41] [24]).
Adding EN signal on $memory\data[41]$2819 ($dff) from module icache_dm (D = $0$memwr$\data$icache_dm.v:30$44_DATA[31:0]$55 [25], Q = \data[41] [25]).
Adding EN signal on $memory\data[41]$2819 ($dff) from module icache_dm (D = $0$memwr$\data$icache_dm.v:30$44_DATA[31:0]$55 [26], Q = \data[41] [26]).
Adding EN signal on $memory\data[41]$2819 ($dff) from module icache_dm (D = $0$memwr$\data$icache_dm.v:30$44_DATA[31:0]$55 [27], Q = \data[41] [27]).
Adding EN signal on $memory\data[41]$2819 ($dff) from module icache_dm (D = $0$memwr$\data$icache_dm.v:30$44_DATA[31:0]$55 [28], Q = \data[41] [28]).
Adding EN signal on $memory\data[41]$2819 ($dff) from module icache_dm (D = $0$memwr$\data$icache_dm.v:30$44_DATA[31:0]$55 [29], Q = \data[41] [29]).
Adding EN signal on $memory\data[41]$2819 ($dff) from module icache_dm (D = $0$memwr$\data$icache_dm.v:30$44_DATA[31:0]$55 [30], Q = \data[41] [30]).
Adding EN signal on $memory\data[41]$2819 ($dff) from module icache_dm (D = $0$memwr$\data$icache_dm.v:30$44_DATA[31:0]$55 [31], Q = \data[41] [31]).
Adding EN signal on $memory\data[42]$2821 ($dff) from module icache_dm (D = $0$memwr$\data$icache_dm.v:30$44_DATA[31:0]$55 [0], Q = \data[42] [0]).
Adding EN signal on $memory\data[42]$2821 ($dff) from module icache_dm (D = $0$memwr$\data$icache_dm.v:30$44_DATA[31:0]$55 [1], Q = \data[42] [1]).
Adding EN signal on $memory\data[42]$2821 ($dff) from module icache_dm (D = $0$memwr$\data$icache_dm.v:30$44_DATA[31:0]$55 [2], Q = \data[42] [2]).
Adding EN signal on $memory\data[42]$2821 ($dff) from module icache_dm (D = $0$memwr$\data$icache_dm.v:30$44_DATA[31:0]$55 [3], Q = \data[42] [3]).
Adding EN signal on $memory\data[42]$2821 ($dff) from module icache_dm (D = $0$memwr$\data$icache_dm.v:30$44_DATA[31:0]$55 [4], Q = \data[42] [4]).
Adding EN signal on $memory\data[42]$2821 ($dff) from module icache_dm (D = $0$memwr$\data$icache_dm.v:30$44_DATA[31:0]$55 [5], Q = \data[42] [5]).
Adding EN signal on $memory\data[42]$2821 ($dff) from module icache_dm (D = $0$memwr$\data$icache_dm.v:30$44_DATA[31:0]$55 [6], Q = \data[42] [6]).
Adding EN signal on $memory\data[42]$2821 ($dff) from module icache_dm (D = $0$memwr$\data$icache_dm.v:30$44_DATA[31:0]$55 [7], Q = \data[42] [7]).
Adding EN signal on $memory\data[42]$2821 ($dff) from module icache_dm (D = $0$memwr$\data$icache_dm.v:30$44_DATA[31:0]$55 [8], Q = \data[42] [8]).
Adding EN signal on $memory\data[42]$2821 ($dff) from module icache_dm (D = $0$memwr$\data$icache_dm.v:30$44_DATA[31:0]$55 [9], Q = \data[42] [9]).
Adding EN signal on $memory\data[42]$2821 ($dff) from module icache_dm (D = $0$memwr$\data$icache_dm.v:30$44_DATA[31:0]$55 [10], Q = \data[42] [10]).
Adding EN signal on $memory\data[42]$2821 ($dff) from module icache_dm (D = $0$memwr$\data$icache_dm.v:30$44_DATA[31:0]$55 [11], Q = \data[42] [11]).
Adding EN signal on $memory\data[42]$2821 ($dff) from module icache_dm (D = $0$memwr$\data$icache_dm.v:30$44_DATA[31:0]$55 [12], Q = \data[42] [12]).
Adding EN signal on $memory\data[42]$2821 ($dff) from module icache_dm (D = $0$memwr$\data$icache_dm.v:30$44_DATA[31:0]$55 [13], Q = \data[42] [13]).
Adding EN signal on $memory\data[42]$2821 ($dff) from module icache_dm (D = $0$memwr$\data$icache_dm.v:30$44_DATA[31:0]$55 [14], Q = \data[42] [14]).
Adding EN signal on $memory\data[42]$2821 ($dff) from module icache_dm (D = $0$memwr$\data$icache_dm.v:30$44_DATA[31:0]$55 [15], Q = \data[42] [15]).
Adding EN signal on $memory\data[42]$2821 ($dff) from module icache_dm (D = $0$memwr$\data$icache_dm.v:30$44_DATA[31:0]$55 [16], Q = \data[42] [16]).
Adding EN signal on $memory\data[42]$2821 ($dff) from module icache_dm (D = $0$memwr$\data$icache_dm.v:30$44_DATA[31:0]$55 [17], Q = \data[42] [17]).
Adding EN signal on $memory\data[42]$2821 ($dff) from module icache_dm (D = $0$memwr$\data$icache_dm.v:30$44_DATA[31:0]$55 [18], Q = \data[42] [18]).
Adding EN signal on $memory\data[42]$2821 ($dff) from module icache_dm (D = $0$memwr$\data$icache_dm.v:30$44_DATA[31:0]$55 [19], Q = \data[42] [19]).
Adding EN signal on $memory\data[42]$2821 ($dff) from module icache_dm (D = $0$memwr$\data$icache_dm.v:30$44_DATA[31:0]$55 [20], Q = \data[42] [20]).
Adding EN signal on $memory\data[42]$2821 ($dff) from module icache_dm (D = $0$memwr$\data$icache_dm.v:30$44_DATA[31:0]$55 [21], Q = \data[42] [21]).
Adding EN signal on $memory\data[42]$2821 ($dff) from module icache_dm (D = $0$memwr$\data$icache_dm.v:30$44_DATA[31:0]$55 [22], Q = \data[42] [22]).
Adding EN signal on $memory\data[42]$2821 ($dff) from module icache_dm (D = $0$memwr$\data$icache_dm.v:30$44_DATA[31:0]$55 [23], Q = \data[42] [23]).
Adding EN signal on $memory\data[42]$2821 ($dff) from module icache_dm (D = $0$memwr$\data$icache_dm.v:30$44_DATA[31:0]$55 [24], Q = \data[42] [24]).
Adding EN signal on $memory\data[42]$2821 ($dff) from module icache_dm (D = $0$memwr$\data$icache_dm.v:30$44_DATA[31:0]$55 [25], Q = \data[42] [25]).
Adding EN signal on $memory\data[42]$2821 ($dff) from module icache_dm (D = $0$memwr$\data$icache_dm.v:30$44_DATA[31:0]$55 [26], Q = \data[42] [26]).
Adding EN signal on $memory\data[42]$2821 ($dff) from module icache_dm (D = $0$memwr$\data$icache_dm.v:30$44_DATA[31:0]$55 [27], Q = \data[42] [27]).
Adding EN signal on $memory\data[42]$2821 ($dff) from module icache_dm (D = $0$memwr$\data$icache_dm.v:30$44_DATA[31:0]$55 [28], Q = \data[42] [28]).
Adding EN signal on $memory\data[42]$2821 ($dff) from module icache_dm (D = $0$memwr$\data$icache_dm.v:30$44_DATA[31:0]$55 [29], Q = \data[42] [29]).
Adding EN signal on $memory\data[42]$2821 ($dff) from module icache_dm (D = $0$memwr$\data$icache_dm.v:30$44_DATA[31:0]$55 [30], Q = \data[42] [30]).
Adding EN signal on $memory\data[42]$2821 ($dff) from module icache_dm (D = $0$memwr$\data$icache_dm.v:30$44_DATA[31:0]$55 [31], Q = \data[42] [31]).
Adding EN signal on $memory\data[43]$2823 ($dff) from module icache_dm (D = $0$memwr$\data$icache_dm.v:30$44_DATA[31:0]$55 [0], Q = \data[43] [0]).
Adding EN signal on $memory\data[43]$2823 ($dff) from module icache_dm (D = $0$memwr$\data$icache_dm.v:30$44_DATA[31:0]$55 [1], Q = \data[43] [1]).
Adding EN signal on $memory\data[43]$2823 ($dff) from module icache_dm (D = $0$memwr$\data$icache_dm.v:30$44_DATA[31:0]$55 [2], Q = \data[43] [2]).
Adding EN signal on $memory\data[43]$2823 ($dff) from module icache_dm (D = $0$memwr$\data$icache_dm.v:30$44_DATA[31:0]$55 [3], Q = \data[43] [3]).
Adding EN signal on $memory\data[43]$2823 ($dff) from module icache_dm (D = $0$memwr$\data$icache_dm.v:30$44_DATA[31:0]$55 [4], Q = \data[43] [4]).
Adding EN signal on $memory\data[43]$2823 ($dff) from module icache_dm (D = $0$memwr$\data$icache_dm.v:30$44_DATA[31:0]$55 [5], Q = \data[43] [5]).
Adding EN signal on $memory\data[43]$2823 ($dff) from module icache_dm (D = $0$memwr$\data$icache_dm.v:30$44_DATA[31:0]$55 [6], Q = \data[43] [6]).
Adding EN signal on $memory\data[43]$2823 ($dff) from module icache_dm (D = $0$memwr$\data$icache_dm.v:30$44_DATA[31:0]$55 [7], Q = \data[43] [7]).
Adding EN signal on $memory\data[43]$2823 ($dff) from module icache_dm (D = $0$memwr$\data$icache_dm.v:30$44_DATA[31:0]$55 [8], Q = \data[43] [8]).
Adding EN signal on $memory\data[43]$2823 ($dff) from module icache_dm (D = $0$memwr$\data$icache_dm.v:30$44_DATA[31:0]$55 [9], Q = \data[43] [9]).
Adding EN signal on $memory\data[43]$2823 ($dff) from module icache_dm (D = $0$memwr$\data$icache_dm.v:30$44_DATA[31:0]$55 [10], Q = \data[43] [10]).
Adding EN signal on $memory\data[43]$2823 ($dff) from module icache_dm (D = $0$memwr$\data$icache_dm.v:30$44_DATA[31:0]$55 [11], Q = \data[43] [11]).
Adding EN signal on $memory\data[43]$2823 ($dff) from module icache_dm (D = $0$memwr$\data$icache_dm.v:30$44_DATA[31:0]$55 [12], Q = \data[43] [12]).
Adding EN signal on $memory\data[43]$2823 ($dff) from module icache_dm (D = $0$memwr$\data$icache_dm.v:30$44_DATA[31:0]$55 [13], Q = \data[43] [13]).
Adding EN signal on $memory\data[43]$2823 ($dff) from module icache_dm (D = $0$memwr$\data$icache_dm.v:30$44_DATA[31:0]$55 [14], Q = \data[43] [14]).
Adding EN signal on $memory\data[43]$2823 ($dff) from module icache_dm (D = $0$memwr$\data$icache_dm.v:30$44_DATA[31:0]$55 [15], Q = \data[43] [15]).
Adding EN signal on $memory\data[43]$2823 ($dff) from module icache_dm (D = $0$memwr$\data$icache_dm.v:30$44_DATA[31:0]$55 [16], Q = \data[43] [16]).
Adding EN signal on $memory\data[43]$2823 ($dff) from module icache_dm (D = $0$memwr$\data$icache_dm.v:30$44_DATA[31:0]$55 [17], Q = \data[43] [17]).
Adding EN signal on $memory\data[43]$2823 ($dff) from module icache_dm (D = $0$memwr$\data$icache_dm.v:30$44_DATA[31:0]$55 [18], Q = \data[43] [18]).
Adding EN signal on $memory\data[43]$2823 ($dff) from module icache_dm (D = $0$memwr$\data$icache_dm.v:30$44_DATA[31:0]$55 [19], Q = \data[43] [19]).
Adding EN signal on $memory\data[43]$2823 ($dff) from module icache_dm (D = $0$memwr$\data$icache_dm.v:30$44_DATA[31:0]$55 [20], Q = \data[43] [20]).
Adding EN signal on $memory\data[43]$2823 ($dff) from module icache_dm (D = $0$memwr$\data$icache_dm.v:30$44_DATA[31:0]$55 [21], Q = \data[43] [21]).
Adding EN signal on $memory\data[43]$2823 ($dff) from module icache_dm (D = $0$memwr$\data$icache_dm.v:30$44_DATA[31:0]$55 [22], Q = \data[43] [22]).
Adding EN signal on $memory\data[43]$2823 ($dff) from module icache_dm (D = $0$memwr$\data$icache_dm.v:30$44_DATA[31:0]$55 [23], Q = \data[43] [23]).
Adding EN signal on $memory\data[43]$2823 ($dff) from module icache_dm (D = $0$memwr$\data$icache_dm.v:30$44_DATA[31:0]$55 [24], Q = \data[43] [24]).
Adding EN signal on $memory\data[43]$2823 ($dff) from module icache_dm (D = $0$memwr$\data$icache_dm.v:30$44_DATA[31:0]$55 [25], Q = \data[43] [25]).
Adding EN signal on $memory\data[43]$2823 ($dff) from module icache_dm (D = $0$memwr$\data$icache_dm.v:30$44_DATA[31:0]$55 [26], Q = \data[43] [26]).
Adding EN signal on $memory\data[43]$2823 ($dff) from module icache_dm (D = $0$memwr$\data$icache_dm.v:30$44_DATA[31:0]$55 [27], Q = \data[43] [27]).
Adding EN signal on $memory\data[43]$2823 ($dff) from module icache_dm (D = $0$memwr$\data$icache_dm.v:30$44_DATA[31:0]$55 [28], Q = \data[43] [28]).
Adding EN signal on $memory\data[43]$2823 ($dff) from module icache_dm (D = $0$memwr$\data$icache_dm.v:30$44_DATA[31:0]$55 [29], Q = \data[43] [29]).
Adding EN signal on $memory\data[43]$2823 ($dff) from module icache_dm (D = $0$memwr$\data$icache_dm.v:30$44_DATA[31:0]$55 [30], Q = \data[43] [30]).
Adding EN signal on $memory\data[43]$2823 ($dff) from module icache_dm (D = $0$memwr$\data$icache_dm.v:30$44_DATA[31:0]$55 [31], Q = \data[43] [31]).
Adding EN signal on $memory\data[44]$2825 ($dff) from module icache_dm (D = $0$memwr$\data$icache_dm.v:30$44_DATA[31:0]$55 [0], Q = \data[44] [0]).
Adding EN signal on $memory\data[44]$2825 ($dff) from module icache_dm (D = $0$memwr$\data$icache_dm.v:30$44_DATA[31:0]$55 [1], Q = \data[44] [1]).
Adding EN signal on $memory\data[44]$2825 ($dff) from module icache_dm (D = $0$memwr$\data$icache_dm.v:30$44_DATA[31:0]$55 [2], Q = \data[44] [2]).
Adding EN signal on $memory\data[44]$2825 ($dff) from module icache_dm (D = $0$memwr$\data$icache_dm.v:30$44_DATA[31:0]$55 [3], Q = \data[44] [3]).
Adding EN signal on $memory\data[44]$2825 ($dff) from module icache_dm (D = $0$memwr$\data$icache_dm.v:30$44_DATA[31:0]$55 [4], Q = \data[44] [4]).
Adding EN signal on $memory\data[44]$2825 ($dff) from module icache_dm (D = $0$memwr$\data$icache_dm.v:30$44_DATA[31:0]$55 [5], Q = \data[44] [5]).
Adding EN signal on $memory\data[44]$2825 ($dff) from module icache_dm (D = $0$memwr$\data$icache_dm.v:30$44_DATA[31:0]$55 [6], Q = \data[44] [6]).
Adding EN signal on $memory\data[44]$2825 ($dff) from module icache_dm (D = $0$memwr$\data$icache_dm.v:30$44_DATA[31:0]$55 [7], Q = \data[44] [7]).
Adding EN signal on $memory\data[44]$2825 ($dff) from module icache_dm (D = $0$memwr$\data$icache_dm.v:30$44_DATA[31:0]$55 [8], Q = \data[44] [8]).
Adding EN signal on $memory\data[44]$2825 ($dff) from module icache_dm (D = $0$memwr$\data$icache_dm.v:30$44_DATA[31:0]$55 [9], Q = \data[44] [9]).
Adding EN signal on $memory\data[44]$2825 ($dff) from module icache_dm (D = $0$memwr$\data$icache_dm.v:30$44_DATA[31:0]$55 [10], Q = \data[44] [10]).
Adding EN signal on $memory\data[44]$2825 ($dff) from module icache_dm (D = $0$memwr$\data$icache_dm.v:30$44_DATA[31:0]$55 [11], Q = \data[44] [11]).
Adding EN signal on $memory\data[44]$2825 ($dff) from module icache_dm (D = $0$memwr$\data$icache_dm.v:30$44_DATA[31:0]$55 [12], Q = \data[44] [12]).
Adding EN signal on $memory\data[44]$2825 ($dff) from module icache_dm (D = $0$memwr$\data$icache_dm.v:30$44_DATA[31:0]$55 [13], Q = \data[44] [13]).
Adding EN signal on $memory\data[44]$2825 ($dff) from module icache_dm (D = $0$memwr$\data$icache_dm.v:30$44_DATA[31:0]$55 [14], Q = \data[44] [14]).
Adding EN signal on $memory\data[44]$2825 ($dff) from module icache_dm (D = $0$memwr$\data$icache_dm.v:30$44_DATA[31:0]$55 [15], Q = \data[44] [15]).
Adding EN signal on $memory\data[44]$2825 ($dff) from module icache_dm (D = $0$memwr$\data$icache_dm.v:30$44_DATA[31:0]$55 [16], Q = \data[44] [16]).
Adding EN signal on $memory\data[44]$2825 ($dff) from module icache_dm (D = $0$memwr$\data$icache_dm.v:30$44_DATA[31:0]$55 [17], Q = \data[44] [17]).
Adding EN signal on $memory\data[44]$2825 ($dff) from module icache_dm (D = $0$memwr$\data$icache_dm.v:30$44_DATA[31:0]$55 [18], Q = \data[44] [18]).
Adding EN signal on $memory\data[44]$2825 ($dff) from module icache_dm (D = $0$memwr$\data$icache_dm.v:30$44_DATA[31:0]$55 [19], Q = \data[44] [19]).
Adding EN signal on $memory\data[44]$2825 ($dff) from module icache_dm (D = $0$memwr$\data$icache_dm.v:30$44_DATA[31:0]$55 [20], Q = \data[44] [20]).
Adding EN signal on $memory\data[44]$2825 ($dff) from module icache_dm (D = $0$memwr$\data$icache_dm.v:30$44_DATA[31:0]$55 [21], Q = \data[44] [21]).
Adding EN signal on $memory\data[44]$2825 ($dff) from module icache_dm (D = $0$memwr$\data$icache_dm.v:30$44_DATA[31:0]$55 [22], Q = \data[44] [22]).
Adding EN signal on $memory\data[44]$2825 ($dff) from module icache_dm (D = $0$memwr$\data$icache_dm.v:30$44_DATA[31:0]$55 [23], Q = \data[44] [23]).
Adding EN signal on $memory\data[44]$2825 ($dff) from module icache_dm (D = $0$memwr$\data$icache_dm.v:30$44_DATA[31:0]$55 [24], Q = \data[44] [24]).
Adding EN signal on $memory\data[44]$2825 ($dff) from module icache_dm (D = $0$memwr$\data$icache_dm.v:30$44_DATA[31:0]$55 [25], Q = \data[44] [25]).
Adding EN signal on $memory\data[44]$2825 ($dff) from module icache_dm (D = $0$memwr$\data$icache_dm.v:30$44_DATA[31:0]$55 [26], Q = \data[44] [26]).
Adding EN signal on $memory\data[44]$2825 ($dff) from module icache_dm (D = $0$memwr$\data$icache_dm.v:30$44_DATA[31:0]$55 [27], Q = \data[44] [27]).
Adding EN signal on $memory\data[44]$2825 ($dff) from module icache_dm (D = $0$memwr$\data$icache_dm.v:30$44_DATA[31:0]$55 [28], Q = \data[44] [28]).
Adding EN signal on $memory\data[44]$2825 ($dff) from module icache_dm (D = $0$memwr$\data$icache_dm.v:30$44_DATA[31:0]$55 [29], Q = \data[44] [29]).
Adding EN signal on $memory\data[44]$2825 ($dff) from module icache_dm (D = $0$memwr$\data$icache_dm.v:30$44_DATA[31:0]$55 [30], Q = \data[44] [30]).
Adding EN signal on $memory\data[44]$2825 ($dff) from module icache_dm (D = $0$memwr$\data$icache_dm.v:30$44_DATA[31:0]$55 [31], Q = \data[44] [31]).
Adding EN signal on $memory\data[45]$2827 ($dff) from module icache_dm (D = $0$memwr$\data$icache_dm.v:30$44_DATA[31:0]$55 [0], Q = \data[45] [0]).
Adding EN signal on $memory\data[45]$2827 ($dff) from module icache_dm (D = $0$memwr$\data$icache_dm.v:30$44_DATA[31:0]$55 [1], Q = \data[45] [1]).
Adding EN signal on $memory\data[45]$2827 ($dff) from module icache_dm (D = $0$memwr$\data$icache_dm.v:30$44_DATA[31:0]$55 [2], Q = \data[45] [2]).
Adding EN signal on $memory\data[45]$2827 ($dff) from module icache_dm (D = $0$memwr$\data$icache_dm.v:30$44_DATA[31:0]$55 [3], Q = \data[45] [3]).
Adding EN signal on $memory\data[45]$2827 ($dff) from module icache_dm (D = $0$memwr$\data$icache_dm.v:30$44_DATA[31:0]$55 [4], Q = \data[45] [4]).
Adding EN signal on $memory\data[45]$2827 ($dff) from module icache_dm (D = $0$memwr$\data$icache_dm.v:30$44_DATA[31:0]$55 [5], Q = \data[45] [5]).
Adding EN signal on $memory\data[45]$2827 ($dff) from module icache_dm (D = $0$memwr$\data$icache_dm.v:30$44_DATA[31:0]$55 [6], Q = \data[45] [6]).
Adding EN signal on $memory\data[45]$2827 ($dff) from module icache_dm (D = $0$memwr$\data$icache_dm.v:30$44_DATA[31:0]$55 [7], Q = \data[45] [7]).
Adding EN signal on $memory\data[45]$2827 ($dff) from module icache_dm (D = $0$memwr$\data$icache_dm.v:30$44_DATA[31:0]$55 [8], Q = \data[45] [8]).
Adding EN signal on $memory\data[45]$2827 ($dff) from module icache_dm (D = $0$memwr$\data$icache_dm.v:30$44_DATA[31:0]$55 [9], Q = \data[45] [9]).
Adding EN signal on $memory\data[45]$2827 ($dff) from module icache_dm (D = $0$memwr$\data$icache_dm.v:30$44_DATA[31:0]$55 [10], Q = \data[45] [10]).
Adding EN signal on $memory\data[45]$2827 ($dff) from module icache_dm (D = $0$memwr$\data$icache_dm.v:30$44_DATA[31:0]$55 [11], Q = \data[45] [11]).
Adding EN signal on $memory\data[45]$2827 ($dff) from module icache_dm (D = $0$memwr$\data$icache_dm.v:30$44_DATA[31:0]$55 [12], Q = \data[45] [12]).
Adding EN signal on $memory\data[45]$2827 ($dff) from module icache_dm (D = $0$memwr$\data$icache_dm.v:30$44_DATA[31:0]$55 [13], Q = \data[45] [13]).
Adding EN signal on $memory\data[45]$2827 ($dff) from module icache_dm (D = $0$memwr$\data$icache_dm.v:30$44_DATA[31:0]$55 [14], Q = \data[45] [14]).
Adding EN signal on $memory\data[45]$2827 ($dff) from module icache_dm (D = $0$memwr$\data$icache_dm.v:30$44_DATA[31:0]$55 [15], Q = \data[45] [15]).
Adding EN signal on $memory\data[45]$2827 ($dff) from module icache_dm (D = $0$memwr$\data$icache_dm.v:30$44_DATA[31:0]$55 [16], Q = \data[45] [16]).
Adding EN signal on $memory\data[45]$2827 ($dff) from module icache_dm (D = $0$memwr$\data$icache_dm.v:30$44_DATA[31:0]$55 [17], Q = \data[45] [17]).
Adding EN signal on $memory\data[45]$2827 ($dff) from module icache_dm (D = $0$memwr$\data$icache_dm.v:30$44_DATA[31:0]$55 [18], Q = \data[45] [18]).
Adding EN signal on $memory\data[45]$2827 ($dff) from module icache_dm (D = $0$memwr$\data$icache_dm.v:30$44_DATA[31:0]$55 [19], Q = \data[45] [19]).
Adding EN signal on $memory\data[45]$2827 ($dff) from module icache_dm (D = $0$memwr$\data$icache_dm.v:30$44_DATA[31:0]$55 [20], Q = \data[45] [20]).
Adding EN signal on $memory\data[45]$2827 ($dff) from module icache_dm (D = $0$memwr$\data$icache_dm.v:30$44_DATA[31:0]$55 [21], Q = \data[45] [21]).
Adding EN signal on $memory\data[45]$2827 ($dff) from module icache_dm (D = $0$memwr$\data$icache_dm.v:30$44_DATA[31:0]$55 [22], Q = \data[45] [22]).
Adding EN signal on $memory\data[45]$2827 ($dff) from module icache_dm (D = $0$memwr$\data$icache_dm.v:30$44_DATA[31:0]$55 [23], Q = \data[45] [23]).
Adding EN signal on $memory\data[45]$2827 ($dff) from module icache_dm (D = $0$memwr$\data$icache_dm.v:30$44_DATA[31:0]$55 [24], Q = \data[45] [24]).
Adding EN signal on $memory\data[45]$2827 ($dff) from module icache_dm (D = $0$memwr$\data$icache_dm.v:30$44_DATA[31:0]$55 [25], Q = \data[45] [25]).
Adding EN signal on $memory\data[45]$2827 ($dff) from module icache_dm (D = $0$memwr$\data$icache_dm.v:30$44_DATA[31:0]$55 [26], Q = \data[45] [26]).
Adding EN signal on $memory\data[45]$2827 ($dff) from module icache_dm (D = $0$memwr$\data$icache_dm.v:30$44_DATA[31:0]$55 [27], Q = \data[45] [27]).
Adding EN signal on $memory\data[45]$2827 ($dff) from module icache_dm (D = $0$memwr$\data$icache_dm.v:30$44_DATA[31:0]$55 [28], Q = \data[45] [28]).
Adding EN signal on $memory\data[45]$2827 ($dff) from module icache_dm (D = $0$memwr$\data$icache_dm.v:30$44_DATA[31:0]$55 [29], Q = \data[45] [29]).
Adding EN signal on $memory\data[45]$2827 ($dff) from module icache_dm (D = $0$memwr$\data$icache_dm.v:30$44_DATA[31:0]$55 [30], Q = \data[45] [30]).
Adding EN signal on $memory\data[45]$2827 ($dff) from module icache_dm (D = $0$memwr$\data$icache_dm.v:30$44_DATA[31:0]$55 [31], Q = \data[45] [31]).
Adding EN signal on $memory\data[46]$2829 ($dff) from module icache_dm (D = $0$memwr$\data$icache_dm.v:30$44_DATA[31:0]$55 [0], Q = \data[46] [0]).
Adding EN signal on $memory\data[46]$2829 ($dff) from module icache_dm (D = $0$memwr$\data$icache_dm.v:30$44_DATA[31:0]$55 [1], Q = \data[46] [1]).
Adding EN signal on $memory\data[46]$2829 ($dff) from module icache_dm (D = $0$memwr$\data$icache_dm.v:30$44_DATA[31:0]$55 [2], Q = \data[46] [2]).
Adding EN signal on $memory\data[46]$2829 ($dff) from module icache_dm (D = $0$memwr$\data$icache_dm.v:30$44_DATA[31:0]$55 [3], Q = \data[46] [3]).
Adding EN signal on $memory\data[46]$2829 ($dff) from module icache_dm (D = $0$memwr$\data$icache_dm.v:30$44_DATA[31:0]$55 [4], Q = \data[46] [4]).
Adding EN signal on $memory\data[46]$2829 ($dff) from module icache_dm (D = $0$memwr$\data$icache_dm.v:30$44_DATA[31:0]$55 [5], Q = \data[46] [5]).
Adding EN signal on $memory\data[46]$2829 ($dff) from module icache_dm (D = $0$memwr$\data$icache_dm.v:30$44_DATA[31:0]$55 [6], Q = \data[46] [6]).
Adding EN signal on $memory\data[46]$2829 ($dff) from module icache_dm (D = $0$memwr$\data$icache_dm.v:30$44_DATA[31:0]$55 [7], Q = \data[46] [7]).
Adding EN signal on $memory\data[46]$2829 ($dff) from module icache_dm (D = $0$memwr$\data$icache_dm.v:30$44_DATA[31:0]$55 [8], Q = \data[46] [8]).
Adding EN signal on $memory\data[46]$2829 ($dff) from module icache_dm (D = $0$memwr$\data$icache_dm.v:30$44_DATA[31:0]$55 [9], Q = \data[46] [9]).
Adding EN signal on $memory\data[46]$2829 ($dff) from module icache_dm (D = $0$memwr$\data$icache_dm.v:30$44_DATA[31:0]$55 [10], Q = \data[46] [10]).
Adding EN signal on $memory\data[46]$2829 ($dff) from module icache_dm (D = $0$memwr$\data$icache_dm.v:30$44_DATA[31:0]$55 [11], Q = \data[46] [11]).
Adding EN signal on $memory\data[46]$2829 ($dff) from module icache_dm (D = $0$memwr$\data$icache_dm.v:30$44_DATA[31:0]$55 [12], Q = \data[46] [12]).
Adding EN signal on $memory\data[46]$2829 ($dff) from module icache_dm (D = $0$memwr$\data$icache_dm.v:30$44_DATA[31:0]$55 [13], Q = \data[46] [13]).
Adding EN signal on $memory\data[46]$2829 ($dff) from module icache_dm (D = $0$memwr$\data$icache_dm.v:30$44_DATA[31:0]$55 [14], Q = \data[46] [14]).
Adding EN signal on $memory\data[46]$2829 ($dff) from module icache_dm (D = $0$memwr$\data$icache_dm.v:30$44_DATA[31:0]$55 [15], Q = \data[46] [15]).
Adding EN signal on $memory\data[46]$2829 ($dff) from module icache_dm (D = $0$memwr$\data$icache_dm.v:30$44_DATA[31:0]$55 [16], Q = \data[46] [16]).
Adding EN signal on $memory\data[46]$2829 ($dff) from module icache_dm (D = $0$memwr$\data$icache_dm.v:30$44_DATA[31:0]$55 [17], Q = \data[46] [17]).
Adding EN signal on $memory\data[46]$2829 ($dff) from module icache_dm (D = $0$memwr$\data$icache_dm.v:30$44_DATA[31:0]$55 [18], Q = \data[46] [18]).
Adding EN signal on $memory\data[46]$2829 ($dff) from module icache_dm (D = $0$memwr$\data$icache_dm.v:30$44_DATA[31:0]$55 [19], Q = \data[46] [19]).
Adding EN signal on $memory\data[46]$2829 ($dff) from module icache_dm (D = $0$memwr$\data$icache_dm.v:30$44_DATA[31:0]$55 [20], Q = \data[46] [20]).
Adding EN signal on $memory\data[46]$2829 ($dff) from module icache_dm (D = $0$memwr$\data$icache_dm.v:30$44_DATA[31:0]$55 [21], Q = \data[46] [21]).
Adding EN signal on $memory\data[46]$2829 ($dff) from module icache_dm (D = $0$memwr$\data$icache_dm.v:30$44_DATA[31:0]$55 [22], Q = \data[46] [22]).
Adding EN signal on $memory\data[46]$2829 ($dff) from module icache_dm (D = $0$memwr$\data$icache_dm.v:30$44_DATA[31:0]$55 [23], Q = \data[46] [23]).
Adding EN signal on $memory\data[46]$2829 ($dff) from module icache_dm (D = $0$memwr$\data$icache_dm.v:30$44_DATA[31:0]$55 [24], Q = \data[46] [24]).
Adding EN signal on $memory\data[46]$2829 ($dff) from module icache_dm (D = $0$memwr$\data$icache_dm.v:30$44_DATA[31:0]$55 [25], Q = \data[46] [25]).
Adding EN signal on $memory\data[46]$2829 ($dff) from module icache_dm (D = $0$memwr$\data$icache_dm.v:30$44_DATA[31:0]$55 [26], Q = \data[46] [26]).
Adding EN signal on $memory\data[46]$2829 ($dff) from module icache_dm (D = $0$memwr$\data$icache_dm.v:30$44_DATA[31:0]$55 [27], Q = \data[46] [27]).
Adding EN signal on $memory\data[46]$2829 ($dff) from module icache_dm (D = $0$memwr$\data$icache_dm.v:30$44_DATA[31:0]$55 [28], Q = \data[46] [28]).
Adding EN signal on $memory\data[46]$2829 ($dff) from module icache_dm (D = $0$memwr$\data$icache_dm.v:30$44_DATA[31:0]$55 [29], Q = \data[46] [29]).
Adding EN signal on $memory\data[46]$2829 ($dff) from module icache_dm (D = $0$memwr$\data$icache_dm.v:30$44_DATA[31:0]$55 [30], Q = \data[46] [30]).
Adding EN signal on $memory\data[46]$2829 ($dff) from module icache_dm (D = $0$memwr$\data$icache_dm.v:30$44_DATA[31:0]$55 [31], Q = \data[46] [31]).
Adding EN signal on $memory\data[47]$2831 ($dff) from module icache_dm (D = $0$memwr$\data$icache_dm.v:30$44_DATA[31:0]$55 [0], Q = \data[47] [0]).
Adding EN signal on $memory\data[47]$2831 ($dff) from module icache_dm (D = $0$memwr$\data$icache_dm.v:30$44_DATA[31:0]$55 [1], Q = \data[47] [1]).
Adding EN signal on $memory\data[47]$2831 ($dff) from module icache_dm (D = $0$memwr$\data$icache_dm.v:30$44_DATA[31:0]$55 [2], Q = \data[47] [2]).
Adding EN signal on $memory\data[47]$2831 ($dff) from module icache_dm (D = $0$memwr$\data$icache_dm.v:30$44_DATA[31:0]$55 [3], Q = \data[47] [3]).
Adding EN signal on $memory\data[47]$2831 ($dff) from module icache_dm (D = $0$memwr$\data$icache_dm.v:30$44_DATA[31:0]$55 [4], Q = \data[47] [4]).
Adding EN signal on $memory\data[47]$2831 ($dff) from module icache_dm (D = $0$memwr$\data$icache_dm.v:30$44_DATA[31:0]$55 [5], Q = \data[47] [5]).
Adding EN signal on $memory\data[47]$2831 ($dff) from module icache_dm (D = $0$memwr$\data$icache_dm.v:30$44_DATA[31:0]$55 [6], Q = \data[47] [6]).
Adding EN signal on $memory\data[47]$2831 ($dff) from module icache_dm (D = $0$memwr$\data$icache_dm.v:30$44_DATA[31:0]$55 [7], Q = \data[47] [7]).
Adding EN signal on $memory\data[47]$2831 ($dff) from module icache_dm (D = $0$memwr$\data$icache_dm.v:30$44_DATA[31:0]$55 [8], Q = \data[47] [8]).
Adding EN signal on $memory\data[47]$2831 ($dff) from module icache_dm (D = $0$memwr$\data$icache_dm.v:30$44_DATA[31:0]$55 [9], Q = \data[47] [9]).
Adding EN signal on $memory\data[47]$2831 ($dff) from module icache_dm (D = $0$memwr$\data$icache_dm.v:30$44_DATA[31:0]$55 [10], Q = \data[47] [10]).
Adding EN signal on $memory\data[47]$2831 ($dff) from module icache_dm (D = $0$memwr$\data$icache_dm.v:30$44_DATA[31:0]$55 [11], Q = \data[47] [11]).
Adding EN signal on $memory\data[47]$2831 ($dff) from module icache_dm (D = $0$memwr$\data$icache_dm.v:30$44_DATA[31:0]$55 [12], Q = \data[47] [12]).
Adding EN signal on $memory\data[47]$2831 ($dff) from module icache_dm (D = $0$memwr$\data$icache_dm.v:30$44_DATA[31:0]$55 [13], Q = \data[47] [13]).
Adding EN signal on $memory\data[47]$2831 ($dff) from module icache_dm (D = $0$memwr$\data$icache_dm.v:30$44_DATA[31:0]$55 [14], Q = \data[47] [14]).
Adding EN signal on $memory\data[47]$2831 ($dff) from module icache_dm (D = $0$memwr$\data$icache_dm.v:30$44_DATA[31:0]$55 [15], Q = \data[47] [15]).
Adding EN signal on $memory\data[47]$2831 ($dff) from module icache_dm (D = $0$memwr$\data$icache_dm.v:30$44_DATA[31:0]$55 [16], Q = \data[47] [16]).
Adding EN signal on $memory\data[47]$2831 ($dff) from module icache_dm (D = $0$memwr$\data$icache_dm.v:30$44_DATA[31:0]$55 [17], Q = \data[47] [17]).
Adding EN signal on $memory\data[47]$2831 ($dff) from module icache_dm (D = $0$memwr$\data$icache_dm.v:30$44_DATA[31:0]$55 [18], Q = \data[47] [18]).
Adding EN signal on $memory\data[47]$2831 ($dff) from module icache_dm (D = $0$memwr$\data$icache_dm.v:30$44_DATA[31:0]$55 [19], Q = \data[47] [19]).
Adding EN signal on $memory\data[47]$2831 ($dff) from module icache_dm (D = $0$memwr$\data$icache_dm.v:30$44_DATA[31:0]$55 [20], Q = \data[47] [20]).
Adding EN signal on $memory\data[47]$2831 ($dff) from module icache_dm (D = $0$memwr$\data$icache_dm.v:30$44_DATA[31:0]$55 [21], Q = \data[47] [21]).
Adding EN signal on $memory\data[47]$2831 ($dff) from module icache_dm (D = $0$memwr$\data$icache_dm.v:30$44_DATA[31:0]$55 [22], Q = \data[47] [22]).
Adding EN signal on $memory\data[47]$2831 ($dff) from module icache_dm (D = $0$memwr$\data$icache_dm.v:30$44_DATA[31:0]$55 [23], Q = \data[47] [23]).
Adding EN signal on $memory\data[47]$2831 ($dff) from module icache_dm (D = $0$memwr$\data$icache_dm.v:30$44_DATA[31:0]$55 [24], Q = \data[47] [24]).
Adding EN signal on $memory\data[47]$2831 ($dff) from module icache_dm (D = $0$memwr$\data$icache_dm.v:30$44_DATA[31:0]$55 [25], Q = \data[47] [25]).
Adding EN signal on $memory\data[47]$2831 ($dff) from module icache_dm (D = $0$memwr$\data$icache_dm.v:30$44_DATA[31:0]$55 [26], Q = \data[47] [26]).
Adding EN signal on $memory\data[47]$2831 ($dff) from module icache_dm (D = $0$memwr$\data$icache_dm.v:30$44_DATA[31:0]$55 [27], Q = \data[47] [27]).
Adding EN signal on $memory\data[47]$2831 ($dff) from module icache_dm (D = $0$memwr$\data$icache_dm.v:30$44_DATA[31:0]$55 [28], Q = \data[47] [28]).
Adding EN signal on $memory\data[47]$2831 ($dff) from module icache_dm (D = $0$memwr$\data$icache_dm.v:30$44_DATA[31:0]$55 [29], Q = \data[47] [29]).
Adding EN signal on $memory\data[47]$2831 ($dff) from module icache_dm (D = $0$memwr$\data$icache_dm.v:30$44_DATA[31:0]$55 [30], Q = \data[47] [30]).
Adding EN signal on $memory\data[47]$2831 ($dff) from module icache_dm (D = $0$memwr$\data$icache_dm.v:30$44_DATA[31:0]$55 [31], Q = \data[47] [31]).
Adding EN signal on $memory\data[48]$2833 ($dff) from module icache_dm (D = $0$memwr$\data$icache_dm.v:30$44_DATA[31:0]$55 [0], Q = \data[48] [0]).
Adding EN signal on $memory\data[48]$2833 ($dff) from module icache_dm (D = $0$memwr$\data$icache_dm.v:30$44_DATA[31:0]$55 [1], Q = \data[48] [1]).
Adding EN signal on $memory\data[48]$2833 ($dff) from module icache_dm (D = $0$memwr$\data$icache_dm.v:30$44_DATA[31:0]$55 [2], Q = \data[48] [2]).
Adding EN signal on $memory\data[48]$2833 ($dff) from module icache_dm (D = $0$memwr$\data$icache_dm.v:30$44_DATA[31:0]$55 [3], Q = \data[48] [3]).
Adding EN signal on $memory\data[48]$2833 ($dff) from module icache_dm (D = $0$memwr$\data$icache_dm.v:30$44_DATA[31:0]$55 [4], Q = \data[48] [4]).
Adding EN signal on $memory\data[48]$2833 ($dff) from module icache_dm (D = $0$memwr$\data$icache_dm.v:30$44_DATA[31:0]$55 [5], Q = \data[48] [5]).
Adding EN signal on $memory\data[48]$2833 ($dff) from module icache_dm (D = $0$memwr$\data$icache_dm.v:30$44_DATA[31:0]$55 [6], Q = \data[48] [6]).
Adding EN signal on $memory\data[48]$2833 ($dff) from module icache_dm (D = $0$memwr$\data$icache_dm.v:30$44_DATA[31:0]$55 [7], Q = \data[48] [7]).
Adding EN signal on $memory\data[48]$2833 ($dff) from module icache_dm (D = $0$memwr$\data$icache_dm.v:30$44_DATA[31:0]$55 [8], Q = \data[48] [8]).
Adding EN signal on $memory\data[48]$2833 ($dff) from module icache_dm (D = $0$memwr$\data$icache_dm.v:30$44_DATA[31:0]$55 [9], Q = \data[48] [9]).
Adding EN signal on $memory\data[48]$2833 ($dff) from module icache_dm (D = $0$memwr$\data$icache_dm.v:30$44_DATA[31:0]$55 [10], Q = \data[48] [10]).
Adding EN signal on $memory\data[48]$2833 ($dff) from module icache_dm (D = $0$memwr$\data$icache_dm.v:30$44_DATA[31:0]$55 [11], Q = \data[48] [11]).
Adding EN signal on $memory\data[48]$2833 ($dff) from module icache_dm (D = $0$memwr$\data$icache_dm.v:30$44_DATA[31:0]$55 [12], Q = \data[48] [12]).
Adding EN signal on $memory\data[48]$2833 ($dff) from module icache_dm (D = $0$memwr$\data$icache_dm.v:30$44_DATA[31:0]$55 [13], Q = \data[48] [13]).
Adding EN signal on $memory\data[48]$2833 ($dff) from module icache_dm (D = $0$memwr$\data$icache_dm.v:30$44_DATA[31:0]$55 [14], Q = \data[48] [14]).
Adding EN signal on $memory\data[48]$2833 ($dff) from module icache_dm (D = $0$memwr$\data$icache_dm.v:30$44_DATA[31:0]$55 [15], Q = \data[48] [15]).
Adding EN signal on $memory\data[48]$2833 ($dff) from module icache_dm (D = $0$memwr$\data$icache_dm.v:30$44_DATA[31:0]$55 [16], Q = \data[48] [16]).
Adding EN signal on $memory\data[48]$2833 ($dff) from module icache_dm (D = $0$memwr$\data$icache_dm.v:30$44_DATA[31:0]$55 [17], Q = \data[48] [17]).
Adding EN signal on $memory\data[48]$2833 ($dff) from module icache_dm (D = $0$memwr$\data$icache_dm.v:30$44_DATA[31:0]$55 [18], Q = \data[48] [18]).
Adding EN signal on $memory\data[48]$2833 ($dff) from module icache_dm (D = $0$memwr$\data$icache_dm.v:30$44_DATA[31:0]$55 [19], Q = \data[48] [19]).
Adding EN signal on $memory\data[48]$2833 ($dff) from module icache_dm (D = $0$memwr$\data$icache_dm.v:30$44_DATA[31:0]$55 [20], Q = \data[48] [20]).
Adding EN signal on $memory\data[48]$2833 ($dff) from module icache_dm (D = $0$memwr$\data$icache_dm.v:30$44_DATA[31:0]$55 [21], Q = \data[48] [21]).
Adding EN signal on $memory\data[48]$2833 ($dff) from module icache_dm (D = $0$memwr$\data$icache_dm.v:30$44_DATA[31:0]$55 [22], Q = \data[48] [22]).
Adding EN signal on $memory\data[48]$2833 ($dff) from module icache_dm (D = $0$memwr$\data$icache_dm.v:30$44_DATA[31:0]$55 [23], Q = \data[48] [23]).
Adding EN signal on $memory\data[48]$2833 ($dff) from module icache_dm (D = $0$memwr$\data$icache_dm.v:30$44_DATA[31:0]$55 [24], Q = \data[48] [24]).
Adding EN signal on $memory\data[48]$2833 ($dff) from module icache_dm (D = $0$memwr$\data$icache_dm.v:30$44_DATA[31:0]$55 [25], Q = \data[48] [25]).
Adding EN signal on $memory\data[48]$2833 ($dff) from module icache_dm (D = $0$memwr$\data$icache_dm.v:30$44_DATA[31:0]$55 [26], Q = \data[48] [26]).
Adding EN signal on $memory\data[48]$2833 ($dff) from module icache_dm (D = $0$memwr$\data$icache_dm.v:30$44_DATA[31:0]$55 [27], Q = \data[48] [27]).
Adding EN signal on $memory\data[48]$2833 ($dff) from module icache_dm (D = $0$memwr$\data$icache_dm.v:30$44_DATA[31:0]$55 [28], Q = \data[48] [28]).
Adding EN signal on $memory\data[48]$2833 ($dff) from module icache_dm (D = $0$memwr$\data$icache_dm.v:30$44_DATA[31:0]$55 [29], Q = \data[48] [29]).
Adding EN signal on $memory\data[48]$2833 ($dff) from module icache_dm (D = $0$memwr$\data$icache_dm.v:30$44_DATA[31:0]$55 [30], Q = \data[48] [30]).
Adding EN signal on $memory\data[48]$2833 ($dff) from module icache_dm (D = $0$memwr$\data$icache_dm.v:30$44_DATA[31:0]$55 [31], Q = \data[48] [31]).
Adding EN signal on $memory\data[49]$2835 ($dff) from module icache_dm (D = $0$memwr$\data$icache_dm.v:30$44_DATA[31:0]$55 [0], Q = \data[49] [0]).
Adding EN signal on $memory\data[49]$2835 ($dff) from module icache_dm (D = $0$memwr$\data$icache_dm.v:30$44_DATA[31:0]$55 [1], Q = \data[49] [1]).
Adding EN signal on $memory\data[49]$2835 ($dff) from module icache_dm (D = $0$memwr$\data$icache_dm.v:30$44_DATA[31:0]$55 [2], Q = \data[49] [2]).
Adding EN signal on $memory\data[49]$2835 ($dff) from module icache_dm (D = $0$memwr$\data$icache_dm.v:30$44_DATA[31:0]$55 [3], Q = \data[49] [3]).
Adding EN signal on $memory\data[49]$2835 ($dff) from module icache_dm (D = $0$memwr$\data$icache_dm.v:30$44_DATA[31:0]$55 [4], Q = \data[49] [4]).
Adding EN signal on $memory\data[49]$2835 ($dff) from module icache_dm (D = $0$memwr$\data$icache_dm.v:30$44_DATA[31:0]$55 [5], Q = \data[49] [5]).
Adding EN signal on $memory\data[49]$2835 ($dff) from module icache_dm (D = $0$memwr$\data$icache_dm.v:30$44_DATA[31:0]$55 [6], Q = \data[49] [6]).
Adding EN signal on $memory\data[49]$2835 ($dff) from module icache_dm (D = $0$memwr$\data$icache_dm.v:30$44_DATA[31:0]$55 [7], Q = \data[49] [7]).
Adding EN signal on $memory\data[49]$2835 ($dff) from module icache_dm (D = $0$memwr$\data$icache_dm.v:30$44_DATA[31:0]$55 [8], Q = \data[49] [8]).
Adding EN signal on $memory\data[49]$2835 ($dff) from module icache_dm (D = $0$memwr$\data$icache_dm.v:30$44_DATA[31:0]$55 [9], Q = \data[49] [9]).
Adding EN signal on $memory\data[49]$2835 ($dff) from module icache_dm (D = $0$memwr$\data$icache_dm.v:30$44_DATA[31:0]$55 [10], Q = \data[49] [10]).
Adding EN signal on $memory\data[49]$2835 ($dff) from module icache_dm (D = $0$memwr$\data$icache_dm.v:30$44_DATA[31:0]$55 [11], Q = \data[49] [11]).
Adding EN signal on $memory\data[49]$2835 ($dff) from module icache_dm (D = $0$memwr$\data$icache_dm.v:30$44_DATA[31:0]$55 [12], Q = \data[49] [12]).
Adding EN signal on $memory\data[49]$2835 ($dff) from module icache_dm (D = $0$memwr$\data$icache_dm.v:30$44_DATA[31:0]$55 [13], Q = \data[49] [13]).
Adding EN signal on $memory\data[49]$2835 ($dff) from module icache_dm (D = $0$memwr$\data$icache_dm.v:30$44_DATA[31:0]$55 [14], Q = \data[49] [14]).
Adding EN signal on $memory\data[49]$2835 ($dff) from module icache_dm (D = $0$memwr$\data$icache_dm.v:30$44_DATA[31:0]$55 [15], Q = \data[49] [15]).
Adding EN signal on $memory\data[49]$2835 ($dff) from module icache_dm (D = $0$memwr$\data$icache_dm.v:30$44_DATA[31:0]$55 [16], Q = \data[49] [16]).
Adding EN signal on $memory\data[49]$2835 ($dff) from module icache_dm (D = $0$memwr$\data$icache_dm.v:30$44_DATA[31:0]$55 [17], Q = \data[49] [17]).
Adding EN signal on $memory\data[49]$2835 ($dff) from module icache_dm (D = $0$memwr$\data$icache_dm.v:30$44_DATA[31:0]$55 [18], Q = \data[49] [18]).
Adding EN signal on $memory\data[49]$2835 ($dff) from module icache_dm (D = $0$memwr$\data$icache_dm.v:30$44_DATA[31:0]$55 [19], Q = \data[49] [19]).
Adding EN signal on $memory\data[49]$2835 ($dff) from module icache_dm (D = $0$memwr$\data$icache_dm.v:30$44_DATA[31:0]$55 [20], Q = \data[49] [20]).
Adding EN signal on $memory\data[49]$2835 ($dff) from module icache_dm (D = $0$memwr$\data$icache_dm.v:30$44_DATA[31:0]$55 [21], Q = \data[49] [21]).
Adding EN signal on $memory\data[49]$2835 ($dff) from module icache_dm (D = $0$memwr$\data$icache_dm.v:30$44_DATA[31:0]$55 [22], Q = \data[49] [22]).
Adding EN signal on $memory\data[49]$2835 ($dff) from module icache_dm (D = $0$memwr$\data$icache_dm.v:30$44_DATA[31:0]$55 [23], Q = \data[49] [23]).
Adding EN signal on $memory\data[49]$2835 ($dff) from module icache_dm (D = $0$memwr$\data$icache_dm.v:30$44_DATA[31:0]$55 [24], Q = \data[49] [24]).
Adding EN signal on $memory\data[49]$2835 ($dff) from module icache_dm (D = $0$memwr$\data$icache_dm.v:30$44_DATA[31:0]$55 [25], Q = \data[49] [25]).
Adding EN signal on $memory\data[49]$2835 ($dff) from module icache_dm (D = $0$memwr$\data$icache_dm.v:30$44_DATA[31:0]$55 [26], Q = \data[49] [26]).
Adding EN signal on $memory\data[49]$2835 ($dff) from module icache_dm (D = $0$memwr$\data$icache_dm.v:30$44_DATA[31:0]$55 [27], Q = \data[49] [27]).
Adding EN signal on $memory\data[49]$2835 ($dff) from module icache_dm (D = $0$memwr$\data$icache_dm.v:30$44_DATA[31:0]$55 [28], Q = \data[49] [28]).
Adding EN signal on $memory\data[49]$2835 ($dff) from module icache_dm (D = $0$memwr$\data$icache_dm.v:30$44_DATA[31:0]$55 [29], Q = \data[49] [29]).
Adding EN signal on $memory\data[49]$2835 ($dff) from module icache_dm (D = $0$memwr$\data$icache_dm.v:30$44_DATA[31:0]$55 [30], Q = \data[49] [30]).
Adding EN signal on $memory\data[49]$2835 ($dff) from module icache_dm (D = $0$memwr$\data$icache_dm.v:30$44_DATA[31:0]$55 [31], Q = \data[49] [31]).
Adding EN signal on $memory\data[50]$2837 ($dff) from module icache_dm (D = $0$memwr$\data$icache_dm.v:30$44_DATA[31:0]$55 [0], Q = \data[50] [0]).
Adding EN signal on $memory\data[50]$2837 ($dff) from module icache_dm (D = $0$memwr$\data$icache_dm.v:30$44_DATA[31:0]$55 [1], Q = \data[50] [1]).
Adding EN signal on $memory\data[50]$2837 ($dff) from module icache_dm (D = $0$memwr$\data$icache_dm.v:30$44_DATA[31:0]$55 [2], Q = \data[50] [2]).
Adding EN signal on $memory\data[50]$2837 ($dff) from module icache_dm (D = $0$memwr$\data$icache_dm.v:30$44_DATA[31:0]$55 [3], Q = \data[50] [3]).
Adding EN signal on $memory\data[50]$2837 ($dff) from module icache_dm (D = $0$memwr$\data$icache_dm.v:30$44_DATA[31:0]$55 [4], Q = \data[50] [4]).
Adding EN signal on $memory\data[50]$2837 ($dff) from module icache_dm (D = $0$memwr$\data$icache_dm.v:30$44_DATA[31:0]$55 [5], Q = \data[50] [5]).
Adding EN signal on $memory\data[50]$2837 ($dff) from module icache_dm (D = $0$memwr$\data$icache_dm.v:30$44_DATA[31:0]$55 [6], Q = \data[50] [6]).
Adding EN signal on $memory\data[50]$2837 ($dff) from module icache_dm (D = $0$memwr$\data$icache_dm.v:30$44_DATA[31:0]$55 [7], Q = \data[50] [7]).
Adding EN signal on $memory\data[50]$2837 ($dff) from module icache_dm (D = $0$memwr$\data$icache_dm.v:30$44_DATA[31:0]$55 [8], Q = \data[50] [8]).
Adding EN signal on $memory\data[50]$2837 ($dff) from module icache_dm (D = $0$memwr$\data$icache_dm.v:30$44_DATA[31:0]$55 [9], Q = \data[50] [9]).
Adding EN signal on $memory\data[50]$2837 ($dff) from module icache_dm (D = $0$memwr$\data$icache_dm.v:30$44_DATA[31:0]$55 [10], Q = \data[50] [10]).
Adding EN signal on $memory\data[50]$2837 ($dff) from module icache_dm (D = $0$memwr$\data$icache_dm.v:30$44_DATA[31:0]$55 [11], Q = \data[50] [11]).
Adding EN signal on $memory\data[50]$2837 ($dff) from module icache_dm (D = $0$memwr$\data$icache_dm.v:30$44_DATA[31:0]$55 [12], Q = \data[50] [12]).
Adding EN signal on $memory\data[50]$2837 ($dff) from module icache_dm (D = $0$memwr$\data$icache_dm.v:30$44_DATA[31:0]$55 [13], Q = \data[50] [13]).
Adding EN signal on $memory\data[50]$2837 ($dff) from module icache_dm (D = $0$memwr$\data$icache_dm.v:30$44_DATA[31:0]$55 [14], Q = \data[50] [14]).
Adding EN signal on $memory\data[50]$2837 ($dff) from module icache_dm (D = $0$memwr$\data$icache_dm.v:30$44_DATA[31:0]$55 [15], Q = \data[50] [15]).
Adding EN signal on $memory\data[50]$2837 ($dff) from module icache_dm (D = $0$memwr$\data$icache_dm.v:30$44_DATA[31:0]$55 [16], Q = \data[50] [16]).
Adding EN signal on $memory\data[50]$2837 ($dff) from module icache_dm (D = $0$memwr$\data$icache_dm.v:30$44_DATA[31:0]$55 [17], Q = \data[50] [17]).
Adding EN signal on $memory\data[50]$2837 ($dff) from module icache_dm (D = $0$memwr$\data$icache_dm.v:30$44_DATA[31:0]$55 [18], Q = \data[50] [18]).
Adding EN signal on $memory\data[50]$2837 ($dff) from module icache_dm (D = $0$memwr$\data$icache_dm.v:30$44_DATA[31:0]$55 [19], Q = \data[50] [19]).
Adding EN signal on $memory\data[50]$2837 ($dff) from module icache_dm (D = $0$memwr$\data$icache_dm.v:30$44_DATA[31:0]$55 [20], Q = \data[50] [20]).
Adding EN signal on $memory\data[50]$2837 ($dff) from module icache_dm (D = $0$memwr$\data$icache_dm.v:30$44_DATA[31:0]$55 [21], Q = \data[50] [21]).
Adding EN signal on $memory\data[50]$2837 ($dff) from module icache_dm (D = $0$memwr$\data$icache_dm.v:30$44_DATA[31:0]$55 [22], Q = \data[50] [22]).
Adding EN signal on $memory\data[50]$2837 ($dff) from module icache_dm (D = $0$memwr$\data$icache_dm.v:30$44_DATA[31:0]$55 [23], Q = \data[50] [23]).
Adding EN signal on $memory\data[50]$2837 ($dff) from module icache_dm (D = $0$memwr$\data$icache_dm.v:30$44_DATA[31:0]$55 [24], Q = \data[50] [24]).
Adding EN signal on $memory\data[50]$2837 ($dff) from module icache_dm (D = $0$memwr$\data$icache_dm.v:30$44_DATA[31:0]$55 [25], Q = \data[50] [25]).
Adding EN signal on $memory\data[50]$2837 ($dff) from module icache_dm (D = $0$memwr$\data$icache_dm.v:30$44_DATA[31:0]$55 [26], Q = \data[50] [26]).
Adding EN signal on $memory\data[50]$2837 ($dff) from module icache_dm (D = $0$memwr$\data$icache_dm.v:30$44_DATA[31:0]$55 [27], Q = \data[50] [27]).
Adding EN signal on $memory\data[50]$2837 ($dff) from module icache_dm (D = $0$memwr$\data$icache_dm.v:30$44_DATA[31:0]$55 [28], Q = \data[50] [28]).
Adding EN signal on $memory\data[50]$2837 ($dff) from module icache_dm (D = $0$memwr$\data$icache_dm.v:30$44_DATA[31:0]$55 [29], Q = \data[50] [29]).
Adding EN signal on $memory\data[50]$2837 ($dff) from module icache_dm (D = $0$memwr$\data$icache_dm.v:30$44_DATA[31:0]$55 [30], Q = \data[50] [30]).
Adding EN signal on $memory\data[50]$2837 ($dff) from module icache_dm (D = $0$memwr$\data$icache_dm.v:30$44_DATA[31:0]$55 [31], Q = \data[50] [31]).
Adding EN signal on $memory\data[51]$2839 ($dff) from module icache_dm (D = $0$memwr$\data$icache_dm.v:30$44_DATA[31:0]$55 [0], Q = \data[51] [0]).
Adding EN signal on $memory\data[51]$2839 ($dff) from module icache_dm (D = $0$memwr$\data$icache_dm.v:30$44_DATA[31:0]$55 [1], Q = \data[51] [1]).
Adding EN signal on $memory\data[51]$2839 ($dff) from module icache_dm (D = $0$memwr$\data$icache_dm.v:30$44_DATA[31:0]$55 [2], Q = \data[51] [2]).
Adding EN signal on $memory\data[51]$2839 ($dff) from module icache_dm (D = $0$memwr$\data$icache_dm.v:30$44_DATA[31:0]$55 [3], Q = \data[51] [3]).
Adding EN signal on $memory\data[51]$2839 ($dff) from module icache_dm (D = $0$memwr$\data$icache_dm.v:30$44_DATA[31:0]$55 [4], Q = \data[51] [4]).
Adding EN signal on $memory\data[51]$2839 ($dff) from module icache_dm (D = $0$memwr$\data$icache_dm.v:30$44_DATA[31:0]$55 [5], Q = \data[51] [5]).
Adding EN signal on $memory\data[51]$2839 ($dff) from module icache_dm (D = $0$memwr$\data$icache_dm.v:30$44_DATA[31:0]$55 [6], Q = \data[51] [6]).
Adding EN signal on $memory\data[51]$2839 ($dff) from module icache_dm (D = $0$memwr$\data$icache_dm.v:30$44_DATA[31:0]$55 [7], Q = \data[51] [7]).
Adding EN signal on $memory\data[51]$2839 ($dff) from module icache_dm (D = $0$memwr$\data$icache_dm.v:30$44_DATA[31:0]$55 [8], Q = \data[51] [8]).
Adding EN signal on $memory\data[51]$2839 ($dff) from module icache_dm (D = $0$memwr$\data$icache_dm.v:30$44_DATA[31:0]$55 [9], Q = \data[51] [9]).
Adding EN signal on $memory\data[51]$2839 ($dff) from module icache_dm (D = $0$memwr$\data$icache_dm.v:30$44_DATA[31:0]$55 [10], Q = \data[51] [10]).
Adding EN signal on $memory\data[51]$2839 ($dff) from module icache_dm (D = $0$memwr$\data$icache_dm.v:30$44_DATA[31:0]$55 [11], Q = \data[51] [11]).
Adding EN signal on $memory\data[51]$2839 ($dff) from module icache_dm (D = $0$memwr$\data$icache_dm.v:30$44_DATA[31:0]$55 [12], Q = \data[51] [12]).
Adding EN signal on $memory\data[51]$2839 ($dff) from module icache_dm (D = $0$memwr$\data$icache_dm.v:30$44_DATA[31:0]$55 [13], Q = \data[51] [13]).
Adding EN signal on $memory\data[51]$2839 ($dff) from module icache_dm (D = $0$memwr$\data$icache_dm.v:30$44_DATA[31:0]$55 [14], Q = \data[51] [14]).
Adding EN signal on $memory\data[51]$2839 ($dff) from module icache_dm (D = $0$memwr$\data$icache_dm.v:30$44_DATA[31:0]$55 [15], Q = \data[51] [15]).
Adding EN signal on $memory\data[51]$2839 ($dff) from module icache_dm (D = $0$memwr$\data$icache_dm.v:30$44_DATA[31:0]$55 [16], Q = \data[51] [16]).
Adding EN signal on $memory\data[51]$2839 ($dff) from module icache_dm (D = $0$memwr$\data$icache_dm.v:30$44_DATA[31:0]$55 [17], Q = \data[51] [17]).
Adding EN signal on $memory\data[51]$2839 ($dff) from module icache_dm (D = $0$memwr$\data$icache_dm.v:30$44_DATA[31:0]$55 [18], Q = \data[51] [18]).
Adding EN signal on $memory\data[51]$2839 ($dff) from module icache_dm (D = $0$memwr$\data$icache_dm.v:30$44_DATA[31:0]$55 [19], Q = \data[51] [19]).
Adding EN signal on $memory\data[51]$2839 ($dff) from module icache_dm (D = $0$memwr$\data$icache_dm.v:30$44_DATA[31:0]$55 [20], Q = \data[51] [20]).
Adding EN signal on $memory\data[51]$2839 ($dff) from module icache_dm (D = $0$memwr$\data$icache_dm.v:30$44_DATA[31:0]$55 [21], Q = \data[51] [21]).
Adding EN signal on $memory\data[51]$2839 ($dff) from module icache_dm (D = $0$memwr$\data$icache_dm.v:30$44_DATA[31:0]$55 [22], Q = \data[51] [22]).
Adding EN signal on $memory\data[51]$2839 ($dff) from module icache_dm (D = $0$memwr$\data$icache_dm.v:30$44_DATA[31:0]$55 [23], Q = \data[51] [23]).
Adding EN signal on $memory\data[51]$2839 ($dff) from module icache_dm (D = $0$memwr$\data$icache_dm.v:30$44_DATA[31:0]$55 [24], Q = \data[51] [24]).
Adding EN signal on $memory\data[51]$2839 ($dff) from module icache_dm (D = $0$memwr$\data$icache_dm.v:30$44_DATA[31:0]$55 [25], Q = \data[51] [25]).
Adding EN signal on $memory\data[51]$2839 ($dff) from module icache_dm (D = $0$memwr$\data$icache_dm.v:30$44_DATA[31:0]$55 [26], Q = \data[51] [26]).
Adding EN signal on $memory\data[51]$2839 ($dff) from module icache_dm (D = $0$memwr$\data$icache_dm.v:30$44_DATA[31:0]$55 [27], Q = \data[51] [27]).
Adding EN signal on $memory\data[51]$2839 ($dff) from module icache_dm (D = $0$memwr$\data$icache_dm.v:30$44_DATA[31:0]$55 [28], Q = \data[51] [28]).
Adding EN signal on $memory\data[51]$2839 ($dff) from module icache_dm (D = $0$memwr$\data$icache_dm.v:30$44_DATA[31:0]$55 [29], Q = \data[51] [29]).
Adding EN signal on $memory\data[51]$2839 ($dff) from module icache_dm (D = $0$memwr$\data$icache_dm.v:30$44_DATA[31:0]$55 [30], Q = \data[51] [30]).
Adding EN signal on $memory\data[51]$2839 ($dff) from module icache_dm (D = $0$memwr$\data$icache_dm.v:30$44_DATA[31:0]$55 [31], Q = \data[51] [31]).
Adding EN signal on $memory\data[52]$2841 ($dff) from module icache_dm (D = $0$memwr$\data$icache_dm.v:30$44_DATA[31:0]$55 [0], Q = \data[52] [0]).
Adding EN signal on $memory\data[52]$2841 ($dff) from module icache_dm (D = $0$memwr$\data$icache_dm.v:30$44_DATA[31:0]$55 [1], Q = \data[52] [1]).
Adding EN signal on $memory\data[52]$2841 ($dff) from module icache_dm (D = $0$memwr$\data$icache_dm.v:30$44_DATA[31:0]$55 [2], Q = \data[52] [2]).
Adding EN signal on $memory\data[52]$2841 ($dff) from module icache_dm (D = $0$memwr$\data$icache_dm.v:30$44_DATA[31:0]$55 [3], Q = \data[52] [3]).
Adding EN signal on $memory\data[52]$2841 ($dff) from module icache_dm (D = $0$memwr$\data$icache_dm.v:30$44_DATA[31:0]$55 [4], Q = \data[52] [4]).
Adding EN signal on $memory\data[52]$2841 ($dff) from module icache_dm (D = $0$memwr$\data$icache_dm.v:30$44_DATA[31:0]$55 [5], Q = \data[52] [5]).
Adding EN signal on $memory\data[52]$2841 ($dff) from module icache_dm (D = $0$memwr$\data$icache_dm.v:30$44_DATA[31:0]$55 [6], Q = \data[52] [6]).
Adding EN signal on $memory\data[52]$2841 ($dff) from module icache_dm (D = $0$memwr$\data$icache_dm.v:30$44_DATA[31:0]$55 [7], Q = \data[52] [7]).
Adding EN signal on $memory\data[52]$2841 ($dff) from module icache_dm (D = $0$memwr$\data$icache_dm.v:30$44_DATA[31:0]$55 [8], Q = \data[52] [8]).
Adding EN signal on $memory\data[52]$2841 ($dff) from module icache_dm (D = $0$memwr$\data$icache_dm.v:30$44_DATA[31:0]$55 [9], Q = \data[52] [9]).
Adding EN signal on $memory\data[52]$2841 ($dff) from module icache_dm (D = $0$memwr$\data$icache_dm.v:30$44_DATA[31:0]$55 [10], Q = \data[52] [10]).
Adding EN signal on $memory\data[52]$2841 ($dff) from module icache_dm (D = $0$memwr$\data$icache_dm.v:30$44_DATA[31:0]$55 [11], Q = \data[52] [11]).
Adding EN signal on $memory\data[52]$2841 ($dff) from module icache_dm (D = $0$memwr$\data$icache_dm.v:30$44_DATA[31:0]$55 [12], Q = \data[52] [12]).
Adding EN signal on $memory\data[52]$2841 ($dff) from module icache_dm (D = $0$memwr$\data$icache_dm.v:30$44_DATA[31:0]$55 [13], Q = \data[52] [13]).
Adding EN signal on $memory\data[52]$2841 ($dff) from module icache_dm (D = $0$memwr$\data$icache_dm.v:30$44_DATA[31:0]$55 [14], Q = \data[52] [14]).
Adding EN signal on $memory\data[52]$2841 ($dff) from module icache_dm (D = $0$memwr$\data$icache_dm.v:30$44_DATA[31:0]$55 [15], Q = \data[52] [15]).
Adding EN signal on $memory\data[52]$2841 ($dff) from module icache_dm (D = $0$memwr$\data$icache_dm.v:30$44_DATA[31:0]$55 [16], Q = \data[52] [16]).
Adding EN signal on $memory\data[52]$2841 ($dff) from module icache_dm (D = $0$memwr$\data$icache_dm.v:30$44_DATA[31:0]$55 [17], Q = \data[52] [17]).
Adding EN signal on $memory\data[52]$2841 ($dff) from module icache_dm (D = $0$memwr$\data$icache_dm.v:30$44_DATA[31:0]$55 [18], Q = \data[52] [18]).
Adding EN signal on $memory\data[52]$2841 ($dff) from module icache_dm (D = $0$memwr$\data$icache_dm.v:30$44_DATA[31:0]$55 [19], Q = \data[52] [19]).
Adding EN signal on $memory\data[52]$2841 ($dff) from module icache_dm (D = $0$memwr$\data$icache_dm.v:30$44_DATA[31:0]$55 [20], Q = \data[52] [20]).
Adding EN signal on $memory\data[52]$2841 ($dff) from module icache_dm (D = $0$memwr$\data$icache_dm.v:30$44_DATA[31:0]$55 [21], Q = \data[52] [21]).
Adding EN signal on $memory\data[52]$2841 ($dff) from module icache_dm (D = $0$memwr$\data$icache_dm.v:30$44_DATA[31:0]$55 [22], Q = \data[52] [22]).
Adding EN signal on $memory\data[52]$2841 ($dff) from module icache_dm (D = $0$memwr$\data$icache_dm.v:30$44_DATA[31:0]$55 [23], Q = \data[52] [23]).
Adding EN signal on $memory\data[52]$2841 ($dff) from module icache_dm (D = $0$memwr$\data$icache_dm.v:30$44_DATA[31:0]$55 [24], Q = \data[52] [24]).
Adding EN signal on $memory\data[52]$2841 ($dff) from module icache_dm (D = $0$memwr$\data$icache_dm.v:30$44_DATA[31:0]$55 [25], Q = \data[52] [25]).
Adding EN signal on $memory\data[52]$2841 ($dff) from module icache_dm (D = $0$memwr$\data$icache_dm.v:30$44_DATA[31:0]$55 [26], Q = \data[52] [26]).
Adding EN signal on $memory\data[52]$2841 ($dff) from module icache_dm (D = $0$memwr$\data$icache_dm.v:30$44_DATA[31:0]$55 [27], Q = \data[52] [27]).
Adding EN signal on $memory\data[52]$2841 ($dff) from module icache_dm (D = $0$memwr$\data$icache_dm.v:30$44_DATA[31:0]$55 [28], Q = \data[52] [28]).
Adding EN signal on $memory\data[52]$2841 ($dff) from module icache_dm (D = $0$memwr$\data$icache_dm.v:30$44_DATA[31:0]$55 [29], Q = \data[52] [29]).
Adding EN signal on $memory\data[52]$2841 ($dff) from module icache_dm (D = $0$memwr$\data$icache_dm.v:30$44_DATA[31:0]$55 [30], Q = \data[52] [30]).
Adding EN signal on $memory\data[52]$2841 ($dff) from module icache_dm (D = $0$memwr$\data$icache_dm.v:30$44_DATA[31:0]$55 [31], Q = \data[52] [31]).
Adding EN signal on $memory\data[53]$2843 ($dff) from module icache_dm (D = $0$memwr$\data$icache_dm.v:30$44_DATA[31:0]$55 [0], Q = \data[53] [0]).
Adding EN signal on $memory\data[53]$2843 ($dff) from module icache_dm (D = $0$memwr$\data$icache_dm.v:30$44_DATA[31:0]$55 [1], Q = \data[53] [1]).
Adding EN signal on $memory\data[53]$2843 ($dff) from module icache_dm (D = $0$memwr$\data$icache_dm.v:30$44_DATA[31:0]$55 [2], Q = \data[53] [2]).
Adding EN signal on $memory\data[53]$2843 ($dff) from module icache_dm (D = $0$memwr$\data$icache_dm.v:30$44_DATA[31:0]$55 [3], Q = \data[53] [3]).
Adding EN signal on $memory\data[53]$2843 ($dff) from module icache_dm (D = $0$memwr$\data$icache_dm.v:30$44_DATA[31:0]$55 [4], Q = \data[53] [4]).
Adding EN signal on $memory\data[53]$2843 ($dff) from module icache_dm (D = $0$memwr$\data$icache_dm.v:30$44_DATA[31:0]$55 [5], Q = \data[53] [5]).
Adding EN signal on $memory\data[53]$2843 ($dff) from module icache_dm (D = $0$memwr$\data$icache_dm.v:30$44_DATA[31:0]$55 [6], Q = \data[53] [6]).
Adding EN signal on $memory\data[53]$2843 ($dff) from module icache_dm (D = $0$memwr$\data$icache_dm.v:30$44_DATA[31:0]$55 [7], Q = \data[53] [7]).
Adding EN signal on $memory\data[53]$2843 ($dff) from module icache_dm (D = $0$memwr$\data$icache_dm.v:30$44_DATA[31:0]$55 [8], Q = \data[53] [8]).
Adding EN signal on $memory\data[53]$2843 ($dff) from module icache_dm (D = $0$memwr$\data$icache_dm.v:30$44_DATA[31:0]$55 [9], Q = \data[53] [9]).
Adding EN signal on $memory\data[53]$2843 ($dff) from module icache_dm (D = $0$memwr$\data$icache_dm.v:30$44_DATA[31:0]$55 [10], Q = \data[53] [10]).
Adding EN signal on $memory\data[53]$2843 ($dff) from module icache_dm (D = $0$memwr$\data$icache_dm.v:30$44_DATA[31:0]$55 [11], Q = \data[53] [11]).
Adding EN signal on $memory\data[53]$2843 ($dff) from module icache_dm (D = $0$memwr$\data$icache_dm.v:30$44_DATA[31:0]$55 [12], Q = \data[53] [12]).
Adding EN signal on $memory\data[53]$2843 ($dff) from module icache_dm (D = $0$memwr$\data$icache_dm.v:30$44_DATA[31:0]$55 [13], Q = \data[53] [13]).
Adding EN signal on $memory\data[53]$2843 ($dff) from module icache_dm (D = $0$memwr$\data$icache_dm.v:30$44_DATA[31:0]$55 [14], Q = \data[53] [14]).
Adding EN signal on $memory\data[53]$2843 ($dff) from module icache_dm (D = $0$memwr$\data$icache_dm.v:30$44_DATA[31:0]$55 [15], Q = \data[53] [15]).
Adding EN signal on $memory\data[53]$2843 ($dff) from module icache_dm (D = $0$memwr$\data$icache_dm.v:30$44_DATA[31:0]$55 [16], Q = \data[53] [16]).
Adding EN signal on $memory\data[53]$2843 ($dff) from module icache_dm (D = $0$memwr$\data$icache_dm.v:30$44_DATA[31:0]$55 [17], Q = \data[53] [17]).
Adding EN signal on $memory\data[53]$2843 ($dff) from module icache_dm (D = $0$memwr$\data$icache_dm.v:30$44_DATA[31:0]$55 [18], Q = \data[53] [18]).
Adding EN signal on $memory\data[53]$2843 ($dff) from module icache_dm (D = $0$memwr$\data$icache_dm.v:30$44_DATA[31:0]$55 [19], Q = \data[53] [19]).
Adding EN signal on $memory\data[53]$2843 ($dff) from module icache_dm (D = $0$memwr$\data$icache_dm.v:30$44_DATA[31:0]$55 [20], Q = \data[53] [20]).
Adding EN signal on $memory\data[53]$2843 ($dff) from module icache_dm (D = $0$memwr$\data$icache_dm.v:30$44_DATA[31:0]$55 [21], Q = \data[53] [21]).
Adding EN signal on $memory\data[53]$2843 ($dff) from module icache_dm (D = $0$memwr$\data$icache_dm.v:30$44_DATA[31:0]$55 [22], Q = \data[53] [22]).
Adding EN signal on $memory\data[53]$2843 ($dff) from module icache_dm (D = $0$memwr$\data$icache_dm.v:30$44_DATA[31:0]$55 [23], Q = \data[53] [23]).
Adding EN signal on $memory\data[53]$2843 ($dff) from module icache_dm (D = $0$memwr$\data$icache_dm.v:30$44_DATA[31:0]$55 [24], Q = \data[53] [24]).
Adding EN signal on $memory\data[53]$2843 ($dff) from module icache_dm (D = $0$memwr$\data$icache_dm.v:30$44_DATA[31:0]$55 [25], Q = \data[53] [25]).
Adding EN signal on $memory\data[53]$2843 ($dff) from module icache_dm (D = $0$memwr$\data$icache_dm.v:30$44_DATA[31:0]$55 [26], Q = \data[53] [26]).
Adding EN signal on $memory\data[53]$2843 ($dff) from module icache_dm (D = $0$memwr$\data$icache_dm.v:30$44_DATA[31:0]$55 [27], Q = \data[53] [27]).
Adding EN signal on $memory\data[53]$2843 ($dff) from module icache_dm (D = $0$memwr$\data$icache_dm.v:30$44_DATA[31:0]$55 [28], Q = \data[53] [28]).
Adding EN signal on $memory\data[53]$2843 ($dff) from module icache_dm (D = $0$memwr$\data$icache_dm.v:30$44_DATA[31:0]$55 [29], Q = \data[53] [29]).
Adding EN signal on $memory\data[53]$2843 ($dff) from module icache_dm (D = $0$memwr$\data$icache_dm.v:30$44_DATA[31:0]$55 [30], Q = \data[53] [30]).
Adding EN signal on $memory\data[53]$2843 ($dff) from module icache_dm (D = $0$memwr$\data$icache_dm.v:30$44_DATA[31:0]$55 [31], Q = \data[53] [31]).
Adding EN signal on $memory\data[54]$2845 ($dff) from module icache_dm (D = $0$memwr$\data$icache_dm.v:30$44_DATA[31:0]$55 [0], Q = \data[54] [0]).
Adding EN signal on $memory\data[54]$2845 ($dff) from module icache_dm (D = $0$memwr$\data$icache_dm.v:30$44_DATA[31:0]$55 [1], Q = \data[54] [1]).
Adding EN signal on $memory\data[54]$2845 ($dff) from module icache_dm (D = $0$memwr$\data$icache_dm.v:30$44_DATA[31:0]$55 [2], Q = \data[54] [2]).
Adding EN signal on $memory\data[54]$2845 ($dff) from module icache_dm (D = $0$memwr$\data$icache_dm.v:30$44_DATA[31:0]$55 [3], Q = \data[54] [3]).
Adding EN signal on $memory\data[54]$2845 ($dff) from module icache_dm (D = $0$memwr$\data$icache_dm.v:30$44_DATA[31:0]$55 [4], Q = \data[54] [4]).
Adding EN signal on $memory\data[54]$2845 ($dff) from module icache_dm (D = $0$memwr$\data$icache_dm.v:30$44_DATA[31:0]$55 [5], Q = \data[54] [5]).
Adding EN signal on $memory\data[54]$2845 ($dff) from module icache_dm (D = $0$memwr$\data$icache_dm.v:30$44_DATA[31:0]$55 [6], Q = \data[54] [6]).
Adding EN signal on $memory\data[54]$2845 ($dff) from module icache_dm (D = $0$memwr$\data$icache_dm.v:30$44_DATA[31:0]$55 [7], Q = \data[54] [7]).
Adding EN signal on $memory\data[54]$2845 ($dff) from module icache_dm (D = $0$memwr$\data$icache_dm.v:30$44_DATA[31:0]$55 [8], Q = \data[54] [8]).
Adding EN signal on $memory\data[54]$2845 ($dff) from module icache_dm (D = $0$memwr$\data$icache_dm.v:30$44_DATA[31:0]$55 [9], Q = \data[54] [9]).
Adding EN signal on $memory\data[54]$2845 ($dff) from module icache_dm (D = $0$memwr$\data$icache_dm.v:30$44_DATA[31:0]$55 [10], Q = \data[54] [10]).
Adding EN signal on $memory\data[54]$2845 ($dff) from module icache_dm (D = $0$memwr$\data$icache_dm.v:30$44_DATA[31:0]$55 [11], Q = \data[54] [11]).
Adding EN signal on $memory\data[54]$2845 ($dff) from module icache_dm (D = $0$memwr$\data$icache_dm.v:30$44_DATA[31:0]$55 [12], Q = \data[54] [12]).
Adding EN signal on $memory\data[54]$2845 ($dff) from module icache_dm (D = $0$memwr$\data$icache_dm.v:30$44_DATA[31:0]$55 [13], Q = \data[54] [13]).
Adding EN signal on $memory\data[54]$2845 ($dff) from module icache_dm (D = $0$memwr$\data$icache_dm.v:30$44_DATA[31:0]$55 [14], Q = \data[54] [14]).
Adding EN signal on $memory\data[54]$2845 ($dff) from module icache_dm (D = $0$memwr$\data$icache_dm.v:30$44_DATA[31:0]$55 [15], Q = \data[54] [15]).
Adding EN signal on $memory\data[54]$2845 ($dff) from module icache_dm (D = $0$memwr$\data$icache_dm.v:30$44_DATA[31:0]$55 [16], Q = \data[54] [16]).
Adding EN signal on $memory\data[54]$2845 ($dff) from module icache_dm (D = $0$memwr$\data$icache_dm.v:30$44_DATA[31:0]$55 [17], Q = \data[54] [17]).
Adding EN signal on $memory\data[54]$2845 ($dff) from module icache_dm (D = $0$memwr$\data$icache_dm.v:30$44_DATA[31:0]$55 [18], Q = \data[54] [18]).
Adding EN signal on $memory\data[54]$2845 ($dff) from module icache_dm (D = $0$memwr$\data$icache_dm.v:30$44_DATA[31:0]$55 [19], Q = \data[54] [19]).
Adding EN signal on $memory\data[54]$2845 ($dff) from module icache_dm (D = $0$memwr$\data$icache_dm.v:30$44_DATA[31:0]$55 [20], Q = \data[54] [20]).
Adding EN signal on $memory\data[54]$2845 ($dff) from module icache_dm (D = $0$memwr$\data$icache_dm.v:30$44_DATA[31:0]$55 [21], Q = \data[54] [21]).
Adding EN signal on $memory\data[54]$2845 ($dff) from module icache_dm (D = $0$memwr$\data$icache_dm.v:30$44_DATA[31:0]$55 [22], Q = \data[54] [22]).
Adding EN signal on $memory\data[54]$2845 ($dff) from module icache_dm (D = $0$memwr$\data$icache_dm.v:30$44_DATA[31:0]$55 [23], Q = \data[54] [23]).
Adding EN signal on $memory\data[54]$2845 ($dff) from module icache_dm (D = $0$memwr$\data$icache_dm.v:30$44_DATA[31:0]$55 [24], Q = \data[54] [24]).
Adding EN signal on $memory\data[54]$2845 ($dff) from module icache_dm (D = $0$memwr$\data$icache_dm.v:30$44_DATA[31:0]$55 [25], Q = \data[54] [25]).
Adding EN signal on $memory\data[54]$2845 ($dff) from module icache_dm (D = $0$memwr$\data$icache_dm.v:30$44_DATA[31:0]$55 [26], Q = \data[54] [26]).
Adding EN signal on $memory\data[54]$2845 ($dff) from module icache_dm (D = $0$memwr$\data$icache_dm.v:30$44_DATA[31:0]$55 [27], Q = \data[54] [27]).
Adding EN signal on $memory\data[54]$2845 ($dff) from module icache_dm (D = $0$memwr$\data$icache_dm.v:30$44_DATA[31:0]$55 [28], Q = \data[54] [28]).
Adding EN signal on $memory\data[54]$2845 ($dff) from module icache_dm (D = $0$memwr$\data$icache_dm.v:30$44_DATA[31:0]$55 [29], Q = \data[54] [29]).
Adding EN signal on $memory\data[54]$2845 ($dff) from module icache_dm (D = $0$memwr$\data$icache_dm.v:30$44_DATA[31:0]$55 [30], Q = \data[54] [30]).
Adding EN signal on $memory\data[54]$2845 ($dff) from module icache_dm (D = $0$memwr$\data$icache_dm.v:30$44_DATA[31:0]$55 [31], Q = \data[54] [31]).
Adding EN signal on $memory\data[55]$2847 ($dff) from module icache_dm (D = $0$memwr$\data$icache_dm.v:30$44_DATA[31:0]$55 [0], Q = \data[55] [0]).
Adding EN signal on $memory\data[55]$2847 ($dff) from module icache_dm (D = $0$memwr$\data$icache_dm.v:30$44_DATA[31:0]$55 [1], Q = \data[55] [1]).
Adding EN signal on $memory\data[55]$2847 ($dff) from module icache_dm (D = $0$memwr$\data$icache_dm.v:30$44_DATA[31:0]$55 [2], Q = \data[55] [2]).
Adding EN signal on $memory\data[55]$2847 ($dff) from module icache_dm (D = $0$memwr$\data$icache_dm.v:30$44_DATA[31:0]$55 [3], Q = \data[55] [3]).
Adding EN signal on $memory\data[55]$2847 ($dff) from module icache_dm (D = $0$memwr$\data$icache_dm.v:30$44_DATA[31:0]$55 [4], Q = \data[55] [4]).
Adding EN signal on $memory\data[55]$2847 ($dff) from module icache_dm (D = $0$memwr$\data$icache_dm.v:30$44_DATA[31:0]$55 [5], Q = \data[55] [5]).
Adding EN signal on $memory\data[55]$2847 ($dff) from module icache_dm (D = $0$memwr$\data$icache_dm.v:30$44_DATA[31:0]$55 [6], Q = \data[55] [6]).
Adding EN signal on $memory\data[55]$2847 ($dff) from module icache_dm (D = $0$memwr$\data$icache_dm.v:30$44_DATA[31:0]$55 [7], Q = \data[55] [7]).
Adding EN signal on $memory\data[55]$2847 ($dff) from module icache_dm (D = $0$memwr$\data$icache_dm.v:30$44_DATA[31:0]$55 [8], Q = \data[55] [8]).
Adding EN signal on $memory\data[55]$2847 ($dff) from module icache_dm (D = $0$memwr$\data$icache_dm.v:30$44_DATA[31:0]$55 [9], Q = \data[55] [9]).
Adding EN signal on $memory\data[55]$2847 ($dff) from module icache_dm (D = $0$memwr$\data$icache_dm.v:30$44_DATA[31:0]$55 [10], Q = \data[55] [10]).
Adding EN signal on $memory\data[55]$2847 ($dff) from module icache_dm (D = $0$memwr$\data$icache_dm.v:30$44_DATA[31:0]$55 [11], Q = \data[55] [11]).
Adding EN signal on $memory\data[55]$2847 ($dff) from module icache_dm (D = $0$memwr$\data$icache_dm.v:30$44_DATA[31:0]$55 [12], Q = \data[55] [12]).
Adding EN signal on $memory\data[55]$2847 ($dff) from module icache_dm (D = $0$memwr$\data$icache_dm.v:30$44_DATA[31:0]$55 [13], Q = \data[55] [13]).
Adding EN signal on $memory\data[55]$2847 ($dff) from module icache_dm (D = $0$memwr$\data$icache_dm.v:30$44_DATA[31:0]$55 [14], Q = \data[55] [14]).
Adding EN signal on $memory\data[55]$2847 ($dff) from module icache_dm (D = $0$memwr$\data$icache_dm.v:30$44_DATA[31:0]$55 [15], Q = \data[55] [15]).
Adding EN signal on $memory\data[55]$2847 ($dff) from module icache_dm (D = $0$memwr$\data$icache_dm.v:30$44_DATA[31:0]$55 [16], Q = \data[55] [16]).
Adding EN signal on $memory\data[55]$2847 ($dff) from module icache_dm (D = $0$memwr$\data$icache_dm.v:30$44_DATA[31:0]$55 [17], Q = \data[55] [17]).
Adding EN signal on $memory\data[55]$2847 ($dff) from module icache_dm (D = $0$memwr$\data$icache_dm.v:30$44_DATA[31:0]$55 [18], Q = \data[55] [18]).
Adding EN signal on $memory\data[55]$2847 ($dff) from module icache_dm (D = $0$memwr$\data$icache_dm.v:30$44_DATA[31:0]$55 [19], Q = \data[55] [19]).
Adding EN signal on $memory\data[55]$2847 ($dff) from module icache_dm (D = $0$memwr$\data$icache_dm.v:30$44_DATA[31:0]$55 [20], Q = \data[55] [20]).
Adding EN signal on $memory\data[55]$2847 ($dff) from module icache_dm (D = $0$memwr$\data$icache_dm.v:30$44_DATA[31:0]$55 [21], Q = \data[55] [21]).
Adding EN signal on $memory\data[55]$2847 ($dff) from module icache_dm (D = $0$memwr$\data$icache_dm.v:30$44_DATA[31:0]$55 [22], Q = \data[55] [22]).
Adding EN signal on $memory\data[55]$2847 ($dff) from module icache_dm (D = $0$memwr$\data$icache_dm.v:30$44_DATA[31:0]$55 [23], Q = \data[55] [23]).
Adding EN signal on $memory\data[55]$2847 ($dff) from module icache_dm (D = $0$memwr$\data$icache_dm.v:30$44_DATA[31:0]$55 [24], Q = \data[55] [24]).
Adding EN signal on $memory\data[55]$2847 ($dff) from module icache_dm (D = $0$memwr$\data$icache_dm.v:30$44_DATA[31:0]$55 [25], Q = \data[55] [25]).
Adding EN signal on $memory\data[55]$2847 ($dff) from module icache_dm (D = $0$memwr$\data$icache_dm.v:30$44_DATA[31:0]$55 [26], Q = \data[55] [26]).
Adding EN signal on $memory\data[55]$2847 ($dff) from module icache_dm (D = $0$memwr$\data$icache_dm.v:30$44_DATA[31:0]$55 [27], Q = \data[55] [27]).
Adding EN signal on $memory\data[55]$2847 ($dff) from module icache_dm (D = $0$memwr$\data$icache_dm.v:30$44_DATA[31:0]$55 [28], Q = \data[55] [28]).
Adding EN signal on $memory\data[55]$2847 ($dff) from module icache_dm (D = $0$memwr$\data$icache_dm.v:30$44_DATA[31:0]$55 [29], Q = \data[55] [29]).
Adding EN signal on $memory\data[55]$2847 ($dff) from module icache_dm (D = $0$memwr$\data$icache_dm.v:30$44_DATA[31:0]$55 [30], Q = \data[55] [30]).
Adding EN signal on $memory\data[55]$2847 ($dff) from module icache_dm (D = $0$memwr$\data$icache_dm.v:30$44_DATA[31:0]$55 [31], Q = \data[55] [31]).
Adding EN signal on $memory\data[56]$2849 ($dff) from module icache_dm (D = $0$memwr$\data$icache_dm.v:30$44_DATA[31:0]$55 [0], Q = \data[56] [0]).
Adding EN signal on $memory\data[56]$2849 ($dff) from module icache_dm (D = $0$memwr$\data$icache_dm.v:30$44_DATA[31:0]$55 [1], Q = \data[56] [1]).
Adding EN signal on $memory\data[56]$2849 ($dff) from module icache_dm (D = $0$memwr$\data$icache_dm.v:30$44_DATA[31:0]$55 [2], Q = \data[56] [2]).
Adding EN signal on $memory\data[56]$2849 ($dff) from module icache_dm (D = $0$memwr$\data$icache_dm.v:30$44_DATA[31:0]$55 [3], Q = \data[56] [3]).
Adding EN signal on $memory\data[56]$2849 ($dff) from module icache_dm (D = $0$memwr$\data$icache_dm.v:30$44_DATA[31:0]$55 [4], Q = \data[56] [4]).
Adding EN signal on $memory\data[56]$2849 ($dff) from module icache_dm (D = $0$memwr$\data$icache_dm.v:30$44_DATA[31:0]$55 [5], Q = \data[56] [5]).
Adding EN signal on $memory\data[56]$2849 ($dff) from module icache_dm (D = $0$memwr$\data$icache_dm.v:30$44_DATA[31:0]$55 [6], Q = \data[56] [6]).
Adding EN signal on $memory\data[56]$2849 ($dff) from module icache_dm (D = $0$memwr$\data$icache_dm.v:30$44_DATA[31:0]$55 [7], Q = \data[56] [7]).
Adding EN signal on $memory\data[56]$2849 ($dff) from module icache_dm (D = $0$memwr$\data$icache_dm.v:30$44_DATA[31:0]$55 [8], Q = \data[56] [8]).
Adding EN signal on $memory\data[56]$2849 ($dff) from module icache_dm (D = $0$memwr$\data$icache_dm.v:30$44_DATA[31:0]$55 [9], Q = \data[56] [9]).
Adding EN signal on $memory\data[56]$2849 ($dff) from module icache_dm (D = $0$memwr$\data$icache_dm.v:30$44_DATA[31:0]$55 [10], Q = \data[56] [10]).
Adding EN signal on $memory\data[56]$2849 ($dff) from module icache_dm (D = $0$memwr$\data$icache_dm.v:30$44_DATA[31:0]$55 [11], Q = \data[56] [11]).
Adding EN signal on $memory\data[56]$2849 ($dff) from module icache_dm (D = $0$memwr$\data$icache_dm.v:30$44_DATA[31:0]$55 [12], Q = \data[56] [12]).
Adding EN signal on $memory\data[56]$2849 ($dff) from module icache_dm (D = $0$memwr$\data$icache_dm.v:30$44_DATA[31:0]$55 [13], Q = \data[56] [13]).
Adding EN signal on $memory\data[56]$2849 ($dff) from module icache_dm (D = $0$memwr$\data$icache_dm.v:30$44_DATA[31:0]$55 [14], Q = \data[56] [14]).
Adding EN signal on $memory\data[56]$2849 ($dff) from module icache_dm (D = $0$memwr$\data$icache_dm.v:30$44_DATA[31:0]$55 [15], Q = \data[56] [15]).
Adding EN signal on $memory\data[56]$2849 ($dff) from module icache_dm (D = $0$memwr$\data$icache_dm.v:30$44_DATA[31:0]$55 [16], Q = \data[56] [16]).
Adding EN signal on $memory\data[56]$2849 ($dff) from module icache_dm (D = $0$memwr$\data$icache_dm.v:30$44_DATA[31:0]$55 [17], Q = \data[56] [17]).
Adding EN signal on $memory\data[56]$2849 ($dff) from module icache_dm (D = $0$memwr$\data$icache_dm.v:30$44_DATA[31:0]$55 [18], Q = \data[56] [18]).
Adding EN signal on $memory\data[56]$2849 ($dff) from module icache_dm (D = $0$memwr$\data$icache_dm.v:30$44_DATA[31:0]$55 [19], Q = \data[56] [19]).
Adding EN signal on $memory\data[56]$2849 ($dff) from module icache_dm (D = $0$memwr$\data$icache_dm.v:30$44_DATA[31:0]$55 [20], Q = \data[56] [20]).
Adding EN signal on $memory\data[56]$2849 ($dff) from module icache_dm (D = $0$memwr$\data$icache_dm.v:30$44_DATA[31:0]$55 [21], Q = \data[56] [21]).
Adding EN signal on $memory\data[56]$2849 ($dff) from module icache_dm (D = $0$memwr$\data$icache_dm.v:30$44_DATA[31:0]$55 [22], Q = \data[56] [22]).
Adding EN signal on $memory\data[56]$2849 ($dff) from module icache_dm (D = $0$memwr$\data$icache_dm.v:30$44_DATA[31:0]$55 [23], Q = \data[56] [23]).
Adding EN signal on $memory\data[56]$2849 ($dff) from module icache_dm (D = $0$memwr$\data$icache_dm.v:30$44_DATA[31:0]$55 [24], Q = \data[56] [24]).
Adding EN signal on $memory\data[56]$2849 ($dff) from module icache_dm (D = $0$memwr$\data$icache_dm.v:30$44_DATA[31:0]$55 [25], Q = \data[56] [25]).
Adding EN signal on $memory\data[56]$2849 ($dff) from module icache_dm (D = $0$memwr$\data$icache_dm.v:30$44_DATA[31:0]$55 [26], Q = \data[56] [26]).
Adding EN signal on $memory\data[56]$2849 ($dff) from module icache_dm (D = $0$memwr$\data$icache_dm.v:30$44_DATA[31:0]$55 [27], Q = \data[56] [27]).
Adding EN signal on $memory\data[56]$2849 ($dff) from module icache_dm (D = $0$memwr$\data$icache_dm.v:30$44_DATA[31:0]$55 [28], Q = \data[56] [28]).
Adding EN signal on $memory\data[56]$2849 ($dff) from module icache_dm (D = $0$memwr$\data$icache_dm.v:30$44_DATA[31:0]$55 [29], Q = \data[56] [29]).
Adding EN signal on $memory\data[56]$2849 ($dff) from module icache_dm (D = $0$memwr$\data$icache_dm.v:30$44_DATA[31:0]$55 [30], Q = \data[56] [30]).
Adding EN signal on $memory\data[56]$2849 ($dff) from module icache_dm (D = $0$memwr$\data$icache_dm.v:30$44_DATA[31:0]$55 [31], Q = \data[56] [31]).
Adding EN signal on $memory\data[57]$2851 ($dff) from module icache_dm (D = $0$memwr$\data$icache_dm.v:30$44_DATA[31:0]$55 [0], Q = \data[57] [0]).
Adding EN signal on $memory\data[57]$2851 ($dff) from module icache_dm (D = $0$memwr$\data$icache_dm.v:30$44_DATA[31:0]$55 [1], Q = \data[57] [1]).
Adding EN signal on $memory\data[57]$2851 ($dff) from module icache_dm (D = $0$memwr$\data$icache_dm.v:30$44_DATA[31:0]$55 [2], Q = \data[57] [2]).
Adding EN signal on $memory\data[57]$2851 ($dff) from module icache_dm (D = $0$memwr$\data$icache_dm.v:30$44_DATA[31:0]$55 [3], Q = \data[57] [3]).
Adding EN signal on $memory\data[57]$2851 ($dff) from module icache_dm (D = $0$memwr$\data$icache_dm.v:30$44_DATA[31:0]$55 [4], Q = \data[57] [4]).
Adding EN signal on $memory\data[57]$2851 ($dff) from module icache_dm (D = $0$memwr$\data$icache_dm.v:30$44_DATA[31:0]$55 [5], Q = \data[57] [5]).
Adding EN signal on $memory\data[57]$2851 ($dff) from module icache_dm (D = $0$memwr$\data$icache_dm.v:30$44_DATA[31:0]$55 [6], Q = \data[57] [6]).
Adding EN signal on $memory\data[57]$2851 ($dff) from module icache_dm (D = $0$memwr$\data$icache_dm.v:30$44_DATA[31:0]$55 [7], Q = \data[57] [7]).
Adding EN signal on $memory\data[57]$2851 ($dff) from module icache_dm (D = $0$memwr$\data$icache_dm.v:30$44_DATA[31:0]$55 [8], Q = \data[57] [8]).
Adding EN signal on $memory\data[57]$2851 ($dff) from module icache_dm (D = $0$memwr$\data$icache_dm.v:30$44_DATA[31:0]$55 [9], Q = \data[57] [9]).
Adding EN signal on $memory\data[57]$2851 ($dff) from module icache_dm (D = $0$memwr$\data$icache_dm.v:30$44_DATA[31:0]$55 [10], Q = \data[57] [10]).
Adding EN signal on $memory\data[57]$2851 ($dff) from module icache_dm (D = $0$memwr$\data$icache_dm.v:30$44_DATA[31:0]$55 [11], Q = \data[57] [11]).
Adding EN signal on $memory\data[57]$2851 ($dff) from module icache_dm (D = $0$memwr$\data$icache_dm.v:30$44_DATA[31:0]$55 [12], Q = \data[57] [12]).
Adding EN signal on $memory\data[57]$2851 ($dff) from module icache_dm (D = $0$memwr$\data$icache_dm.v:30$44_DATA[31:0]$55 [13], Q = \data[57] [13]).
Adding EN signal on $memory\data[57]$2851 ($dff) from module icache_dm (D = $0$memwr$\data$icache_dm.v:30$44_DATA[31:0]$55 [14], Q = \data[57] [14]).
Adding EN signal on $memory\data[57]$2851 ($dff) from module icache_dm (D = $0$memwr$\data$icache_dm.v:30$44_DATA[31:0]$55 [15], Q = \data[57] [15]).
Adding EN signal on $memory\data[57]$2851 ($dff) from module icache_dm (D = $0$memwr$\data$icache_dm.v:30$44_DATA[31:0]$55 [16], Q = \data[57] [16]).
Adding EN signal on $memory\data[57]$2851 ($dff) from module icache_dm (D = $0$memwr$\data$icache_dm.v:30$44_DATA[31:0]$55 [17], Q = \data[57] [17]).
Adding EN signal on $memory\data[57]$2851 ($dff) from module icache_dm (D = $0$memwr$\data$icache_dm.v:30$44_DATA[31:0]$55 [18], Q = \data[57] [18]).
Adding EN signal on $memory\data[57]$2851 ($dff) from module icache_dm (D = $0$memwr$\data$icache_dm.v:30$44_DATA[31:0]$55 [19], Q = \data[57] [19]).
Adding EN signal on $memory\data[57]$2851 ($dff) from module icache_dm (D = $0$memwr$\data$icache_dm.v:30$44_DATA[31:0]$55 [20], Q = \data[57] [20]).
Adding EN signal on $memory\data[57]$2851 ($dff) from module icache_dm (D = $0$memwr$\data$icache_dm.v:30$44_DATA[31:0]$55 [21], Q = \data[57] [21]).
Adding EN signal on $memory\data[57]$2851 ($dff) from module icache_dm (D = $0$memwr$\data$icache_dm.v:30$44_DATA[31:0]$55 [22], Q = \data[57] [22]).
Adding EN signal on $memory\data[57]$2851 ($dff) from module icache_dm (D = $0$memwr$\data$icache_dm.v:30$44_DATA[31:0]$55 [23], Q = \data[57] [23]).
Adding EN signal on $memory\data[57]$2851 ($dff) from module icache_dm (D = $0$memwr$\data$icache_dm.v:30$44_DATA[31:0]$55 [24], Q = \data[57] [24]).
Adding EN signal on $memory\data[57]$2851 ($dff) from module icache_dm (D = $0$memwr$\data$icache_dm.v:30$44_DATA[31:0]$55 [25], Q = \data[57] [25]).
Adding EN signal on $memory\data[57]$2851 ($dff) from module icache_dm (D = $0$memwr$\data$icache_dm.v:30$44_DATA[31:0]$55 [26], Q = \data[57] [26]).
Adding EN signal on $memory\data[57]$2851 ($dff) from module icache_dm (D = $0$memwr$\data$icache_dm.v:30$44_DATA[31:0]$55 [27], Q = \data[57] [27]).
Adding EN signal on $memory\data[57]$2851 ($dff) from module icache_dm (D = $0$memwr$\data$icache_dm.v:30$44_DATA[31:0]$55 [28], Q = \data[57] [28]).
Adding EN signal on $memory\data[57]$2851 ($dff) from module icache_dm (D = $0$memwr$\data$icache_dm.v:30$44_DATA[31:0]$55 [29], Q = \data[57] [29]).
Adding EN signal on $memory\data[57]$2851 ($dff) from module icache_dm (D = $0$memwr$\data$icache_dm.v:30$44_DATA[31:0]$55 [30], Q = \data[57] [30]).
Adding EN signal on $memory\data[57]$2851 ($dff) from module icache_dm (D = $0$memwr$\data$icache_dm.v:30$44_DATA[31:0]$55 [31], Q = \data[57] [31]).
Adding EN signal on $memory\data[58]$2853 ($dff) from module icache_dm (D = $0$memwr$\data$icache_dm.v:30$44_DATA[31:0]$55 [0], Q = \data[58] [0]).
Adding EN signal on $memory\data[58]$2853 ($dff) from module icache_dm (D = $0$memwr$\data$icache_dm.v:30$44_DATA[31:0]$55 [1], Q = \data[58] [1]).
Adding EN signal on $memory\data[58]$2853 ($dff) from module icache_dm (D = $0$memwr$\data$icache_dm.v:30$44_DATA[31:0]$55 [2], Q = \data[58] [2]).
Adding EN signal on $memory\data[58]$2853 ($dff) from module icache_dm (D = $0$memwr$\data$icache_dm.v:30$44_DATA[31:0]$55 [3], Q = \data[58] [3]).
Adding EN signal on $memory\data[58]$2853 ($dff) from module icache_dm (D = $0$memwr$\data$icache_dm.v:30$44_DATA[31:0]$55 [4], Q = \data[58] [4]).
Adding EN signal on $memory\data[58]$2853 ($dff) from module icache_dm (D = $0$memwr$\data$icache_dm.v:30$44_DATA[31:0]$55 [5], Q = \data[58] [5]).
Adding EN signal on $memory\data[58]$2853 ($dff) from module icache_dm (D = $0$memwr$\data$icache_dm.v:30$44_DATA[31:0]$55 [6], Q = \data[58] [6]).
Adding EN signal on $memory\data[58]$2853 ($dff) from module icache_dm (D = $0$memwr$\data$icache_dm.v:30$44_DATA[31:0]$55 [7], Q = \data[58] [7]).
Adding EN signal on $memory\data[58]$2853 ($dff) from module icache_dm (D = $0$memwr$\data$icache_dm.v:30$44_DATA[31:0]$55 [8], Q = \data[58] [8]).
Adding EN signal on $memory\data[58]$2853 ($dff) from module icache_dm (D = $0$memwr$\data$icache_dm.v:30$44_DATA[31:0]$55 [9], Q = \data[58] [9]).
Adding EN signal on $memory\data[58]$2853 ($dff) from module icache_dm (D = $0$memwr$\data$icache_dm.v:30$44_DATA[31:0]$55 [10], Q = \data[58] [10]).
Adding EN signal on $memory\data[58]$2853 ($dff) from module icache_dm (D = $0$memwr$\data$icache_dm.v:30$44_DATA[31:0]$55 [11], Q = \data[58] [11]).
Adding EN signal on $memory\data[58]$2853 ($dff) from module icache_dm (D = $0$memwr$\data$icache_dm.v:30$44_DATA[31:0]$55 [12], Q = \data[58] [12]).
Adding EN signal on $memory\data[58]$2853 ($dff) from module icache_dm (D = $0$memwr$\data$icache_dm.v:30$44_DATA[31:0]$55 [13], Q = \data[58] [13]).
Adding EN signal on $memory\data[58]$2853 ($dff) from module icache_dm (D = $0$memwr$\data$icache_dm.v:30$44_DATA[31:0]$55 [14], Q = \data[58] [14]).
Adding EN signal on $memory\data[58]$2853 ($dff) from module icache_dm (D = $0$memwr$\data$icache_dm.v:30$44_DATA[31:0]$55 [15], Q = \data[58] [15]).
Adding EN signal on $memory\data[58]$2853 ($dff) from module icache_dm (D = $0$memwr$\data$icache_dm.v:30$44_DATA[31:0]$55 [16], Q = \data[58] [16]).
Adding EN signal on $memory\data[58]$2853 ($dff) from module icache_dm (D = $0$memwr$\data$icache_dm.v:30$44_DATA[31:0]$55 [17], Q = \data[58] [17]).
Adding EN signal on $memory\data[58]$2853 ($dff) from module icache_dm (D = $0$memwr$\data$icache_dm.v:30$44_DATA[31:0]$55 [18], Q = \data[58] [18]).
Adding EN signal on $memory\data[58]$2853 ($dff) from module icache_dm (D = $0$memwr$\data$icache_dm.v:30$44_DATA[31:0]$55 [19], Q = \data[58] [19]).
Adding EN signal on $memory\data[58]$2853 ($dff) from module icache_dm (D = $0$memwr$\data$icache_dm.v:30$44_DATA[31:0]$55 [20], Q = \data[58] [20]).
Adding EN signal on $memory\data[58]$2853 ($dff) from module icache_dm (D = $0$memwr$\data$icache_dm.v:30$44_DATA[31:0]$55 [21], Q = \data[58] [21]).
Adding EN signal on $memory\data[58]$2853 ($dff) from module icache_dm (D = $0$memwr$\data$icache_dm.v:30$44_DATA[31:0]$55 [22], Q = \data[58] [22]).
Adding EN signal on $memory\data[58]$2853 ($dff) from module icache_dm (D = $0$memwr$\data$icache_dm.v:30$44_DATA[31:0]$55 [23], Q = \data[58] [23]).
Adding EN signal on $memory\data[58]$2853 ($dff) from module icache_dm (D = $0$memwr$\data$icache_dm.v:30$44_DATA[31:0]$55 [24], Q = \data[58] [24]).
Adding EN signal on $memory\data[58]$2853 ($dff) from module icache_dm (D = $0$memwr$\data$icache_dm.v:30$44_DATA[31:0]$55 [25], Q = \data[58] [25]).
Adding EN signal on $memory\data[58]$2853 ($dff) from module icache_dm (D = $0$memwr$\data$icache_dm.v:30$44_DATA[31:0]$55 [26], Q = \data[58] [26]).
Adding EN signal on $memory\data[58]$2853 ($dff) from module icache_dm (D = $0$memwr$\data$icache_dm.v:30$44_DATA[31:0]$55 [27], Q = \data[58] [27]).
Adding EN signal on $memory\data[58]$2853 ($dff) from module icache_dm (D = $0$memwr$\data$icache_dm.v:30$44_DATA[31:0]$55 [28], Q = \data[58] [28]).
Adding EN signal on $memory\data[58]$2853 ($dff) from module icache_dm (D = $0$memwr$\data$icache_dm.v:30$44_DATA[31:0]$55 [29], Q = \data[58] [29]).
Adding EN signal on $memory\data[58]$2853 ($dff) from module icache_dm (D = $0$memwr$\data$icache_dm.v:30$44_DATA[31:0]$55 [30], Q = \data[58] [30]).
Adding EN signal on $memory\data[58]$2853 ($dff) from module icache_dm (D = $0$memwr$\data$icache_dm.v:30$44_DATA[31:0]$55 [31], Q = \data[58] [31]).
Adding EN signal on $memory\data[59]$2855 ($dff) from module icache_dm (D = $0$memwr$\data$icache_dm.v:30$44_DATA[31:0]$55 [0], Q = \data[59] [0]).
Adding EN signal on $memory\data[59]$2855 ($dff) from module icache_dm (D = $0$memwr$\data$icache_dm.v:30$44_DATA[31:0]$55 [1], Q = \data[59] [1]).
Adding EN signal on $memory\data[59]$2855 ($dff) from module icache_dm (D = $0$memwr$\data$icache_dm.v:30$44_DATA[31:0]$55 [2], Q = \data[59] [2]).
Adding EN signal on $memory\data[59]$2855 ($dff) from module icache_dm (D = $0$memwr$\data$icache_dm.v:30$44_DATA[31:0]$55 [3], Q = \data[59] [3]).
Adding EN signal on $memory\data[59]$2855 ($dff) from module icache_dm (D = $0$memwr$\data$icache_dm.v:30$44_DATA[31:0]$55 [4], Q = \data[59] [4]).
Adding EN signal on $memory\data[59]$2855 ($dff) from module icache_dm (D = $0$memwr$\data$icache_dm.v:30$44_DATA[31:0]$55 [5], Q = \data[59] [5]).
Adding EN signal on $memory\data[59]$2855 ($dff) from module icache_dm (D = $0$memwr$\data$icache_dm.v:30$44_DATA[31:0]$55 [6], Q = \data[59] [6]).
Adding EN signal on $memory\data[59]$2855 ($dff) from module icache_dm (D = $0$memwr$\data$icache_dm.v:30$44_DATA[31:0]$55 [7], Q = \data[59] [7]).
Adding EN signal on $memory\data[59]$2855 ($dff) from module icache_dm (D = $0$memwr$\data$icache_dm.v:30$44_DATA[31:0]$55 [8], Q = \data[59] [8]).
Adding EN signal on $memory\data[59]$2855 ($dff) from module icache_dm (D = $0$memwr$\data$icache_dm.v:30$44_DATA[31:0]$55 [9], Q = \data[59] [9]).
Adding EN signal on $memory\data[59]$2855 ($dff) from module icache_dm (D = $0$memwr$\data$icache_dm.v:30$44_DATA[31:0]$55 [10], Q = \data[59] [10]).
Adding EN signal on $memory\data[59]$2855 ($dff) from module icache_dm (D = $0$memwr$\data$icache_dm.v:30$44_DATA[31:0]$55 [11], Q = \data[59] [11]).
Adding EN signal on $memory\data[59]$2855 ($dff) from module icache_dm (D = $0$memwr$\data$icache_dm.v:30$44_DATA[31:0]$55 [12], Q = \data[59] [12]).
Adding EN signal on $memory\data[59]$2855 ($dff) from module icache_dm (D = $0$memwr$\data$icache_dm.v:30$44_DATA[31:0]$55 [13], Q = \data[59] [13]).
Adding EN signal on $memory\data[59]$2855 ($dff) from module icache_dm (D = $0$memwr$\data$icache_dm.v:30$44_DATA[31:0]$55 [14], Q = \data[59] [14]).
Adding EN signal on $memory\data[59]$2855 ($dff) from module icache_dm (D = $0$memwr$\data$icache_dm.v:30$44_DATA[31:0]$55 [15], Q = \data[59] [15]).
Adding EN signal on $memory\data[59]$2855 ($dff) from module icache_dm (D = $0$memwr$\data$icache_dm.v:30$44_DATA[31:0]$55 [16], Q = \data[59] [16]).
Adding EN signal on $memory\data[59]$2855 ($dff) from module icache_dm (D = $0$memwr$\data$icache_dm.v:30$44_DATA[31:0]$55 [17], Q = \data[59] [17]).
Adding EN signal on $memory\data[59]$2855 ($dff) from module icache_dm (D = $0$memwr$\data$icache_dm.v:30$44_DATA[31:0]$55 [18], Q = \data[59] [18]).
Adding EN signal on $memory\data[59]$2855 ($dff) from module icache_dm (D = $0$memwr$\data$icache_dm.v:30$44_DATA[31:0]$55 [19], Q = \data[59] [19]).
Adding EN signal on $memory\data[59]$2855 ($dff) from module icache_dm (D = $0$memwr$\data$icache_dm.v:30$44_DATA[31:0]$55 [20], Q = \data[59] [20]).
Adding EN signal on $memory\data[59]$2855 ($dff) from module icache_dm (D = $0$memwr$\data$icache_dm.v:30$44_DATA[31:0]$55 [21], Q = \data[59] [21]).
Adding EN signal on $memory\data[59]$2855 ($dff) from module icache_dm (D = $0$memwr$\data$icache_dm.v:30$44_DATA[31:0]$55 [22], Q = \data[59] [22]).
Adding EN signal on $memory\data[59]$2855 ($dff) from module icache_dm (D = $0$memwr$\data$icache_dm.v:30$44_DATA[31:0]$55 [23], Q = \data[59] [23]).
Adding EN signal on $memory\data[59]$2855 ($dff) from module icache_dm (D = $0$memwr$\data$icache_dm.v:30$44_DATA[31:0]$55 [24], Q = \data[59] [24]).
Adding EN signal on $memory\data[59]$2855 ($dff) from module icache_dm (D = $0$memwr$\data$icache_dm.v:30$44_DATA[31:0]$55 [25], Q = \data[59] [25]).
Adding EN signal on $memory\data[59]$2855 ($dff) from module icache_dm (D = $0$memwr$\data$icache_dm.v:30$44_DATA[31:0]$55 [26], Q = \data[59] [26]).
Adding EN signal on $memory\data[59]$2855 ($dff) from module icache_dm (D = $0$memwr$\data$icache_dm.v:30$44_DATA[31:0]$55 [27], Q = \data[59] [27]).
Adding EN signal on $memory\data[59]$2855 ($dff) from module icache_dm (D = $0$memwr$\data$icache_dm.v:30$44_DATA[31:0]$55 [28], Q = \data[59] [28]).
Adding EN signal on $memory\data[59]$2855 ($dff) from module icache_dm (D = $0$memwr$\data$icache_dm.v:30$44_DATA[31:0]$55 [29], Q = \data[59] [29]).
Adding EN signal on $memory\data[59]$2855 ($dff) from module icache_dm (D = $0$memwr$\data$icache_dm.v:30$44_DATA[31:0]$55 [30], Q = \data[59] [30]).
Adding EN signal on $memory\data[59]$2855 ($dff) from module icache_dm (D = $0$memwr$\data$icache_dm.v:30$44_DATA[31:0]$55 [31], Q = \data[59] [31]).
Adding EN signal on $memory\data[60]$2857 ($dff) from module icache_dm (D = $0$memwr$\data$icache_dm.v:30$44_DATA[31:0]$55 [0], Q = \data[60] [0]).
Adding EN signal on $memory\data[60]$2857 ($dff) from module icache_dm (D = $0$memwr$\data$icache_dm.v:30$44_DATA[31:0]$55 [1], Q = \data[60] [1]).
Adding EN signal on $memory\data[60]$2857 ($dff) from module icache_dm (D = $0$memwr$\data$icache_dm.v:30$44_DATA[31:0]$55 [2], Q = \data[60] [2]).
Adding EN signal on $memory\data[60]$2857 ($dff) from module icache_dm (D = $0$memwr$\data$icache_dm.v:30$44_DATA[31:0]$55 [3], Q = \data[60] [3]).
Adding EN signal on $memory\data[60]$2857 ($dff) from module icache_dm (D = $0$memwr$\data$icache_dm.v:30$44_DATA[31:0]$55 [4], Q = \data[60] [4]).
Adding EN signal on $memory\data[60]$2857 ($dff) from module icache_dm (D = $0$memwr$\data$icache_dm.v:30$44_DATA[31:0]$55 [5], Q = \data[60] [5]).
Adding EN signal on $memory\data[60]$2857 ($dff) from module icache_dm (D = $0$memwr$\data$icache_dm.v:30$44_DATA[31:0]$55 [6], Q = \data[60] [6]).
Adding EN signal on $memory\data[60]$2857 ($dff) from module icache_dm (D = $0$memwr$\data$icache_dm.v:30$44_DATA[31:0]$55 [7], Q = \data[60] [7]).
Adding EN signal on $memory\data[60]$2857 ($dff) from module icache_dm (D = $0$memwr$\data$icache_dm.v:30$44_DATA[31:0]$55 [8], Q = \data[60] [8]).
Adding EN signal on $memory\data[60]$2857 ($dff) from module icache_dm (D = $0$memwr$\data$icache_dm.v:30$44_DATA[31:0]$55 [9], Q = \data[60] [9]).
Adding EN signal on $memory\data[60]$2857 ($dff) from module icache_dm (D = $0$memwr$\data$icache_dm.v:30$44_DATA[31:0]$55 [10], Q = \data[60] [10]).
Adding EN signal on $memory\data[60]$2857 ($dff) from module icache_dm (D = $0$memwr$\data$icache_dm.v:30$44_DATA[31:0]$55 [11], Q = \data[60] [11]).
Adding EN signal on $memory\data[60]$2857 ($dff) from module icache_dm (D = $0$memwr$\data$icache_dm.v:30$44_DATA[31:0]$55 [12], Q = \data[60] [12]).
Adding EN signal on $memory\data[60]$2857 ($dff) from module icache_dm (D = $0$memwr$\data$icache_dm.v:30$44_DATA[31:0]$55 [13], Q = \data[60] [13]).
Adding EN signal on $memory\data[60]$2857 ($dff) from module icache_dm (D = $0$memwr$\data$icache_dm.v:30$44_DATA[31:0]$55 [14], Q = \data[60] [14]).
Adding EN signal on $memory\data[60]$2857 ($dff) from module icache_dm (D = $0$memwr$\data$icache_dm.v:30$44_DATA[31:0]$55 [15], Q = \data[60] [15]).
Adding EN signal on $memory\data[60]$2857 ($dff) from module icache_dm (D = $0$memwr$\data$icache_dm.v:30$44_DATA[31:0]$55 [16], Q = \data[60] [16]).
Adding EN signal on $memory\data[60]$2857 ($dff) from module icache_dm (D = $0$memwr$\data$icache_dm.v:30$44_DATA[31:0]$55 [17], Q = \data[60] [17]).
Adding EN signal on $memory\data[60]$2857 ($dff) from module icache_dm (D = $0$memwr$\data$icache_dm.v:30$44_DATA[31:0]$55 [18], Q = \data[60] [18]).
Adding EN signal on $memory\data[60]$2857 ($dff) from module icache_dm (D = $0$memwr$\data$icache_dm.v:30$44_DATA[31:0]$55 [19], Q = \data[60] [19]).
Adding EN signal on $memory\data[60]$2857 ($dff) from module icache_dm (D = $0$memwr$\data$icache_dm.v:30$44_DATA[31:0]$55 [20], Q = \data[60] [20]).
Adding EN signal on $memory\data[60]$2857 ($dff) from module icache_dm (D = $0$memwr$\data$icache_dm.v:30$44_DATA[31:0]$55 [21], Q = \data[60] [21]).
Adding EN signal on $memory\data[60]$2857 ($dff) from module icache_dm (D = $0$memwr$\data$icache_dm.v:30$44_DATA[31:0]$55 [22], Q = \data[60] [22]).
Adding EN signal on $memory\data[60]$2857 ($dff) from module icache_dm (D = $0$memwr$\data$icache_dm.v:30$44_DATA[31:0]$55 [23], Q = \data[60] [23]).
Adding EN signal on $memory\data[60]$2857 ($dff) from module icache_dm (D = $0$memwr$\data$icache_dm.v:30$44_DATA[31:0]$55 [24], Q = \data[60] [24]).
Adding EN signal on $memory\data[60]$2857 ($dff) from module icache_dm (D = $0$memwr$\data$icache_dm.v:30$44_DATA[31:0]$55 [25], Q = \data[60] [25]).
Adding EN signal on $memory\data[60]$2857 ($dff) from module icache_dm (D = $0$memwr$\data$icache_dm.v:30$44_DATA[31:0]$55 [26], Q = \data[60] [26]).
Adding EN signal on $memory\data[60]$2857 ($dff) from module icache_dm (D = $0$memwr$\data$icache_dm.v:30$44_DATA[31:0]$55 [27], Q = \data[60] [27]).
Adding EN signal on $memory\data[60]$2857 ($dff) from module icache_dm (D = $0$memwr$\data$icache_dm.v:30$44_DATA[31:0]$55 [28], Q = \data[60] [28]).
Adding EN signal on $memory\data[60]$2857 ($dff) from module icache_dm (D = $0$memwr$\data$icache_dm.v:30$44_DATA[31:0]$55 [29], Q = \data[60] [29]).
Adding EN signal on $memory\data[60]$2857 ($dff) from module icache_dm (D = $0$memwr$\data$icache_dm.v:30$44_DATA[31:0]$55 [30], Q = \data[60] [30]).
Adding EN signal on $memory\data[60]$2857 ($dff) from module icache_dm (D = $0$memwr$\data$icache_dm.v:30$44_DATA[31:0]$55 [31], Q = \data[60] [31]).
Adding EN signal on $memory\data[61]$2859 ($dff) from module icache_dm (D = $0$memwr$\data$icache_dm.v:30$44_DATA[31:0]$55 [0], Q = \data[61] [0]).
Adding EN signal on $memory\data[61]$2859 ($dff) from module icache_dm (D = $0$memwr$\data$icache_dm.v:30$44_DATA[31:0]$55 [1], Q = \data[61] [1]).
Adding EN signal on $memory\data[61]$2859 ($dff) from module icache_dm (D = $0$memwr$\data$icache_dm.v:30$44_DATA[31:0]$55 [2], Q = \data[61] [2]).
Adding EN signal on $memory\data[61]$2859 ($dff) from module icache_dm (D = $0$memwr$\data$icache_dm.v:30$44_DATA[31:0]$55 [3], Q = \data[61] [3]).
Adding EN signal on $memory\data[61]$2859 ($dff) from module icache_dm (D = $0$memwr$\data$icache_dm.v:30$44_DATA[31:0]$55 [4], Q = \data[61] [4]).
Adding EN signal on $memory\data[61]$2859 ($dff) from module icache_dm (D = $0$memwr$\data$icache_dm.v:30$44_DATA[31:0]$55 [5], Q = \data[61] [5]).
Adding EN signal on $memory\data[61]$2859 ($dff) from module icache_dm (D = $0$memwr$\data$icache_dm.v:30$44_DATA[31:0]$55 [6], Q = \data[61] [6]).
Adding EN signal on $memory\data[61]$2859 ($dff) from module icache_dm (D = $0$memwr$\data$icache_dm.v:30$44_DATA[31:0]$55 [7], Q = \data[61] [7]).
Adding EN signal on $memory\data[61]$2859 ($dff) from module icache_dm (D = $0$memwr$\data$icache_dm.v:30$44_DATA[31:0]$55 [8], Q = \data[61] [8]).
Adding EN signal on $memory\data[61]$2859 ($dff) from module icache_dm (D = $0$memwr$\data$icache_dm.v:30$44_DATA[31:0]$55 [9], Q = \data[61] [9]).
Adding EN signal on $memory\data[61]$2859 ($dff) from module icache_dm (D = $0$memwr$\data$icache_dm.v:30$44_DATA[31:0]$55 [10], Q = \data[61] [10]).
Adding EN signal on $memory\data[61]$2859 ($dff) from module icache_dm (D = $0$memwr$\data$icache_dm.v:30$44_DATA[31:0]$55 [11], Q = \data[61] [11]).
Adding EN signal on $memory\data[61]$2859 ($dff) from module icache_dm (D = $0$memwr$\data$icache_dm.v:30$44_DATA[31:0]$55 [12], Q = \data[61] [12]).
Adding EN signal on $memory\data[61]$2859 ($dff) from module icache_dm (D = $0$memwr$\data$icache_dm.v:30$44_DATA[31:0]$55 [13], Q = \data[61] [13]).
Adding EN signal on $memory\data[61]$2859 ($dff) from module icache_dm (D = $0$memwr$\data$icache_dm.v:30$44_DATA[31:0]$55 [14], Q = \data[61] [14]).
Adding EN signal on $memory\data[61]$2859 ($dff) from module icache_dm (D = $0$memwr$\data$icache_dm.v:30$44_DATA[31:0]$55 [15], Q = \data[61] [15]).
Adding EN signal on $memory\data[61]$2859 ($dff) from module icache_dm (D = $0$memwr$\data$icache_dm.v:30$44_DATA[31:0]$55 [16], Q = \data[61] [16]).
Adding EN signal on $memory\data[61]$2859 ($dff) from module icache_dm (D = $0$memwr$\data$icache_dm.v:30$44_DATA[31:0]$55 [17], Q = \data[61] [17]).
Adding EN signal on $memory\data[61]$2859 ($dff) from module icache_dm (D = $0$memwr$\data$icache_dm.v:30$44_DATA[31:0]$55 [18], Q = \data[61] [18]).
Adding EN signal on $memory\data[61]$2859 ($dff) from module icache_dm (D = $0$memwr$\data$icache_dm.v:30$44_DATA[31:0]$55 [19], Q = \data[61] [19]).
Adding EN signal on $memory\data[61]$2859 ($dff) from module icache_dm (D = $0$memwr$\data$icache_dm.v:30$44_DATA[31:0]$55 [20], Q = \data[61] [20]).
Adding EN signal on $memory\data[61]$2859 ($dff) from module icache_dm (D = $0$memwr$\data$icache_dm.v:30$44_DATA[31:0]$55 [21], Q = \data[61] [21]).
Adding EN signal on $memory\data[61]$2859 ($dff) from module icache_dm (D = $0$memwr$\data$icache_dm.v:30$44_DATA[31:0]$55 [22], Q = \data[61] [22]).
Adding EN signal on $memory\data[61]$2859 ($dff) from module icache_dm (D = $0$memwr$\data$icache_dm.v:30$44_DATA[31:0]$55 [23], Q = \data[61] [23]).
Adding EN signal on $memory\data[61]$2859 ($dff) from module icache_dm (D = $0$memwr$\data$icache_dm.v:30$44_DATA[31:0]$55 [24], Q = \data[61] [24]).
Adding EN signal on $memory\data[61]$2859 ($dff) from module icache_dm (D = $0$memwr$\data$icache_dm.v:30$44_DATA[31:0]$55 [25], Q = \data[61] [25]).
Adding EN signal on $memory\data[61]$2859 ($dff) from module icache_dm (D = $0$memwr$\data$icache_dm.v:30$44_DATA[31:0]$55 [26], Q = \data[61] [26]).
Adding EN signal on $memory\data[61]$2859 ($dff) from module icache_dm (D = $0$memwr$\data$icache_dm.v:30$44_DATA[31:0]$55 [27], Q = \data[61] [27]).
Adding EN signal on $memory\data[61]$2859 ($dff) from module icache_dm (D = $0$memwr$\data$icache_dm.v:30$44_DATA[31:0]$55 [28], Q = \data[61] [28]).
Adding EN signal on $memory\data[61]$2859 ($dff) from module icache_dm (D = $0$memwr$\data$icache_dm.v:30$44_DATA[31:0]$55 [29], Q = \data[61] [29]).
Adding EN signal on $memory\data[61]$2859 ($dff) from module icache_dm (D = $0$memwr$\data$icache_dm.v:30$44_DATA[31:0]$55 [30], Q = \data[61] [30]).
Adding EN signal on $memory\data[61]$2859 ($dff) from module icache_dm (D = $0$memwr$\data$icache_dm.v:30$44_DATA[31:0]$55 [31], Q = \data[61] [31]).
Adding EN signal on $memory\data[62]$2861 ($dff) from module icache_dm (D = $0$memwr$\data$icache_dm.v:30$44_DATA[31:0]$55 [0], Q = \data[62] [0]).
Adding EN signal on $memory\data[62]$2861 ($dff) from module icache_dm (D = $0$memwr$\data$icache_dm.v:30$44_DATA[31:0]$55 [1], Q = \data[62] [1]).
Adding EN signal on $memory\data[62]$2861 ($dff) from module icache_dm (D = $0$memwr$\data$icache_dm.v:30$44_DATA[31:0]$55 [2], Q = \data[62] [2]).
Adding EN signal on $memory\data[62]$2861 ($dff) from module icache_dm (D = $0$memwr$\data$icache_dm.v:30$44_DATA[31:0]$55 [3], Q = \data[62] [3]).
Adding EN signal on $memory\data[62]$2861 ($dff) from module icache_dm (D = $0$memwr$\data$icache_dm.v:30$44_DATA[31:0]$55 [4], Q = \data[62] [4]).
Adding EN signal on $memory\data[62]$2861 ($dff) from module icache_dm (D = $0$memwr$\data$icache_dm.v:30$44_DATA[31:0]$55 [5], Q = \data[62] [5]).
Adding EN signal on $memory\data[62]$2861 ($dff) from module icache_dm (D = $0$memwr$\data$icache_dm.v:30$44_DATA[31:0]$55 [6], Q = \data[62] [6]).
Adding EN signal on $memory\data[62]$2861 ($dff) from module icache_dm (D = $0$memwr$\data$icache_dm.v:30$44_DATA[31:0]$55 [7], Q = \data[62] [7]).
Adding EN signal on $memory\data[62]$2861 ($dff) from module icache_dm (D = $0$memwr$\data$icache_dm.v:30$44_DATA[31:0]$55 [8], Q = \data[62] [8]).
Adding EN signal on $memory\data[62]$2861 ($dff) from module icache_dm (D = $0$memwr$\data$icache_dm.v:30$44_DATA[31:0]$55 [9], Q = \data[62] [9]).
Adding EN signal on $memory\data[62]$2861 ($dff) from module icache_dm (D = $0$memwr$\data$icache_dm.v:30$44_DATA[31:0]$55 [10], Q = \data[62] [10]).
Adding EN signal on $memory\data[62]$2861 ($dff) from module icache_dm (D = $0$memwr$\data$icache_dm.v:30$44_DATA[31:0]$55 [11], Q = \data[62] [11]).
Adding EN signal on $memory\data[62]$2861 ($dff) from module icache_dm (D = $0$memwr$\data$icache_dm.v:30$44_DATA[31:0]$55 [12], Q = \data[62] [12]).
Adding EN signal on $memory\data[62]$2861 ($dff) from module icache_dm (D = $0$memwr$\data$icache_dm.v:30$44_DATA[31:0]$55 [13], Q = \data[62] [13]).
Adding EN signal on $memory\data[62]$2861 ($dff) from module icache_dm (D = $0$memwr$\data$icache_dm.v:30$44_DATA[31:0]$55 [14], Q = \data[62] [14]).
Adding EN signal on $memory\data[62]$2861 ($dff) from module icache_dm (D = $0$memwr$\data$icache_dm.v:30$44_DATA[31:0]$55 [15], Q = \data[62] [15]).
Adding EN signal on $memory\data[62]$2861 ($dff) from module icache_dm (D = $0$memwr$\data$icache_dm.v:30$44_DATA[31:0]$55 [16], Q = \data[62] [16]).
Adding EN signal on $memory\data[62]$2861 ($dff) from module icache_dm (D = $0$memwr$\data$icache_dm.v:30$44_DATA[31:0]$55 [17], Q = \data[62] [17]).
Adding EN signal on $memory\data[62]$2861 ($dff) from module icache_dm (D = $0$memwr$\data$icache_dm.v:30$44_DATA[31:0]$55 [18], Q = \data[62] [18]).
Adding EN signal on $memory\data[62]$2861 ($dff) from module icache_dm (D = $0$memwr$\data$icache_dm.v:30$44_DATA[31:0]$55 [19], Q = \data[62] [19]).
Adding EN signal on $memory\data[62]$2861 ($dff) from module icache_dm (D = $0$memwr$\data$icache_dm.v:30$44_DATA[31:0]$55 [20], Q = \data[62] [20]).
Adding EN signal on $memory\data[62]$2861 ($dff) from module icache_dm (D = $0$memwr$\data$icache_dm.v:30$44_DATA[31:0]$55 [21], Q = \data[62] [21]).
Adding EN signal on $memory\data[62]$2861 ($dff) from module icache_dm (D = $0$memwr$\data$icache_dm.v:30$44_DATA[31:0]$55 [22], Q = \data[62] [22]).
Adding EN signal on $memory\data[62]$2861 ($dff) from module icache_dm (D = $0$memwr$\data$icache_dm.v:30$44_DATA[31:0]$55 [23], Q = \data[62] [23]).
Adding EN signal on $memory\data[62]$2861 ($dff) from module icache_dm (D = $0$memwr$\data$icache_dm.v:30$44_DATA[31:0]$55 [24], Q = \data[62] [24]).
Adding EN signal on $memory\data[62]$2861 ($dff) from module icache_dm (D = $0$memwr$\data$icache_dm.v:30$44_DATA[31:0]$55 [25], Q = \data[62] [25]).
Adding EN signal on $memory\data[62]$2861 ($dff) from module icache_dm (D = $0$memwr$\data$icache_dm.v:30$44_DATA[31:0]$55 [26], Q = \data[62] [26]).
Adding EN signal on $memory\data[62]$2861 ($dff) from module icache_dm (D = $0$memwr$\data$icache_dm.v:30$44_DATA[31:0]$55 [27], Q = \data[62] [27]).
Adding EN signal on $memory\data[62]$2861 ($dff) from module icache_dm (D = $0$memwr$\data$icache_dm.v:30$44_DATA[31:0]$55 [28], Q = \data[62] [28]).
Adding EN signal on $memory\data[62]$2861 ($dff) from module icache_dm (D = $0$memwr$\data$icache_dm.v:30$44_DATA[31:0]$55 [29], Q = \data[62] [29]).
Adding EN signal on $memory\data[62]$2861 ($dff) from module icache_dm (D = $0$memwr$\data$icache_dm.v:30$44_DATA[31:0]$55 [30], Q = \data[62] [30]).
Adding EN signal on $memory\data[62]$2861 ($dff) from module icache_dm (D = $0$memwr$\data$icache_dm.v:30$44_DATA[31:0]$55 [31], Q = \data[62] [31]).
Adding EN signal on $memory\data[63]$2863 ($dff) from module icache_dm (D = $0$memwr$\data$icache_dm.v:30$44_DATA[31:0]$55 [0], Q = \data[63] [0]).
Adding EN signal on $memory\data[63]$2863 ($dff) from module icache_dm (D = $0$memwr$\data$icache_dm.v:30$44_DATA[31:0]$55 [1], Q = \data[63] [1]).
Adding EN signal on $memory\data[63]$2863 ($dff) from module icache_dm (D = $0$memwr$\data$icache_dm.v:30$44_DATA[31:0]$55 [2], Q = \data[63] [2]).
Adding EN signal on $memory\data[63]$2863 ($dff) from module icache_dm (D = $0$memwr$\data$icache_dm.v:30$44_DATA[31:0]$55 [3], Q = \data[63] [3]).
Adding EN signal on $memory\data[63]$2863 ($dff) from module icache_dm (D = $0$memwr$\data$icache_dm.v:30$44_DATA[31:0]$55 [4], Q = \data[63] [4]).
Adding EN signal on $memory\data[63]$2863 ($dff) from module icache_dm (D = $0$memwr$\data$icache_dm.v:30$44_DATA[31:0]$55 [5], Q = \data[63] [5]).
Adding EN signal on $memory\data[63]$2863 ($dff) from module icache_dm (D = $0$memwr$\data$icache_dm.v:30$44_DATA[31:0]$55 [6], Q = \data[63] [6]).
Adding EN signal on $memory\data[63]$2863 ($dff) from module icache_dm (D = $0$memwr$\data$icache_dm.v:30$44_DATA[31:0]$55 [7], Q = \data[63] [7]).
Adding EN signal on $memory\data[63]$2863 ($dff) from module icache_dm (D = $0$memwr$\data$icache_dm.v:30$44_DATA[31:0]$55 [8], Q = \data[63] [8]).
Adding EN signal on $memory\data[63]$2863 ($dff) from module icache_dm (D = $0$memwr$\data$icache_dm.v:30$44_DATA[31:0]$55 [9], Q = \data[63] [9]).
Adding EN signal on $memory\data[63]$2863 ($dff) from module icache_dm (D = $0$memwr$\data$icache_dm.v:30$44_DATA[31:0]$55 [10], Q = \data[63] [10]).
Adding EN signal on $memory\data[63]$2863 ($dff) from module icache_dm (D = $0$memwr$\data$icache_dm.v:30$44_DATA[31:0]$55 [11], Q = \data[63] [11]).
Adding EN signal on $memory\data[63]$2863 ($dff) from module icache_dm (D = $0$memwr$\data$icache_dm.v:30$44_DATA[31:0]$55 [12], Q = \data[63] [12]).
Adding EN signal on $memory\data[63]$2863 ($dff) from module icache_dm (D = $0$memwr$\data$icache_dm.v:30$44_DATA[31:0]$55 [13], Q = \data[63] [13]).
Adding EN signal on $memory\data[63]$2863 ($dff) from module icache_dm (D = $0$memwr$\data$icache_dm.v:30$44_DATA[31:0]$55 [14], Q = \data[63] [14]).
Adding EN signal on $memory\data[63]$2863 ($dff) from module icache_dm (D = $0$memwr$\data$icache_dm.v:30$44_DATA[31:0]$55 [15], Q = \data[63] [15]).
Adding EN signal on $memory\data[63]$2863 ($dff) from module icache_dm (D = $0$memwr$\data$icache_dm.v:30$44_DATA[31:0]$55 [16], Q = \data[63] [16]).
Adding EN signal on $memory\data[63]$2863 ($dff) from module icache_dm (D = $0$memwr$\data$icache_dm.v:30$44_DATA[31:0]$55 [17], Q = \data[63] [17]).
Adding EN signal on $memory\data[63]$2863 ($dff) from module icache_dm (D = $0$memwr$\data$icache_dm.v:30$44_DATA[31:0]$55 [18], Q = \data[63] [18]).
Adding EN signal on $memory\data[63]$2863 ($dff) from module icache_dm (D = $0$memwr$\data$icache_dm.v:30$44_DATA[31:0]$55 [19], Q = \data[63] [19]).
Adding EN signal on $memory\data[63]$2863 ($dff) from module icache_dm (D = $0$memwr$\data$icache_dm.v:30$44_DATA[31:0]$55 [20], Q = \data[63] [20]).
Adding EN signal on $memory\data[63]$2863 ($dff) from module icache_dm (D = $0$memwr$\data$icache_dm.v:30$44_DATA[31:0]$55 [21], Q = \data[63] [21]).
Adding EN signal on $memory\data[63]$2863 ($dff) from module icache_dm (D = $0$memwr$\data$icache_dm.v:30$44_DATA[31:0]$55 [22], Q = \data[63] [22]).
Adding EN signal on $memory\data[63]$2863 ($dff) from module icache_dm (D = $0$memwr$\data$icache_dm.v:30$44_DATA[31:0]$55 [23], Q = \data[63] [23]).
Adding EN signal on $memory\data[63]$2863 ($dff) from module icache_dm (D = $0$memwr$\data$icache_dm.v:30$44_DATA[31:0]$55 [24], Q = \data[63] [24]).
Adding EN signal on $memory\data[63]$2863 ($dff) from module icache_dm (D = $0$memwr$\data$icache_dm.v:30$44_DATA[31:0]$55 [25], Q = \data[63] [25]).
Adding EN signal on $memory\data[63]$2863 ($dff) from module icache_dm (D = $0$memwr$\data$icache_dm.v:30$44_DATA[31:0]$55 [26], Q = \data[63] [26]).
Adding EN signal on $memory\data[63]$2863 ($dff) from module icache_dm (D = $0$memwr$\data$icache_dm.v:30$44_DATA[31:0]$55 [27], Q = \data[63] [27]).
Adding EN signal on $memory\data[63]$2863 ($dff) from module icache_dm (D = $0$memwr$\data$icache_dm.v:30$44_DATA[31:0]$55 [28], Q = \data[63] [28]).
Adding EN signal on $memory\data[63]$2863 ($dff) from module icache_dm (D = $0$memwr$\data$icache_dm.v:30$44_DATA[31:0]$55 [29], Q = \data[63] [29]).
Adding EN signal on $memory\data[63]$2863 ($dff) from module icache_dm (D = $0$memwr$\data$icache_dm.v:30$44_DATA[31:0]$55 [30], Q = \data[63] [30]).
Adding EN signal on $memory\data[63]$2863 ($dff) from module icache_dm (D = $0$memwr$\data$icache_dm.v:30$44_DATA[31:0]$55 [31], Q = \data[63] [31]).

7.9. Executing OPT_CLEAN pass (remove unused cells and wires).
Finding unused cells or wires in module \icache_dm..
Removed 2560 unused cells and 2560 unused wires.
<suppressed ~2561 debug messages>

7.10. Rerunning OPT passes. (Removed registers in this run.)

7.11. Executing OPT_EXPR pass (perform const folding).
Optimizing module icache_dm.

7.12. Executing OPT_MERGE pass (detect identical cells).
Finding identical cells in module `\icache_dm'.
Computing hashes of 5368 cells of `\icache_dm'.
Finding duplicate cells in `\icache_dm'.
Removed a total of 0 cells.

7.13. Executing OPT_DFF pass (perform DFF optimizations).

7.14. Executing OPT_CLEAN pass (remove unused cells and wires).
Finding unused cells or wires in module \icache_dm..

7.15. Finished fast OPT passes.

8. Executing TECHMAP pass (map to technology primitives).

8.1. Executing Verilog-2005 frontend: /home/moein/oss-cad-suite/lib/../share/yosys/techmap.v
Parsing Verilog input from `/home/moein/oss-cad-suite/lib/../share/yosys/techmap.v' to AST representation.
Generating RTLIL representation for module `\_90_simplemap_bool_ops'.
Generating RTLIL representation for module `\_90_simplemap_reduce_ops'.
Generating RTLIL representation for module `\_90_simplemap_logic_ops'.
Generating RTLIL representation for module `\_90_simplemap_compare_ops'.
Generating RTLIL representation for module `\_90_simplemap_various'.
Generating RTLIL representation for module `\_90_simplemap_registers'.
Generating RTLIL representation for module `\_90_shift_ops_shr_shl_sshl_sshr'.
Generating RTLIL representation for module `\_90_shift_shiftx'.
Generating RTLIL representation for module `\_90_fa'.
Generating RTLIL representation for module `\_90_lcu_brent_kung'.
Generating RTLIL representation for module `\_90_alu'.
Generating RTLIL representation for module `\_90_macc'.
Generating RTLIL representation for module `\_90_alumacc'.
Generating RTLIL representation for module `$__div_mod_u'.
Generating RTLIL representation for module `$__div_mod_trunc'.
Generating RTLIL representation for module `\_90_div'.
Generating RTLIL representation for module `\_90_mod'.
Generating RTLIL representation for module `$__div_mod_floor'.
Generating RTLIL representation for module `\_90_divfloor'.
Generating RTLIL representation for module `\_90_modfloor'.
Generating RTLIL representation for module `\_90_pow'.
Generating RTLIL representation for module `\_90_demux'.
Generating RTLIL representation for module `\_90_lut'.
Generating RTLIL representation for module `$connect'.
Generating RTLIL representation for module `$input_port'.
Successfully finished Verilog frontend.

8.2. Continuing TECHMAP pass.
Using extmapper simplemap for cells of type $dffe.
Using extmapper simplemap for cells of type $reduce_bool.
Using extmapper simplemap for cells of type $sdffe.
Using extmapper simplemap for cells of type $and.
Using extmapper simplemap for cells of type $not.
Using template $paramod$constmap:dba4f2067ffa567551fb10fb06b704ab22ef6e36$paramod$05fd02ee8975e559bee57b6e5e564b3ecd2ab687\_90_shift_shiftx for cells of type $shiftx.
Using extmapper simplemap for cells of type $eq.
Using extmapper simplemap for cells of type $or.
Running "alumacc" on wrapper $extern:wrap:$neg:Y_WIDTH=7:A_WIDTH=7:A_SIGNED=1:394426c56d1a028ba8fdd5469b163e04011def47.
Using template $extern:wrap:$neg:Y_WIDTH=7:A_WIDTH=7:A_SIGNED=1:394426c56d1a028ba8fdd5469b163e04011def47 for cells of type $extern:wrap:$neg:Y_WIDTH=7:A_WIDTH=7:A_SIGNED=1:394426c56d1a028ba8fdd5469b163e04011def47.
Using template $paramod$constmap:c741d8d15ca6ce9584b08ae063f00a8f71c9280d$paramod$26de505cffdea93ae4a65cab40d30691657b5725\_90_shift_shiftx for cells of type $shift.
Using extmapper simplemap for cells of type $mux.
Using template $paramod$38e8498ccdc425801fe5312e427e3cf0d9089c58\_90_alu for cells of type $alu.
Using extmapper simplemap for cells of type $pos.
Using template $paramod\_90_fa\WIDTH=32'00000000000000000000000000000111 for cells of type $fa.
Using template $paramod\_90_lcu_brent_kung\WIDTH=32'00000000000000000000000000000111 for cells of type $lcu.
Using extmapper simplemap for cells of type $xor.
No more expansions possible.
<suppressed ~6078 debug messages>

9. Executing OPT pass (performing simple optimizations).

9.1. Executing OPT_EXPR pass (perform const folding).
Optimizing module icache_dm.
<suppressed ~865 debug messages>

9.2. Executing OPT_MERGE pass (detect identical cells).
Finding identical cells in module `\icache_dm'.
Computing hashes of 8890 cells of `\icache_dm'.
Finding duplicate cells in `\icache_dm'.
Computing hashes of 8851 cells of `\icache_dm'.
Finding duplicate cells in `\icache_dm'.
Computing hashes of 8812 cells of `\icache_dm'.
Finding duplicate cells in `\icache_dm'.
Computing hashes of 6316 cells of `\icache_dm'.
Finding duplicate cells in `\icache_dm'.
<suppressed ~7722 debug messages>
Removed a total of 2574 cells.

9.3. Executing OPT_DFF pass (perform DFF optimizations).

9.4. Executing OPT_CLEAN pass (remove unused cells and wires).
Finding unused cells or wires in module \icache_dm..
Removed 322 unused cells and 2570 unused wires.
<suppressed ~323 debug messages>

9.5. Finished fast OPT passes.

10. Executing DFFLIBMAP pass (mapping DFF cells to sequential cells from liberty file).
  cell sky130_fd_sc_hd__dfxtp_1 (noninv, pins=3, area=20.02) is a direct match for cell type $_DFF_P_.
  cell sky130_fd_sc_hd__dfrtn_1 (noninv, pins=4, area=25.02) is a direct match for cell type $_DFF_NN0_.
  cell sky130_fd_sc_hd__dfrtp_1 (noninv, pins=4, area=25.02) is a direct match for cell type $_DFF_PN0_.
  cell sky130_fd_sc_hd__dfstp_2 (noninv, pins=4, area=26.28) is a direct match for cell type $_DFF_PN1_.
  cell sky130_fd_sc_hd__edfxtp_1 (noninv, pins=4, area=30.03) is a direct match for cell type $_DFFE_PP_.
  cell sky130_fd_sc_hd__dfbbn_1 (noninv, pins=6, area=32.53) is a direct match for cell type $_DFFSR_NNN_.
  cell sky130_fd_sc_hd__dfbbp_1 (noninv, pins=6, area=32.53) is a direct match for cell type $_DFFSR_PNN_.
  final dff cell mappings:
    unmapped dff cell: $_DFF_N_
    \sky130_fd_sc_hd__dfxtp_1 _DFF_P_ (.CLK( C), .D( D), .Q( Q));
    \sky130_fd_sc_hd__dfrtn_1 _DFF_NN0_ (.CLK_N( C), .D( D), .Q( Q), .RESET_B( R));
    unmapped dff cell: $_DFF_NN1_
    unmapped dff cell: $_DFF_NP0_
    unmapped dff cell: $_DFF_NP1_
    \sky130_fd_sc_hd__dfrtp_1 _DFF_PN0_ (.CLK( C), .D( D), .Q( Q), .RESET_B( R));
    \sky130_fd_sc_hd__dfstp_2 _DFF_PN1_ (.CLK( C), .D( D), .Q( Q), .SET_B( R));
    unmapped dff cell: $_DFF_PP0_
    unmapped dff cell: $_DFF_PP1_
    unmapped dff cell: $_DFFE_NN_
    unmapped dff cell: $_DFFE_NP_
    unmapped dff cell: $_DFFE_PN_
    \sky130_fd_sc_hd__edfxtp_1 _DFFE_PP_ (.CLK( C), .D( D), .DE( E), .Q( Q));
    \sky130_fd_sc_hd__dfbbn_1 _DFFSR_NNN_ (.CLK_N( C), .D( D), .Q( Q), .Q_N(~Q), .RESET_B( R), .SET_B( S));
    unmapped dff cell: $_DFFSR_NNP_
    unmapped dff cell: $_DFFSR_NPN_
    unmapped dff cell: $_DFFSR_NPP_
    \sky130_fd_sc_hd__dfbbp_1 _DFFSR_PNN_ (.CLK( C), .D( D), .Q( Q), .Q_N(~Q), .RESET_B( R), .SET_B( S));
    unmapped dff cell: $_DFFSR_PNP_
    unmapped dff cell: $_DFFSR_PPN_
    unmapped dff cell: $_DFFSR_PPP_

10.1. Executing DFFLEGALIZE pass (convert FFs to types supported by the target).
<suppressed ~24 debug messages>
Mapping DFF cells in module `\icache_dm':
  mapped 2560 $_DFFE_PP_ cells to \sky130_fd_sc_hd__edfxtp_1 cells.
  mapped 64 $_DFF_P_ cells to \sky130_fd_sc_hd__dfxtp_1 cells.

11. Executing ABC pass (technology mapping using ABC).

11.1. Extracting gate netlist of module `\icache_dm' to `<abc-temp-dir>/input.blif'..
ABC: using cached merged SCL: /tmp/yosys-liberty-scl-cache/yosys_merged_26d78acf.scl (1 files)
Replacing 267 occurrences of constant undef bits with constant zero bits

11.1.1. Executed ABC.
Extracted 3498 gates and 6187 wires to a netlist network with 2687 inputs and 201 outputs.
Running ABC script: <abc-temp-dir>/abc.script
ABC: UC Berkeley, ABC 1.01 (compiled Jul 16 2026 03:52:11)
ABC: abc 01> empty
ABC: abc 01> source <abc-temp-dir>/abc.script
ABC: + read_blif <abc-temp-dir>/input.blif 
ABC: + read_scl /tmp/yosys-liberty-scl-cache/yosys_merged_26d78acf.scl 
ABC: Warning: Detected 9 multi-output cells (for example, "sky130_fd_sc_hd__fa_1").
ABC: + strash 
ABC: + &get -n 
ABC: + &fraig -x 
ABC: + &put 
ABC: + scorr 
ABC: Warning: The network is combinational (run "fraig" or "fraig_sweep").
ABC: + dc2 
ABC: + dretime 
ABC: + strash 
ABC: + &get -n 
ABC: + &dch -f 
ABC: + &nf 
ABC: + &put 
ABC: + write_blif <abc-temp-dir>/output.blif 
ABC: 
ABC: YOSYS_ABC_DONE 

11.1.2. Re-integrating ABC results.
ABC RESULTS:   sky130_fd_sc_hd__a211oi_1 cells:        1
ABC RESULTS:   sky130_fd_sc_hd__a21o_1 cells:       19
ABC RESULTS:   sky130_fd_sc_hd__a21oi_1 cells:       96
ABC RESULTS:   sky130_fd_sc_hd__a221o_1 cells:        1
ABC RESULTS:   sky130_fd_sc_hd__a221oi_1 cells:        6
ABC RESULTS:   sky130_fd_sc_hd__a22o_1 cells:       19
ABC RESULTS:   sky130_fd_sc_hd__a22oi_1 cells:       14
ABC RESULTS:   sky130_fd_sc_hd__a311oi_1 cells:        4
ABC RESULTS:   sky130_fd_sc_hd__a31oi_1 cells:        6
ABC RESULTS:   sky130_fd_sc_hd__a32o_1 cells:        6
ABC RESULTS:   sky130_fd_sc_hd__a32oi_1 cells:        1
ABC RESULTS:   sky130_fd_sc_hd__and2_0 cells:        3
ABC RESULTS:   sky130_fd_sc_hd__and3_1 cells:       43
ABC RESULTS:   sky130_fd_sc_hd__and3b_1 cells:        1
ABC RESULTS:   sky130_fd_sc_hd__and4_1 cells:        1
ABC RESULTS:   sky130_fd_sc_hd__clkinv_1 cells:       15
ABC RESULTS:   sky130_fd_sc_hd__lpflow_inputiso1p_1 cells:        7
ABC RESULTS:   sky130_fd_sc_hd__lpflow_isobufsrc_1 cells:        2
ABC RESULTS:   sky130_fd_sc_hd__mux2_1 cells:        2
ABC RESULTS:   sky130_fd_sc_hd__mux2i_1 cells:       74
ABC RESULTS:   sky130_fd_sc_hd__mux4_2 cells:      696
ABC RESULTS:   sky130_fd_sc_hd__nand2_1 cells:      150
ABC RESULTS:   sky130_fd_sc_hd__nand2b_1 cells:        2
ABC RESULTS:   sky130_fd_sc_hd__nand3_1 cells:       12
ABC RESULTS:   sky130_fd_sc_hd__nand3b_1 cells:        1
ABC RESULTS:   sky130_fd_sc_hd__nand4_1 cells:        3
ABC RESULTS:   sky130_fd_sc_hd__nor2_1 cells:      205
ABC RESULTS:   sky130_fd_sc_hd__nor2b_1 cells:        1
ABC RESULTS:   sky130_fd_sc_hd__nor3_1 cells:        8
ABC RESULTS:   sky130_fd_sc_hd__nor3b_1 cells:        2
ABC RESULTS:   sky130_fd_sc_hd__nor4b_1 cells:        1
ABC RESULTS:   sky130_fd_sc_hd__o211ai_1 cells:       15
ABC RESULTS:   sky130_fd_sc_hd__o21a_1 cells:        6
ABC RESULTS:   sky130_fd_sc_hd__o21ai_0 cells:      197
ABC RESULTS:   sky130_fd_sc_hd__o21bai_1 cells:        2
ABC RESULTS:   sky130_fd_sc_hd__o221a_1 cells:        5
ABC RESULTS:   sky130_fd_sc_hd__o221ai_1 cells:       36
ABC RESULTS:   sky130_fd_sc_hd__o22a_1 cells:        1
ABC RESULTS:   sky130_fd_sc_hd__o22ai_1 cells:       28
ABC RESULTS:   sky130_fd_sc_hd__o311ai_0 cells:        2
ABC RESULTS:   sky130_fd_sc_hd__o31ai_1 cells:        5
ABC RESULTS:   sky130_fd_sc_hd__o32ai_1 cells:        4
ABC RESULTS:   sky130_fd_sc_hd__o41ai_1 cells:        5
ABC RESULTS:   sky130_fd_sc_hd__or3_1 cells:        2
ABC RESULTS:   sky130_fd_sc_hd__xnor2_1 cells:        3
ABC RESULTS:   sky130_fd_sc_hd__xor2_1 cells:        3
ABC RESULTS:        internal signals:     3299
ABC RESULTS:           input signals:     2687
ABC RESULTS:          output signals:      201
Removing temp directory.
Removing global temp directory.

12. Executing OPT_CLEAN pass (remove unused cells and wires).
Finding unused cells or wires in module \icache_dm..
Removed 0 unused cells and 3214 unused wires.
<suppressed ~4 debug messages>

13. Printing statistics.

=== icache_dm ===

        +----------Local Count, excluding submodules.
        |        +-Local Area, excluding submodules.
        |        | 
     1783        - wires
     4408        - wire bits
      138        - public wires
     2725        - public wire bits
        9        - ports
      101        - port bits
     4340 9.95E+04 cells
        1    7.507   sky130_fd_sc_hd__a211oi_1
       19  142.637   sky130_fd_sc_hd__a21o_1
       96  480.461   sky130_fd_sc_hd__a21oi_1
        1    10.01   sky130_fd_sc_hd__a221o_1
        6    52.55   sky130_fd_sc_hd__a221oi_1
       19   166.41   sky130_fd_sc_hd__a22o_1
       14  105.101   sky130_fd_sc_hd__a22oi_1
        4   35.034   sky130_fd_sc_hd__a311oi_1
        6   37.536   sky130_fd_sc_hd__a31oi_1
        6   60.058   sky130_fd_sc_hd__a32o_1
        1    8.758   sky130_fd_sc_hd__a32oi_1
        3   18.768   sky130_fd_sc_hd__and2_0
       43  269.008   sky130_fd_sc_hd__and3_1
        1    8.758   sky130_fd_sc_hd__and3b_1
        1    8.758   sky130_fd_sc_hd__and4_1
       15   56.304   sky130_fd_sc_hd__clkinv_1
       64 1.28E+03   sky130_fd_sc_hd__dfxtp_1
     2560 7.69E+04   sky130_fd_sc_hd__edfxtp_1
        7   43.792   sky130_fd_sc_hd__lpflow_inputiso1p_1
        2   12.512   sky130_fd_sc_hd__lpflow_isobufsrc_1
        2   22.522   sky130_fd_sc_hd__mux2_1
       74   740.71   sky130_fd_sc_hd__mux2i_1
      696 1.57E+04   sky130_fd_sc_hd__mux4_2
      150   563.04   sky130_fd_sc_hd__nand2_1
        2   12.512   sky130_fd_sc_hd__nand2b_1
       12   60.058   sky130_fd_sc_hd__nand3_1
        1    7.507   sky130_fd_sc_hd__nand3b_1
        3   18.768   sky130_fd_sc_hd__nand4_1
      205  769.488   sky130_fd_sc_hd__nor2_1
        1    6.256   sky130_fd_sc_hd__nor2b_1
        8   40.038   sky130_fd_sc_hd__nor3_1
        2   15.014   sky130_fd_sc_hd__nor3b_1
        1    8.758   sky130_fd_sc_hd__nor4b_1
       15  112.608   sky130_fd_sc_hd__o211ai_1
        6   45.043   sky130_fd_sc_hd__o21a_1
      197  985.946   sky130_fd_sc_hd__o21ai_0
        2   15.014   sky130_fd_sc_hd__o21bai_1
        5   56.304   sky130_fd_sc_hd__o221a_1
       36  315.302   sky130_fd_sc_hd__o221ai_1
        1    8.758   sky130_fd_sc_hd__o22a_1
       28  175.168   sky130_fd_sc_hd__o22ai_1
        2   17.517   sky130_fd_sc_hd__o311ai_0
        5   37.536   sky130_fd_sc_hd__o31ai_1
        4   35.034   sky130_fd_sc_hd__o32ai_1
        5   43.792   sky130_fd_sc_hd__o41ai_1
        2   12.512   sky130_fd_sc_hd__or3_1
        3   26.275   sky130_fd_sc_hd__xnor2_1
        3   26.275   sky130_fd_sc_hd__xor2_1

   Chip area for module '\icache_dm': 99531.708800
     of which used for sequential elements: 78154.956800 (78.52%)

End of script. Logfile hash: 59a1956258, time: 1.08s, user: 0.54s, system: 0.04s, MEM: 51.74 MB peak
Yosys 0.67+40 (git sha1 45ea2b8d6-dirty, Release, Clang /usr/bin/clang++ 18.1.8)
Time spent: 53% 1x abc (0 sec), 9% 8x opt_clean (0 sec), ...
