
 /----------------------------------------------------------------------------\
 |  yosys -- Yosys Open SYnthesis Suite                                       |
 |  Copyright (C) 2012 - 2026  Claire Xenia Wolf <claire@yosyshq.com>         |
 |  Distributed under an ISC-like license, type "license" to see terms        |
 \----------------------------------------------------------------------------/
 Yosys 0.67+40 (git sha1 45ea2b8d6-dirty, Release, Clang /usr/bin/clang++ 18.1.8)

-- Running command `read_verilog src/alu.v src/arm16_controller.v src/arm16_datapath.v src/barrel_shifter.v src/condition_checker.v src/demo_rom.v src/forwarding_selector.v src/hazard_detector.v src/instruction_decoder.v src/project.v src/qspi_master.v src/register_file.v src/reset_synchronizer.v src/vga_renderer.v; synth -top tt_um_moein_maleki_arm16 -flatten; dfflibmap -liberty /home/moein/.ciel/ciel/sky130/versions/8afc8346a57fe1ab7934ba5a6056ea8b43078e71/sky130A/libs.ref/sky130_fd_sc_hd/lib/sky130_fd_sc_hd__tt_025C_1v80.lib; abc -liberty /home/moein/.ciel/ciel/sky130/versions/8afc8346a57fe1ab7934ba5a6056ea8b43078e71/sky130A/libs.ref/sky130_fd_sc_hd/lib/sky130_fd_sc_hd__tt_025C_1v80.lib; opt_clean -purge; stat -liberty /home/moein/.ciel/ciel/sky130/versions/8afc8346a57fe1ab7934ba5a6056ea8b43078e71/sky130A/libs.ref/sky130_fd_sc_hd/lib/sky130_fd_sc_hd__tt_025C_1v80.lib' --

1. Executing Verilog-2005 frontend: src/alu.v
Parsing Verilog input from `src/alu.v' to AST representation.
Generating RTLIL representation for module `\alu'.
Successfully finished Verilog frontend.

2. Executing Verilog-2005 frontend: src/arm16_controller.v
Parsing Verilog input from `src/arm16_controller.v' to AST representation.
Generating RTLIL representation for module `\arm16_controller'.
Successfully finished Verilog frontend.

3. Executing Verilog-2005 frontend: src/arm16_datapath.v
Parsing Verilog input from `src/arm16_datapath.v' to AST representation.
Generating RTLIL representation for module `\arm16_datapath'.
Successfully finished Verilog frontend.

4. Executing Verilog-2005 frontend: src/barrel_shifter.v
Parsing Verilog input from `src/barrel_shifter.v' to AST representation.
Generating RTLIL representation for module `\barrel_shifter'.
Successfully finished Verilog frontend.

5. Executing Verilog-2005 frontend: src/condition_checker.v
Parsing Verilog input from `src/condition_checker.v' to AST representation.
Generating RTLIL representation for module `\condition_checker'.
Successfully finished Verilog frontend.

6. Executing Verilog-2005 frontend: src/demo_rom.v
Parsing Verilog input from `src/demo_rom.v' to AST representation.
Generating RTLIL representation for module `\demo_rom'.
Successfully finished Verilog frontend.

7. Executing Verilog-2005 frontend: src/forwarding_selector.v
Parsing Verilog input from `src/forwarding_selector.v' to AST representation.
Generating RTLIL representation for module `\forwarding_selector'.
Successfully finished Verilog frontend.

8. Executing Verilog-2005 frontend: src/hazard_detector.v
Parsing Verilog input from `src/hazard_detector.v' to AST representation.
Generating RTLIL representation for module `\hazard_detector'.
Successfully finished Verilog frontend.

9. Executing Verilog-2005 frontend: src/instruction_decoder.v
Parsing Verilog input from `src/instruction_decoder.v' to AST representation.
Generating RTLIL representation for module `\instruction_decoder'.
Successfully finished Verilog frontend.

10. Executing Verilog-2005 frontend: src/project.v
Parsing Verilog input from `src/project.v' to AST representation.
Generating RTLIL representation for module `\tt_um_moein_maleki_arm16'.
Successfully finished Verilog frontend.

11. Executing Verilog-2005 frontend: src/qspi_master.v
Parsing Verilog input from `src/qspi_master.v' to AST representation.
Generating RTLIL representation for module `\qspi_master'.
Successfully finished Verilog frontend.

12. Executing Verilog-2005 frontend: src/register_file.v
Parsing Verilog input from `src/register_file.v' to AST representation.
Generating RTLIL representation for module `\register_file'.
Successfully finished Verilog frontend.

13. Executing Verilog-2005 frontend: src/reset_synchronizer.v
Parsing Verilog input from `src/reset_synchronizer.v' to AST representation.
Generating RTLIL representation for module `\reset_synchronizer'.
Successfully finished Verilog frontend.

14. Executing Verilog-2005 frontend: src/vga_renderer.v
Parsing Verilog input from `src/vga_renderer.v' to AST representation.
Generating RTLIL representation for module `\vga_renderer'.
Successfully finished Verilog frontend.

15. Executing SYNTH pass.

15.1. Executing HIERARCHY pass (managing design hierarchy).

15.1.1. Analyzing design hierarchy..
Top module:  \tt_um_moein_maleki_arm16
Used module:     \reset_synchronizer
Used module:     \arm16_datapath
Used module:         \vga_renderer
Used module:         \qspi_master
Used module:         \alu
Used module:         \barrel_shifter
Used module:         \forwarding_selector
Used module:         \hazard_detector
Used module:         \register_file
Used module:         \condition_checker
Used module:         \instruction_decoder
Used module:         \demo_rom
Used module:     \arm16_controller

15.1.2. Analyzing design hierarchy..
Top module:  \tt_um_moein_maleki_arm16
Used module:     \reset_synchronizer
Used module:     \arm16_datapath
Used module:         \vga_renderer
Used module:         \qspi_master
Used module:         \alu
Used module:         \barrel_shifter
Used module:         \forwarding_selector
Used module:         \hazard_detector
Used module:         \register_file
Used module:         \condition_checker
Used module:         \instruction_decoder
Used module:         \demo_rom
Used module:     \arm16_controller
Removed 0 unused modules.

15.2. Executing PROC pass (convert processes to netlists).

15.2.1. Executing PROC_CLEAN pass (remove empty switches from decision trees).
Cleaned up 0 empty switches.

15.2.2. Executing PROC_RMDEAD pass (remove dead branches from decision trees).
Marked 1 switch rules as full_case in process $proc$src/vga_renderer.v:101$418 in module vga_renderer.
Marked 1 switch rules as full_case in process $proc$src/vga_renderer.v:79$417 in module vga_renderer.
Marked 1 switch rules as full_case in process $proc$src/vga_renderer.v:69$416 in module vga_renderer.
Marked 1 switch rules as full_case in process $proc$src/vga_renderer.v:52$400 in module vga_renderer.
Marked 1 switch rules as full_case in process $proc$src/reset_synchronizer.v:13$383 in module reset_synchronizer.
Marked 1 switch rules as full_case in process $proc$src/register_file.v:20$376 in module register_file.
Marked 6 switch rules as full_case in process $proc$src/qspi_master.v:328$363 in module qspi_master.
Marked 10 switch rules as full_case in process $proc$src/qspi_master.v:284$344 in module qspi_master.
Marked 2 switch rules as full_case in process $proc$src/qspi_master.v:261$334 in module qspi_master.
Marked 2 switch rules as full_case in process $proc$src/qspi_master.v:222$302 in module qspi_master.
Marked 5 switch rules as full_case in process $proc$src/qspi_master.v:137$281 in module qspi_master.
Marked 1 switch rules as full_case in process $proc$src/qspi_master.v:123$279 in module qspi_master.
Marked 4 switch rules as full_case in process $proc$src/instruction_decoder.v:86$238 in module instruction_decoder.
Marked 5 switch rules as full_case in process $proc$src/forwarding_selector.v:17$189 in module forwarding_selector.
Removed 1 dead cases from process $proc$src/demo_rom.v:9$188 in module demo_rom.
Marked 1 switch rules as full_case in process $proc$src/demo_rom.v:9$188 in module demo_rom.
Marked 1 switch rules as full_case in process $proc$src/condition_checker.v:18$172 in module condition_checker.
Marked 3 switch rules as full_case in process $proc$src/barrel_shifter.v:39$166 in module barrel_shifter.
Marked 1 switch rules as full_case in process $proc$src/arm16_datapath.v:429$157 in module arm16_datapath.
Marked 1 switch rules as full_case in process $proc$src/arm16_datapath.v:419$156 in module arm16_datapath.
Marked 1 switch rules as full_case in process $proc$src/arm16_datapath.v:410$155 in module arm16_datapath.
Marked 2 switch rules as full_case in process $proc$src/arm16_datapath.v:393$151 in module arm16_datapath.
Marked 1 switch rules as full_case in process $proc$src/arm16_datapath.v:369$146 in module arm16_datapath.
Marked 1 switch rules as full_case in process $proc$src/arm16_datapath.v:360$143 in module arm16_datapath.
Marked 1 switch rules as full_case in process $proc$src/arm16_datapath.v:339$141 in module arm16_datapath.
Marked 1 switch rules as full_case in process $proc$src/arm16_datapath.v:318$139 in module arm16_datapath.
Marked 1 switch rules as full_case in process $proc$src/arm16_datapath.v:267$124 in module arm16_datapath.
Marked 1 switch rules as full_case in process $proc$src/arm16_datapath.v:254$121 in module arm16_datapath.
Marked 2 switch rules as full_case in process $proc$src/arm16_datapath.v:237$118 in module arm16_datapath.
Marked 3 switch rules as full_case in process $proc$src/arm16_controller.v:101$40 in module arm16_controller.
Marked 9 switch rules as full_case in process $proc$src/arm16_controller.v:61$32 in module arm16_controller.
Marked 1 switch rules as full_case in process $proc$src/arm16_controller.v:53$31 in module arm16_controller.
Marked 1 switch rules as full_case in process $proc$src/alu.v:44$16 in module alu.
Removed a total of 1 dead cases.

15.2.3. Executing PROC_PRUNE pass (remove redundant assignments in processes).
Removed 9 redundant assignments.
Promoted 62 assignments to connections.

15.2.4. Executing PROC_INIT pass (extract init attributes).

15.2.5. Executing PROC_ARST pass (detect async resets in processes).
Found async reset \rst_n in `\reset_synchronizer.$proc$src/reset_synchronizer.v:13$383'.

15.2.6. Executing PROC_ROM pass (convert switches to ROMs).
Converted 2 switches.
<suppressed ~102 debug messages>

15.2.7. Executing PROC_MUX pass (convert decision trees to multiplexers).
Creating decoders for process `\vga_renderer.$proc$src/vga_renderer.v:101$418'.
     1/1: $1\segment_on[0:0]
Creating decoders for process `\vga_renderer.$proc$src/vga_renderer.v:79$417'.
     1/1: $1\segments[6:0]
Creating decoders for process `\vga_renderer.$proc$src/vga_renderer.v:69$416'.
     1/1: $1\nibble[3:0]
Creating decoders for process `\vga_renderer.$proc$src/vga_renderer.v:52$400'.
     1/2: $0\h_count[9:0]
     2/2: $0\v_count[9:0]
Creating decoders for process `\reset_synchronizer.$proc$src/reset_synchronizer.v:13$383'.
     1/2: $0\sync_second[0:0]
     2/2: $0\sync_first[0:0]
Creating decoders for process `\register_file.$proc$src/register_file.v:20$376'.
     1/3: $1$memwr$\regs$src/register_file.v:22$373_EN[15:0]$382
     2/3: $1$memwr$\regs$src/register_file.v:22$373_DATA[15:0]$381
     3/3: $1$memwr$\regs$src/register_file.v:22$373_ADDR[3:0]$380
Creating decoders for process `\qspi_master.$proc$src/qspi_master.v:328$363'.
     1/10: $4\tx_oe[3:0]
     2/10: $6\tx_nibble[3:0]
     3/10: $5\tx_nibble[3:0]
     4/10: $3\tx_oe[3:0]
     5/10: $4\tx_nibble[3:0]
     6/10: $3\tx_nibble[3:0]
     7/10: $2\tx_oe[3:0]
     8/10: $2\tx_nibble[3:0]
     9/10: $1\tx_oe[3:0]
    10/10: $1\tx_nibble[3:0]
Creating decoders for process `\qspi_master.$proc$src/qspi_master.v:284$344'.
     1/10: $10\next_state[2:0]
     2/10: $9\next_state[2:0]
     3/10: $8\next_state[2:0]
     4/10: $7\next_state[2:0]
     5/10: $6\next_state[2:0]
     6/10: $5\next_state[2:0]
     7/10: $4\next_state[2:0]
     8/10: $3\next_state[2:0]
     9/10: $2\next_state[2:0]
    10/10: $1\next_state[2:0]
Creating decoders for process `\qspi_master.$proc$src/qspi_master.v:261$334'.
     1/3: $0\cs_low_cnt[7:0]
     2/3: $0\data_done_reg[0:0]
     3/3: $0\fault_reg[0:0]
Creating decoders for process `\qspi_master.$proc$src/qspi_master.v:222$302'.
     1/8: $2$lookahead\rx_word$301[31:0]$320
     2/8: $2$bitselwrite$pos$src/qspi_master.v:243$252[31:0]$319
     3/8: $0\cap_pipe[2:0] [2:1]
     4/8: $0\cap_pipe[2:0] [0]
     5/8: $1$lookahead\rx_word$301[31:0]$306
     6/8: $1$bitselwrite$pos$src/qspi_master.v:243$252[31:0]$305
     7/8: $0\word_valid_reg[0:0]
     8/8: $0\cap_count[2:0]
Creating decoders for process `\qspi_master.$proc$src/qspi_master.v:137$281'.
     1/13: $0\stop_pending[0:0]
     2/13: $0\gap_cnt[3:0]
     3/13: $0\req_cnt[3:0]
     4/13: $0\period[4:0]
     5/13: $0\wdata_reg[15:0]
     6/13: $0\addr_reg[15:0]
     7/13: $0\write_cmd[0:0]
     8/13: $0\sd_oe_reg[3:0]
     9/13: $0\sd_reg[3:0]
    10/13: $0\cs_ram_n_reg[0:0]
    11/13: $0\cs_flash_n_reg[0:0]
    12/13: $0\sck_reg[0:0]
    13/13: $0\kind[1:0]
Creating decoders for process `\qspi_master.$proc$src/qspi_master.v:132$280'.
Creating decoders for process `\qspi_master.$proc$src/qspi_master.v:123$279'.
     1/1: $0\present_state[2:0]
Creating decoders for process `\instruction_decoder.$proc$src/instruction_decoder.v:86$238'.
     1/36: $3\dest_out[3:0]
     2/36: $4\wb_en_out[0:0]
     3/36: $3\link_out[0:0]
     4/36: $3\is_branch_out[0:0]
     5/36: $2\src2_out[3:0]
     6/36: $3\has_src2_out[0:0]
     7/36: $3\has_src1_out[0:0]
     8/36: $3\wb_en_out[0:0]
     9/36: $2\is_store_out[0:0]
    10/36: $2\is_load_out[0:0]
    11/36: $3\command_out[3:0]
    12/36: $2\memory_out[0:0]
    13/36: $2\dest_out[3:0]
    14/36: $2\link_out[0:0]
    15/36: $2\is_branch_out[0:0]
    16/36: $2\command_out[3:0]
    17/36: $2\has_src2_out[0:0]
    18/36: $2\has_src1_out[0:0]
    19/36: $2\dest_is_pc_out[0:0]
    20/36: $2\immediate_out[0:0]
    21/36: $2\set_flags_out[0:0]
    22/36: $2\wb_en_out[0:0]
    23/36: $1\has_src2_out[0:0]
    24/36: $1\has_src1_out[0:0]
    25/36: $1\dest_is_pc_out[0:0]
    26/36: $1\immediate_out[0:0]
    27/36: $1\command_out[3:0]
    28/36: $1\set_flags_out[0:0]
    29/36: $1\wb_en_out[0:0]
    30/36: $1\src2_out[3:0]
    31/36: $1\dest_out[3:0]
    32/36: $1\memory_out[0:0]
    33/36: $1\link_out[0:0]
    34/36: $1\is_branch_out[0:0]
    35/36: $1\is_store_out[0:0]
    36/36: $1\is_load_out[0:0]
Creating decoders for process `\forwarding_selector.$proc$src/forwarding_selector.v:17$189'.
     1/6: $3\sel2_out[1:0]
     2/6: $2\sel2_out[1:0]
     3/6: $3\sel1_out[1:0]
     4/6: $2\sel1_out[1:0]
     5/6: $1\sel2_out[1:0]
     6/6: $1\sel1_out[1:0]
Creating decoders for process `\demo_rom.$proc$src/demo_rom.v:9$188'.
     1/1: $1\word_out[31:0]
Creating decoders for process `\condition_checker.$proc$src/condition_checker.v:18$172'.
     1/1: $1\met_out[0:0]
Creating decoders for process `\barrel_shifter.$proc$src/barrel_shifter.v:39$166'.
     1/3: $3\result_out[15:0]
     2/3: $2\result_out[15:0]
     3/3: $1\result_out[15:0]
Creating decoders for process `\arm16_datapath.$proc$src/arm16_datapath.v:429$157'.
     1/1: $1\mem_periph_read[15:0]
Creating decoders for process `\arm16_datapath.$proc$src/arm16_datapath.v:419$156'.
     1/1: $1\ex_operand_rm[15:0]
Creating decoders for process `\arm16_datapath.$proc$src/arm16_datapath.v:410$155'.
     1/1: $1\ex_operand_a[15:0]
Creating decoders for process `\arm16_datapath.$proc$src/arm16_datapath.v:393$151'.
     1/3: $0\vsync_q[0:0]
     2/3: $0\meter_value[15:0]
     3/3: $0\retired_count[19:0]
Creating decoders for process `\arm16_datapath.$proc$src/arm16_datapath.v:369$146'.
     1/4: $0\uart_div[15:0]
     2/4: $0\vga_bg[5:0]
     3/4: $0\vga_fg[5:0]
     4/4: $0\vga_val[15:0]
Creating decoders for process `\arm16_datapath.$proc$src/arm16_datapath.v:360$143'.
     1/1: $0\nzcv[3:0]
Creating decoders for process `\arm16_datapath.$proc$src/arm16_datapath.v:339$141'.
     1/6: $0\wb_load_data[15:0]
     2/6: $0\wb_alu_result[15:0]
     3/6: $0\wb_dest[3:0]
     4/6: $0\wb_mem_read[0:0]
     5/6: $0\wb_wb_en[0:0]
     6/6: $0\wb_valid[0:0]
Creating decoders for process `\arm16_datapath.$proc$src/arm16_datapath.v:318$139'.
     1/7: $0\mem_store_data[15:0]
     2/7: $0\mem_alu_result[15:0]
     3/7: $0\mem_dest[3:0]
     4/7: $0\mem_mem_write[0:0]
     5/7: $0\mem_mem_read[0:0]
     6/7: $0\mem_wb_en[0:0]
     7/7: $0\mem_valid[0:0]
Creating decoders for process `\arm16_datapath.$proc$src/arm16_datapath.v:267$124'.
     1/22: $0\ex_flags[3:0]
     2/22: $0\ex_has_src2[0:0]
     3/22: $0\ex_has_src1[0:0]
     4/22: $0\ex_src2[3:0]
     5/22: $0\ex_src1[3:0]
     6/22: $0\ex_val_rm[15:0]
     7/22: $0\ex_val_rn[15:0]
     8/22: $0\ex_branch_imm[23:0]
     9/22: $0\ex_operand2[11:0]
    10/22: $0\ex_memory[0:0]
    11/22: $0\ex_immediate[0:0]
    12/22: $0\ex_command[3:0]
    13/22: $0\ex_dest_is_pc[0:0]
    14/22: $0\ex_dest[3:0]
    15/22: $0\ex_set_flags[0:0]
    16/22: $0\ex_link[0:0]
    17/22: $0\ex_branch[0:0]
    18/22: $0\ex_mem_write[0:0]
    19/22: $0\ex_mem_read[0:0]
    20/22: $0\ex_wb_en[0:0]
    21/22: $0\ex_pc[15:0]
    22/22: $0\ex_valid[0:0]
Creating decoders for process `\arm16_datapath.$proc$src/arm16_datapath.v:254$121'.
     1/3: $0\if_id_valid[0:0]
     2/3: $0\if_id_instr[31:0]
     3/3: $0\if_id_pc[15:0]
Creating decoders for process `\arm16_datapath.$proc$src/arm16_datapath.v:247$120'.
     1/1: $0\fetch_word[31:0]
Creating decoders for process `\arm16_datapath.$proc$src/arm16_datapath.v:237$118'.
     1/1: $0\fetch_addr[15:0]
Creating decoders for process `\arm16_datapath.$proc$src/arm16_datapath.v:228$117'.
     1/3: $0\rom_mode_q[0:0]
     2/3: $0\rx_delay_q[1:0]
     3/3: $0\fwd_en_q[0:0]
Creating decoders for process `\arm16_controller.$proc$src/arm16_controller.v:101$40'.
     1/15: $3\stream_start_out[0:0]
     2/15: $2\addr_sel_out[0:0]
     3/15: $2\data_start_out[0:0]
     4/15: $2\stream_start_out[0:0]
     5/15: $1\addr_sel_out[0:0]
     6/15: $1\data_start_out[0:0]
     7/15: $1\stream_start_out[0:0]
     8/15: $1\if_id_bubble_out[0:0]
     9/15: $1\if_id_load_out[0:0]
    10/15: $1\fetch_src_rom_out[0:0]
    11/15: $1\fetch_word_load_out[0:0]
    12/15: $1\fetch_addr_inc_out[0:0]
    13/15: $1\word_room_out[0:0]
    14/15: $1\word_take_out[0:0]
    15/15: $1\stream_stop_out[0:0]
Creating decoders for process `\arm16_controller.$proc$src/arm16_controller.v:61$32'.
     1/9: $9\next_state[2:0]
     2/9: $8\next_state[2:0]
     3/9: $7\next_state[2:0]
     4/9: $6\next_state[2:0]
     5/9: $5\next_state[2:0]
     6/9: $4\next_state[2:0]
     7/9: $3\next_state[2:0]
     8/9: $2\next_state[2:0]
     9/9: $1\next_state[2:0]
Creating decoders for process `\arm16_controller.$proc$src/arm16_controller.v:53$31'.
     1/1: $0\present_state[2:0]
Creating decoders for process `\alu.$proc$src/alu.v:44$16'.
     1/2: $1\result_out[15:0]
     2/2: $1\arith_out[0:0]

15.2.8. Executing PROC_DLATCH pass (convert process syncs to latches).
No latch inferred for signal `\vga_renderer.\segment_on' from process `\vga_renderer.$proc$src/vga_renderer.v:101$418'.
No latch inferred for signal `\vga_renderer.\segments' from process `\vga_renderer.$proc$src/vga_renderer.v:79$417'.
No latch inferred for signal `\vga_renderer.\nibble' from process `\vga_renderer.$proc$src/vga_renderer.v:69$416'.
No latch inferred for signal `\qspi_master.\tx_nibble' from process `\qspi_master.$proc$src/qspi_master.v:328$363'.
No latch inferred for signal `\qspi_master.\tx_oe' from process `\qspi_master.$proc$src/qspi_master.v:328$363'.
No latch inferred for signal `\qspi_master.\cmd_byte' from process `\qspi_master.$proc$src/qspi_master.v:328$363'.
No latch inferred for signal `\qspi_master.\next_state' from process `\qspi_master.$proc$src/qspi_master.v:284$344'.
No latch inferred for signal `\instruction_decoder.\valid_out' from process `\instruction_decoder.$proc$src/instruction_decoder.v:86$238'.
No latch inferred for signal `\instruction_decoder.\is_load_out' from process `\instruction_decoder.$proc$src/instruction_decoder.v:86$238'.
No latch inferred for signal `\instruction_decoder.\is_store_out' from process `\instruction_decoder.$proc$src/instruction_decoder.v:86$238'.
No latch inferred for signal `\instruction_decoder.\is_branch_out' from process `\instruction_decoder.$proc$src/instruction_decoder.v:86$238'.
No latch inferred for signal `\instruction_decoder.\link_out' from process `\instruction_decoder.$proc$src/instruction_decoder.v:86$238'.
No latch inferred for signal `\instruction_decoder.\wb_en_out' from process `\instruction_decoder.$proc$src/instruction_decoder.v:86$238'.
No latch inferred for signal `\instruction_decoder.\set_flags_out' from process `\instruction_decoder.$proc$src/instruction_decoder.v:86$238'.
No latch inferred for signal `\instruction_decoder.\command_out' from process `\instruction_decoder.$proc$src/instruction_decoder.v:86$238'.
No latch inferred for signal `\instruction_decoder.\immediate_out' from process `\instruction_decoder.$proc$src/instruction_decoder.v:86$238'.
No latch inferred for signal `\instruction_decoder.\memory_out' from process `\instruction_decoder.$proc$src/instruction_decoder.v:86$238'.
No latch inferred for signal `\instruction_decoder.\dest_out' from process `\instruction_decoder.$proc$src/instruction_decoder.v:86$238'.
No latch inferred for signal `\instruction_decoder.\dest_is_pc_out' from process `\instruction_decoder.$proc$src/instruction_decoder.v:86$238'.
No latch inferred for signal `\instruction_decoder.\src1_out' from process `\instruction_decoder.$proc$src/instruction_decoder.v:86$238'.
No latch inferred for signal `\instruction_decoder.\src2_out' from process `\instruction_decoder.$proc$src/instruction_decoder.v:86$238'.
No latch inferred for signal `\instruction_decoder.\has_src1_out' from process `\instruction_decoder.$proc$src/instruction_decoder.v:86$238'.
No latch inferred for signal `\instruction_decoder.\has_src2_out' from process `\instruction_decoder.$proc$src/instruction_decoder.v:86$238'.
No latch inferred for signal `\forwarding_selector.\sel1_out' from process `\forwarding_selector.$proc$src/forwarding_selector.v:17$189'.
No latch inferred for signal `\forwarding_selector.\sel2_out' from process `\forwarding_selector.$proc$src/forwarding_selector.v:17$189'.
No latch inferred for signal `\demo_rom.\word_out' from process `\demo_rom.$proc$src/demo_rom.v:9$188'.
No latch inferred for signal `\condition_checker.\met_out' from process `\condition_checker.$proc$src/condition_checker.v:18$172'.
No latch inferred for signal `\barrel_shifter.\result_out' from process `\barrel_shifter.$proc$src/barrel_shifter.v:39$166'.
No latch inferred for signal `\arm16_datapath.\mem_periph_read' from process `\arm16_datapath.$proc$src/arm16_datapath.v:429$157'.
No latch inferred for signal `\arm16_datapath.\ex_operand_rm' from process `\arm16_datapath.$proc$src/arm16_datapath.v:419$156'.
No latch inferred for signal `\arm16_datapath.\ex_operand_a' from process `\arm16_datapath.$proc$src/arm16_datapath.v:410$155'.
No latch inferred for signal `\arm16_controller.\stream_start_out' from process `\arm16_controller.$proc$src/arm16_controller.v:101$40'.
No latch inferred for signal `\arm16_controller.\stream_stop_out' from process `\arm16_controller.$proc$src/arm16_controller.v:101$40'.
No latch inferred for signal `\arm16_controller.\data_start_out' from process `\arm16_controller.$proc$src/arm16_controller.v:101$40'.
No latch inferred for signal `\arm16_controller.\data_flash_out' from process `\arm16_controller.$proc$src/arm16_controller.v:101$40'.
No latch inferred for signal `\arm16_controller.\data_write_out' from process `\arm16_controller.$proc$src/arm16_controller.v:101$40'.
No latch inferred for signal `\arm16_controller.\word_take_out' from process `\arm16_controller.$proc$src/arm16_controller.v:101$40'.
No latch inferred for signal `\arm16_controller.\word_room_out' from process `\arm16_controller.$proc$src/arm16_controller.v:101$40'.
No latch inferred for signal `\arm16_controller.\addr_sel_out' from process `\arm16_controller.$proc$src/arm16_controller.v:101$40'.
No latch inferred for signal `\arm16_controller.\fetch_addr_load_out' from process `\arm16_controller.$proc$src/arm16_controller.v:101$40'.
No latch inferred for signal `\arm16_controller.\fetch_addr_inc_out' from process `\arm16_controller.$proc$src/arm16_controller.v:101$40'.
No latch inferred for signal `\arm16_controller.\fetch_word_load_out' from process `\arm16_controller.$proc$src/arm16_controller.v:101$40'.
No latch inferred for signal `\arm16_controller.\fetch_src_rom_out' from process `\arm16_controller.$proc$src/arm16_controller.v:101$40'.
No latch inferred for signal `\arm16_controller.\if_id_load_out' from process `\arm16_controller.$proc$src/arm16_controller.v:101$40'.
No latch inferred for signal `\arm16_controller.\if_id_bubble_out' from process `\arm16_controller.$proc$src/arm16_controller.v:101$40'.
No latch inferred for signal `\arm16_controller.\id_ex_bubble_out' from process `\arm16_controller.$proc$src/arm16_controller.v:101$40'.
No latch inferred for signal `\arm16_controller.\mem_busy_out' from process `\arm16_controller.$proc$src/arm16_controller.v:101$40'.
No latch inferred for signal `\arm16_controller.\next_state' from process `\arm16_controller.$proc$src/arm16_controller.v:61$32'.
No latch inferred for signal `\alu.\result_out' from process `\alu.$proc$src/alu.v:44$16'.
No latch inferred for signal `\alu.\arith_out' from process `\alu.$proc$src/alu.v:44$16'.

15.2.9. Executing PROC_DFF pass (convert process syncs to FFs).
Creating register for signal `\vga_renderer.\pins_out' using process `\vga_renderer.$proc$src/vga_renderer.v:52$400'.
  created $dff cell `$procdff$1707' with positive edge clock.
Creating register for signal `\vga_renderer.\h_count' using process `\vga_renderer.$proc$src/vga_renderer.v:52$400'.
  created $dff cell `$procdff$1708' with positive edge clock.
Creating register for signal `\vga_renderer.\v_count' using process `\vga_renderer.$proc$src/vga_renderer.v:52$400'.
  created $dff cell `$procdff$1709' with positive edge clock.
Creating register for signal `\vga_renderer.\active' using process `\vga_renderer.$proc$src/vga_renderer.v:52$400'.
  created $dff cell `$procdff$1710' with positive edge clock.
Creating register for signal `\vga_renderer.\hsync_n' using process `\vga_renderer.$proc$src/vga_renderer.v:52$400'.
  created $dff cell `$procdff$1711' with positive edge clock.
Creating register for signal `\vga_renderer.\vsync_n' using process `\vga_renderer.$proc$src/vga_renderer.v:52$400'.
  created $dff cell `$procdff$1712' with positive edge clock.
Creating register for signal `\vga_renderer.\lit' using process `\vga_renderer.$proc$src/vga_renderer.v:52$400'.
  created $dff cell `$procdff$1713' with positive edge clock.
Creating register for signal `\reset_synchronizer.\sync_first' using process `\reset_synchronizer.$proc$src/reset_synchronizer.v:13$383'.
  created $adff cell `$procdff$1718' with positive edge clock and positive level reset.
Creating register for signal `\reset_synchronizer.\sync_second' using process `\reset_synchronizer.$proc$src/reset_synchronizer.v:13$383'.
  created $adff cell `$procdff$1723' with positive edge clock and positive level reset.
Creating register for signal `\register_file.$memwr$\regs$src/register_file.v:22$373_ADDR' using process `\register_file.$proc$src/register_file.v:20$376'.
  created $dff cell `$procdff$1724' with negative edge clock.
Creating register for signal `\register_file.$memwr$\regs$src/register_file.v:22$373_DATA' using process `\register_file.$proc$src/register_file.v:20$376'.
  created $dff cell `$procdff$1725' with negative edge clock.
Creating register for signal `\register_file.$memwr$\regs$src/register_file.v:22$373_EN' using process `\register_file.$proc$src/register_file.v:20$376'.
  created $dff cell `$procdff$1726' with negative edge clock.
Creating register for signal `\qspi_master.\data_done_reg' using process `\qspi_master.$proc$src/qspi_master.v:261$334'.
  created $dff cell `$procdff$1727' with positive edge clock.
Creating register for signal `\qspi_master.\fault_reg' using process `\qspi_master.$proc$src/qspi_master.v:261$334'.
  created $dff cell `$procdff$1728' with positive edge clock.
Creating register for signal `\qspi_master.\cs_low_cnt' using process `\qspi_master.$proc$src/qspi_master.v:261$334'.
  created $dff cell `$procdff$1729' with positive edge clock.
Creating register for signal `\qspi_master.\cap_pipe' using process `\qspi_master.$proc$src/qspi_master.v:222$302'.
  created $dff cell `$procdff$1730' with positive edge clock.
Creating register for signal `\qspi_master.\cap_count' using process `\qspi_master.$proc$src/qspi_master.v:222$302'.
  created $dff cell `$procdff$1731' with positive edge clock.
Creating register for signal `\qspi_master.\rx_word' using process `\qspi_master.$proc$src/qspi_master.v:222$302'.
  created $dff cell `$procdff$1732' with positive edge clock.
Creating register for signal `\qspi_master.\word_valid_reg' using process `\qspi_master.$proc$src/qspi_master.v:222$302'.
  created $dff cell `$procdff$1733' with positive edge clock.
Creating register for signal `\qspi_master.$bitselwrite$pos$src/qspi_master.v:243$252' using process `\qspi_master.$proc$src/qspi_master.v:222$302'.
  created $dff cell `$procdff$1734' with positive edge clock.
Creating register for signal `\qspi_master.$lookahead\rx_word$301' using process `\qspi_master.$proc$src/qspi_master.v:222$302'.
  created $dff cell `$procdff$1735' with positive edge clock.
Creating register for signal `\qspi_master.\kind' using process `\qspi_master.$proc$src/qspi_master.v:137$281'.
  created $dff cell `$procdff$1736' with positive edge clock.
Creating register for signal `\qspi_master.\sck_reg' using process `\qspi_master.$proc$src/qspi_master.v:137$281'.
  created $dff cell `$procdff$1737' with positive edge clock.
Creating register for signal `\qspi_master.\cs_flash_n_reg' using process `\qspi_master.$proc$src/qspi_master.v:137$281'.
  created $dff cell `$procdff$1738' with positive edge clock.
Creating register for signal `\qspi_master.\cs_ram_n_reg' using process `\qspi_master.$proc$src/qspi_master.v:137$281'.
  created $dff cell `$procdff$1739' with positive edge clock.
Creating register for signal `\qspi_master.\sd_reg' using process `\qspi_master.$proc$src/qspi_master.v:137$281'.
  created $dff cell `$procdff$1740' with positive edge clock.
Creating register for signal `\qspi_master.\sd_oe_reg' using process `\qspi_master.$proc$src/qspi_master.v:137$281'.
  created $dff cell `$procdff$1741' with positive edge clock.
Creating register for signal `\qspi_master.\write_cmd' using process `\qspi_master.$proc$src/qspi_master.v:137$281'.
  created $dff cell `$procdff$1742' with positive edge clock.
Creating register for signal `\qspi_master.\addr_reg' using process `\qspi_master.$proc$src/qspi_master.v:137$281'.
  created $dff cell `$procdff$1743' with positive edge clock.
Creating register for signal `\qspi_master.\wdata_reg' using process `\qspi_master.$proc$src/qspi_master.v:137$281'.
  created $dff cell `$procdff$1744' with positive edge clock.
Creating register for signal `\qspi_master.\period' using process `\qspi_master.$proc$src/qspi_master.v:137$281'.
  created $dff cell `$procdff$1745' with positive edge clock.
Creating register for signal `\qspi_master.\req_cnt' using process `\qspi_master.$proc$src/qspi_master.v:137$281'.
  created $dff cell `$procdff$1746' with positive edge clock.
Creating register for signal `\qspi_master.\gap_cnt' using process `\qspi_master.$proc$src/qspi_master.v:137$281'.
  created $dff cell `$procdff$1747' with positive edge clock.
Creating register for signal `\qspi_master.\stop_pending' using process `\qspi_master.$proc$src/qspi_master.v:137$281'.
  created $dff cell `$procdff$1748' with positive edge clock.
Creating register for signal `\qspi_master.\sck_pad' using process `\qspi_master.$proc$src/qspi_master.v:132$280'.
  created $dff cell `$procdff$1749' with negative edge clock.
Creating register for signal `\qspi_master.\present_state' using process `\qspi_master.$proc$src/qspi_master.v:123$279'.
  created $dff cell `$procdff$1750' with positive edge clock.
Creating register for signal `\arm16_datapath.\retired_count' using process `\arm16_datapath.$proc$src/arm16_datapath.v:393$151'.
  created $dff cell `$procdff$1751' with positive edge clock.
Creating register for signal `\arm16_datapath.\meter_value' using process `\arm16_datapath.$proc$src/arm16_datapath.v:393$151'.
  created $dff cell `$procdff$1752' with positive edge clock.
Creating register for signal `\arm16_datapath.\vsync_q' using process `\arm16_datapath.$proc$src/arm16_datapath.v:393$151'.
  created $dff cell `$procdff$1753' with positive edge clock.
Creating register for signal `\arm16_datapath.\vga_val' using process `\arm16_datapath.$proc$src/arm16_datapath.v:369$146'.
  created $dff cell `$procdff$1754' with positive edge clock.
Creating register for signal `\arm16_datapath.\vga_fg' using process `\arm16_datapath.$proc$src/arm16_datapath.v:369$146'.
  created $dff cell `$procdff$1755' with positive edge clock.
Creating register for signal `\arm16_datapath.\vga_bg' using process `\arm16_datapath.$proc$src/arm16_datapath.v:369$146'.
  created $dff cell `$procdff$1756' with positive edge clock.
Creating register for signal `\arm16_datapath.\uart_div' using process `\arm16_datapath.$proc$src/arm16_datapath.v:369$146'.
  created $dff cell `$procdff$1757' with positive edge clock.
Creating register for signal `\arm16_datapath.\nzcv' using process `\arm16_datapath.$proc$src/arm16_datapath.v:360$143'.
  created $dff cell `$procdff$1758' with positive edge clock.
Creating register for signal `\arm16_datapath.\wb_valid' using process `\arm16_datapath.$proc$src/arm16_datapath.v:339$141'.
  created $dff cell `$procdff$1759' with positive edge clock.
Creating register for signal `\arm16_datapath.\wb_wb_en' using process `\arm16_datapath.$proc$src/arm16_datapath.v:339$141'.
  created $dff cell `$procdff$1760' with positive edge clock.
Creating register for signal `\arm16_datapath.\wb_mem_read' using process `\arm16_datapath.$proc$src/arm16_datapath.v:339$141'.
  created $dff cell `$procdff$1761' with positive edge clock.
Creating register for signal `\arm16_datapath.\wb_dest' using process `\arm16_datapath.$proc$src/arm16_datapath.v:339$141'.
  created $dff cell `$procdff$1762' with positive edge clock.
Creating register for signal `\arm16_datapath.\wb_alu_result' using process `\arm16_datapath.$proc$src/arm16_datapath.v:339$141'.
  created $dff cell `$procdff$1763' with positive edge clock.
Creating register for signal `\arm16_datapath.\wb_load_data' using process `\arm16_datapath.$proc$src/arm16_datapath.v:339$141'.
  created $dff cell `$procdff$1764' with positive edge clock.
Creating register for signal `\arm16_datapath.\mem_valid' using process `\arm16_datapath.$proc$src/arm16_datapath.v:318$139'.
  created $dff cell `$procdff$1765' with positive edge clock.
Creating register for signal `\arm16_datapath.\mem_wb_en' using process `\arm16_datapath.$proc$src/arm16_datapath.v:318$139'.
  created $dff cell `$procdff$1766' with positive edge clock.
Creating register for signal `\arm16_datapath.\mem_mem_read' using process `\arm16_datapath.$proc$src/arm16_datapath.v:318$139'.
  created $dff cell `$procdff$1767' with positive edge clock.
Creating register for signal `\arm16_datapath.\mem_mem_write' using process `\arm16_datapath.$proc$src/arm16_datapath.v:318$139'.
  created $dff cell `$procdff$1768' with positive edge clock.
Creating register for signal `\arm16_datapath.\mem_dest' using process `\arm16_datapath.$proc$src/arm16_datapath.v:318$139'.
  created $dff cell `$procdff$1769' with positive edge clock.
Creating register for signal `\arm16_datapath.\mem_alu_result' using process `\arm16_datapath.$proc$src/arm16_datapath.v:318$139'.
  created $dff cell `$procdff$1770' with positive edge clock.
Creating register for signal `\arm16_datapath.\mem_store_data' using process `\arm16_datapath.$proc$src/arm16_datapath.v:318$139'.
  created $dff cell `$procdff$1771' with positive edge clock.
Creating register for signal `\arm16_datapath.\ex_valid' using process `\arm16_datapath.$proc$src/arm16_datapath.v:267$124'.
  created $dff cell `$procdff$1772' with positive edge clock.
Creating register for signal `\arm16_datapath.\ex_pc' using process `\arm16_datapath.$proc$src/arm16_datapath.v:267$124'.
  created $dff cell `$procdff$1773' with positive edge clock.
Creating register for signal `\arm16_datapath.\ex_wb_en' using process `\arm16_datapath.$proc$src/arm16_datapath.v:267$124'.
  created $dff cell `$procdff$1774' with positive edge clock.
Creating register for signal `\arm16_datapath.\ex_mem_read' using process `\arm16_datapath.$proc$src/arm16_datapath.v:267$124'.
  created $dff cell `$procdff$1775' with positive edge clock.
Creating register for signal `\arm16_datapath.\ex_mem_write' using process `\arm16_datapath.$proc$src/arm16_datapath.v:267$124'.
  created $dff cell `$procdff$1776' with positive edge clock.
Creating register for signal `\arm16_datapath.\ex_branch' using process `\arm16_datapath.$proc$src/arm16_datapath.v:267$124'.
  created $dff cell `$procdff$1777' with positive edge clock.
Creating register for signal `\arm16_datapath.\ex_link' using process `\arm16_datapath.$proc$src/arm16_datapath.v:267$124'.
  created $dff cell `$procdff$1778' with positive edge clock.
Creating register for signal `\arm16_datapath.\ex_set_flags' using process `\arm16_datapath.$proc$src/arm16_datapath.v:267$124'.
  created $dff cell `$procdff$1779' with positive edge clock.
Creating register for signal `\arm16_datapath.\ex_dest' using process `\arm16_datapath.$proc$src/arm16_datapath.v:267$124'.
  created $dff cell `$procdff$1780' with positive edge clock.
Creating register for signal `\arm16_datapath.\ex_dest_is_pc' using process `\arm16_datapath.$proc$src/arm16_datapath.v:267$124'.
  created $dff cell `$procdff$1781' with positive edge clock.
Creating register for signal `\arm16_datapath.\ex_command' using process `\arm16_datapath.$proc$src/arm16_datapath.v:267$124'.
  created $dff cell `$procdff$1782' with positive edge clock.
Creating register for signal `\arm16_datapath.\ex_immediate' using process `\arm16_datapath.$proc$src/arm16_datapath.v:267$124'.
  created $dff cell `$procdff$1783' with positive edge clock.
Creating register for signal `\arm16_datapath.\ex_memory' using process `\arm16_datapath.$proc$src/arm16_datapath.v:267$124'.
  created $dff cell `$procdff$1784' with positive edge clock.
Creating register for signal `\arm16_datapath.\ex_operand2' using process `\arm16_datapath.$proc$src/arm16_datapath.v:267$124'.
  created $dff cell `$procdff$1785' with positive edge clock.
Creating register for signal `\arm16_datapath.\ex_branch_imm' using process `\arm16_datapath.$proc$src/arm16_datapath.v:267$124'.
  created $dff cell `$procdff$1786' with positive edge clock.
Creating register for signal `\arm16_datapath.\ex_val_rn' using process `\arm16_datapath.$proc$src/arm16_datapath.v:267$124'.
  created $dff cell `$procdff$1787' with positive edge clock.
Creating register for signal `\arm16_datapath.\ex_val_rm' using process `\arm16_datapath.$proc$src/arm16_datapath.v:267$124'.
  created $dff cell `$procdff$1788' with positive edge clock.
Creating register for signal `\arm16_datapath.\ex_src1' using process `\arm16_datapath.$proc$src/arm16_datapath.v:267$124'.
  created $dff cell `$procdff$1789' with positive edge clock.
Creating register for signal `\arm16_datapath.\ex_src2' using process `\arm16_datapath.$proc$src/arm16_datapath.v:267$124'.
  created $dff cell `$procdff$1790' with positive edge clock.
Creating register for signal `\arm16_datapath.\ex_has_src1' using process `\arm16_datapath.$proc$src/arm16_datapath.v:267$124'.
  created $dff cell `$procdff$1791' with positive edge clock.
Creating register for signal `\arm16_datapath.\ex_has_src2' using process `\arm16_datapath.$proc$src/arm16_datapath.v:267$124'.
  created $dff cell `$procdff$1792' with positive edge clock.
Creating register for signal `\arm16_datapath.\ex_flags' using process `\arm16_datapath.$proc$src/arm16_datapath.v:267$124'.
  created $dff cell `$procdff$1793' with positive edge clock.
Creating register for signal `\arm16_datapath.\if_id_pc' using process `\arm16_datapath.$proc$src/arm16_datapath.v:254$121'.
  created $dff cell `$procdff$1794' with positive edge clock.
Creating register for signal `\arm16_datapath.\if_id_instr' using process `\arm16_datapath.$proc$src/arm16_datapath.v:254$121'.
  created $dff cell `$procdff$1795' with positive edge clock.
Creating register for signal `\arm16_datapath.\if_id_valid' using process `\arm16_datapath.$proc$src/arm16_datapath.v:254$121'.
  created $dff cell `$procdff$1796' with positive edge clock.
Creating register for signal `\arm16_datapath.\fetch_word' using process `\arm16_datapath.$proc$src/arm16_datapath.v:247$120'.
  created $dff cell `$procdff$1797' with positive edge clock.
Creating register for signal `\arm16_datapath.\fetch_addr' using process `\arm16_datapath.$proc$src/arm16_datapath.v:237$118'.
  created $dff cell `$procdff$1798' with positive edge clock.
Creating register for signal `\arm16_datapath.\fwd_en_q' using process `\arm16_datapath.$proc$src/arm16_datapath.v:228$117'.
  created $dff cell `$procdff$1799' with positive edge clock.
Creating register for signal `\arm16_datapath.\rx_delay_q' using process `\arm16_datapath.$proc$src/arm16_datapath.v:228$117'.
  created $dff cell `$procdff$1800' with positive edge clock.
Creating register for signal `\arm16_datapath.\rom_mode_q' using process `\arm16_datapath.$proc$src/arm16_datapath.v:228$117'.
  created $dff cell `$procdff$1801' with positive edge clock.
Creating register for signal `\arm16_controller.\present_state' using process `\arm16_controller.$proc$src/arm16_controller.v:53$31'.
  created $dff cell `$procdff$1802' with positive edge clock.

15.2.10. Executing PROC_MEMWR pass (convert process memory writes to cells).

15.2.11. Executing PROC_CLEAN pass (remove empty switches from decision trees).
Found and cleaned up 1 empty switch in `\vga_renderer.$proc$src/vga_renderer.v:101$418'.
Removing empty process `vga_renderer.$proc$src/vga_renderer.v:101$418'.
Found and cleaned up 1 empty switch in `\vga_renderer.$proc$src/vga_renderer.v:79$417'.
Removing empty process `vga_renderer.$proc$src/vga_renderer.v:79$417'.
Found and cleaned up 1 empty switch in `\vga_renderer.$proc$src/vga_renderer.v:69$416'.
Removing empty process `vga_renderer.$proc$src/vga_renderer.v:69$416'.
Found and cleaned up 2 empty switches in `\vga_renderer.$proc$src/vga_renderer.v:52$400'.
Removing empty process `vga_renderer.$proc$src/vga_renderer.v:52$400'.
Removing empty process `reset_synchronizer.$proc$src/reset_synchronizer.v:13$383'.
Found and cleaned up 1 empty switch in `\register_file.$proc$src/register_file.v:20$376'.
Removing empty process `register_file.$proc$src/register_file.v:20$376'.
Found and cleaned up 6 empty switches in `\qspi_master.$proc$src/qspi_master.v:328$363'.
Removing empty process `qspi_master.$proc$src/qspi_master.v:328$363'.
Found and cleaned up 10 empty switches in `\qspi_master.$proc$src/qspi_master.v:284$344'.
Removing empty process `qspi_master.$proc$src/qspi_master.v:284$344'.
Found and cleaned up 4 empty switches in `\qspi_master.$proc$src/qspi_master.v:261$334'.
Removing empty process `qspi_master.$proc$src/qspi_master.v:261$334'.
Found and cleaned up 9 empty switches in `\qspi_master.$proc$src/qspi_master.v:222$302'.
Removing empty process `qspi_master.$proc$src/qspi_master.v:222$302'.
Found and cleaned up 13 empty switches in `\qspi_master.$proc$src/qspi_master.v:137$281'.
Removing empty process `qspi_master.$proc$src/qspi_master.v:137$281'.
Removing empty process `qspi_master.$proc$src/qspi_master.v:132$280'.
Found and cleaned up 1 empty switch in `\qspi_master.$proc$src/qspi_master.v:123$279'.
Removing empty process `qspi_master.$proc$src/qspi_master.v:123$279'.
Found and cleaned up 4 empty switches in `\instruction_decoder.$proc$src/instruction_decoder.v:86$238'.
Removing empty process `instruction_decoder.$proc$src/instruction_decoder.v:86$238'.
Found and cleaned up 5 empty switches in `\forwarding_selector.$proc$src/forwarding_selector.v:17$189'.
Removing empty process `forwarding_selector.$proc$src/forwarding_selector.v:17$189'.
Found and cleaned up 1 empty switch in `\demo_rom.$proc$src/demo_rom.v:9$188'.
Removing empty process `demo_rom.$proc$src/demo_rom.v:9$188'.
Found and cleaned up 1 empty switch in `\condition_checker.$proc$src/condition_checker.v:18$172'.
Removing empty process `condition_checker.$proc$src/condition_checker.v:18$172'.
Found and cleaned up 3 empty switches in `\barrel_shifter.$proc$src/barrel_shifter.v:39$166'.
Removing empty process `barrel_shifter.$proc$src/barrel_shifter.v:39$166'.
Found and cleaned up 1 empty switch in `\arm16_datapath.$proc$src/arm16_datapath.v:429$157'.
Removing empty process `arm16_datapath.$proc$src/arm16_datapath.v:429$157'.
Found and cleaned up 1 empty switch in `\arm16_datapath.$proc$src/arm16_datapath.v:419$156'.
Removing empty process `arm16_datapath.$proc$src/arm16_datapath.v:419$156'.
Found and cleaned up 1 empty switch in `\arm16_datapath.$proc$src/arm16_datapath.v:410$155'.
Removing empty process `arm16_datapath.$proc$src/arm16_datapath.v:410$155'.
Found and cleaned up 3 empty switches in `\arm16_datapath.$proc$src/arm16_datapath.v:393$151'.
Removing empty process `arm16_datapath.$proc$src/arm16_datapath.v:393$151'.
Found and cleaned up 6 empty switches in `\arm16_datapath.$proc$src/arm16_datapath.v:369$146'.
Removing empty process `arm16_datapath.$proc$src/arm16_datapath.v:369$146'.
Found and cleaned up 2 empty switches in `\arm16_datapath.$proc$src/arm16_datapath.v:360$143'.
Removing empty process `arm16_datapath.$proc$src/arm16_datapath.v:360$143'.
Found and cleaned up 2 empty switches in `\arm16_datapath.$proc$src/arm16_datapath.v:339$141'.
Removing empty process `arm16_datapath.$proc$src/arm16_datapath.v:339$141'.
Found and cleaned up 2 empty switches in `\arm16_datapath.$proc$src/arm16_datapath.v:318$139'.
Removing empty process `arm16_datapath.$proc$src/arm16_datapath.v:318$139'.
Found and cleaned up 2 empty switches in `\arm16_datapath.$proc$src/arm16_datapath.v:267$124'.
Removing empty process `arm16_datapath.$proc$src/arm16_datapath.v:267$124'.
Found and cleaned up 2 empty switches in `\arm16_datapath.$proc$src/arm16_datapath.v:254$121'.
Removing empty process `arm16_datapath.$proc$src/arm16_datapath.v:254$121'.
Found and cleaned up 1 empty switch in `\arm16_datapath.$proc$src/arm16_datapath.v:247$120'.
Removing empty process `arm16_datapath.$proc$src/arm16_datapath.v:247$120'.
Found and cleaned up 3 empty switches in `\arm16_datapath.$proc$src/arm16_datapath.v:237$118'.
Removing empty process `arm16_datapath.$proc$src/arm16_datapath.v:237$118'.
Found and cleaned up 1 empty switch in `\arm16_datapath.$proc$src/arm16_datapath.v:228$117'.
Removing empty process `arm16_datapath.$proc$src/arm16_datapath.v:228$117'.
Found and cleaned up 3 empty switches in `\arm16_controller.$proc$src/arm16_controller.v:101$40'.
Removing empty process `arm16_controller.$proc$src/arm16_controller.v:101$40'.
Found and cleaned up 9 empty switches in `\arm16_controller.$proc$src/arm16_controller.v:61$32'.
Removing empty process `arm16_controller.$proc$src/arm16_controller.v:61$32'.
Found and cleaned up 1 empty switch in `\arm16_controller.$proc$src/arm16_controller.v:53$31'.
Removing empty process `arm16_controller.$proc$src/arm16_controller.v:53$31'.
Found and cleaned up 1 empty switch in `\alu.$proc$src/alu.v:44$16'.
Removing empty process `alu.$proc$src/alu.v:44$16'.
Cleaned up 104 empty switches.

15.2.12. Executing OPT_EXPR pass (perform const folding).
Optimizing module vga_renderer.
<suppressed ~4 debug messages>
Optimizing module reset_synchronizer.
<suppressed ~4 debug messages>
Optimizing module register_file.
Optimizing module qspi_master.
<suppressed ~23 debug messages>
Optimizing module tt_um_moein_maleki_arm16.
Optimizing module instruction_decoder.
<suppressed ~8 debug messages>
Optimizing module hazard_detector.
Optimizing module forwarding_selector.
Optimizing module demo_rom.
Optimizing module condition_checker.
<suppressed ~1 debug messages>
Optimizing module barrel_shifter.
<suppressed ~2 debug messages>
Optimizing module arm16_datapath.
<suppressed ~37 debug messages>
Optimizing module arm16_controller.
<suppressed ~11 debug messages>
Optimizing module alu.
<suppressed ~1 debug messages>

15.3. Executing CHECK pass (checking for obvious problems).
Checking module vga_renderer...
Checking module reset_synchronizer...
Checking module register_file...
Checking module qspi_master...
Checking module tt_um_moein_maleki_arm16...
Checking module instruction_decoder...
Checking module hazard_detector...
Checking module forwarding_selector...
Checking module demo_rom...
Checking module condition_checker...
Checking module barrel_shifter...
Checking module arm16_datapath...
Checking module arm16_controller...
Checking module alu...
Found and reported 0 problems.

15.4. Executing FLATTEN pass (flatten design).
Deleting now unused module vga_renderer.
Deleting now unused module reset_synchronizer.
Deleting now unused module register_file.
Deleting now unused module qspi_master.
Deleting now unused module instruction_decoder.
Deleting now unused module hazard_detector.
Deleting now unused module forwarding_selector.
Deleting now unused module demo_rom.
Deleting now unused module condition_checker.
Deleting now unused module barrel_shifter.
Deleting now unused module arm16_datapath.
Deleting now unused module arm16_controller.
Deleting now unused module alu.
<suppressed ~13 debug messages>

15.5. Executing OPT_EXPR pass (perform const folding).
Optimizing module tt_um_moein_maleki_arm16.
<suppressed ~4 debug messages>

15.6. Executing OPT_CLEAN pass (remove unused cells and wires).
Finding unused cells or wires in module \tt_um_moein_maleki_arm16..
Removed 21 unused cells and 701 unused wires.
<suppressed ~27 debug messages>

15.7. Executing CHECK pass (checking for obvious problems).
Checking module tt_um_moein_maleki_arm16...
Found and reported 0 problems.

15.8. Executing OPT pass (performing simple optimizations).

15.8.1. Executing OPT_EXPR pass (perform const folding).
Optimizing module tt_um_moein_maleki_arm16.

15.8.2. Executing OPT_MERGE pass (detect identical cells).
Finding identical cells in module `\tt_um_moein_maleki_arm16'.
Computing hashes of 1057 cells of `\tt_um_moein_maleki_arm16'.
Finding duplicate cells in `\tt_um_moein_maleki_arm16'.
Computing hashes of 860 cells of `\tt_um_moein_maleki_arm16'.
Finding duplicate cells in `\tt_um_moein_maleki_arm16'.
Computing hashes of 847 cells of `\tt_um_moein_maleki_arm16'.
Finding duplicate cells in `\tt_um_moein_maleki_arm16'.
<suppressed ~630 debug messages>
Removed a total of 210 cells.

15.8.3. Executing OPT_MUXTREE pass (detect dead branches in mux trees).
Running muxtree optimizer on module \tt_um_moein_maleki_arm16..
  Creating internal representation of mux trees.
  Evaluating internal representation of mux trees.
      Replacing known input bits on port A of cell $flatten\arm16_datapath_unit.\qspi_master_unit.$procmux$882: \arm16_datapath_unit.qspi_master_unit.sck_reg -> 1'0
  Analyzing evaluation results.
    dead port 2/2 on $mux $flatten\arm16_datapath_unit.\instruction_decoder_unit.$procmux$1113.
    dead port 2/2 on $mux $flatten\arm16_datapath_unit.\instruction_decoder_unit.$procmux$1099.
    dead port 2/2 on $mux $flatten\arm16_datapath_unit.\instruction_decoder_unit.$procmux$1083.
    dead port 2/2 on $mux $flatten\arm16_datapath_unit.\instruction_decoder_unit.$procmux$1067.
    dead port 2/2 on $mux $flatten\arm16_datapath_unit.\instruction_decoder_unit.$procmux$1053.
    dead port 2/2 on $mux $flatten\arm16_datapath_unit.\instruction_decoder_unit.$procmux$1037.
    dead port 2/2 on $mux $flatten\arm16_datapath_unit.\instruction_decoder_unit.$procmux$1021.
    dead port 1/2 on $mux $flatten\arm16_datapath_unit.\instruction_decoder_unit.$procmux$1005.
    dead port 1/2 on $mux $flatten\arm16_datapath_unit.\instruction_decoder_unit.$procmux$999.
    dead port 1/2 on $mux $flatten\arm16_datapath_unit.\instruction_decoder_unit.$procmux$993.
    dead port 1/2 on $mux $flatten\arm16_datapath_unit.\instruction_decoder_unit.$procmux$987.
    dead port 1/2 on $mux $flatten\arm16_datapath_unit.\instruction_decoder_unit.$procmux$981.
    dead port 1/2 on $mux $flatten\arm16_datapath_unit.\instruction_decoder_unit.$procmux$975.
    dead port 1/2 on $mux $flatten\arm16_datapath_unit.\instruction_decoder_unit.$procmux$969.
    dead port 1/2 on $mux $flatten\arm16_datapath_unit.\instruction_decoder_unit.$procmux$963.
    dead port 1/2 on $mux $flatten\arm16_datapath_unit.\instruction_decoder_unit.$procmux$957.
    dead port 1/2 on $mux $flatten\arm16_datapath_unit.\instruction_decoder_unit.$procmux$951.
    dead port 1/2 on $mux $flatten\arm16_datapath_unit.\instruction_decoder_unit.$procmux$945.
    dead port 1/2 on $mux $flatten\arm16_datapath_unit.\instruction_decoder_unit.$procmux$939.
    dead port 1/2 on $mux $flatten\arm16_datapath_unit.\instruction_decoder_unit.$procmux$936.
    dead port 1/2 on $mux $flatten\arm16_datapath_unit.\instruction_decoder_unit.$procmux$930.
    dead port 1/2 on $mux $flatten\arm16_datapath_unit.\instruction_decoder_unit.$procmux$927.
    dead port 1/2 on $mux $flatten\arm16_datapath_unit.\instruction_decoder_unit.$procmux$921.
    dead port 1/2 on $mux $flatten\arm16_datapath_unit.\instruction_decoder_unit.$procmux$918.
    dead port 1/2 on $mux $flatten\arm16_datapath_unit.\instruction_decoder_unit.$procmux$912.
    dead port 1/2 on $mux $flatten\arm16_datapath_unit.\instruction_decoder_unit.$procmux$909.
    dead port 2/2 on $mux $flatten\arm16_datapath_unit.\forwarding_selector_unit.$procmux$1185.
    dead port 2/2 on $mux $flatten\arm16_datapath_unit.\forwarding_selector_unit.$procmux$1179.
    dead port 1/2 on $mux $flatten\arm16_datapath_unit.\forwarding_selector_unit.$procmux$1177.
    dead port 2/2 on $mux $flatten\arm16_datapath_unit.\forwarding_selector_unit.$procmux$1170.
    dead port 2/2 on $mux $flatten\arm16_datapath_unit.\forwarding_selector_unit.$procmux$1164.
    dead port 1/2 on $mux $flatten\arm16_datapath_unit.\forwarding_selector_unit.$procmux$1162.
    dead port 1/2 on $mux $flatten\arm16_datapath_unit.\barrel_shifter_unit.$procmux$1226.
    dead port 1/2 on $mux $flatten\arm16_datapath_unit.\barrel_shifter_unit.$procmux$1220.
    dead port 1/2 on $mux $flatten\arm16_datapath_unit.\barrel_shifter_unit.$procmux$1217.
    dead port 1/2 on $mux $flatten\arm16_datapath_unit.\qspi_master_unit.$procmux$670.
    dead port 2/2 on $mux $flatten\arm16_datapath_unit.\qspi_master_unit.$procmux$639.
    dead port 2/2 on $mux $flatten\arm16_datapath_unit.\qspi_master_unit.$procmux$629.
    dead port 2/2 on $mux $flatten\arm16_datapath_unit.\qspi_master_unit.$procmux$620.
    dead port 1/2 on $mux $flatten\arm16_datapath_unit.\qspi_master_unit.$procmux$618.
    dead port 2/2 on $mux $flatten\arm16_datapath_unit.\qspi_master_unit.$procmux$608.
    dead port 1/2 on $mux $flatten\arm16_datapath_unit.\qspi_master_unit.$procmux$606.
    dead port 1/2 on $mux $flatten\arm16_datapath_unit.\qspi_master_unit.$procmux$603.
    dead port 2/2 on $mux $flatten\arm16_datapath_unit.\qspi_master_unit.$procmux$593.
    dead port 2/2 on $mux $flatten\arm16_datapath_unit.\qspi_master_unit.$procmux$585.
    dead port 1/2 on $mux $flatten\arm16_datapath_unit.\qspi_master_unit.$procmux$583.
    dead port 2/2 on $mux $flatten\arm16_datapath_unit.\qspi_master_unit.$procmux$574.
    dead port 2/2 on $mux $flatten\arm16_datapath_unit.\qspi_master_unit.$procmux$567.
    dead port 1/2 on $mux $flatten\arm16_datapath_unit.\qspi_master_unit.$procmux$552.
    dead port 1/2 on $mux $flatten\arm16_datapath_unit.\qspi_master_unit.$procmux$546.
    dead port 1/2 on $mux $flatten\arm16_datapath_unit.\qspi_master_unit.$procmux$540.
    dead port 2/2 on $mux $flatten\arm16_datapath_unit.\qspi_master_unit.$procmux$537.
    dead port 1/2 on $mux $flatten\arm16_datapath_unit.\qspi_master_unit.$procmux$527.
    dead port 1/2 on $mux $flatten\arm16_datapath_unit.\qspi_master_unit.$procmux$524.
    dead port 1/2 on $mux $flatten\arm16_datapath_unit.\qspi_master_unit.$procmux$518.
    dead port 1/2 on $mux $flatten\arm16_datapath_unit.\qspi_master_unit.$procmux$515.
    dead port 1/2 on $mux $flatten\arm16_datapath_unit.\qspi_master_unit.$procmux$509.
    dead port 1/2 on $mux $flatten\arm16_datapath_unit.\qspi_master_unit.$procmux$506.
    dead port 2/2 on $mux $flatten\arm16_datapath_unit.\qspi_master_unit.$procmux$503.
    dead port 1/2 on $mux $flatten\arm16_datapath_unit.\qspi_master_unit.$procmux$495.
    dead port 1/2 on $mux $flatten\arm16_datapath_unit.\qspi_master_unit.$procmux$492.
    dead port 1/2 on $mux $flatten\arm16_datapath_unit.\qspi_master_unit.$procmux$489.
    dead port 1/2 on $mux $flatten\arm16_datapath_unit.\qspi_master_unit.$procmux$483.
    dead port 1/2 on $mux $flatten\arm16_datapath_unit.\qspi_master_unit.$procmux$480.
    dead port 1/2 on $mux $flatten\arm16_datapath_unit.\qspi_master_unit.$procmux$477.
    dead port 1/2 on $mux $flatten\arm16_controller_unit.$procmux$1512.
    dead port 2/2 on $mux $flatten\arm16_controller_unit.$procmux$1514.
    dead port 2/2 on $mux $flatten\arm16_controller_unit.$procmux$1524.
    dead port 2/2 on $mux $flatten\arm16_controller_unit.$procmux$1534.
    dead port 2/2 on $mux $flatten\arm16_controller_unit.$procmux$1544.
    dead port 2/2 on $mux $flatten\arm16_controller_unit.$procmux$1609.
    dead port 1/2 on $mux $flatten\arm16_controller_unit.$procmux$1617.
    dead port 2/2 on $mux $flatten\arm16_controller_unit.$procmux$1619.
    dead port 2/2 on $mux $flatten\arm16_controller_unit.$procmux$1626.
    dead port 1/2 on $mux $flatten\arm16_controller_unit.$procmux$1635.
    dead port 2/2 on $mux $flatten\arm16_controller_unit.$procmux$1637.
    dead port 2/2 on $mux $flatten\arm16_controller_unit.$procmux$1645.
    dead port 1/2 on $mux $flatten\arm16_controller_unit.$procmux$1656.
    dead port 1/2 on $mux $flatten\arm16_controller_unit.$procmux$1659.
    dead port 2/2 on $mux $flatten\arm16_controller_unit.$procmux$1661.
    dead port 1/2 on $mux $flatten\arm16_controller_unit.$procmux$1672.
    dead port 2/2 on $mux $flatten\arm16_controller_unit.$procmux$1674.
    dead port 2/2 on $mux $flatten\arm16_controller_unit.$procmux$1684.
Removed 83 multiplexer ports.
<suppressed ~545 debug messages>

15.8.4. Executing OPT_REDUCE pass (consolidate $*mux and $reduce_* inputs).
  Optimizing cells in module \tt_um_moein_maleki_arm16.
    New ctrl vector for $pmux cell $flatten\arm16_datapath_unit.\instruction_decoder_unit.$procmux$1057: $auto$opt_reduce.cc:137:opt_pmux$1820
    New ctrl vector for $pmux cell $flatten\arm16_datapath_unit.\instruction_decoder_unit.$procmux$1043: $auto$opt_reduce.cc:137:opt_pmux$1822
    New ctrl vector for $pmux cell $flatten\arm16_datapath_unit.\instruction_decoder_unit.$procmux$1025: $auto$opt_reduce.cc:137:opt_pmux$1824
    New ctrl vector for $pmux cell $flatten\arm16_datapath_unit.\instruction_decoder_unit.$procmux$1009: { $flatten\arm16_datapath_unit.\instruction_decoder_unit.$procmux$1104_CMP $flatten\arm16_datapath_unit.\instruction_decoder_unit.$procmux$1105_CMP $auto$opt_reduce.cc:137:opt_pmux$1828 $auto$opt_reduce.cc:137:opt_pmux$1826 $flatten\arm16_datapath_unit.\instruction_decoder_unit.$procmux$1106_CMP $flatten\arm16_datapath_unit.\instruction_decoder_unit.$procmux$1107_CMP $flatten\arm16_datapath_unit.\instruction_decoder_unit.$procmux$1108_CMP $flatten\arm16_datapath_unit.\instruction_decoder_unit.$procmux$1109_CMP $flatten\arm16_datapath_unit.\instruction_decoder_unit.$procmux$1111_CMP }
    Consolidated identical input bits for $mux cell $flatten\arm16_datapath_unit.\register_file_unit.$procmux$465:
      Old ports: A=16'0000000000000000, B=16'1111111111111111, Y=$flatten\arm16_datapath_unit.\register_file_unit.$0$memwr$\regs$src/register_file.v:22$373_EN[15:0]$379
      New ports: A=1'0, B=1'1, Y=$flatten\arm16_datapath_unit.\register_file_unit.$0$memwr$\regs$src/register_file.v:22$373_EN[15:0]$379 [0]
      New connections: $flatten\arm16_datapath_unit.\register_file_unit.$0$memwr$\regs$src/register_file.v:22$373_EN[15:0]$379 [15:1] = { $flatten\arm16_datapath_unit.\register_file_unit.$0$memwr$\regs$src/register_file.v:22$373_EN[15:0]$379 [0] $flatten\arm16_datapath_unit.\register_file_unit.$0$memwr$\regs$src/register_file.v:22$373_EN[15:0]$379 [0] $flatten\arm16_datapath_unit.\register_file_unit.$0$memwr$\regs$src/register_file.v:22$373_EN[15:0]$379 [0] $flatten\arm16_datapath_unit.\register_file_unit.$0$memwr$\regs$src/register_file.v:22$373_EN[15:0]$379 [0] $flatten\arm16_datapath_unit.\register_file_unit.$0$memwr$\regs$src/register_file.v:22$373_EN[15:0]$379 [0] $flatten\arm16_datapath_unit.\register_file_unit.$0$memwr$\regs$src/register_file.v:22$373_EN[15:0]$379 [0] $flatten\arm16_datapath_unit.\register_file_unit.$0$memwr$\regs$src/register_file.v:22$373_EN[15:0]$379 [0] $flatten\arm16_datapath_unit.\register_file_unit.$0$memwr$\regs$src/register_file.v:22$373_EN[15:0]$379 [0] $flatten\arm16_datapath_unit.\register_file_unit.$0$memwr$\regs$src/register_file.v:22$373_EN[15:0]$379 [0] $flatten\arm16_datapath_unit.\register_file_unit.$0$memwr$\regs$src/register_file.v:22$373_EN[15:0]$379 [0] $flatten\arm16_datapath_unit.\register_file_unit.$0$memwr$\regs$src/register_file.v:22$373_EN[15:0]$379 [0] $flatten\arm16_datapath_unit.\register_file_unit.$0$memwr$\regs$src/register_file.v:22$373_EN[15:0]$379 [0] $flatten\arm16_datapath_unit.\register_file_unit.$0$memwr$\regs$src/register_file.v:22$373_EN[15:0]$379 [0] $flatten\arm16_datapath_unit.\register_file_unit.$0$memwr$\regs$src/register_file.v:22$373_EN[15:0]$379 [0] $flatten\arm16_datapath_unit.\register_file_unit.$0$memwr$\regs$src/register_file.v:22$373_EN[15:0]$379 [0] }
    New ctrl vector for $pmux cell $flatten\arm16_datapath_unit.\instruction_decoder_unit.$procmux$1103: $auto$opt_reduce.cc:137:opt_pmux$1830
    New ctrl vector for $pmux cell $flatten\arm16_datapath_unit.\qspi_master_unit.$procmux$531: { $flatten\arm16_datapath_unit.\qspi_master_unit.$procmux$532_CMP $flatten\arm16_datapath_unit.\qspi_master_unit.$procmux$533_CMP $flatten\arm16_datapath_unit.\qspi_master_unit.$procmux$534_CMP $auto$opt_reduce.cc:137:opt_pmux$1832 }
    New ctrl vector for $pmux cell $flatten\arm16_datapath_unit.\instruction_decoder_unit.$procmux$1087: { $auto$opt_reduce.cc:137:opt_pmux$1836 $auto$opt_reduce.cc:137:opt_pmux$1834 }
    New ctrl vector for $pmux cell $flatten\arm16_controller_unit.$procmux$1566: $auto$opt_reduce.cc:137:opt_pmux$1838
    New ctrl vector for $pmux cell $flatten\arm16_controller_unit.$procmux$1571: $auto$opt_reduce.cc:137:opt_pmux$1840
    New ctrl vector for $pmux cell $flatten\arm16_controller_unit.$procmux$1587: $auto$opt_reduce.cc:137:opt_pmux$1842
    New ctrl vector for $pmux cell $flatten\arm16_controller_unit.$procmux$1602: $auto$opt_reduce.cc:137:opt_pmux$1844
    New ctrl vector for $pmux cell $flatten\arm16_datapath_unit.\instruction_decoder_unit.$procmux$1071: $auto$opt_reduce.cc:137:opt_pmux$1846
  Optimizing cells in module \tt_um_moein_maleki_arm16.
Performed a total of 13 changes.

15.8.5. Executing OPT_MERGE pass (detect identical cells).
Finding identical cells in module `\tt_um_moein_maleki_arm16'.
Computing hashes of 778 cells of `\tt_um_moein_maleki_arm16'.
Finding duplicate cells in `\tt_um_moein_maleki_arm16'.
Computing hashes of 767 cells of `\tt_um_moein_maleki_arm16'.
Finding duplicate cells in `\tt_um_moein_maleki_arm16'.
Computing hashes of 766 cells of `\tt_um_moein_maleki_arm16'.
Finding duplicate cells in `\tt_um_moein_maleki_arm16'.
<suppressed ~36 debug messages>
Removed a total of 12 cells.

15.8.6. Executing OPT_DFF pass (perform DFF optimizations).

15.8.7. Executing OPT_CLEAN pass (remove unused cells and wires).
Finding unused cells or wires in module \tt_um_moein_maleki_arm16..
Removed 0 unused cells and 291 unused wires.
<suppressed ~1 debug messages>

15.8.8. Executing OPT_EXPR pass (perform const folding).
Optimizing module tt_um_moein_maleki_arm16.

15.8.9. Rerunning OPT passes. (Maybe there is more to do..)

15.8.10. Executing OPT_MUXTREE pass (detect dead branches in mux trees).
Running muxtree optimizer on module \tt_um_moein_maleki_arm16..
  Creating internal representation of mux trees.
  Evaluating internal representation of mux trees.
  Analyzing evaluation results.
Removed 0 multiplexer ports.
<suppressed ~468 debug messages>

15.8.11. Executing OPT_REDUCE pass (consolidate $*mux and $reduce_* inputs).
  Optimizing cells in module \tt_um_moein_maleki_arm16.
Performed a total of 0 changes.

15.8.12. Executing OPT_MERGE pass (detect identical cells).
Finding identical cells in module `\tt_um_moein_maleki_arm16'.
Computing hashes of 766 cells of `\tt_um_moein_maleki_arm16'.
Finding duplicate cells in `\tt_um_moein_maleki_arm16'.
Removed a total of 0 cells.

15.8.13. Executing OPT_DFF pass (perform DFF optimizations).

15.8.14. Executing OPT_CLEAN pass (remove unused cells and wires).
Finding unused cells or wires in module \tt_um_moein_maleki_arm16..

15.8.15. Executing OPT_EXPR pass (perform const folding).
Optimizing module tt_um_moein_maleki_arm16.

15.8.16. Finished fast OPT passes. (There is nothing left to do.)

15.9. Executing FSM pass (extract and optimize FSM).

15.9.1. Executing FSM_DETECT pass (finding FSMs in design).
Found FSM state register tt_um_moein_maleki_arm16.arm16_datapath_unit.ex_command.
Not marking tt_um_moein_maleki_arm16.arm16_datapath_unit.qspi_master_unit.sd_oe_reg as FSM state register:
    Register is connected to module port.
    Users of register don't seem to benefit from recoding.
Not marking tt_um_moein_maleki_arm16.arm16_datapath_unit.qspi_master_unit.kind as FSM state register:
    Users of register don't seem to benefit from recoding.
Not marking tt_um_moein_maleki_arm16.arm16_datapath_unit.qspi_master_unit.present_state as FSM state register:
    Users of register don't seem to benefit from recoding.
Found FSM state register tt_um_moein_maleki_arm16.arm16_controller_unit.present_state.

15.9.2. Executing FSM_EXTRACT pass (extracting FSM from design).
Extracting FSM `\arm16_datapath_unit.ex_command' from module `\tt_um_moein_maleki_arm16'.
  found $dff cell for state register: $flatten\arm16_datapath_unit.$procdff$1782
  root of input selection tree: $flatten\arm16_datapath_unit.$0\ex_command[3:0]
  found reset state: 4'0000 (guessed from mux tree)
  found ctrl input: $flatten\arm16_datapath_unit.$or$src/arm16_datapath.v:268$127_Y
  found ctrl input: \arm16_controller_unit.mem_busy
  found ctrl input: \arm16_datapath_unit.id_exec
  found state code: 4'0000
  found ctrl input: \arm16_datapath_unit.instruction_decoder_unit.dp_form_ok
  found ctrl input: \arm16_datapath_unit.instruction_decoder_unit.ldst_form_ok
  found ctrl input: \arm16_datapath_unit.if_id_instr [23]
  found state code: 4'0100
  found state code: 4'0010
  found ctrl input: $flatten\arm16_datapath_unit.\instruction_decoder_unit.$procmux$1019_CMP
  found ctrl input: $flatten\arm16_datapath_unit.\instruction_decoder_unit.$procmux$1017_CMP
  found ctrl input: $flatten\arm16_datapath_unit.\instruction_decoder_unit.$procmux$1016_CMP
  found ctrl input: $flatten\arm16_datapath_unit.\instruction_decoder_unit.$procmux$1015_CMP
  found ctrl input: $flatten\arm16_datapath_unit.\instruction_decoder_unit.$procmux$1014_CMP
  found ctrl input: $auto$opt_reduce.cc:137:opt_pmux$1826
  found ctrl input: $auto$opt_reduce.cc:137:opt_pmux$1828
  found ctrl input: $flatten\arm16_datapath_unit.\instruction_decoder_unit.$procmux$1011_CMP
  found ctrl input: $flatten\arm16_datapath_unit.\instruction_decoder_unit.$procmux$1010_CMP
  found state code: 4'1000
  found state code: 4'0011
  found state code: 4'0101
  found state code: 4'0111
  found state code: 4'0110
  found state code: 4'0001
  found state code: 4'1001
  found ctrl output: $flatten\arm16_datapath_unit.\alu_unit.$procmux$1699_CMP
  found ctrl output: $flatten\arm16_datapath_unit.\alu_unit.$procmux$1700_CMP
  found ctrl output: $flatten\arm16_datapath_unit.\alu_unit.$procmux$1701_CMP
  found ctrl output: $flatten\arm16_datapath_unit.\alu_unit.$procmux$1702_CMP
  found ctrl output: $flatten\arm16_datapath_unit.\alu_unit.$procmux$1703_CMP
  found ctrl output: $flatten\arm16_datapath_unit.\alu_unit.$eq$src/alu.v:36$5_Y
  found ctrl output: $flatten\arm16_datapath_unit.\alu_unit.$procmux$1698_CMP [1]
  found ctrl output: $flatten\arm16_datapath_unit.\alu_unit.$eq$src/alu.v:35$2_Y
  found ctrl output: $flatten\arm16_datapath_unit.\alu_unit.$eq$src/alu.v:35$1_Y
  ctrl inputs: { \arm16_datapath_unit.id_exec \arm16_datapath_unit.if_id_instr [23] $flatten\arm16_datapath_unit.$or$src/arm16_datapath.v:268$127_Y $flatten\arm16_datapath_unit.\instruction_decoder_unit.$procmux$1019_CMP $flatten\arm16_datapath_unit.\instruction_decoder_unit.$procmux$1017_CMP $flatten\arm16_datapath_unit.\instruction_decoder_unit.$procmux$1016_CMP $flatten\arm16_datapath_unit.\instruction_decoder_unit.$procmux$1015_CMP $flatten\arm16_datapath_unit.\instruction_decoder_unit.$procmux$1014_CMP $flatten\arm16_datapath_unit.\instruction_decoder_unit.$procmux$1011_CMP $flatten\arm16_datapath_unit.\instruction_decoder_unit.$procmux$1010_CMP \arm16_datapath_unit.instruction_decoder_unit.ldst_form_ok \arm16_datapath_unit.instruction_decoder_unit.dp_form_ok \arm16_controller_unit.mem_busy $auto$opt_reduce.cc:137:opt_pmux$1826 $auto$opt_reduce.cc:137:opt_pmux$1828 }
  ctrl outputs: { $flatten\arm16_datapath_unit.$0\ex_command[3:0] $flatten\arm16_datapath_unit.\alu_unit.$procmux$1703_CMP $flatten\arm16_datapath_unit.\alu_unit.$procmux$1702_CMP $flatten\arm16_datapath_unit.\alu_unit.$procmux$1701_CMP $flatten\arm16_datapath_unit.\alu_unit.$procmux$1700_CMP $flatten\arm16_datapath_unit.\alu_unit.$procmux$1699_CMP $flatten\arm16_datapath_unit.\alu_unit.$procmux$1698_CMP [1] $flatten\arm16_datapath_unit.\alu_unit.$eq$src/alu.v:36$5_Y $flatten\arm16_datapath_unit.\alu_unit.$eq$src/alu.v:35$2_Y $flatten\arm16_datapath_unit.\alu_unit.$eq$src/alu.v:35$1_Y }
  transition:     4'0000 15'0-0---------0-- ->     4'0000 13'0000000000000
  transition:     4'0000 15'1-0-------000-- ->     4'0000 13'0000000000000
  transition:     4'0000 15'100-------100-- ->     4'0100 13'0100000000000
  transition:     4'0000 15'110-------100-- ->     4'0010 13'0010000000000
  transition:     4'0000 15'1-00000000-1000 ->     4'0000 13'0000000000000
  transition:     4'0000 15'1-0------1-10-- ->     4'1001 13'1001000000000
  transition:     4'0000 15'1-0-----1--10-- ->     4'0001 13'0001000000000
  transition:     4'0000 15'1-0--------10-1 ->     4'0100 13'0100000000000
  transition:     4'0000 15'1-0--------101- ->     4'0110 13'0110000000000
  transition:     4'0000 15'1-0----1---10-- ->     4'0111 13'0111000000000
  transition:     4'0000 15'1-0---1----10-- ->     4'0101 13'0101000000000
  transition:     4'0000 15'1-0--1-----10-- ->     4'0011 13'0011000000000
  transition:     4'0000 15'1-0-1------10-- ->     4'0010 13'0010000000000
  transition:     4'0000 15'1-01-------10-- ->     4'1000 13'1000000000000
  transition:     4'0000 15'--0---------1-- ->     4'0000 13'0000000000000
  transition:     4'0000 15'--1------------ ->     4'0000 13'0000000000000
  transition:     4'1000 15'0-0---------0-- ->     4'0000 13'0000000010000
  transition:     4'1000 15'1-0-------000-- ->     4'0000 13'0000000010000
  transition:     4'1000 15'100-------100-- ->     4'0100 13'0100000010000
  transition:     4'1000 15'110-------100-- ->     4'0010 13'0010000010000
  transition:     4'1000 15'1-00000000-1000 ->     4'0000 13'0000000010000
  transition:     4'1000 15'1-0------1-10-- ->     4'1001 13'1001000010000
  transition:     4'1000 15'1-0-----1--10-- ->     4'0001 13'0001000010000
  transition:     4'1000 15'1-0--------10-1 ->     4'0100 13'0100000010000
  transition:     4'1000 15'1-0--------101- ->     4'0110 13'0110000010000
  transition:     4'1000 15'1-0----1---10-- ->     4'0111 13'0111000010000
  transition:     4'1000 15'1-0---1----10-- ->     4'0101 13'0101000010000
  transition:     4'1000 15'1-0--1-----10-- ->     4'0011 13'0011000010000
  transition:     4'1000 15'1-0-1------10-- ->     4'0010 13'0010000010000
  transition:     4'1000 15'1-01-------10-- ->     4'1000 13'1000000010000
  transition:     4'1000 15'--0---------1-- ->     4'1000 13'1000000010000
  transition:     4'1000 15'--1------------ ->     4'0000 13'0000000010000
  transition:     4'0100 15'0-0---------0-- ->     4'0000 13'0000000000001
  transition:     4'0100 15'1-0-------000-- ->     4'0000 13'0000000000001
  transition:     4'0100 15'100-------100-- ->     4'0100 13'0100000000001
  transition:     4'0100 15'110-------100-- ->     4'0010 13'0010000000001
  transition:     4'0100 15'1-00000000-1000 ->     4'0000 13'0000000000001
  transition:     4'0100 15'1-0------1-10-- ->     4'1001 13'1001000000001
  transition:     4'0100 15'1-0-----1--10-- ->     4'0001 13'0001000000001
  transition:     4'0100 15'1-0--------10-1 ->     4'0100 13'0100000000001
  transition:     4'0100 15'1-0--------101- ->     4'0110 13'0110000000001
  transition:     4'0100 15'1-0----1---10-- ->     4'0111 13'0111000000001
  transition:     4'0100 15'1-0---1----10-- ->     4'0101 13'0101000000001
  transition:     4'0100 15'1-0--1-----10-- ->     4'0011 13'0011000000001
  transition:     4'0100 15'1-0-1------10-- ->     4'0010 13'0010000000001
  transition:     4'0100 15'1-01-------10-- ->     4'1000 13'1000000000001
  transition:     4'0100 15'--0---------1-- ->     4'0100 13'0100000000001
  transition:     4'0100 15'--1------------ ->     4'0000 13'0000000000001
  transition:     4'0010 15'0-0---------0-- ->     4'0000 13'0000000000100
  transition:     4'0010 15'1-0-------000-- ->     4'0000 13'0000000000100
  transition:     4'0010 15'100-------100-- ->     4'0100 13'0100000000100
  transition:     4'0010 15'110-------100-- ->     4'0010 13'0010000000100
  transition:     4'0010 15'1-00000000-1000 ->     4'0000 13'0000000000100
  transition:     4'0010 15'1-0------1-10-- ->     4'1001 13'1001000000100
  transition:     4'0010 15'1-0-----1--10-- ->     4'0001 13'0001000000100
  transition:     4'0010 15'1-0--------10-1 ->     4'0100 13'0100000000100
  transition:     4'0010 15'1-0--------101- ->     4'0110 13'0110000000100
  transition:     4'0010 15'1-0----1---10-- ->     4'0111 13'0111000000100
  transition:     4'0010 15'1-0---1----10-- ->     4'0101 13'0101000000100
  transition:     4'0010 15'1-0--1-----10-- ->     4'0011 13'0011000000100
  transition:     4'0010 15'1-0-1------10-- ->     4'0010 13'0010000000100
  transition:     4'0010 15'1-01-------10-- ->     4'1000 13'1000000000100
  transition:     4'0010 15'--0---------1-- ->     4'0010 13'0010000000100
  transition:     4'0010 15'--1------------ ->     4'0000 13'0000000000100
  transition:     4'0110 15'0-0---------0-- ->     4'0000 13'0000001000000
  transition:     4'0110 15'1-0-------000-- ->     4'0000 13'0000001000000
  transition:     4'0110 15'100-------100-- ->     4'0100 13'0100001000000
  transition:     4'0110 15'110-------100-- ->     4'0010 13'0010001000000
  transition:     4'0110 15'1-00000000-1000 ->     4'0000 13'0000001000000
  transition:     4'0110 15'1-0------1-10-- ->     4'1001 13'1001001000000
  transition:     4'0110 15'1-0-----1--10-- ->     4'0001 13'0001001000000
  transition:     4'0110 15'1-0--------10-1 ->     4'0100 13'0100001000000
  transition:     4'0110 15'1-0--------101- ->     4'0110 13'0110001000000
  transition:     4'0110 15'1-0----1---10-- ->     4'0111 13'0111001000000
  transition:     4'0110 15'1-0---1----10-- ->     4'0101 13'0101001000000
  transition:     4'0110 15'1-0--1-----10-- ->     4'0011 13'0011001000000
  transition:     4'0110 15'1-0-1------10-- ->     4'0010 13'0010001000000
  transition:     4'0110 15'1-01-------10-- ->     4'1000 13'1000001000000
  transition:     4'0110 15'--0---------1-- ->     4'0110 13'0110001000000
  transition:     4'0110 15'--1------------ ->     4'0000 13'0000001000000
  transition:     4'0001 15'0-0---------0-- ->     4'0000 13'0000100000000
  transition:     4'0001 15'1-0-------000-- ->     4'0000 13'0000100000000
  transition:     4'0001 15'100-------100-- ->     4'0100 13'0100100000000
  transition:     4'0001 15'110-------100-- ->     4'0010 13'0010100000000
  transition:     4'0001 15'1-00000000-1000 ->     4'0000 13'0000100000000
  transition:     4'0001 15'1-0------1-10-- ->     4'1001 13'1001100000000
  transition:     4'0001 15'1-0-----1--10-- ->     4'0001 13'0001100000000
  transition:     4'0001 15'1-0--------10-1 ->     4'0100 13'0100100000000
  transition:     4'0001 15'1-0--------101- ->     4'0110 13'0110100000000
  transition:     4'0001 15'1-0----1---10-- ->     4'0111 13'0111100000000
  transition:     4'0001 15'1-0---1----10-- ->     4'0101 13'0101100000000
  transition:     4'0001 15'1-0--1-----10-- ->     4'0011 13'0011100000000
  transition:     4'0001 15'1-0-1------10-- ->     4'0010 13'0010100000000
  transition:     4'0001 15'1-01-------10-- ->     4'1000 13'1000100000000
  transition:     4'0001 15'--0---------1-- ->     4'0001 13'0001100000000
  transition:     4'0001 15'--1------------ ->     4'0000 13'0000100000000
  transition:     4'1001 15'0-0---------0-- ->     4'0000 13'0000010000000
  transition:     4'1001 15'1-0-------000-- ->     4'0000 13'0000010000000
  transition:     4'1001 15'100-------100-- ->     4'0100 13'0100010000000
  transition:     4'1001 15'110-------100-- ->     4'0010 13'0010010000000
  transition:     4'1001 15'1-00000000-1000 ->     4'0000 13'0000010000000
  transition:     4'1001 15'1-0------1-10-- ->     4'1001 13'1001010000000
  transition:     4'1001 15'1-0-----1--10-- ->     4'0001 13'0001010000000
  transition:     4'1001 15'1-0--------10-1 ->     4'0100 13'0100010000000
  transition:     4'1001 15'1-0--------101- ->     4'0110 13'0110010000000
  transition:     4'1001 15'1-0----1---10-- ->     4'0111 13'0111010000000
  transition:     4'1001 15'1-0---1----10-- ->     4'0101 13'0101010000000
  transition:     4'1001 15'1-0--1-----10-- ->     4'0011 13'0011010000000
  transition:     4'1001 15'1-0-1------10-- ->     4'0010 13'0010010000000
  transition:     4'1001 15'1-01-------10-- ->     4'1000 13'1000010000000
  transition:     4'1001 15'--0---------1-- ->     4'1001 13'1001010000000
  transition:     4'1001 15'--1------------ ->     4'0000 13'0000010000000
  transition:     4'0101 15'0-0---------0-- ->     4'0000 13'0000000000010
  transition:     4'0101 15'1-0-------000-- ->     4'0000 13'0000000000010
  transition:     4'0101 15'100-------100-- ->     4'0100 13'0100000000010
  transition:     4'0101 15'110-------100-- ->     4'0010 13'0010000000010
  transition:     4'0101 15'1-00000000-1000 ->     4'0000 13'0000000000010
  transition:     4'0101 15'1-0------1-10-- ->     4'1001 13'1001000000010
  transition:     4'0101 15'1-0-----1--10-- ->     4'0001 13'0001000000010
  transition:     4'0101 15'1-0--------10-1 ->     4'0100 13'0100000000010
  transition:     4'0101 15'1-0--------101- ->     4'0110 13'0110000000010
  transition:     4'0101 15'1-0----1---10-- ->     4'0111 13'0111000000010
  transition:     4'0101 15'1-0---1----10-- ->     4'0101 13'0101000000010
  transition:     4'0101 15'1-0--1-----10-- ->     4'0011 13'0011000000010
  transition:     4'0101 15'1-0-1------10-- ->     4'0010 13'0010000000010
  transition:     4'0101 15'1-01-------10-- ->     4'1000 13'1000000000010
  transition:     4'0101 15'--0---------1-- ->     4'0101 13'0101000000010
  transition:     4'0101 15'--1------------ ->     4'0000 13'0000000000010
  transition:     4'0011 15'0-0---------0-- ->     4'0000 13'0000000001000
  transition:     4'0011 15'1-0-------000-- ->     4'0000 13'0000000001000
  transition:     4'0011 15'100-------100-- ->     4'0100 13'0100000001000
  transition:     4'0011 15'110-------100-- ->     4'0010 13'0010000001000
  transition:     4'0011 15'1-00000000-1000 ->     4'0000 13'0000000001000
  transition:     4'0011 15'1-0------1-10-- ->     4'1001 13'1001000001000
  transition:     4'0011 15'1-0-----1--10-- ->     4'0001 13'0001000001000
  transition:     4'0011 15'1-0--------10-1 ->     4'0100 13'0100000001000
  transition:     4'0011 15'1-0--------101- ->     4'0110 13'0110000001000
  transition:     4'0011 15'1-0----1---10-- ->     4'0111 13'0111000001000
  transition:     4'0011 15'1-0---1----10-- ->     4'0101 13'0101000001000
  transition:     4'0011 15'1-0--1-----10-- ->     4'0011 13'0011000001000
  transition:     4'0011 15'1-0-1------10-- ->     4'0010 13'0010000001000
  transition:     4'0011 15'1-01-------10-- ->     4'1000 13'1000000001000
  transition:     4'0011 15'--0---------1-- ->     4'0011 13'0011000001000
  transition:     4'0011 15'--1------------ ->     4'0000 13'0000000001000
  transition:     4'0111 15'0-0---------0-- ->     4'0000 13'0000000100000
  transition:     4'0111 15'1-0-------000-- ->     4'0000 13'0000000100000
  transition:     4'0111 15'100-------100-- ->     4'0100 13'0100000100000
  transition:     4'0111 15'110-------100-- ->     4'0010 13'0010000100000
  transition:     4'0111 15'1-00000000-1000 ->     4'0000 13'0000000100000
  transition:     4'0111 15'1-0------1-10-- ->     4'1001 13'1001000100000
  transition:     4'0111 15'1-0-----1--10-- ->     4'0001 13'0001000100000
  transition:     4'0111 15'1-0--------10-1 ->     4'0100 13'0100000100000
  transition:     4'0111 15'1-0--------101- ->     4'0110 13'0110000100000
  transition:     4'0111 15'1-0----1---10-- ->     4'0111 13'0111000100000
  transition:     4'0111 15'1-0---1----10-- ->     4'0101 13'0101000100000
  transition:     4'0111 15'1-0--1-----10-- ->     4'0011 13'0011000100000
  transition:     4'0111 15'1-0-1------10-- ->     4'0010 13'0010000100000
  transition:     4'0111 15'1-01-------10-- ->     4'1000 13'1000000100000
  transition:     4'0111 15'--0---------1-- ->     4'0111 13'0111000100000
  transition:     4'0111 15'--1------------ ->     4'0000 13'0000000100000
Extracting FSM `\arm16_controller_unit.present_state' from module `\tt_um_moein_maleki_arm16'.
  found $dff cell for state register: $flatten\arm16_controller_unit.$procdff$1802
  root of input selection tree: $flatten\arm16_controller_unit.$0\present_state[2:0]
  found reset state: 3'000 (guessed from mux tree)
  found ctrl input: \reset_synchronizer_unit.sync_second
  found ctrl input: $flatten\arm16_controller_unit.$eq$src/arm16_controller.v:49$23_Y
  found ctrl input: $flatten\arm16_controller_unit.$procmux$1567_CMP
  found ctrl input: $flatten\arm16_controller_unit.$procmux$1584_CMP
  found ctrl input: $flatten\arm16_controller_unit.$procmux$1568_CMP
  found ctrl input: $flatten\arm16_controller_unit.$procmux$1515_CMP
  found state code: 3'000
  found ctrl input: \arm16_datapath_unit.qspi_master_unit.data_done_reg
  found ctrl input: \arm16_controller_unit.abort
  found ctrl input: $flatten\arm16_controller_unit.$and$src/arm16_controller.v:86$39_Y
  found state code: 3'010
  found ctrl input: \arm16_datapath_unit.qspi_master_unit.word_valid_reg
  found state code: 3'011
  found state code: 3'001
  found ctrl input: \arm16_datapath_unit.rom_mode_q
  found ctrl input: $flatten\arm16_controller_unit.$and$src/arm16_controller.v:67$34_Y
  found ctrl input: $flatten\arm16_controller_unit.$and$src/arm16_controller.v:69$37_Y
  found state code: 3'100
  found ctrl output: $flatten\arm16_controller_unit.$procmux$1584_CMP
  found ctrl output: $flatten\arm16_controller_unit.$procmux$1568_CMP
  found ctrl output: $flatten\arm16_controller_unit.$procmux$1567_CMP
  found ctrl output: $flatten\arm16_controller_unit.$procmux$1515_CMP
  found ctrl output: $flatten\arm16_controller_unit.$eq$src/arm16_controller.v:49$23_Y
  found ctrl output: $flatten\arm16_controller_unit.$ne$src/arm16_controller.v:49$21_Y
  ctrl inputs: { \reset_synchronizer_unit.sync_second \arm16_datapath_unit.rom_mode_q \arm16_datapath_unit.qspi_master_unit.data_done_reg \arm16_datapath_unit.qspi_master_unit.word_valid_reg \arm16_controller_unit.abort $flatten\arm16_controller_unit.$and$src/arm16_controller.v:67$34_Y $flatten\arm16_controller_unit.$and$src/arm16_controller.v:69$37_Y $flatten\arm16_controller_unit.$and$src/arm16_controller.v:86$39_Y }
  ctrl outputs: { $flatten\arm16_controller_unit.$ne$src/arm16_controller.v:49$21_Y $flatten\arm16_controller_unit.$eq$src/arm16_controller.v:49$23_Y $flatten\arm16_controller_unit.$0\present_state[2:0] $flatten\arm16_controller_unit.$procmux$1515_CMP $flatten\arm16_controller_unit.$procmux$1567_CMP $flatten\arm16_controller_unit.$procmux$1568_CMP $flatten\arm16_controller_unit.$procmux$1584_CMP }
  transition:      3'000 8'00---00- ->      3'000 9'100001000
  transition:      3'000 8'00---01- ->      3'010 9'100101000
  transition:      3'000 8'00---1-- ->      3'100 9'101001000
  transition:      3'000 8'01------ ->      3'001 9'100011000
  transition:      3'000 8'1------- ->      3'000 9'100001000
  transition:      3'100 8'0-0----- ->      3'100 9'111000000
  transition:      3'100 8'0-1----- ->      3'000 9'110000000
  transition:      3'100 8'1------- ->      3'000 9'110000000
  transition:      3'010 8'0--00--- ->      3'010 9'100100001
  transition:      3'010 8'0--10--- ->      3'011 9'100110001
  transition:      3'010 8'0---1--- ->      3'000 9'100000001
  transition:      3'010 8'1------- ->      3'000 9'100000001
  transition:      3'001 8'0------- ->      3'001 9'000010010
  transition:      3'001 8'1------- ->      3'000 9'000000010
  transition:      3'011 8'0---0--0 ->      3'011 9'100110100
  transition:      3'011 8'0---0--1 ->      3'010 9'100100100
  transition:      3'011 8'0---1--- ->      3'000 9'100000100
  transition:      3'011 8'1------- ->      3'000 9'100000100

15.9.3. Executing FSM_OPT pass (simple optimizations of FSMs).
Optimizing FSM `$fsm$\arm16_controller_unit.present_state$1858' from module `\tt_um_moein_maleki_arm16'.
Optimizing FSM `$fsm$\arm16_datapath_unit.ex_command$1847' from module `\tt_um_moein_maleki_arm16'.

15.9.4. Executing OPT_CLEAN pass (remove unused cells and wires).
Finding unused cells or wires in module \tt_um_moein_maleki_arm16..
Removed 34 unused cells and 36 unused wires.
<suppressed ~39 debug messages>

15.9.5. Executing FSM_OPT pass (simple optimizations of FSMs).
Optimizing FSM `$fsm$\arm16_datapath_unit.ex_command$1847' from module `\tt_um_moein_maleki_arm16'.
  Removing unused output signal $flatten\arm16_datapath_unit.$0\ex_command[3:0] [0].
  Removing unused output signal $flatten\arm16_datapath_unit.$0\ex_command[3:0] [1].
  Removing unused output signal $flatten\arm16_datapath_unit.$0\ex_command[3:0] [2].
  Removing unused output signal $flatten\arm16_datapath_unit.$0\ex_command[3:0] [3].
Optimizing FSM `$fsm$\arm16_controller_unit.present_state$1858' from module `\tt_um_moein_maleki_arm16'.
  Removing unused output signal $flatten\arm16_controller_unit.$0\present_state[2:0] [0].
  Removing unused output signal $flatten\arm16_controller_unit.$0\present_state[2:0] [1].
  Removing unused output signal $flatten\arm16_controller_unit.$0\present_state[2:0] [2].

15.9.6. Executing FSM_RECODE pass (re-assigning FSM state encoding).
Recoding FSM `$fsm$\arm16_datapath_unit.ex_command$1847' from module `\tt_um_moein_maleki_arm16' using `auto' encoding:
  mapping auto encoding to `one-hot` for this FSM.
  0000 -> ---------1
  1000 -> --------1-
  0100 -> -------1--
  0010 -> ------1---
  0110 -> -----1----
  0001 -> ----1-----
  1001 -> ---1------
  0101 -> --1-------
  0011 -> -1--------
  0111 -> 1---------
Recoding FSM `$fsm$\arm16_controller_unit.present_state$1858' from module `\tt_um_moein_maleki_arm16' using `auto' encoding:
  mapping auto encoding to `one-hot` for this FSM.
  000 -> ----1
  100 -> ---1-
  010 -> --1--
  001 -> -1---
  011 -> 1----

15.9.7. Executing FSM_INFO pass (dumping all available information on FSM cells).

FSM `$fsm$\arm16_datapath_unit.ex_command$1847' from module `tt_um_moein_maleki_arm16':
-------------------------------------

  Information on FSM $fsm$\arm16_datapath_unit.ex_command$1847 (\arm16_datapath_unit.ex_command):

  Number of input signals:   15
  Number of output signals:   9
  Number of state bits:      10

  Input signals:
    0: $auto$opt_reduce.cc:137:opt_pmux$1828
    1: $auto$opt_reduce.cc:137:opt_pmux$1826
    2: \arm16_controller_unit.mem_busy
    3: \arm16_datapath_unit.instruction_decoder_unit.dp_form_ok
    4: \arm16_datapath_unit.instruction_decoder_unit.ldst_form_ok
    5: $flatten\arm16_datapath_unit.\instruction_decoder_unit.$procmux$1010_CMP
    6: $flatten\arm16_datapath_unit.\instruction_decoder_unit.$procmux$1011_CMP
    7: $flatten\arm16_datapath_unit.\instruction_decoder_unit.$procmux$1014_CMP
    8: $flatten\arm16_datapath_unit.\instruction_decoder_unit.$procmux$1015_CMP
    9: $flatten\arm16_datapath_unit.\instruction_decoder_unit.$procmux$1016_CMP
   10: $flatten\arm16_datapath_unit.\instruction_decoder_unit.$procmux$1017_CMP
   11: $flatten\arm16_datapath_unit.\instruction_decoder_unit.$procmux$1019_CMP
   12: $flatten\arm16_datapath_unit.$or$src/arm16_datapath.v:268$127_Y
   13: \arm16_datapath_unit.if_id_instr [23]
   14: \arm16_datapath_unit.id_exec

  Output signals:
    0: $flatten\arm16_datapath_unit.\alu_unit.$eq$src/alu.v:35$1_Y
    1: $flatten\arm16_datapath_unit.\alu_unit.$eq$src/alu.v:35$2_Y
    2: $flatten\arm16_datapath_unit.\alu_unit.$eq$src/alu.v:36$5_Y
    3: $flatten\arm16_datapath_unit.\alu_unit.$procmux$1698_CMP [1]
    4: $flatten\arm16_datapath_unit.\alu_unit.$procmux$1699_CMP
    5: $flatten\arm16_datapath_unit.\alu_unit.$procmux$1700_CMP
    6: $flatten\arm16_datapath_unit.\alu_unit.$procmux$1701_CMP
    7: $flatten\arm16_datapath_unit.\alu_unit.$procmux$1702_CMP
    8: $flatten\arm16_datapath_unit.\alu_unit.$procmux$1703_CMP

  State encoding:
    0: 10'---------1  <RESET STATE>
    1: 10'--------1-
    2: 10'-------1--
    3: 10'------1---
    4: 10'-----1----
    5: 10'----1-----
    6: 10'---1------
    7: 10'--1-------
    8: 10'-1--------
    9: 10'1---------

  Transition Table (state_in, ctrl_in, state_out, ctrl_out):
      0:     0 15'1-00000000-1000   ->     0 9'000000000
      1:     0 15'1-0-------000--   ->     0 9'000000000
      2:     0 15'0-0---------0--   ->     0 9'000000000
      3:     0 15'--0---------1--   ->     0 9'000000000
      4:     0 15'--1------------   ->     0 9'000000000
      5:     0 15'1-01-------10--   ->     1 9'000000000
      6:     0 15'1-0--------10-1   ->     2 9'000000000
      7:     0 15'100-------100--   ->     2 9'000000000
      8:     0 15'110-------100--   ->     3 9'000000000
      9:     0 15'1-0-1------10--   ->     3 9'000000000
     10:     0 15'1-0--------101-   ->     4 9'000000000
     11:     0 15'1-0-----1--10--   ->     5 9'000000000
     12:     0 15'1-0------1-10--   ->     6 9'000000000
     13:     0 15'1-0---1----10--   ->     7 9'000000000
     14:     0 15'1-0--1-----10--   ->     8 9'000000000
     15:     0 15'1-0----1---10--   ->     9 9'000000000
     16:     1 15'1-00000000-1000   ->     0 9'000010000
     17:     1 15'1-0-------000--   ->     0 9'000010000
     18:     1 15'0-0---------0--   ->     0 9'000010000
     19:     1 15'--1------------   ->     0 9'000010000
     20:     1 15'1-01-------10--   ->     1 9'000010000
     21:     1 15'--0---------1--   ->     1 9'000010000
     22:     1 15'1-0--------10-1   ->     2 9'000010000
     23:     1 15'100-------100--   ->     2 9'000010000
     24:     1 15'110-------100--   ->     3 9'000010000
     25:     1 15'1-0-1------10--   ->     3 9'000010000
     26:     1 15'1-0--------101-   ->     4 9'000010000
     27:     1 15'1-0-----1--10--   ->     5 9'000010000
     28:     1 15'1-0------1-10--   ->     6 9'000010000
     29:     1 15'1-0---1----10--   ->     7 9'000010000
     30:     1 15'1-0--1-----10--   ->     8 9'000010000
     31:     1 15'1-0----1---10--   ->     9 9'000010000
     32:     2 15'1-00000000-1000   ->     0 9'000000001
     33:     2 15'1-0-------000--   ->     0 9'000000001
     34:     2 15'0-0---------0--   ->     0 9'000000001
     35:     2 15'--1------------   ->     0 9'000000001
     36:     2 15'1-01-------10--   ->     1 9'000000001
     37:     2 15'1-0--------10-1   ->     2 9'000000001
     38:     2 15'100-------100--   ->     2 9'000000001
     39:     2 15'--0---------1--   ->     2 9'000000001
     40:     2 15'110-------100--   ->     3 9'000000001
     41:     2 15'1-0-1------10--   ->     3 9'000000001
     42:     2 15'1-0--------101-   ->     4 9'000000001
     43:     2 15'1-0-----1--10--   ->     5 9'000000001
     44:     2 15'1-0------1-10--   ->     6 9'000000001
     45:     2 15'1-0---1----10--   ->     7 9'000000001
     46:     2 15'1-0--1-----10--   ->     8 9'000000001
     47:     2 15'1-0----1---10--   ->     9 9'000000001
     48:     3 15'1-00000000-1000   ->     0 9'000000100
     49:     3 15'1-0-------000--   ->     0 9'000000100
     50:     3 15'0-0---------0--   ->     0 9'000000100
     51:     3 15'--1------------   ->     0 9'000000100
     52:     3 15'1-01-------10--   ->     1 9'000000100
     53:     3 15'1-0--------10-1   ->     2 9'000000100
     54:     3 15'100-------100--   ->     2 9'000000100
     55:     3 15'110-------100--   ->     3 9'000000100
     56:     3 15'1-0-1------10--   ->     3 9'000000100
     57:     3 15'--0---------1--   ->     3 9'000000100
     58:     3 15'1-0--------101-   ->     4 9'000000100
     59:     3 15'1-0-----1--10--   ->     5 9'000000100
     60:     3 15'1-0------1-10--   ->     6 9'000000100
     61:     3 15'1-0---1----10--   ->     7 9'000000100
     62:     3 15'1-0--1-----10--   ->     8 9'000000100
     63:     3 15'1-0----1---10--   ->     9 9'000000100
     64:     4 15'1-00000000-1000   ->     0 9'001000000
     65:     4 15'1-0-------000--   ->     0 9'001000000
     66:     4 15'0-0---------0--   ->     0 9'001000000
     67:     4 15'--1------------   ->     0 9'001000000
     68:     4 15'1-01-------10--   ->     1 9'001000000
     69:     4 15'1-0--------10-1   ->     2 9'001000000
     70:     4 15'100-------100--   ->     2 9'001000000
     71:     4 15'110-------100--   ->     3 9'001000000
     72:     4 15'1-0-1------10--   ->     3 9'001000000
     73:     4 15'1-0--------101-   ->     4 9'001000000
     74:     4 15'--0---------1--   ->     4 9'001000000
     75:     4 15'1-0-----1--10--   ->     5 9'001000000
     76:     4 15'1-0------1-10--   ->     6 9'001000000
     77:     4 15'1-0---1----10--   ->     7 9'001000000
     78:     4 15'1-0--1-----10--   ->     8 9'001000000
     79:     4 15'1-0----1---10--   ->     9 9'001000000
     80:     5 15'1-00000000-1000   ->     0 9'100000000
     81:     5 15'1-0-------000--   ->     0 9'100000000
     82:     5 15'0-0---------0--   ->     0 9'100000000
     83:     5 15'--1------------   ->     0 9'100000000
     84:     5 15'1-01-------10--   ->     1 9'100000000
     85:     5 15'1-0--------10-1   ->     2 9'100000000
     86:     5 15'100-------100--   ->     2 9'100000000
     87:     5 15'110-------100--   ->     3 9'100000000
     88:     5 15'1-0-1------10--   ->     3 9'100000000
     89:     5 15'1-0--------101-   ->     4 9'100000000
     90:     5 15'1-0-----1--10--   ->     5 9'100000000
     91:     5 15'--0---------1--   ->     5 9'100000000
     92:     5 15'1-0------1-10--   ->     6 9'100000000
     93:     5 15'1-0---1----10--   ->     7 9'100000000
     94:     5 15'1-0--1-----10--   ->     8 9'100000000
     95:     5 15'1-0----1---10--   ->     9 9'100000000
     96:     6 15'1-00000000-1000   ->     0 9'010000000
     97:     6 15'1-0-------000--   ->     0 9'010000000
     98:     6 15'0-0---------0--   ->     0 9'010000000
     99:     6 15'--1------------   ->     0 9'010000000
    100:     6 15'1-01-------10--   ->     1 9'010000000
    101:     6 15'1-0--------10-1   ->     2 9'010000000
    102:     6 15'100-------100--   ->     2 9'010000000
    103:     6 15'110-------100--   ->     3 9'010000000
    104:     6 15'1-0-1------10--   ->     3 9'010000000
    105:     6 15'1-0--------101-   ->     4 9'010000000
    106:     6 15'1-0-----1--10--   ->     5 9'010000000
    107:     6 15'1-0------1-10--   ->     6 9'010000000
    108:     6 15'--0---------1--   ->     6 9'010000000
    109:     6 15'1-0---1----10--   ->     7 9'010000000
    110:     6 15'1-0--1-----10--   ->     8 9'010000000
    111:     6 15'1-0----1---10--   ->     9 9'010000000
    112:     7 15'1-00000000-1000   ->     0 9'000000010
    113:     7 15'1-0-------000--   ->     0 9'000000010
    114:     7 15'0-0---------0--   ->     0 9'000000010
    115:     7 15'--1------------   ->     0 9'000000010
    116:     7 15'1-01-------10--   ->     1 9'000000010
    117:     7 15'1-0--------10-1   ->     2 9'000000010
    118:     7 15'100-------100--   ->     2 9'000000010
    119:     7 15'110-------100--   ->     3 9'000000010
    120:     7 15'1-0-1------10--   ->     3 9'000000010
    121:     7 15'1-0--------101-   ->     4 9'000000010
    122:     7 15'1-0-----1--10--   ->     5 9'000000010
    123:     7 15'1-0------1-10--   ->     6 9'000000010
    124:     7 15'1-0---1----10--   ->     7 9'000000010
    125:     7 15'--0---------1--   ->     7 9'000000010
    126:     7 15'1-0--1-----10--   ->     8 9'000000010
    127:     7 15'1-0----1---10--   ->     9 9'000000010
    128:     8 15'1-00000000-1000   ->     0 9'000001000
    129:     8 15'1-0-------000--   ->     0 9'000001000
    130:     8 15'0-0---------0--   ->     0 9'000001000
    131:     8 15'--1------------   ->     0 9'000001000
    132:     8 15'1-01-------10--   ->     1 9'000001000
    133:     8 15'1-0--------10-1   ->     2 9'000001000
    134:     8 15'100-------100--   ->     2 9'000001000
    135:     8 15'110-------100--   ->     3 9'000001000
    136:     8 15'1-0-1------10--   ->     3 9'000001000
    137:     8 15'1-0--------101-   ->     4 9'000001000
    138:     8 15'1-0-----1--10--   ->     5 9'000001000
    139:     8 15'1-0------1-10--   ->     6 9'000001000
    140:     8 15'1-0---1----10--   ->     7 9'000001000
    141:     8 15'1-0--1-----10--   ->     8 9'000001000
    142:     8 15'--0---------1--   ->     8 9'000001000
    143:     8 15'1-0----1---10--   ->     9 9'000001000
    144:     9 15'1-00000000-1000   ->     0 9'000100000
    145:     9 15'1-0-------000--   ->     0 9'000100000
    146:     9 15'0-0---------0--   ->     0 9'000100000
    147:     9 15'--1------------   ->     0 9'000100000
    148:     9 15'1-01-------10--   ->     1 9'000100000
    149:     9 15'1-0--------10-1   ->     2 9'000100000
    150:     9 15'100-------100--   ->     2 9'000100000
    151:     9 15'110-------100--   ->     3 9'000100000
    152:     9 15'1-0-1------10--   ->     3 9'000100000
    153:     9 15'1-0--------101-   ->     4 9'000100000
    154:     9 15'1-0-----1--10--   ->     5 9'000100000
    155:     9 15'1-0------1-10--   ->     6 9'000100000
    156:     9 15'1-0---1----10--   ->     7 9'000100000
    157:     9 15'1-0--1-----10--   ->     8 9'000100000
    158:     9 15'1-0----1---10--   ->     9 9'000100000
    159:     9 15'--0---------1--   ->     9 9'000100000

-------------------------------------

FSM `$fsm$\arm16_controller_unit.present_state$1858' from module `tt_um_moein_maleki_arm16':
-------------------------------------

  Information on FSM $fsm$\arm16_controller_unit.present_state$1858 (\arm16_controller_unit.present_state):

  Number of input signals:    8
  Number of output signals:   6
  Number of state bits:       5

  Input signals:
    0: $flatten\arm16_controller_unit.$and$src/arm16_controller.v:86$39_Y
    1: $flatten\arm16_controller_unit.$and$src/arm16_controller.v:69$37_Y
    2: $flatten\arm16_controller_unit.$and$src/arm16_controller.v:67$34_Y
    3: \arm16_controller_unit.abort
    4: \arm16_datapath_unit.qspi_master_unit.word_valid_reg
    5: \arm16_datapath_unit.qspi_master_unit.data_done_reg
    6: \arm16_datapath_unit.rom_mode_q
    7: \reset_synchronizer_unit.sync_second

  Output signals:
    0: $flatten\arm16_controller_unit.$procmux$1584_CMP
    1: $flatten\arm16_controller_unit.$procmux$1568_CMP
    2: $flatten\arm16_controller_unit.$procmux$1567_CMP
    3: $flatten\arm16_controller_unit.$procmux$1515_CMP
    4: $flatten\arm16_controller_unit.$eq$src/arm16_controller.v:49$23_Y
    5: $flatten\arm16_controller_unit.$ne$src/arm16_controller.v:49$21_Y

  State encoding:
    0:    5'----1  <RESET STATE>
    1:    5'---1-
    2:    5'--1--
    3:    5'-1---
    4:    5'1----

  Transition Table (state_in, ctrl_in, state_out, ctrl_out):
      0:     0 8'00---00-   ->     0 6'101000
      1:     0 8'1-------   ->     0 6'101000
      2:     0 8'00---1--   ->     1 6'101000
      3:     0 8'00---01-   ->     2 6'101000
      4:     0 8'01------   ->     3 6'101000
      5:     1 8'0-1-----   ->     0 6'110000
      6:     1 8'1-------   ->     0 6'110000
      7:     1 8'0-0-----   ->     1 6'110000
      8:     2 8'0---1---   ->     0 6'100001
      9:     2 8'1-------   ->     0 6'100001
     10:     2 8'0--00---   ->     2 6'100001
     11:     2 8'0--10---   ->     4 6'100001
     12:     3 8'1-------   ->     0 6'000010
     13:     3 8'0-------   ->     3 6'000010
     14:     4 8'0---1---   ->     0 6'100100
     15:     4 8'1-------   ->     0 6'100100
     16:     4 8'0---0--1   ->     2 6'100100
     17:     4 8'0---0--0   ->     4 6'100100

-------------------------------------

15.9.8. Executing FSM_MAP pass (mapping FSMs to basic logic).
Mapping FSM `$fsm$\arm16_datapath_unit.ex_command$1847' from module `\tt_um_moein_maleki_arm16'.
Mapping FSM `$fsm$\arm16_controller_unit.present_state$1858' from module `\tt_um_moein_maleki_arm16'.

15.10. Executing OPT pass (performing simple optimizations).

15.10.1. Executing OPT_EXPR pass (perform const folding).
Optimizing module tt_um_moein_maleki_arm16.
<suppressed ~8 debug messages>

15.10.2. Executing OPT_MERGE pass (detect identical cells).
Finding identical cells in module `\tt_um_moein_maleki_arm16'.
Computing hashes of 809 cells of `\tt_um_moein_maleki_arm16'.
Finding duplicate cells in `\tt_um_moein_maleki_arm16'.
Computing hashes of 799 cells of `\tt_um_moein_maleki_arm16'.
Finding duplicate cells in `\tt_um_moein_maleki_arm16'.
<suppressed ~30 debug messages>
Removed a total of 10 cells.

15.10.3. Executing OPT_MUXTREE pass (detect dead branches in mux trees).
Running muxtree optimizer on module \tt_um_moein_maleki_arm16..
  Creating internal representation of mux trees.
  Evaluating internal representation of mux trees.
  Analyzing evaluation results.
Removed 0 multiplexer ports.
<suppressed ~449 debug messages>

15.10.4. Executing OPT_REDUCE pass (consolidate $*mux and $reduce_* inputs).
  Optimizing cells in module \tt_um_moein_maleki_arm16.
Performed a total of 0 changes.

15.10.5. Executing OPT_MERGE pass (detect identical cells).
Finding identical cells in module `\tt_um_moein_maleki_arm16'.
Computing hashes of 799 cells of `\tt_um_moein_maleki_arm16'.
Finding duplicate cells in `\tt_um_moein_maleki_arm16'.
Removed a total of 0 cells.

15.10.6. Executing OPT_DFF pass (perform DFF optimizations).
Adding SRST signal on $flatten\arm16_datapath_unit.$procdff$1766 ($dff) from module tt_um_moein_maleki_arm16 (D = $flatten\arm16_datapath_unit.$procmux$1352_Y, Q = \arm16_datapath_unit.mem_wb_en, rval = 1'0).
Adding EN signal on $auto$ff.cc:337:slice$2012 ($sdff) from module tt_um_moein_maleki_arm16 (D = \arm16_datapath_unit.ex_wb_en, Q = \arm16_datapath_unit.mem_wb_en).
Adding SRST signal on $flatten\arm16_datapath_unit.$procdff$1765 ($dff) from module tt_um_moein_maleki_arm16 (D = $flatten\arm16_datapath_unit.$procmux$1357_Y, Q = \arm16_datapath_unit.mem_valid, rval = 1'0).
Adding EN signal on $auto$ff.cc:337:slice$2014 ($sdff) from module tt_um_moein_maleki_arm16 (D = \arm16_datapath_unit.ex_valid, Q = \arm16_datapath_unit.mem_valid).
Adding SRST signal on $flatten\arm16_datapath_unit.$procdff$1764 ($dff) from module tt_um_moein_maleki_arm16 (D = $flatten\arm16_datapath_unit.$procmux$1297_Y, Q = \arm16_datapath_unit.wb_load_data, rval = 16'0000000000000000).
Adding EN signal on $auto$ff.cc:337:slice$2016 ($sdff) from module tt_um_moein_maleki_arm16 (D = \arm16_datapath_unit.mem_load_data, Q = \arm16_datapath_unit.wb_load_data).
Adding SRST signal on $flatten\arm16_datapath_unit.$procdff$1763 ($dff) from module tt_um_moein_maleki_arm16 (D = $flatten\arm16_datapath_unit.$procmux$1302_Y, Q = \arm16_datapath_unit.wb_alu_result, rval = 16'0000000000000000).
Adding EN signal on $auto$ff.cc:337:slice$2018 ($sdff) from module tt_um_moein_maleki_arm16 (D = \arm16_datapath_unit.mem_alu_result, Q = \arm16_datapath_unit.wb_alu_result).
Adding SRST signal on $flatten\arm16_datapath_unit.$procdff$1762 ($dff) from module tt_um_moein_maleki_arm16 (D = $flatten\arm16_datapath_unit.$procmux$1307_Y, Q = \arm16_datapath_unit.wb_dest, rval = 4'0000).
Adding EN signal on $auto$ff.cc:337:slice$2020 ($sdff) from module tt_um_moein_maleki_arm16 (D = \arm16_datapath_unit.mem_dest, Q = \arm16_datapath_unit.wb_dest).
Adding SRST signal on $flatten\arm16_datapath_unit.$procdff$1761 ($dff) from module tt_um_moein_maleki_arm16 (D = $flatten\arm16_datapath_unit.$procmux$1312_Y, Q = \arm16_datapath_unit.wb_mem_read, rval = 1'0).
Adding EN signal on $auto$ff.cc:337:slice$2022 ($sdff) from module tt_um_moein_maleki_arm16 (D = \arm16_datapath_unit.mem_mem_read, Q = \arm16_datapath_unit.wb_mem_read).
Adding SRST signal on $flatten\arm16_datapath_unit.$procdff$1760 ($dff) from module tt_um_moein_maleki_arm16 (D = $flatten\arm16_datapath_unit.$procmux$1317_Y, Q = \arm16_datapath_unit.wb_wb_en, rval = 1'0).
Adding EN signal on $auto$ff.cc:337:slice$2024 ($sdff) from module tt_um_moein_maleki_arm16 (D = \arm16_datapath_unit.mem_wb_en, Q = \arm16_datapath_unit.wb_wb_en).
Adding SRST signal on $flatten\arm16_datapath_unit.$procdff$1759 ($dff) from module tt_um_moein_maleki_arm16 (D = $flatten\arm16_datapath_unit.$procmux$1322_Y, Q = \arm16_datapath_unit.wb_valid, rval = 1'0).
Adding EN signal on $auto$ff.cc:337:slice$2026 ($sdff) from module tt_um_moein_maleki_arm16 (D = \arm16_datapath_unit.mem_valid, Q = \arm16_datapath_unit.wb_valid).
Adding SRST signal on $flatten\arm16_datapath_unit.$procdff$1758 ($dff) from module tt_um_moein_maleki_arm16 (D = $flatten\arm16_datapath_unit.$procmux$1292_Y, Q = \arm16_datapath_unit.nzcv, rval = 4'0000).
Adding EN signal on $auto$ff.cc:337:slice$2028 ($sdff) from module tt_um_moein_maleki_arm16 (D = { \arm16_datapath_unit.alu_result [15] \arm16_datapath_unit.alu_zero \arm16_datapath_unit.flags_next [1:0] }, Q = \arm16_datapath_unit.nzcv).
Adding SRST signal on $flatten\arm16_datapath_unit.$procdff$1783 ($dff) from module tt_um_moein_maleki_arm16 (D = $flatten\arm16_datapath_unit.$procmux$1412_Y, Q = \arm16_datapath_unit.ex_immediate, rval = 1'0).
Adding EN signal on $auto$ff.cc:337:slice$2030 ($sdff) from module tt_um_moein_maleki_arm16 (D = \arm16_datapath_unit.id_immediate, Q = \arm16_datapath_unit.ex_immediate).
Adding SRST signal on $flatten\arm16_datapath_unit.$procdff$1757 ($dff) from module tt_um_moein_maleki_arm16 (D = $flatten\arm16_datapath_unit.$procmux$1266_Y, Q = \arm16_datapath_unit.uart_div, rval = 16'0000000011011001).
Adding EN signal on $auto$ff.cc:337:slice$2032 ($sdff) from module tt_um_moein_maleki_arm16 (D = \arm16_datapath_unit.mem_store_data, Q = \arm16_datapath_unit.uart_div).
Adding SRST signal on $flatten\arm16_datapath_unit.$procdff$1784 ($dff) from module tt_um_moein_maleki_arm16 (D = $flatten\arm16_datapath_unit.$procmux$1407_Y, Q = \arm16_datapath_unit.ex_memory, rval = 1'0).
Adding EN signal on $auto$ff.cc:337:slice$2036 ($sdff) from module tt_um_moein_maleki_arm16 (D = \arm16_datapath_unit.id_memory, Q = \arm16_datapath_unit.ex_memory).
Adding SRST signal on $flatten\arm16_datapath_unit.$procdff$1756 ($dff) from module tt_um_moein_maleki_arm16 (D = $flatten\arm16_datapath_unit.$procmux$1273_Y, Q = \arm16_datapath_unit.vga_bg, rval = 6'000000).
Adding EN signal on $auto$ff.cc:337:slice$2038 ($sdff) from module tt_um_moein_maleki_arm16 (D = \arm16_datapath_unit.mem_store_data [5:0], Q = \arm16_datapath_unit.vga_bg).
Adding SRST signal on $flatten\arm16_datapath_unit.$procdff$1755 ($dff) from module tt_um_moein_maleki_arm16 (D = $flatten\arm16_datapath_unit.$procmux$1280_Y, Q = \arm16_datapath_unit.vga_fg, rval = 6'111111).
Adding EN signal on $auto$ff.cc:337:slice$2042 ($sdff) from module tt_um_moein_maleki_arm16 (D = \arm16_datapath_unit.mem_store_data [5:0], Q = \arm16_datapath_unit.vga_fg).
Adding SRST signal on $flatten\arm16_datapath_unit.$procdff$1754 ($dff) from module tt_um_moein_maleki_arm16 (D = $flatten\arm16_datapath_unit.$procmux$1287_Y, Q = \arm16_datapath_unit.vga_val, rval = 16'0000000000000000).
Adding EN signal on $auto$ff.cc:337:slice$2046 ($sdff) from module tt_um_moein_maleki_arm16 (D = \arm16_datapath_unit.mem_store_data, Q = \arm16_datapath_unit.vga_val).
Adding SRST signal on $flatten\arm16_datapath_unit.$procdff$1753 ($dff) from module tt_um_moein_maleki_arm16 (D = \arm16_datapath_unit.vga_renderer_unit.vsync_n, Q = \arm16_datapath_unit.vsync_q, rval = 1'1).
Adding SRST signal on $flatten\arm16_datapath_unit.$procdff$1752 ($dff) from module tt_um_moein_maleki_arm16 (D = $flatten\arm16_datapath_unit.$procmux$1251_Y, Q = \arm16_datapath_unit.meter_value, rval = 16'0000000000000000).
Adding EN signal on $auto$ff.cc:337:slice$2051 ($sdff) from module tt_um_moein_maleki_arm16 (D = \arm16_datapath_unit.retired_count [19:4], Q = \arm16_datapath_unit.meter_value).
Adding SRST signal on $flatten\arm16_datapath_unit.$procdff$1751 ($dff) from module tt_um_moein_maleki_arm16 (D = $flatten\arm16_datapath_unit.$procmux$1256_Y [19:1], Q = \arm16_datapath_unit.retired_count [19:1], rval = 19'0000000000000000000).
Adding SRST signal on $flatten\arm16_datapath_unit.$procdff$1751 ($dff) from module tt_um_moein_maleki_arm16 (D = $flatten\arm16_datapath_unit.$procmux$1259_Y [0], Q = \arm16_datapath_unit.retired_count [0], rval = 1'0).
Adding EN signal on $auto$ff.cc:337:slice$2056 ($sdff) from module tt_um_moein_maleki_arm16 (D = $flatten\arm16_datapath_unit.$procmux$1259_Y [0], Q = \arm16_datapath_unit.retired_count [0]).
Adding EN signal on $auto$ff.cc:337:slice$2053 ($sdff) from module tt_um_moein_maleki_arm16 (D = $flatten\arm16_datapath_unit.$add$src/arm16_datapath.v:404$154_Y [19:1], Q = \arm16_datapath_unit.retired_count [19:1]).
Adding SRST signal on $flatten\arm16_datapath_unit.$procdff$1779 ($dff) from module tt_um_moein_maleki_arm16 (D = $flatten\arm16_datapath_unit.$procmux$1432_Y, Q = \arm16_datapath_unit.ex_set_flags, rval = 1'0).
Adding EN signal on $auto$ff.cc:337:slice$2061 ($sdff) from module tt_um_moein_maleki_arm16 (D = $flatten\arm16_datapath_unit.$and$src/arm16_datapath.v:299$134_Y, Q = \arm16_datapath_unit.ex_set_flags).
Adding SRST signal on $flatten\arm16_datapath_unit.$procdff$1778 ($dff) from module tt_um_moein_maleki_arm16 (D = $flatten\arm16_datapath_unit.$procmux$1437_Y, Q = \arm16_datapath_unit.ex_link, rval = 1'0).
Adding EN signal on $auto$ff.cc:337:slice$2063 ($sdff) from module tt_um_moein_maleki_arm16 (D = $flatten\arm16_datapath_unit.$and$src/arm16_datapath.v:298$133_Y, Q = \arm16_datapath_unit.ex_link).
Adding SRST signal on $flatten\arm16_datapath_unit.$procdff$1777 ($dff) from module tt_um_moein_maleki_arm16 (D = $flatten\arm16_datapath_unit.$procmux$1442_Y, Q = \arm16_datapath_unit.ex_branch, rval = 1'0).
Adding EN signal on $auto$ff.cc:337:slice$2065 ($sdff) from module tt_um_moein_maleki_arm16 (D = $flatten\arm16_datapath_unit.$and$src/arm16_datapath.v:297$132_Y, Q = \arm16_datapath_unit.ex_branch).
Adding SRST signal on $flatten\arm16_datapath_unit.$procdff$1776 ($dff) from module tt_um_moein_maleki_arm16 (D = $flatten\arm16_datapath_unit.$procmux$1447_Y, Q = \arm16_datapath_unit.ex_mem_write, rval = 1'0).
Adding EN signal on $auto$ff.cc:337:slice$2067 ($sdff) from module tt_um_moein_maleki_arm16 (D = $flatten\arm16_datapath_unit.$and$src/arm16_datapath.v:296$131_Y, Q = \arm16_datapath_unit.ex_mem_write).
Adding SRST signal on $flatten\arm16_datapath_unit.$procdff$1775 ($dff) from module tt_um_moein_maleki_arm16 (D = $flatten\arm16_datapath_unit.$procmux$1452_Y, Q = \arm16_datapath_unit.ex_mem_read, rval = 1'0).
Adding EN signal on $auto$ff.cc:337:slice$2069 ($sdff) from module tt_um_moein_maleki_arm16 (D = $flatten\arm16_datapath_unit.$and$src/arm16_datapath.v:295$130_Y, Q = \arm16_datapath_unit.ex_mem_read).
Adding SRST signal on $flatten\arm16_datapath_unit.$procdff$1786 ($dff) from module tt_um_moein_maleki_arm16 (D = $flatten\arm16_datapath_unit.$procmux$1397_Y, Q = \arm16_datapath_unit.ex_branch_imm, rval = 24'000000000000000000000000).
Adding EN signal on $auto$ff.cc:337:slice$2071 ($sdff) from module tt_um_moein_maleki_arm16 (D = \arm16_datapath_unit.if_id_instr [23:0], Q = \arm16_datapath_unit.ex_branch_imm).
Adding SRST signal on $flatten\arm16_datapath_unit.\vga_renderer_unit.$procdff$1707 ($dff) from module tt_um_moein_maleki_arm16 (D = { $flatten\arm16_datapath_unit.\vga_renderer_unit.$ternary$src/vga_renderer.v:49$398_Y [0] $flatten\arm16_datapath_unit.\vga_renderer_unit.$ternary$src/vga_renderer.v:49$398_Y [2] $flatten\arm16_datapath_unit.\vga_renderer_unit.$ternary$src/vga_renderer.v:49$398_Y [4] $flatten\arm16_datapath_unit.\vga_renderer_unit.$ternary$src/vga_renderer.v:49$398_Y [1] $flatten\arm16_datapath_unit.\vga_renderer_unit.$ternary$src/vga_renderer.v:49$398_Y [3] $flatten\arm16_datapath_unit.\vga_renderer_unit.$ternary$src/vga_renderer.v:49$398_Y [5] }, Q = { \arm16_datapath_unit.vga_renderer_unit.pins_out [6:4] \arm16_datapath_unit.vga_renderer_unit.pins_out [2:0] }, rval = 6'000000).
Adding SRST signal on $flatten\arm16_datapath_unit.\vga_renderer_unit.$procdff$1708 ($dff) from module tt_um_moein_maleki_arm16 (D = $flatten\arm16_datapath_unit.\vga_renderer_unit.$add$src/vga_renderer.v:57$401_Y, Q = \arm16_datapath_unit.vga_renderer_unit.h_count, rval = 10'0000000000).
Adding SRST signal on $flatten\arm16_datapath_unit.\vga_renderer_unit.$procdff$1709 ($dff) from module tt_um_moein_maleki_arm16 (D = $flatten\arm16_datapath_unit.\vga_renderer_unit.$procmux$459_Y, Q = \arm16_datapath_unit.vga_renderer_unit.v_count, rval = 10'0000000000).
Adding EN signal on $auto$ff.cc:337:slice$2078 ($sdff) from module tt_um_moein_maleki_arm16 (D = $flatten\arm16_datapath_unit.\vga_renderer_unit.$ternary$src/vga_renderer.v:59$404_Y, Q = \arm16_datapath_unit.vga_renderer_unit.v_count).
Adding SRST signal on $flatten\arm16_datapath_unit.$procdff$1774 ($dff) from module tt_um_moein_maleki_arm16 (D = $flatten\arm16_datapath_unit.$procmux$1457_Y, Q = \arm16_datapath_unit.ex_wb_en, rval = 1'0).
Adding EN signal on $auto$ff.cc:337:slice$2080 ($sdff) from module tt_um_moein_maleki_arm16 (D = $flatten\arm16_datapath_unit.$and$src/arm16_datapath.v:294$129_Y, Q = \arm16_datapath_unit.ex_wb_en).
Adding SRST signal on $flatten\arm16_datapath_unit.$procdff$1773 ($dff) from module tt_um_moein_maleki_arm16 (D = $flatten\arm16_datapath_unit.$procmux$1462_Y, Q = \arm16_datapath_unit.ex_pc, rval = 16'0000000000000000).
Adding EN signal on $auto$ff.cc:337:slice$2082 ($sdff) from module tt_um_moein_maleki_arm16 (D = \arm16_datapath_unit.if_id_pc, Q = \arm16_datapath_unit.ex_pc).
Adding SRST signal on $flatten\arm16_datapath_unit.$procdff$1781 ($dff) from module tt_um_moein_maleki_arm16 (D = $flatten\arm16_datapath_unit.$procmux$1422_Y, Q = \arm16_datapath_unit.ex_dest_is_pc, rval = 1'0).
Adding EN signal on $auto$ff.cc:337:slice$2084 ($sdff) from module tt_um_moein_maleki_arm16 (D = $flatten\arm16_datapath_unit.$and$src/arm16_datapath.v:301$135_Y, Q = \arm16_datapath_unit.ex_dest_is_pc).
Adding SRST signal on $flatten\arm16_datapath_unit.$procdff$1780 ($dff) from module tt_um_moein_maleki_arm16 (D = $flatten\arm16_datapath_unit.$procmux$1427_Y, Q = \arm16_datapath_unit.ex_dest, rval = 4'0000).
Adding EN signal on $auto$ff.cc:337:slice$2086 ($sdff) from module tt_um_moein_maleki_arm16 (D = \arm16_datapath_unit.id_dest, Q = \arm16_datapath_unit.ex_dest).
Adding SRST signal on $flatten\arm16_datapath_unit.$procdff$1772 ($dff) from module tt_um_moein_maleki_arm16 (D = $flatten\arm16_datapath_unit.$procmux$1467_Y, Q = \arm16_datapath_unit.ex_valid, rval = 1'0).
Adding EN signal on $auto$ff.cc:337:slice$2088 ($sdff) from module tt_um_moein_maleki_arm16 (D = \arm16_datapath_unit.hazard_detector_unit.id_valid_in, Q = \arm16_datapath_unit.ex_valid).
Adding SRST signal on $flatten\arm16_datapath_unit.$procdff$1771 ($dff) from module tt_um_moein_maleki_arm16 (D = $flatten\arm16_datapath_unit.$procmux$1327_Y, Q = \arm16_datapath_unit.mem_store_data, rval = 16'0000000000000000).
Adding EN signal on $auto$ff.cc:337:slice$2090 ($sdff) from module tt_um_moein_maleki_arm16 (D = \arm16_datapath_unit.barrel_shifter_unit.value_in, Q = \arm16_datapath_unit.mem_store_data).
Adding SRST signal on $flatten\arm16_datapath_unit.$procdff$1770 ($dff) from module tt_um_moein_maleki_arm16 (D = $flatten\arm16_datapath_unit.$procmux$1332_Y, Q = \arm16_datapath_unit.mem_alu_result, rval = 16'0000000000000000).
Adding EN signal on $auto$ff.cc:337:slice$2092 ($sdff) from module tt_um_moein_maleki_arm16 (D = \arm16_datapath_unit.ex_result, Q = \arm16_datapath_unit.mem_alu_result).
Adding SRST signal on $flatten\arm16_datapath_unit.$procdff$1769 ($dff) from module tt_um_moein_maleki_arm16 (D = $flatten\arm16_datapath_unit.$procmux$1337_Y, Q = \arm16_datapath_unit.mem_dest, rval = 4'0000).
Adding EN signal on $auto$ff.cc:337:slice$2094 ($sdff) from module tt_um_moein_maleki_arm16 (D = \arm16_datapath_unit.ex_dest, Q = \arm16_datapath_unit.mem_dest).
Adding SRST signal on $flatten\arm16_datapath_unit.$procdff$1768 ($dff) from module tt_um_moein_maleki_arm16 (D = $flatten\arm16_datapath_unit.$procmux$1342_Y, Q = \arm16_datapath_unit.mem_mem_write, rval = 1'0).
Adding EN signal on $auto$ff.cc:337:slice$2096 ($sdff) from module tt_um_moein_maleki_arm16 (D = \arm16_datapath_unit.ex_mem_write, Q = \arm16_datapath_unit.mem_mem_write).
Adding SRST signal on $flatten\arm16_datapath_unit.\qspi_master_unit.$procdff$1727 ($dff) from module tt_um_moein_maleki_arm16 (D = $flatten\arm16_datapath_unit.\qspi_master_unit.$procmux$656_Y, Q = \arm16_datapath_unit.qspi_master_unit.data_done_reg, rval = 1'0).
Adding SRST signal on $flatten\arm16_datapath_unit.\qspi_master_unit.$procdff$1729 ($dff) from module tt_um_moein_maleki_arm16 (D = $flatten\arm16_datapath_unit.\qspi_master_unit.$add$src/qspi_master.v:278$343_Y, Q = \arm16_datapath_unit.qspi_master_unit.cs_low_cnt, rval = 8'00000000).
Adding SRST signal on $flatten\arm16_datapath_unit.\qspi_master_unit.$procdff$1730 ($dff) from module tt_um_moein_maleki_arm16 (D = { \arm16_datapath_unit.qspi_master_unit.cap_pipe [1:0] $flatten\arm16_datapath_unit.\qspi_master_unit.$procmux$685_Y }, Q = \arm16_datapath_unit.qspi_master_unit.cap_pipe, rval = 3'000).
Adding SRST signal on $flatten\arm16_datapath_unit.\qspi_master_unit.$procdff$1731 ($dff) from module tt_um_moein_maleki_arm16 (D = $flatten\arm16_datapath_unit.\qspi_master_unit.$procmux$713_Y, Q = \arm16_datapath_unit.qspi_master_unit.cap_count, rval = 3'000).
Adding EN signal on $auto$ff.cc:337:slice$2105 ($sdff) from module tt_um_moein_maleki_arm16 (D = $flatten\arm16_datapath_unit.\qspi_master_unit.$add$src/qspi_master.v:244$330_Y, Q = \arm16_datapath_unit.qspi_master_unit.cap_count).
Adding SRST signal on $flatten\arm16_datapath_unit.\qspi_master_unit.$procdff$1732 ($dff) from module tt_um_moein_maleki_arm16 (D = $flatten\arm16_datapath_unit.\qspi_master_unit.$2$lookahead\rx_word$301[31:0]$320, Q = \arm16_datapath_unit.qspi_master_unit.rx_word, rval = 0).
Adding EN signal on $auto$ff.cc:337:slice$2109 ($sdff) from module tt_um_moein_maleki_arm16 (D = $flatten\arm16_datapath_unit.\qspi_master_unit.$or$src/qspi_master.v:243$329_Y, Q = \arm16_datapath_unit.qspi_master_unit.rx_word).
Adding SRST signal on $flatten\arm16_datapath_unit.\qspi_master_unit.$procdff$1733 ($dff) from module tt_um_moein_maleki_arm16 (D = $flatten\arm16_datapath_unit.\qspi_master_unit.$procmux$703_Y, Q = \arm16_datapath_unit.qspi_master_unit.word_valid_reg, rval = 1'0).
Adding SRST signal on $flatten\arm16_datapath_unit.\qspi_master_unit.$procdff$1736 ($dff) from module tt_um_moein_maleki_arm16 (D = $flatten\arm16_datapath_unit.\qspi_master_unit.$procmux$897_Y, Q = \arm16_datapath_unit.qspi_master_unit.kind, rval = 2'00).
Adding EN signal on $auto$ff.cc:337:slice$2114 ($sdff) from module tt_um_moein_maleki_arm16 (D = \arm16_datapath_unit.qspi_master_unit.kind_next, Q = \arm16_datapath_unit.qspi_master_unit.kind).
Adding SRST signal on $flatten\arm16_datapath_unit.\qspi_master_unit.$procdff$1737 ($dff) from module tt_um_moein_maleki_arm16 (D = $flatten\arm16_datapath_unit.\qspi_master_unit.$procmux$880_Y, Q = \arm16_datapath_unit.qspi_master_unit.sck_reg, rval = 1'0).
Adding EN signal on $auto$ff.cc:337:slice$2118 ($sdff) from module tt_um_moein_maleki_arm16 (D = $flatten\arm16_datapath_unit.\qspi_master_unit.$procmux$880_Y, Q = \arm16_datapath_unit.qspi_master_unit.sck_reg).
Adding SRST signal on $flatten\arm16_datapath_unit.\qspi_master_unit.$procdff$1738 ($dff) from module tt_um_moein_maleki_arm16 (D = $flatten\arm16_datapath_unit.\qspi_master_unit.$procmux$868_Y, Q = \arm16_datapath_unit.qspi_master_unit.cs_flash_n_reg, rval = 1'1).
Adding EN signal on $auto$ff.cc:337:slice$2122 ($sdff) from module tt_um_moein_maleki_arm16 (D = $flatten\arm16_datapath_unit.\qspi_master_unit.$procmux$868_Y, Q = \arm16_datapath_unit.qspi_master_unit.cs_flash_n_reg).
Adding SRST signal on $flatten\arm16_datapath_unit.\qspi_master_unit.$procdff$1739 ($dff) from module tt_um_moein_maleki_arm16 (D = $flatten\arm16_datapath_unit.\qspi_master_unit.$procmux$851_Y, Q = \arm16_datapath_unit.qspi_master_unit.cs_ram_n_reg, rval = 1'1).
Adding EN signal on $auto$ff.cc:337:slice$2134 ($sdff) from module tt_um_moein_maleki_arm16 (D = $flatten\arm16_datapath_unit.\qspi_master_unit.$procmux$851_Y, Q = \arm16_datapath_unit.qspi_master_unit.cs_ram_n_reg).
Adding SRST signal on $flatten\arm16_datapath_unit.\qspi_master_unit.$procdff$1740 ($dff) from module tt_um_moein_maleki_arm16 (D = $flatten\arm16_datapath_unit.\qspi_master_unit.$procmux$839_Y, Q = \arm16_datapath_unit.qspi_master_unit.sd_reg, rval = 4'0000).
Adding EN signal on $auto$ff.cc:337:slice$2148 ($sdff) from module tt_um_moein_maleki_arm16 (D = $flatten\arm16_datapath_unit.\qspi_master_unit.$procmux$839_Y, Q = \arm16_datapath_unit.qspi_master_unit.sd_reg).
Adding SRST signal on $flatten\arm16_datapath_unit.\qspi_master_unit.$procdff$1741 ($dff) from module tt_um_moein_maleki_arm16 (D = $flatten\arm16_datapath_unit.\qspi_master_unit.$procmux$813_Y, Q = \arm16_datapath_unit.qspi_master_unit.sd_oe_reg, rval = 4'0000).
Adding EN signal on $auto$ff.cc:337:slice$2162 ($sdff) from module tt_um_moein_maleki_arm16 (D = $flatten\arm16_datapath_unit.\qspi_master_unit.$procmux$813_Y, Q = \arm16_datapath_unit.qspi_master_unit.sd_oe_reg).
Adding SRST signal on $flatten\arm16_datapath_unit.\qspi_master_unit.$procdff$1742 ($dff) from module tt_um_moein_maleki_arm16 (D = $flatten\arm16_datapath_unit.\qspi_master_unit.$procmux$806_Y, Q = \arm16_datapath_unit.qspi_master_unit.write_cmd, rval = 1'0).
Adding EN signal on $auto$ff.cc:337:slice$2174 ($sdff) from module tt_um_moein_maleki_arm16 (D = $flatten\arm16_datapath_unit.\qspi_master_unit.$and$src/qspi_master.v:161$282_Y, Q = \arm16_datapath_unit.qspi_master_unit.write_cmd).
Adding SRST signal on $flatten\arm16_datapath_unit.\qspi_master_unit.$procdff$1743 ($dff) from module tt_um_moein_maleki_arm16 (D = $flatten\arm16_datapath_unit.\qspi_master_unit.$procmux$795_Y, Q = \arm16_datapath_unit.qspi_master_unit.addr_reg, rval = 16'0000000000000000).
Adding EN signal on $auto$ff.cc:337:slice$2178 ($sdff) from module tt_um_moein_maleki_arm16 (D = \arm16_datapath_unit.qspi_master_unit.addr_in, Q = \arm16_datapath_unit.qspi_master_unit.addr_reg).
Adding SRST signal on $flatten\arm16_datapath_unit.\qspi_master_unit.$procdff$1744 ($dff) from module tt_um_moein_maleki_arm16 (D = $flatten\arm16_datapath_unit.\qspi_master_unit.$procmux$784_Y, Q = \arm16_datapath_unit.qspi_master_unit.wdata_reg, rval = 16'0000000000000000).
Adding EN signal on $auto$ff.cc:337:slice$2182 ($sdff) from module tt_um_moein_maleki_arm16 (D = \arm16_datapath_unit.mem_store_data, Q = \arm16_datapath_unit.qspi_master_unit.wdata_reg).
Adding SRST signal on $flatten\arm16_datapath_unit.\qspi_master_unit.$procdff$1745 ($dff) from module tt_um_moein_maleki_arm16 (D = $flatten\arm16_datapath_unit.\qspi_master_unit.$procmux$770_Y, Q = \arm16_datapath_unit.qspi_master_unit.period, rval = 5'00000).
Adding EN signal on $auto$ff.cc:337:slice$2186 ($sdff) from module tt_um_moein_maleki_arm16 (D = $flatten\arm16_datapath_unit.\qspi_master_unit.$procmux$770_Y, Q = \arm16_datapath_unit.qspi_master_unit.period).
Adding SRST signal on $flatten\arm16_datapath_unit.\qspi_master_unit.$procdff$1746 ($dff) from module tt_um_moein_maleki_arm16 (D = $flatten\arm16_datapath_unit.\qspi_master_unit.$procmux$755_Y, Q = \arm16_datapath_unit.qspi_master_unit.req_cnt, rval = 4'0000).
Adding EN signal on $auto$ff.cc:337:slice$2198 ($sdff) from module tt_um_moein_maleki_arm16 (D = $flatten\arm16_datapath_unit.\qspi_master_unit.$procmux$755_Y, Q = \arm16_datapath_unit.qspi_master_unit.req_cnt).
Adding SRST signal on $flatten\arm16_datapath_unit.\qspi_master_unit.$procdff$1747 ($dff) from module tt_um_moein_maleki_arm16 (D = $flatten\arm16_datapath_unit.\qspi_master_unit.$procmux$734_Y, Q = \arm16_datapath_unit.qspi_master_unit.gap_cnt, rval = 4'0000).
Adding EN signal on $auto$ff.cc:337:slice$2210 ($sdff) from module tt_um_moein_maleki_arm16 (D = $flatten\arm16_datapath_unit.\qspi_master_unit.$procmux$734_Y, Q = \arm16_datapath_unit.qspi_master_unit.gap_cnt).
Adding SRST signal on $flatten\arm16_datapath_unit.\qspi_master_unit.$procdff$1748 ($dff) from module tt_um_moein_maleki_arm16 (D = $flatten\arm16_datapath_unit.\qspi_master_unit.$procmux$727_Y, Q = \arm16_datapath_unit.qspi_master_unit.stop_pending, rval = 1'0).
Adding EN signal on $auto$ff.cc:337:slice$2214 ($sdff) from module tt_um_moein_maleki_arm16 (D = $flatten\arm16_datapath_unit.\qspi_master_unit.$procmux$727_Y, Q = \arm16_datapath_unit.qspi_master_unit.stop_pending).
Adding SRST signal on $flatten\arm16_datapath_unit.\qspi_master_unit.$procdff$1750 ($dff) from module tt_um_moein_maleki_arm16 (D = $flatten\arm16_datapath_unit.\qspi_master_unit.$1\next_state[2:0] [1:0], Q = \arm16_datapath_unit.qspi_master_unit.present_state [1:0], rval = 2'00).
Adding SRST signal on $flatten\arm16_datapath_unit.\qspi_master_unit.$procdff$1750 ($dff) from module tt_um_moein_maleki_arm16 (D = \arm16_datapath_unit.qspi_master_unit.next_state [2], Q = \arm16_datapath_unit.qspi_master_unit.present_state [2], rval = 1'0).
Adding EN signal on $auto$ff.cc:337:slice$2225 ($sdff) from module tt_um_moein_maleki_arm16 (D = \arm16_datapath_unit.qspi_master_unit.next_state [2], Q = \arm16_datapath_unit.qspi_master_unit.present_state [2]).
Adding EN signal on $auto$ff.cc:337:slice$2222 ($sdff) from module tt_um_moein_maleki_arm16 (D = $flatten\arm16_datapath_unit.\qspi_master_unit.$1\next_state[2:0] [1:0], Q = \arm16_datapath_unit.qspi_master_unit.present_state [1:0]).
Adding SRST signal on $flatten\arm16_datapath_unit.$procdff$1767 ($dff) from module tt_um_moein_maleki_arm16 (D = $flatten\arm16_datapath_unit.$procmux$1347_Y, Q = \arm16_datapath_unit.mem_mem_read, rval = 1'0).
Adding EN signal on $auto$ff.cc:337:slice$2252 ($sdff) from module tt_um_moein_maleki_arm16 (D = \arm16_datapath_unit.ex_mem_read, Q = \arm16_datapath_unit.mem_mem_read).
Adding SRST signal on $flatten\arm16_datapath_unit.$procdff$1785 ($dff) from module tt_um_moein_maleki_arm16 (D = $flatten\arm16_datapath_unit.$procmux$1402_Y, Q = \arm16_datapath_unit.ex_operand2, rval = 12'000000000000).
Adding EN signal on $auto$ff.cc:337:slice$2254 ($sdff) from module tt_um_moein_maleki_arm16 (D = \arm16_datapath_unit.if_id_instr [11:0], Q = \arm16_datapath_unit.ex_operand2).
Adding EN signal on $flatten\arm16_datapath_unit.$procdff$1801 ($dff) from module tt_um_moein_maleki_arm16 (D = \ui_in [6], Q = \arm16_datapath_unit.rom_mode_q).
Adding EN signal on $flatten\arm16_datapath_unit.$procdff$1800 ($dff) from module tt_um_moein_maleki_arm16 (D = \ui_in [5:4], Q = \arm16_datapath_unit.rx_delay_q).
Adding EN signal on $flatten\arm16_datapath_unit.$procdff$1799 ($dff) from module tt_um_moein_maleki_arm16 (D = \ui_in [0], Q = \arm16_datapath_unit.fwd_en_q).
Adding SRST signal on $flatten\arm16_datapath_unit.$procdff$1798 ($dff) from module tt_um_moein_maleki_arm16 (D = $flatten\arm16_datapath_unit.$procmux$1492_Y, Q = \arm16_datapath_unit.fetch_addr, rval = 16'0000000000000000).
Adding EN signal on $auto$ff.cc:337:slice$2259 ($sdff) from module tt_um_moein_maleki_arm16 (D = $flatten\arm16_datapath_unit.$procmux$1492_Y, Q = \arm16_datapath_unit.fetch_addr).
Adding EN signal on $flatten\arm16_datapath_unit.$procdff$1797 ($dff) from module tt_um_moein_maleki_arm16 (D = \arm16_datapath_unit.qspi_master_unit.rx_word, Q = \arm16_datapath_unit.fetch_word).
Adding SRST signal on $flatten\arm16_datapath_unit.$procdff$1796 ($dff) from module tt_um_moein_maleki_arm16 (D = $flatten\arm16_datapath_unit.$procmux$1472_Y, Q = \arm16_datapath_unit.if_id_valid, rval = 1'0).
Adding EN signal on $auto$ff.cc:337:slice$2264 ($sdff) from module tt_um_moein_maleki_arm16 (D = $flatten\arm16_datapath_unit.$ne$src/arm16_datapath.v:262$123_Y, Q = \arm16_datapath_unit.if_id_valid).
Adding SRST signal on $flatten\arm16_datapath_unit.$procdff$1795 ($dff) from module tt_um_moein_maleki_arm16 (D = $flatten\arm16_datapath_unit.$procmux$1477_Y, Q = \arm16_datapath_unit.if_id_instr, rval = 32'11110000000000000000000000000000).
Adding EN signal on $auto$ff.cc:337:slice$2266 ($sdff) from module tt_um_moein_maleki_arm16 (D = \arm16_datapath_unit.presented_word, Q = \arm16_datapath_unit.if_id_instr).
Adding SRST signal on $flatten\arm16_datapath_unit.$procdff$1794 ($dff) from module tt_um_moein_maleki_arm16 (D = $flatten\arm16_datapath_unit.$procmux$1482_Y, Q = \arm16_datapath_unit.if_id_pc, rval = 16'0000000000000000).
Adding EN signal on $auto$ff.cc:337:slice$2268 ($sdff) from module tt_um_moein_maleki_arm16 (D = \arm16_datapath_unit.fetch_addr, Q = \arm16_datapath_unit.if_id_pc).
Adding SRST signal on $flatten\arm16_datapath_unit.$procdff$1793 ($dff) from module tt_um_moein_maleki_arm16 (D = $flatten\arm16_datapath_unit.$procmux$1362_Y, Q = \arm16_datapath_unit.ex_flags, rval = 4'0000).
Adding EN signal on $auto$ff.cc:337:slice$2270 ($sdff) from module tt_um_moein_maleki_arm16 (D = \arm16_datapath_unit.condition_checker_unit.flags_in, Q = \arm16_datapath_unit.ex_flags).
Adding SRST signal on $flatten\arm16_datapath_unit.$procdff$1792 ($dff) from module tt_um_moein_maleki_arm16 (D = $flatten\arm16_datapath_unit.$procmux$1367_Y, Q = \arm16_datapath_unit.ex_has_src2, rval = 1'0).
Adding EN signal on $auto$ff.cc:337:slice$2272 ($sdff) from module tt_um_moein_maleki_arm16 (D = $flatten\arm16_datapath_unit.$and$src/arm16_datapath.v:312$138_Y, Q = \arm16_datapath_unit.ex_has_src2).
Adding SRST signal on $flatten\arm16_datapath_unit.$procdff$1791 ($dff) from module tt_um_moein_maleki_arm16 (D = $flatten\arm16_datapath_unit.$procmux$1372_Y, Q = \arm16_datapath_unit.ex_has_src1, rval = 1'0).
Adding EN signal on $auto$ff.cc:337:slice$2274 ($sdff) from module tt_um_moein_maleki_arm16 (D = $flatten\arm16_datapath_unit.$and$src/arm16_datapath.v:311$137_Y, Q = \arm16_datapath_unit.ex_has_src1).
Adding SRST signal on $flatten\arm16_datapath_unit.$procdff$1790 ($dff) from module tt_um_moein_maleki_arm16 (D = $flatten\arm16_datapath_unit.$procmux$1377_Y, Q = \arm16_datapath_unit.ex_src2, rval = 4'0000).
Adding EN signal on $auto$ff.cc:337:slice$2276 ($sdff) from module tt_um_moein_maleki_arm16 (D = \arm16_datapath_unit.hazard_detector_unit.id_src2_in, Q = \arm16_datapath_unit.ex_src2).
Adding SRST signal on $flatten\arm16_datapath_unit.$procdff$1789 ($dff) from module tt_um_moein_maleki_arm16 (D = $flatten\arm16_datapath_unit.$procmux$1382_Y, Q = \arm16_datapath_unit.ex_src1, rval = 4'0000).
Adding EN signal on $auto$ff.cc:337:slice$2278 ($sdff) from module tt_um_moein_maleki_arm16 (D = \arm16_datapath_unit.if_id_instr [19:16], Q = \arm16_datapath_unit.ex_src1).
Adding SRST signal on $flatten\arm16_datapath_unit.$procdff$1788 ($dff) from module tt_um_moein_maleki_arm16 (D = $flatten\arm16_datapath_unit.$procmux$1387_Y, Q = \arm16_datapath_unit.ex_val_rm, rval = 16'0000000000000000).
Adding EN signal on $auto$ff.cc:337:slice$2280 ($sdff) from module tt_um_moein_maleki_arm16 (D = \arm16_datapath_unit.id_val_rm, Q = \arm16_datapath_unit.ex_val_rm).
Adding SRST signal on $flatten\arm16_datapath_unit.$procdff$1787 ($dff) from module tt_um_moein_maleki_arm16 (D = $flatten\arm16_datapath_unit.$procmux$1392_Y, Q = \arm16_datapath_unit.ex_val_rn, rval = 16'0000000000000000).
Adding EN signal on $auto$ff.cc:337:slice$2282 ($sdff) from module tt_um_moein_maleki_arm16 (D = \arm16_datapath_unit.id_val_rn, Q = \arm16_datapath_unit.ex_val_rn).

15.10.7. Executing OPT_CLEAN pass (remove unused cells and wires).
Finding unused cells or wires in module \tt_um_moein_maleki_arm16..
Removed 141 unused cells and 172 unused wires.
<suppressed ~143 debug messages>

15.10.8. Executing OPT_EXPR pass (perform const folding).
Optimizing module tt_um_moein_maleki_arm16.
<suppressed ~12 debug messages>

15.10.9. Rerunning OPT passes. (Maybe there is more to do..)

15.10.10. Executing OPT_MUXTREE pass (detect dead branches in mux trees).
Running muxtree optimizer on module \tt_um_moein_maleki_arm16..
  Creating internal representation of mux trees.
  Evaluating internal representation of mux trees.
  Analyzing evaluation results.
Removed 0 multiplexer ports.
<suppressed ~257 debug messages>

15.10.11. Executing OPT_REDUCE pass (consolidate $*mux and $reduce_* inputs).
  Optimizing cells in module \tt_um_moein_maleki_arm16.
Performed a total of 0 changes.

15.10.12. Executing OPT_MERGE pass (detect identical cells).
Finding identical cells in module `\tt_um_moein_maleki_arm16'.
Computing hashes of 727 cells of `\tt_um_moein_maleki_arm16'.
Finding duplicate cells in `\tt_um_moein_maleki_arm16'.
Computing hashes of 707 cells of `\tt_um_moein_maleki_arm16'.
Finding duplicate cells in `\tt_um_moein_maleki_arm16'.
<suppressed ~60 debug messages>
Removed a total of 20 cells.

15.10.13. Executing OPT_DFF pass (perform DFF optimizations).

15.10.14. Executing OPT_CLEAN pass (remove unused cells and wires).
Finding unused cells or wires in module \tt_um_moein_maleki_arm16..
Removed 1 unused cells and 21 unused wires.
<suppressed ~2 debug messages>

15.10.15. Executing OPT_EXPR pass (perform const folding).
Optimizing module tt_um_moein_maleki_arm16.

15.10.16. Rerunning OPT passes. (Maybe there is more to do..)

15.10.17. Executing OPT_MUXTREE pass (detect dead branches in mux trees).
Running muxtree optimizer on module \tt_um_moein_maleki_arm16..
  Creating internal representation of mux trees.
  Evaluating internal representation of mux trees.
  Analyzing evaluation results.
Removed 0 multiplexer ports.
<suppressed ~259 debug messages>

15.10.18. Executing OPT_REDUCE pass (consolidate $*mux and $reduce_* inputs).
  Optimizing cells in module \tt_um_moein_maleki_arm16.
Performed a total of 0 changes.

15.10.19. Executing OPT_MERGE pass (detect identical cells).
Finding identical cells in module `\tt_um_moein_maleki_arm16'.
Computing hashes of 706 cells of `\tt_um_moein_maleki_arm16'.
Finding duplicate cells in `\tt_um_moein_maleki_arm16'.
Removed a total of 0 cells.

15.10.20. Executing OPT_DFF pass (perform DFF optimizations).

15.10.21. Executing OPT_CLEAN pass (remove unused cells and wires).
Finding unused cells or wires in module \tt_um_moein_maleki_arm16..

15.10.22. Executing OPT_EXPR pass (perform const folding).
Optimizing module tt_um_moein_maleki_arm16.

15.10.23. Finished fast OPT passes. (There is nothing left to do.)

15.11. Executing WREDUCE pass (reducing word size of cells).
Removed top 28 address bits (of 32) from memory init port tt_um_moein_maleki_arm16.$flatten\arm16_datapath_unit.\demo_rom_unit.$auto$mem.cc:351:emit$442 ($flatten\arm16_datapath_unit.\demo_rom_unit.$auto$proc_rom.cc:155:do_switch$440).
Removed top 28 address bits (of 32) from memory init port tt_um_moein_maleki_arm16.$flatten\arm16_datapath_unit.\vga_renderer_unit.$auto$mem.cc:351:emit$438 ($flatten\arm16_datapath_unit.\vga_renderer_unit.$auto$proc_rom.cc:155:do_switch$436).
Removed top 2 bits (of 4) from FF cell tt_um_moein_maleki_arm16.$auto$ff.cc:337:slice$2271 ($sdffe).
Removed top 3 bits (of 4) from port B of cell tt_um_moein_maleki_arm16.$auto$opt_dff.cc:320:make_patterns_logic$2245 ($ne).
Removed top 2 bits (of 3) from port B of cell tt_um_moein_maleki_arm16.$auto$opt_dff.cc:320:make_patterns_logic$2243 ($ne).
Removed top 1 bits (of 3) from port B of cell tt_um_moein_maleki_arm16.$auto$opt_dff.cc:320:make_patterns_logic$2234 ($ne).
Removed top 4 bits (of 5) from port B of cell tt_um_moein_maleki_arm16.$auto$opt_dff.cc:320:make_patterns_logic$2232 ($ne).
Removed top 3 bits (of 4) from port B of cell tt_um_moein_maleki_arm16.$auto$opt_dff.cc:320:make_patterns_logic$2230 ($ne).
Removed top 1 bits (of 3) from port B of cell tt_um_moein_maleki_arm16.$auto$opt_dff.cc:320:make_patterns_logic$2228 ($ne).
Removed top 10 bits (of 24) from FF cell tt_um_moein_maleki_arm16.$auto$ff.cc:337:slice$2072 ($sdffe).
Removed top 1 bits (of 3) from port B of cell tt_um_moein_maleki_arm16.$auto$fsm_map.cc:77:implement_pattern_cache$2007 ($eq).
Removed top 1 bits (of 2) from port B of cell tt_um_moein_maleki_arm16.$auto$fsm_map.cc:77:implement_pattern_cache$1994 ($eq).
Removed top 3 bits (of 4) from port B of cell tt_um_moein_maleki_arm16.$auto$fsm_map.cc:77:implement_pattern_cache$1985 ($eq).
Removed top 2 bits (of 3) from port B of cell tt_um_moein_maleki_arm16.$auto$fsm_map.cc:77:implement_pattern_cache$1981 ($eq).
Removed top 2 bits (of 3) from port B of cell tt_um_moein_maleki_arm16.$auto$fsm_map.cc:77:implement_pattern_cache$1972 ($eq).
Removed top 1 bits (of 2) from port B of cell tt_um_moein_maleki_arm16.$auto$fsm_map.cc:77:implement_pattern_cache$1965 ($eq).
Removed top 1 bits (of 2) from port B of cell tt_um_moein_maleki_arm16.$auto$fsm_map.cc:77:implement_pattern_cache$1959 ($eq).
Removed top 1 bits (of 2) from port B of cell tt_um_moein_maleki_arm16.$auto$fsm_map.cc:77:implement_pattern_cache$1946 ($eq).
Removed top 3 bits (of 10) from port B of cell tt_um_moein_maleki_arm16.$flatten\arm16_datapath_unit.\vga_renderer_unit.$ge$src/vga_renderer.v:41$387 ($ge).
Removed top 2 bits (of 10) from port B of cell tt_um_moein_maleki_arm16.$flatten\arm16_datapath_unit.\vga_renderer_unit.$ge$src/vga_renderer.v:42$390 ($ge).
Removed top 1 bits (of 10) from port B of cell tt_um_moein_maleki_arm16.$flatten\arm16_datapath_unit.\vga_renderer_unit.$lt$src/vga_renderer.v:42$391 ($lt).
Removed top 3 bits (of 10) from port B of cell tt_um_moein_maleki_arm16.$flatten\arm16_datapath_unit.\vga_renderer_unit.$sub$src/vga_renderer.v:43$393 ($sub).
Removed top 1 bits (of 10) from port Y of cell tt_um_moein_maleki_arm16.$flatten\arm16_datapath_unit.\vga_renderer_unit.$sub$src/vga_renderer.v:43$393 ($sub).
Removed top 1 bits (of 10) from port A of cell tt_um_moein_maleki_arm16.$flatten\arm16_datapath_unit.\vga_renderer_unit.$sub$src/vga_renderer.v:43$393 ($sub).
Removed top 2 bits (of 10) from port B of cell tt_um_moein_maleki_arm16.$flatten\arm16_datapath_unit.\vga_renderer_unit.$sub$src/vga_renderer.v:44$394 ($sub).
Removed top 2 bits (of 10) from port Y of cell tt_um_moein_maleki_arm16.$flatten\arm16_datapath_unit.\vga_renderer_unit.$sub$src/vga_renderer.v:44$394 ($sub).
Removed top 2 bits (of 10) from port A of cell tt_um_moein_maleki_arm16.$flatten\arm16_datapath_unit.\vga_renderer_unit.$sub$src/vga_renderer.v:44$394 ($sub).
Removed top 9 bits (of 10) from port B of cell tt_um_moein_maleki_arm16.$flatten\arm16_datapath_unit.\vga_renderer_unit.$add$src/vga_renderer.v:57$401 ($add).
Removed top 9 bits (of 10) from port B of cell tt_um_moein_maleki_arm16.$flatten\arm16_datapath_unit.\vga_renderer_unit.$add$src/vga_renderer.v:59$403 ($add).
Removed top 1 bits (of 10) from port B of cell tt_um_moein_maleki_arm16.$flatten\arm16_datapath_unit.\vga_renderer_unit.$lt$src/vga_renderer.v:62$406 ($lt).
Removed top 1 bits (of 10) from port B of cell tt_um_moein_maleki_arm16.$flatten\arm16_datapath_unit.\vga_renderer_unit.$ge$src/vga_renderer.v:64$412 ($ge).
Removed top 1 bits (of 10) from port B of cell tt_um_moein_maleki_arm16.$flatten\arm16_datapath_unit.\vga_renderer_unit.$lt$src/vga_renderer.v:64$413 ($lt).
Removed top 1 bits (of 2) from port B of cell tt_um_moein_maleki_arm16.$flatten\arm16_datapath_unit.\vga_renderer_unit.$eq$src/vga_renderer.v:108$433 ($eq).
Removed top 1 bits (of 3) from port B of cell tt_um_moein_maleki_arm16.$flatten\arm16_datapath_unit.\vga_renderer_unit.$procmux$446_CMP0 ($eq).
Removed top 1 bits (of 3) from port B of cell tt_um_moein_maleki_arm16.$flatten\arm16_datapath_unit.\vga_renderer_unit.$procmux$447_CMP0 ($eq).
Removed top 2 bits (of 3) from port B of cell tt_um_moein_maleki_arm16.$flatten\arm16_datapath_unit.\vga_renderer_unit.$procmux$448_CMP0 ($eq).
Removed top 1 bits (of 2) from port B of cell tt_um_moein_maleki_arm16.$flatten\arm16_datapath_unit.\vga_renderer_unit.$procmux$454_CMP0 ($eq).
Removed top 1 bits (of 2) from mux cell tt_um_moein_maleki_arm16.$flatten\arm16_datapath_unit.\qspi_master_unit.$ternary$src/qspi_master.v:98$254 ($mux).
Removed top 1 bits (of 2) from port B of cell tt_um_moein_maleki_arm16.$flatten\arm16_datapath_unit.\qspi_master_unit.$eq$src/qspi_master.v:100$259 ($eq).
Removed top 4 bits (of 5) from port B of cell tt_um_moein_maleki_arm16.$flatten\arm16_datapath_unit.\qspi_master_unit.$add$src/qspi_master.v:107$276 ($add).
Removed top 3 bits (of 4) from port B of cell tt_um_moein_maleki_arm16.$flatten\arm16_datapath_unit.\qspi_master_unit.$add$src/qspi_master.v:191$290 ($add).
Removed top 3 bits (of 4) from port B of cell tt_um_moein_maleki_arm16.$flatten\arm16_datapath_unit.\qspi_master_unit.$add$src/qspi_master.v:209$300 ($add).
Removed top 27 bits (of 33) from port A of cell tt_um_moein_maleki_arm16.$flatten\arm16_datapath_unit.\qspi_master_unit.$neg$src/qspi_master.v:243$327 ($neg).
Converting cell tt_um_moein_maleki_arm16.$flatten\arm16_datapath_unit.\qspi_master_unit.$neg$src/qspi_master.v:243$327 ($neg) from signed to unsigned.
Removed top 1 bits (of 6) from port A of cell tt_um_moein_maleki_arm16.$flatten\arm16_datapath_unit.\qspi_master_unit.$neg$src/qspi_master.v:243$327 ($neg).
Removed top 2 bits (of 3) from port B of cell tt_um_moein_maleki_arm16.$flatten\arm16_datapath_unit.\qspi_master_unit.$add$src/qspi_master.v:244$330 ($add).
Removed top 7 bits (of 8) from port B of cell tt_um_moein_maleki_arm16.$flatten\arm16_datapath_unit.\qspi_master_unit.$add$src/qspi_master.v:278$343 ($add).
Removed top 2 bits (of 4) from port B of cell tt_um_moein_maleki_arm16.$flatten\arm16_datapath_unit.\qspi_master_unit.$eq$src/qspi_master.v:304$357 ($eq).
Removed top 2 bits (of 4) from port B of cell tt_um_moein_maleki_arm16.$flatten\arm16_datapath_unit.\qspi_master_unit.$ge$src/qspi_master.v:314$360 ($ge).
Removed top 1 bits (of 5) from port B of cell tt_um_moein_maleki_arm16.$flatten\arm16_datapath_unit.\qspi_master_unit.$lt$src/qspi_master.v:332$365 ($lt).
Removed top 1 bits (of 5) from port B of cell tt_um_moein_maleki_arm16.$flatten\arm16_datapath_unit.\qspi_master_unit.$lt$src/qspi_master.v:335$368 ($lt).
Removed top 1 bits (of 5) from port B of cell tt_um_moein_maleki_arm16.$flatten\arm16_datapath_unit.\qspi_master_unit.$procmux$501_CMP0 ($eq).
Removed top 1 bits (of 5) from port B of cell tt_um_moein_maleki_arm16.$flatten\arm16_datapath_unit.\qspi_master_unit.$procmux$502_CMP0 ($eq).
Removed top 1 bits (of 5) from port B of cell tt_um_moein_maleki_arm16.$flatten\arm16_datapath_unit.\qspi_master_unit.$procmux$532_CMP0 ($eq).
Removed top 1 bits (of 5) from port B of cell tt_um_moein_maleki_arm16.$flatten\arm16_datapath_unit.\qspi_master_unit.$procmux$533_CMP0 ($eq).
Removed top 1 bits (of 5) from port B of cell tt_um_moein_maleki_arm16.$flatten\arm16_datapath_unit.\qspi_master_unit.$procmux$534_CMP0 ($eq).
Removed top 1 bits (of 5) from port B of cell tt_um_moein_maleki_arm16.$flatten\arm16_datapath_unit.\qspi_master_unit.$procmux$535_CMP0 ($eq).
Removed top 1 bits (of 5) from port B of cell tt_um_moein_maleki_arm16.$flatten\arm16_datapath_unit.\qspi_master_unit.$procmux$536_CMP0 ($eq).
Removed top 1 bits (of 3) from port B of cell tt_um_moein_maleki_arm16.$flatten\arm16_datapath_unit.\qspi_master_unit.$procmux$869_CMP0 ($eq).
Removed top 2 bits (of 3) from port B of cell tt_um_moein_maleki_arm16.$flatten\arm16_datapath_unit.\qspi_master_unit.$procmux$887_CMP0 ($eq).
Removed top 1 bits (of 3) from port B of cell tt_um_moein_maleki_arm16.$flatten\arm16_datapath_unit.\qspi_master_unit.$procmux$887_CMP1 ($eq).
Removed top 1 bits (of 17) from port A of cell tt_um_moein_maleki_arm16.$flatten\arm16_datapath_unit.\alu_unit.$add$src/alu.v:38$10 ($add).
Removed top 1 bits (of 17) from port B of cell tt_um_moein_maleki_arm16.$flatten\arm16_datapath_unit.\alu_unit.$add$src/alu.v:38$10 ($add).
Removed top 16 bits (of 17) from port B of cell tt_um_moein_maleki_arm16.$flatten\arm16_datapath_unit.\alu_unit.$add$src/alu.v:38$11 ($add).
Removed top 16 bits (of 32) from port Y of cell tt_um_moein_maleki_arm16.$flatten\arm16_datapath_unit.\barrel_shifter_unit.$shr$src/barrel_shifter.v:32$160 ($shr).
Removed top 1 bits (of 5) from port B of cell tt_um_moein_maleki_arm16.$flatten\arm16_datapath_unit.\barrel_shifter_unit.$sub$src/barrel_shifter.v:37$163 ($sub).
Removed top 1 bits (of 2) from port B of cell tt_um_moein_maleki_arm16.$flatten\arm16_datapath_unit.\barrel_shifter_unit.$procmux$1214_CMP0 ($eq).
Removed top 1 bits (of 4) from port B of cell tt_um_moein_maleki_arm16.$flatten\arm16_datapath_unit.\condition_checker_unit.$procmux$1203_CMP0 ($eq).
Removed top 1 bits (of 4) from port B of cell tt_um_moein_maleki_arm16.$flatten\arm16_datapath_unit.\condition_checker_unit.$procmux$1204_CMP0 ($eq).
Removed top 1 bits (of 4) from port B of cell tt_um_moein_maleki_arm16.$flatten\arm16_datapath_unit.\condition_checker_unit.$procmux$1205_CMP0 ($eq).
Removed top 1 bits (of 4) from port B of cell tt_um_moein_maleki_arm16.$flatten\arm16_datapath_unit.\condition_checker_unit.$procmux$1206_CMP0 ($eq).
Removed top 2 bits (of 4) from port B of cell tt_um_moein_maleki_arm16.$flatten\arm16_datapath_unit.\condition_checker_unit.$procmux$1207_CMP0 ($eq).
Removed top 2 bits (of 4) from port B of cell tt_um_moein_maleki_arm16.$flatten\arm16_datapath_unit.\condition_checker_unit.$procmux$1208_CMP0 ($eq).
Removed top 3 bits (of 4) from port B of cell tt_um_moein_maleki_arm16.$flatten\arm16_datapath_unit.\condition_checker_unit.$procmux$1209_CMP0 ($eq).
Removed top 1 bits (of 2) from port B of cell tt_um_moein_maleki_arm16.$flatten\arm16_datapath_unit.\instruction_decoder_unit.$eq$src/instruction_decoder.v:84$228 ($eq).
Removed top 1 bits (of 4) from port B of cell tt_um_moein_maleki_arm16.$flatten\arm16_datapath_unit.\instruction_decoder_unit.$procmux$1107_CMP0 ($eq).
Removed top 1 bits (of 4) from port B of cell tt_um_moein_maleki_arm16.$flatten\arm16_datapath_unit.\instruction_decoder_unit.$procmux$1108_CMP0 ($eq).
Removed top 1 bits (of 4) from port B of cell tt_um_moein_maleki_arm16.$flatten\arm16_datapath_unit.\instruction_decoder_unit.$procmux$1109_CMP0 ($eq).
Removed top 2 bits (of 4) from port B of cell tt_um_moein_maleki_arm16.$flatten\arm16_datapath_unit.\instruction_decoder_unit.$procmux$1110_CMP0 ($eq).
Removed top 3 bits (of 4) from port B of cell tt_um_moein_maleki_arm16.$flatten\arm16_datapath_unit.\instruction_decoder_unit.$procmux$1111_CMP0 ($eq).
Removed top 19 bits (of 20) from mux cell tt_um_moein_maleki_arm16.$flatten\arm16_datapath_unit.$procmux$1259 ($mux).
Removed top 19 bits (of 20) from mux cell tt_um_moein_maleki_arm16.$flatten\arm16_datapath_unit.$procmux$1256 ($mux).
Removed top 1 bits (of 2) from port B of cell tt_um_moein_maleki_arm16.$flatten\arm16_datapath_unit.$procmux$1246_CMP0 ($eq).
Removed top 1 bits (of 2) from port B of cell tt_um_moein_maleki_arm16.$flatten\arm16_datapath_unit.$procmux$1242_CMP0 ($eq).
Removed top 6 bits (of 7) from port B of cell tt_um_moein_maleki_arm16.$flatten\arm16_datapath_unit.$procmux$1237_CMP0 ($eq).
Removed top 4 bits (of 7) from port B of cell tt_um_moein_maleki_arm16.$flatten\arm16_datapath_unit.$procmux$1235_CMP0 ($eq).
Removed top 8 bits (of 32) from port A of cell tt_um_moein_maleki_arm16.$flatten\arm16_datapath_unit.\barrel_shifter_unit.$shr$src/barrel_shifter.v:30$159 ($shr).
Removed top 16 bits (of 32) from port Y of cell tt_um_moein_maleki_arm16.$flatten\arm16_datapath_unit.\barrel_shifter_unit.$shr$src/barrel_shifter.v:30$159 ($shr).
Removed top 19 bits (of 20) from port B of cell tt_um_moein_maleki_arm16.$flatten\arm16_datapath_unit.$add$src/arm16_datapath.v:404$154 ($add).
Removed top 4 bits (of 7) from port B of cell tt_um_moein_maleki_arm16.$flatten\arm16_datapath_unit.$eq$src/arm16_datapath.v:385$150 ($eq).
Removed top 3 bits (of 7) from port B of cell tt_um_moein_maleki_arm16.$flatten\arm16_datapath_unit.$eq$src/arm16_datapath.v:382$149 ($eq).
Removed top 3 bits (of 7) from port B of cell tt_um_moein_maleki_arm16.$flatten\arm16_datapath_unit.$eq$src/arm16_datapath.v:379$148 ($eq).
Removed top 13 bits (of 16) from port B of cell tt_um_moein_maleki_arm16.$flatten\arm16_datapath_unit.$add$src/arm16_datapath.v:243$119 ($add).
Removed top 5 bits (of 6) from mux cell tt_um_moein_maleki_arm16.$flatten\arm16_datapath_unit.$ternary$src/arm16_datapath.v:224$114 ($mux).
Removed top 12 bits (of 16) from port B of cell tt_um_moein_maleki_arm16.$flatten\arm16_datapath_unit.$add$src/arm16_datapath.v:198$82 ($add).
Removed top 13 bits (of 16) from port B of cell tt_um_moein_maleki_arm16.$flatten\arm16_datapath_unit.$add$src/arm16_datapath.v:197$81 ($add).
Removed top 12 bits (of 16) from port B of cell tt_um_moein_maleki_arm16.$flatten\arm16_datapath_unit.$add$src/arm16_datapath.v:192$76 ($add).
Removed top 5 bits (of 6) from wire tt_um_moein_maleki_arm16.$flatten\arm16_datapath_unit.$ternary$src/arm16_datapath.v:224$114_Y.
Removed top 1 bits (of 2) from wire tt_um_moein_maleki_arm16.$flatten\arm16_datapath_unit.\qspi_master_unit.$ternary$src/qspi_master.v:98$254_Y.
Removed top 19 bits (of 20) from wire tt_um_moein_maleki_arm16.$flatten\arm16_datapath_unit.$procmux$1259_Y.
Removed top 19 bits (of 20) from wire tt_um_moein_maleki_arm16.$flatten\arm16_datapath_unit.$procmux$1256_Y.

15.12. Executing PEEPOPT pass (run peephole optimizers).

15.13. Executing OPT_CLEAN pass (remove unused cells and wires).
Finding unused cells or wires in module \tt_um_moein_maleki_arm16..
Removed 0 unused cells and 4 unused wires.
<suppressed ~1 debug messages>

15.14. Executing ALUMACC pass (create $alu and $macc cells).
Extracting $alu and $macc cells in module tt_um_moein_maleki_arm16:
  creating $macc model for $flatten\arm16_datapath_unit.$add$src/arm16_datapath.v:199$83 ($add).
  creating $macc model for $flatten\arm16_datapath_unit.$add$src/arm16_datapath.v:198$82 ($add).
  creating $macc model for $flatten\arm16_datapath_unit.\barrel_shifter_unit.$sub$src/barrel_shifter.v:37$163 ($sub).
  creating $macc model for $flatten\arm16_datapath_unit.\alu_unit.$add$src/alu.v:38$11 ($add).
  creating $macc model for $flatten\arm16_datapath_unit.\alu_unit.$add$src/alu.v:38$10 ($add).
  creating $macc model for $flatten\arm16_datapath_unit.$add$src/arm16_datapath.v:197$81 ($add).
  creating $macc model for $flatten\arm16_datapath_unit.$add$src/arm16_datapath.v:192$76 ($add).
  creating $macc model for $flatten\arm16_datapath_unit.$add$src/arm16_datapath.v:404$154 ($add).
  creating $macc model for $flatten\arm16_datapath_unit.\qspi_master_unit.$sub$src/qspi_master.v:333$366 ($sub).
  creating $macc model for $flatten\arm16_datapath_unit.\qspi_master_unit.$add$src/qspi_master.v:278$343 ($add).
  creating $macc model for $flatten\arm16_datapath_unit.\qspi_master_unit.$add$src/qspi_master.v:244$330 ($add).
  creating $macc model for $flatten\arm16_datapath_unit.\qspi_master_unit.$neg$src/qspi_master.v:243$327 ($neg).
  creating $macc model for $flatten\arm16_datapath_unit.\qspi_master_unit.$add$src/qspi_master.v:209$300 ($add).
  creating $macc model for $flatten\arm16_datapath_unit.\qspi_master_unit.$add$src/qspi_master.v:191$290 ($add).
  creating $macc model for $flatten\arm16_datapath_unit.\qspi_master_unit.$add$src/qspi_master.v:107$276 ($add).
  creating $macc model for $flatten\arm16_datapath_unit.\vga_renderer_unit.$add$src/vga_renderer.v:59$403 ($add).
  creating $macc model for $flatten\arm16_datapath_unit.\vga_renderer_unit.$add$src/vga_renderer.v:57$401 ($add).
  creating $macc model for $flatten\arm16_datapath_unit.\vga_renderer_unit.$sub$src/vga_renderer.v:44$394 ($sub).
  creating $macc model for $flatten\arm16_datapath_unit.\vga_renderer_unit.$sub$src/vga_renderer.v:43$393 ($sub).
  creating $macc model for $flatten\arm16_datapath_unit.$add$src/arm16_datapath.v:243$119 ($add).
  merging $macc model for $flatten\arm16_datapath_unit.\alu_unit.$add$src/alu.v:38$10 into $flatten\arm16_datapath_unit.\alu_unit.$add$src/alu.v:38$11.
  merging $macc model for $flatten\arm16_datapath_unit.$add$src/arm16_datapath.v:198$82 into $flatten\arm16_datapath_unit.$add$src/arm16_datapath.v:199$83.
  creating $alu model for $macc $flatten\arm16_datapath_unit.\vga_renderer_unit.$sub$src/vga_renderer.v:44$394.
  creating $alu model for $macc $flatten\arm16_datapath_unit.\vga_renderer_unit.$add$src/vga_renderer.v:57$401.
  creating $alu model for $macc $flatten\arm16_datapath_unit.\vga_renderer_unit.$add$src/vga_renderer.v:59$403.
  creating $alu model for $macc $flatten\arm16_datapath_unit.\qspi_master_unit.$add$src/qspi_master.v:107$276.
  creating $alu model for $macc $flatten\arm16_datapath_unit.\qspi_master_unit.$add$src/qspi_master.v:191$290.
  creating $alu model for $macc $flatten\arm16_datapath_unit.\qspi_master_unit.$add$src/qspi_master.v:209$300.
  creating $alu model for $macc $flatten\arm16_datapath_unit.\qspi_master_unit.$neg$src/qspi_master.v:243$327.
  creating $alu model for $macc $flatten\arm16_datapath_unit.\qspi_master_unit.$add$src/qspi_master.v:244$330.
  creating $alu model for $macc $flatten\arm16_datapath_unit.\qspi_master_unit.$add$src/qspi_master.v:278$343.
  creating $alu model for $macc $flatten\arm16_datapath_unit.\qspi_master_unit.$sub$src/qspi_master.v:333$366.
  creating $alu model for $macc $flatten\arm16_datapath_unit.$add$src/arm16_datapath.v:404$154.
  creating $alu model for $macc $flatten\arm16_datapath_unit.$add$src/arm16_datapath.v:192$76.
  creating $alu model for $macc $flatten\arm16_datapath_unit.$add$src/arm16_datapath.v:197$81.
  creating $alu model for $macc $flatten\arm16_datapath_unit.\vga_renderer_unit.$sub$src/vga_renderer.v:43$393.
  creating $alu model for $macc $flatten\arm16_datapath_unit.\alu_unit.$add$src/alu.v:38$11.
  creating $alu model for $macc $flatten\arm16_datapath_unit.\barrel_shifter_unit.$sub$src/barrel_shifter.v:37$163.
  creating $alu model for $macc $flatten\arm16_datapath_unit.$add$src/arm16_datapath.v:243$119.
  creating $macc cell for $flatten\arm16_datapath_unit.$add$src/arm16_datapath.v:199$83: $auto$alumacc.cc:382:replace_macc$2288
  creating $alu model for $flatten\arm16_datapath_unit.\qspi_master_unit.$lt$src/qspi_master.v:353$371 ($lt): new $alu
  creating $alu model for $flatten\arm16_datapath_unit.\qspi_master_unit.$lt$src/qspi_master.v:345$369 ($lt): new $alu
  creating $alu model for $flatten\arm16_datapath_unit.\qspi_master_unit.$lt$src/qspi_master.v:335$368 ($lt): new $alu
  creating $alu model for $flatten\arm16_datapath_unit.\qspi_master_unit.$lt$src/qspi_master.v:332$365 ($lt): new $alu
  creating $alu model for $flatten\arm16_datapath_unit.\qspi_master_unit.$ge$src/qspi_master.v:314$360 ($ge): new $alu
  creating $alu model for $flatten\arm16_datapath_unit.\qspi_master_unit.$ge$src/qspi_master.v:106$275 ($ge): new $alu
  creating $alu model for $flatten\arm16_datapath_unit.\vga_renderer_unit.$lt$src/vga_renderer.v:64$413 ($lt): new $alu
  creating $alu model for $flatten\arm16_datapath_unit.\vga_renderer_unit.$ge$src/vga_renderer.v:64$412 ($ge): new $alu
  creating $alu model for $flatten\arm16_datapath_unit.\vga_renderer_unit.$lt$src/vga_renderer.v:63$409 ($lt): new $alu
  creating $alu model for $flatten\arm16_datapath_unit.\vga_renderer_unit.$ge$src/vga_renderer.v:63$408 ($ge): new $alu
  creating $alu model for $flatten\arm16_datapath_unit.\vga_renderer_unit.$lt$src/vga_renderer.v:62$406 ($lt): new $alu
  creating $alu model for $flatten\arm16_datapath_unit.\vga_renderer_unit.$lt$src/vga_renderer.v:62$405 ($lt): new $alu
  creating $alu model for $flatten\arm16_datapath_unit.\vga_renderer_unit.$lt$src/vga_renderer.v:42$391 ($lt): new $alu
  creating $alu model for $flatten\arm16_datapath_unit.\vga_renderer_unit.$ge$src/vga_renderer.v:42$390 ($ge): new $alu
  creating $alu model for $flatten\arm16_datapath_unit.\vga_renderer_unit.$lt$src/vga_renderer.v:41$388 ($lt): new $alu
  creating $alu model for $flatten\arm16_datapath_unit.\vga_renderer_unit.$ge$src/vga_renderer.v:41$387 ($ge): new $alu
  creating $alu model for $flatten\arm16_datapath_unit.\qspi_master_unit.$procmux$536_CMP0 ($eq): merged with $flatten\arm16_datapath_unit.\qspi_master_unit.$lt$src/qspi_master.v:332$365.
  creating $alu model for $flatten\arm16_datapath_unit.\qspi_master_unit.$procmux$502_CMP0 ($eq): merged with $flatten\arm16_datapath_unit.\qspi_master_unit.$lt$src/qspi_master.v:335$368.
  creating $alu model for $flatten\arm16_datapath_unit.\qspi_master_unit.$procmux$500_CMP0 ($eq): merged with $flatten\arm16_datapath_unit.\qspi_master_unit.$lt$src/qspi_master.v:353$371.
  creating $alu cell for $flatten\arm16_datapath_unit.\vga_renderer_unit.$ge$src/vga_renderer.v:41$387: $auto$alumacc.cc:512:replace_alu$2305
  creating $alu cell for $flatten\arm16_datapath_unit.\vga_renderer_unit.$lt$src/vga_renderer.v:41$388: $auto$alumacc.cc:512:replace_alu$2318
  creating $alu cell for $flatten\arm16_datapath_unit.\vga_renderer_unit.$ge$src/vga_renderer.v:42$390: $auto$alumacc.cc:512:replace_alu$2323
  creating $alu cell for $flatten\arm16_datapath_unit.\vga_renderer_unit.$lt$src/vga_renderer.v:42$391: $auto$alumacc.cc:512:replace_alu$2336
  creating $alu cell for $flatten\arm16_datapath_unit.\vga_renderer_unit.$lt$src/vga_renderer.v:62$405: $auto$alumacc.cc:512:replace_alu$2341
  creating $alu cell for $flatten\arm16_datapath_unit.\vga_renderer_unit.$lt$src/vga_renderer.v:62$406: $auto$alumacc.cc:512:replace_alu$2346
  creating $alu cell for $flatten\arm16_datapath_unit.\vga_renderer_unit.$ge$src/vga_renderer.v:63$408: $auto$alumacc.cc:512:replace_alu$2351
  creating $alu cell for $flatten\arm16_datapath_unit.\vga_renderer_unit.$lt$src/vga_renderer.v:63$409: $auto$alumacc.cc:512:replace_alu$2364
  creating $alu cell for $flatten\arm16_datapath_unit.\vga_renderer_unit.$ge$src/vga_renderer.v:64$412: $auto$alumacc.cc:512:replace_alu$2369
  creating $alu cell for $flatten\arm16_datapath_unit.\vga_renderer_unit.$lt$src/vga_renderer.v:64$413: $auto$alumacc.cc:512:replace_alu$2382
  creating $alu cell for $flatten\arm16_datapath_unit.\qspi_master_unit.$ge$src/qspi_master.v:106$275: $auto$alumacc.cc:512:replace_alu$2387
  creating $alu cell for $flatten\arm16_datapath_unit.\qspi_master_unit.$ge$src/qspi_master.v:314$360: $auto$alumacc.cc:512:replace_alu$2400
  creating $alu cell for $flatten\arm16_datapath_unit.\qspi_master_unit.$lt$src/qspi_master.v:332$365, $flatten\arm16_datapath_unit.\qspi_master_unit.$procmux$536_CMP0: $auto$alumacc.cc:512:replace_alu$2413
  creating $alu cell for $flatten\arm16_datapath_unit.\qspi_master_unit.$lt$src/qspi_master.v:335$368, $flatten\arm16_datapath_unit.\qspi_master_unit.$procmux$502_CMP0: $auto$alumacc.cc:512:replace_alu$2420
  creating $alu cell for $flatten\arm16_datapath_unit.\qspi_master_unit.$lt$src/qspi_master.v:345$369: $auto$alumacc.cc:512:replace_alu$2427
  creating $alu cell for $flatten\arm16_datapath_unit.\qspi_master_unit.$lt$src/qspi_master.v:353$371, $flatten\arm16_datapath_unit.\qspi_master_unit.$procmux$500_CMP0: $auto$alumacc.cc:512:replace_alu$2432
  creating $alu cell for $flatten\arm16_datapath_unit.$add$src/arm16_datapath.v:243$119: $auto$alumacc.cc:512:replace_alu$2439
  creating $alu cell for $flatten\arm16_datapath_unit.\barrel_shifter_unit.$sub$src/barrel_shifter.v:37$163: $auto$alumacc.cc:512:replace_alu$2442
  creating $alu cell for $flatten\arm16_datapath_unit.\alu_unit.$add$src/alu.v:38$11: $auto$alumacc.cc:512:replace_alu$2445
  creating $alu cell for $flatten\arm16_datapath_unit.\vga_renderer_unit.$sub$src/vga_renderer.v:43$393: $auto$alumacc.cc:512:replace_alu$2448
  creating $alu cell for $flatten\arm16_datapath_unit.$add$src/arm16_datapath.v:197$81: $auto$alumacc.cc:512:replace_alu$2451
  creating $alu cell for $flatten\arm16_datapath_unit.$add$src/arm16_datapath.v:192$76: $auto$alumacc.cc:512:replace_alu$2454
  creating $alu cell for $flatten\arm16_datapath_unit.$add$src/arm16_datapath.v:404$154: $auto$alumacc.cc:512:replace_alu$2457
  creating $alu cell for $flatten\arm16_datapath_unit.\qspi_master_unit.$sub$src/qspi_master.v:333$366: $auto$alumacc.cc:512:replace_alu$2460
  creating $alu cell for $flatten\arm16_datapath_unit.\qspi_master_unit.$add$src/qspi_master.v:278$343: $auto$alumacc.cc:512:replace_alu$2463
  creating $alu cell for $flatten\arm16_datapath_unit.\qspi_master_unit.$add$src/qspi_master.v:244$330: $auto$alumacc.cc:512:replace_alu$2466
  creating $alu cell for $flatten\arm16_datapath_unit.\qspi_master_unit.$neg$src/qspi_master.v:243$327: $auto$alumacc.cc:512:replace_alu$2469
  creating $alu cell for $flatten\arm16_datapath_unit.\qspi_master_unit.$add$src/qspi_master.v:209$300: $auto$alumacc.cc:512:replace_alu$2472
  creating $alu cell for $flatten\arm16_datapath_unit.\qspi_master_unit.$add$src/qspi_master.v:191$290: $auto$alumacc.cc:512:replace_alu$2475
  creating $alu cell for $flatten\arm16_datapath_unit.\qspi_master_unit.$add$src/qspi_master.v:107$276: $auto$alumacc.cc:512:replace_alu$2478
  creating $alu cell for $flatten\arm16_datapath_unit.\vga_renderer_unit.$add$src/vga_renderer.v:59$403: $auto$alumacc.cc:512:replace_alu$2481
  creating $alu cell for $flatten\arm16_datapath_unit.\vga_renderer_unit.$add$src/vga_renderer.v:57$401: $auto$alumacc.cc:512:replace_alu$2484
  creating $alu cell for $flatten\arm16_datapath_unit.\vga_renderer_unit.$sub$src/vga_renderer.v:44$394: $auto$alumacc.cc:512:replace_alu$2487
  created 33 $alu and 1 $macc cells.

15.15. Executing SHARE pass (SAT-based resource sharing).
Found 9 cells in module tt_um_moein_maleki_arm16 that may be considered for resource sharing.
  Analyzing resource sharing options for $flatten\arm16_datapath_unit.\vga_renderer_unit.$auto$mem.cc:305:emit$437 ($memrd_v2):
    Found 5 activation_patterns using ctrl signal { $flatten\arm16_datapath_unit.\vga_renderer_unit.$procmux$449_CMP $flatten\arm16_datapath_unit.\vga_renderer_unit.$procmux$448_CMP $flatten\arm16_datapath_unit.\vga_renderer_unit.$procmux$447_CMP $flatten\arm16_datapath_unit.\vga_renderer_unit.$procmux$446_CMP $flatten\arm16_datapath_unit.\vga_renderer_unit.$procmux$445_CMP }.
    No candidates found.
  Analyzing resource sharing options for $flatten\arm16_datapath_unit.\demo_rom_unit.$auto$mem.cc:305:emit$441 ($memrd_v2):
    Found 1 activation_patterns using ctrl signal \arm16_datapath_unit.fetch_src_rom_in.
    No candidates found.
  Analyzing resource sharing options for $flatten\arm16_datapath_unit.\barrel_shifter_unit.$shr$src/barrel_shifter.v:30$159 ($shr):
    Found cell that is never activated: $flatten\arm16_datapath_unit.\alu_unit.$add$src/alu.v:38$10
    Found 7 activation_patterns using ctrl signal { \arm16_datapath_unit.alu_arith \arm16_datapath_unit.ex_command [9] \arm16_datapath_unit.ex_command [6:4] \arm16_datapath_unit.ex_command [1] \arm16_datapath_unit.ex_immediate \arm16_datapath_unit.ex_memory $flatten\arm16_datapath_unit.\alu_unit.$procmux$1698_CTRL }.
    Found 2 candidates: $flatten\arm16_datapath_unit.\barrel_shifter_unit.$shr$src/barrel_shifter.v:32$160 $flatten\arm16_datapath_unit.\barrel_shifter_unit.$shr$src/barrel_shifter.v:35$162
    Analyzing resource sharing with $flatten\arm16_datapath_unit.\barrel_shifter_unit.$shr$src/barrel_shifter.v:32$160 ($shr):
      Found 7 activation_patterns using ctrl signal { \arm16_datapath_unit.alu_arith \arm16_datapath_unit.ex_command [9] \arm16_datapath_unit.ex_command [6:4] \arm16_datapath_unit.ex_command [1] \arm16_datapath_unit.ex_immediate \arm16_datapath_unit.ex_memory $flatten\arm16_datapath_unit.\barrel_shifter_unit.$procmux$1215_CMP $flatten\arm16_datapath_unit.\barrel_shifter_unit.$procmux$1214_CMP $flatten\arm16_datapath_unit.\barrel_shifter_unit.$procmux$1213_CMP $flatten\arm16_datapath_unit.\alu_unit.$procmux$1698_CTRL }.
      Activation pattern for cell $flatten\arm16_datapath_unit.\barrel_shifter_unit.$shr$src/barrel_shifter.v:30$159: { \arm16_datapath_unit.ex_command [5] \arm16_datapath_unit.ex_immediate \arm16_datapath_unit.ex_memory } = 3'110
      Activation pattern for cell $flatten\arm16_datapath_unit.\barrel_shifter_unit.$shr$src/barrel_shifter.v:30$159: { \arm16_datapath_unit.ex_immediate \arm16_datapath_unit.ex_memory $flatten\arm16_datapath_unit.\alu_unit.$procmux$1698_CTRL } = 3'101
      Activation pattern for cell $flatten\arm16_datapath_unit.\barrel_shifter_unit.$shr$src/barrel_shifter.v:30$159: { \arm16_datapath_unit.alu_arith \arm16_datapath_unit.ex_immediate \arm16_datapath_unit.ex_memory } = 3'110
      Activation pattern for cell $flatten\arm16_datapath_unit.\barrel_shifter_unit.$shr$src/barrel_shifter.v:30$159: { \arm16_datapath_unit.ex_command [1] \arm16_datapath_unit.ex_immediate \arm16_datapath_unit.ex_memory } = 3'110
      Activation pattern for cell $flatten\arm16_datapath_unit.\barrel_shifter_unit.$shr$src/barrel_shifter.v:30$159: { \arm16_datapath_unit.ex_command [9] \arm16_datapath_unit.ex_immediate \arm16_datapath_unit.ex_memory } = 3'110
      Activation pattern for cell $flatten\arm16_datapath_unit.\barrel_shifter_unit.$shr$src/barrel_shifter.v:30$159: { \arm16_datapath_unit.ex_command [4] \arm16_datapath_unit.ex_immediate \arm16_datapath_unit.ex_memory } = 3'110
      Activation pattern for cell $flatten\arm16_datapath_unit.\barrel_shifter_unit.$shr$src/barrel_shifter.v:30$159: { \arm16_datapath_unit.ex_command [6] \arm16_datapath_unit.ex_immediate \arm16_datapath_unit.ex_memory } = 3'110
      Activation pattern for cell $flatten\arm16_datapath_unit.\barrel_shifter_unit.$shr$src/barrel_shifter.v:32$160: { \arm16_datapath_unit.ex_command [6] \arm16_datapath_unit.ex_immediate \arm16_datapath_unit.ex_memory $flatten\arm16_datapath_unit.\barrel_shifter_unit.$procmux$1215_CMP $flatten\arm16_datapath_unit.\barrel_shifter_unit.$procmux$1214_CMP $flatten\arm16_datapath_unit.\barrel_shifter_unit.$procmux$1213_CMP } = 6'100000
      Activation pattern for cell $flatten\arm16_datapath_unit.\barrel_shifter_unit.$shr$src/barrel_shifter.v:32$160: { \arm16_datapath_unit.ex_command [4] \arm16_datapath_unit.ex_immediate \arm16_datapath_unit.ex_memory $flatten\arm16_datapath_unit.\barrel_shifter_unit.$procmux$1215_CMP $flatten\arm16_datapath_unit.\barrel_shifter_unit.$procmux$1214_CMP $flatten\arm16_datapath_unit.\barrel_shifter_unit.$procmux$1213_CMP } = 6'100000
      Activation pattern for cell $flatten\arm16_datapath_unit.\barrel_shifter_unit.$shr$src/barrel_shifter.v:32$160: { \arm16_datapath_unit.ex_command [9] \arm16_datapath_unit.ex_immediate \arm16_datapath_unit.ex_memory $flatten\arm16_datapath_unit.\barrel_shifter_unit.$procmux$1215_CMP $flatten\arm16_datapath_unit.\barrel_shifter_unit.$procmux$1214_CMP $flatten\arm16_datapath_unit.\barrel_shifter_unit.$procmux$1213_CMP } = 6'100000
      Activation pattern for cell $flatten\arm16_datapath_unit.\barrel_shifter_unit.$shr$src/barrel_shifter.v:32$160: { \arm16_datapath_unit.ex_command [1] \arm16_datapath_unit.ex_immediate \arm16_datapath_unit.ex_memory $flatten\arm16_datapath_unit.\barrel_shifter_unit.$procmux$1215_CMP $flatten\arm16_datapath_unit.\barrel_shifter_unit.$procmux$1214_CMP $flatten\arm16_datapath_unit.\barrel_shifter_unit.$procmux$1213_CMP } = 6'100000
      Activation pattern for cell $flatten\arm16_datapath_unit.\barrel_shifter_unit.$shr$src/barrel_shifter.v:32$160: { \arm16_datapath_unit.alu_arith \arm16_datapath_unit.ex_immediate \arm16_datapath_unit.ex_memory $flatten\arm16_datapath_unit.\barrel_shifter_unit.$procmux$1215_CMP $flatten\arm16_datapath_unit.\barrel_shifter_unit.$procmux$1214_CMP $flatten\arm16_datapath_unit.\barrel_shifter_unit.$procmux$1213_CMP } = 6'100000
      Activation pattern for cell $flatten\arm16_datapath_unit.\barrel_shifter_unit.$shr$src/barrel_shifter.v:32$160: { \arm16_datapath_unit.ex_immediate \arm16_datapath_unit.ex_memory $flatten\arm16_datapath_unit.\barrel_shifter_unit.$procmux$1215_CMP $flatten\arm16_datapath_unit.\barrel_shifter_unit.$procmux$1214_CMP $flatten\arm16_datapath_unit.\barrel_shifter_unit.$procmux$1213_CMP $flatten\arm16_datapath_unit.\alu_unit.$procmux$1698_CTRL } = 6'000001
      Activation pattern for cell $flatten\arm16_datapath_unit.\barrel_shifter_unit.$shr$src/barrel_shifter.v:32$160: { \arm16_datapath_unit.ex_command [5] \arm16_datapath_unit.ex_immediate \arm16_datapath_unit.ex_memory $flatten\arm16_datapath_unit.\barrel_shifter_unit.$procmux$1215_CMP $flatten\arm16_datapath_unit.\barrel_shifter_unit.$procmux$1214_CMP $flatten\arm16_datapath_unit.\barrel_shifter_unit.$procmux$1213_CMP } = 6'100000
      According to the SAT solver this pair of cells can be shared. (Pattern only case)
      Simplified activation pattern for cell $flatten\arm16_datapath_unit.\barrel_shifter_unit.$shr$src/barrel_shifter.v:30$159: \arm16_datapath_unit.ex_immediate = 1'1
      Simplified activation pattern for cell $flatten\arm16_datapath_unit.\barrel_shifter_unit.$shr$src/barrel_shifter.v:32$160: \arm16_datapath_unit.ex_immediate = 1'0
      Activation signal for $flatten\arm16_datapath_unit.\barrel_shifter_unit.$shr$src/barrel_shifter.v:30$159: $auto$share.cc:1062:make_cell_activation_logic$2490
      New cell: $auto$share.cc:663:make_supercell$2497 ($shr)
  Analyzing resource sharing options for $auto$share.cc:663:make_supercell$2497 ($shr):
    Found 14 activation_patterns using ctrl signal { \arm16_datapath_unit.alu_arith \arm16_datapath_unit.ex_command [9] \arm16_datapath_unit.ex_command [6:4] \arm16_datapath_unit.ex_command [1] \arm16_datapath_unit.ex_immediate \arm16_datapath_unit.ex_memory $flatten\arm16_datapath_unit.\barrel_shifter_unit.$procmux$1215_CMP $flatten\arm16_datapath_unit.\barrel_shifter_unit.$procmux$1214_CMP $flatten\arm16_datapath_unit.\barrel_shifter_unit.$procmux$1213_CMP $flatten\arm16_datapath_unit.\alu_unit.$procmux$1698_CTRL }.
    Found 1 candidates: $flatten\arm16_datapath_unit.\barrel_shifter_unit.$shr$src/barrel_shifter.v:35$162
    Analyzing resource sharing with $flatten\arm16_datapath_unit.\barrel_shifter_unit.$shr$src/barrel_shifter.v:35$162 ($shr):
      Found 14 activation_patterns using ctrl signal { \arm16_datapath_unit.alu_arith \arm16_datapath_unit.ex_command [9] \arm16_datapath_unit.ex_command [6:4] \arm16_datapath_unit.ex_command [1] \arm16_datapath_unit.ex_immediate \arm16_datapath_unit.ex_memory \arm16_datapath_unit.ex_operand2 [11] $flatten\arm16_datapath_unit.\barrel_shifter_unit.$procmux$1214_CMP $flatten\arm16_datapath_unit.\barrel_shifter_unit.$procmux$1213_CMP $flatten\arm16_datapath_unit.\barrel_shifter_unit.$eq$src/barrel_shifter.v:49$169_Y $flatten\arm16_datapath_unit.\alu_unit.$procmux$1698_CTRL }.
      Activation pattern for cell $auto$share.cc:663:make_supercell$2497: { \arm16_datapath_unit.ex_command [5] \arm16_datapath_unit.ex_immediate \arm16_datapath_unit.ex_memory } = 3'110
      Activation pattern for cell $auto$share.cc:663:make_supercell$2497: { \arm16_datapath_unit.ex_immediate \arm16_datapath_unit.ex_memory $flatten\arm16_datapath_unit.\alu_unit.$procmux$1698_CTRL } = 3'101
      Activation pattern for cell $auto$share.cc:663:make_supercell$2497: { \arm16_datapath_unit.alu_arith \arm16_datapath_unit.ex_immediate \arm16_datapath_unit.ex_memory } = 3'110
      Activation pattern for cell $auto$share.cc:663:make_supercell$2497: { \arm16_datapath_unit.ex_command [1] \arm16_datapath_unit.ex_immediate \arm16_datapath_unit.ex_memory } = 3'110
      Activation pattern for cell $auto$share.cc:663:make_supercell$2497: { \arm16_datapath_unit.ex_command [9] \arm16_datapath_unit.ex_immediate \arm16_datapath_unit.ex_memory } = 3'110
      Activation pattern for cell $auto$share.cc:663:make_supercell$2497: { \arm16_datapath_unit.ex_command [4] \arm16_datapath_unit.ex_immediate \arm16_datapath_unit.ex_memory } = 3'110
      Activation pattern for cell $auto$share.cc:663:make_supercell$2497: { \arm16_datapath_unit.ex_command [6] \arm16_datapath_unit.ex_immediate \arm16_datapath_unit.ex_memory } = 3'110
      Activation pattern for cell $auto$share.cc:663:make_supercell$2497: { \arm16_datapath_unit.ex_command [6] \arm16_datapath_unit.ex_immediate \arm16_datapath_unit.ex_memory $flatten\arm16_datapath_unit.\barrel_shifter_unit.$procmux$1215_CMP $flatten\arm16_datapath_unit.\barrel_shifter_unit.$procmux$1214_CMP $flatten\arm16_datapath_unit.\barrel_shifter_unit.$procmux$1213_CMP } = 6'100000
      Activation pattern for cell $auto$share.cc:663:make_supercell$2497: { \arm16_datapath_unit.ex_command [4] \arm16_datapath_unit.ex_immediate \arm16_datapath_unit.ex_memory $flatten\arm16_datapath_unit.\barrel_shifter_unit.$procmux$1215_CMP $flatten\arm16_datapath_unit.\barrel_shifter_unit.$procmux$1214_CMP $flatten\arm16_datapath_unit.\barrel_shifter_unit.$procmux$1213_CMP } = 6'100000
      Activation pattern for cell $auto$share.cc:663:make_supercell$2497: { \arm16_datapath_unit.ex_command [9] \arm16_datapath_unit.ex_immediate \arm16_datapath_unit.ex_memory $flatten\arm16_datapath_unit.\barrel_shifter_unit.$procmux$1215_CMP $flatten\arm16_datapath_unit.\barrel_shifter_unit.$procmux$1214_CMP $flatten\arm16_datapath_unit.\barrel_shifter_unit.$procmux$1213_CMP } = 6'100000
      Activation pattern for cell $auto$share.cc:663:make_supercell$2497: { \arm16_datapath_unit.ex_command [1] \arm16_datapath_unit.ex_immediate \arm16_datapath_unit.ex_memory $flatten\arm16_datapath_unit.\barrel_shifter_unit.$procmux$1215_CMP $flatten\arm16_datapath_unit.\barrel_shifter_unit.$procmux$1214_CMP $flatten\arm16_datapath_unit.\barrel_shifter_unit.$procmux$1213_CMP } = 6'100000
      Activation pattern for cell $auto$share.cc:663:make_supercell$2497: { \arm16_datapath_unit.alu_arith \arm16_datapath_unit.ex_immediate \arm16_datapath_unit.ex_memory $flatten\arm16_datapath_unit.\barrel_shifter_unit.$procmux$1215_CMP $flatten\arm16_datapath_unit.\barrel_shifter_unit.$procmux$1214_CMP $flatten\arm16_datapath_unit.\barrel_shifter_unit.$procmux$1213_CMP } = 6'100000
      Activation pattern for cell $auto$share.cc:663:make_supercell$2497: { \arm16_datapath_unit.ex_immediate \arm16_datapath_unit.ex_memory $flatten\arm16_datapath_unit.\barrel_shifter_unit.$procmux$1215_CMP $flatten\arm16_datapath_unit.\barrel_shifter_unit.$procmux$1214_CMP $flatten\arm16_datapath_unit.\barrel_shifter_unit.$procmux$1213_CMP $flatten\arm16_datapath_unit.\alu_unit.$procmux$1698_CTRL } = 6'000001
      Activation pattern for cell $auto$share.cc:663:make_supercell$2497: { \arm16_datapath_unit.ex_command [5] \arm16_datapath_unit.ex_immediate \arm16_datapath_unit.ex_memory $flatten\arm16_datapath_unit.\barrel_shifter_unit.$procmux$1215_CMP $flatten\arm16_datapath_unit.\barrel_shifter_unit.$procmux$1214_CMP $flatten\arm16_datapath_unit.\barrel_shifter_unit.$procmux$1213_CMP } = 6'100000
      Activation pattern for cell $flatten\arm16_datapath_unit.\barrel_shifter_unit.$shr$src/barrel_shifter.v:35$162: { \arm16_datapath_unit.ex_command [5] \arm16_datapath_unit.ex_immediate \arm16_datapath_unit.ex_memory \arm16_datapath_unit.ex_operand2 [11] $flatten\arm16_datapath_unit.\barrel_shifter_unit.$procmux$1214_CMP } = 5'10001
      Activation pattern for cell $flatten\arm16_datapath_unit.\barrel_shifter_unit.$shr$src/barrel_shifter.v:35$162: { \arm16_datapath_unit.ex_immediate \arm16_datapath_unit.ex_memory \arm16_datapath_unit.ex_operand2 [11] $flatten\arm16_datapath_unit.\barrel_shifter_unit.$procmux$1214_CMP $flatten\arm16_datapath_unit.\alu_unit.$procmux$1698_CTRL } = 5'00011
      Activation pattern for cell $flatten\arm16_datapath_unit.\barrel_shifter_unit.$shr$src/barrel_shifter.v:35$162: { \arm16_datapath_unit.alu_arith \arm16_datapath_unit.ex_immediate \arm16_datapath_unit.ex_memory \arm16_datapath_unit.ex_operand2 [11] $flatten\arm16_datapath_unit.\barrel_shifter_unit.$procmux$1214_CMP } = 5'10001
      Activation pattern for cell $flatten\arm16_datapath_unit.\barrel_shifter_unit.$shr$src/barrel_shifter.v:35$162: { \arm16_datapath_unit.ex_command [1] \arm16_datapath_unit.ex_immediate \arm16_datapath_unit.ex_memory \arm16_datapath_unit.ex_operand2 [11] $flatten\arm16_datapath_unit.\barrel_shifter_unit.$procmux$1214_CMP } = 5'10001
      Activation pattern for cell $flatten\arm16_datapath_unit.\barrel_shifter_unit.$shr$src/barrel_shifter.v:35$162: { \arm16_datapath_unit.ex_command [9] \arm16_datapath_unit.ex_immediate \arm16_datapath_unit.ex_memory \arm16_datapath_unit.ex_operand2 [11] $flatten\arm16_datapath_unit.\barrel_shifter_unit.$procmux$1214_CMP } = 5'10001
      Activation pattern for cell $flatten\arm16_datapath_unit.\barrel_shifter_unit.$shr$src/barrel_shifter.v:35$162: { \arm16_datapath_unit.ex_command [4] \arm16_datapath_unit.ex_immediate \arm16_datapath_unit.ex_memory \arm16_datapath_unit.ex_operand2 [11] $flatten\arm16_datapath_unit.\barrel_shifter_unit.$procmux$1214_CMP } = 5'10001
      Activation pattern for cell $flatten\arm16_datapath_unit.\barrel_shifter_unit.$shr$src/barrel_shifter.v:35$162: { \arm16_datapath_unit.ex_command [6] \arm16_datapath_unit.ex_immediate \arm16_datapath_unit.ex_memory \arm16_datapath_unit.ex_operand2 [11] $flatten\arm16_datapath_unit.\barrel_shifter_unit.$procmux$1214_CMP } = 5'10001
      Activation pattern for cell $flatten\arm16_datapath_unit.\barrel_shifter_unit.$shr$src/barrel_shifter.v:35$162: { \arm16_datapath_unit.ex_command [5] \arm16_datapath_unit.ex_immediate \arm16_datapath_unit.ex_memory \arm16_datapath_unit.ex_operand2 [11] $flatten\arm16_datapath_unit.\barrel_shifter_unit.$procmux$1213_CMP $flatten\arm16_datapath_unit.\barrel_shifter_unit.$eq$src/barrel_shifter.v:49$169_Y } = 6'100010
      Activation pattern for cell $flatten\arm16_datapath_unit.\barrel_shifter_unit.$shr$src/barrel_shifter.v:35$162: { \arm16_datapath_unit.ex_immediate \arm16_datapath_unit.ex_memory \arm16_datapath_unit.ex_operand2 [11] $flatten\arm16_datapath_unit.\barrel_shifter_unit.$procmux$1213_CMP $flatten\arm16_datapath_unit.\barrel_shifter_unit.$eq$src/barrel_shifter.v:49$169_Y $flatten\arm16_datapath_unit.\alu_unit.$procmux$1698_CTRL } = 6'000101
      Activation pattern for cell $flatten\arm16_datapath_unit.\barrel_shifter_unit.$shr$src/barrel_shifter.v:35$162: { \arm16_datapath_unit.alu_arith \arm16_datapath_unit.ex_immediate \arm16_datapath_unit.ex_memory \arm16_datapath_unit.ex_operand2 [11] $flatten\arm16_datapath_unit.\barrel_shifter_unit.$procmux$1213_CMP $flatten\arm16_datapath_unit.\barrel_shifter_unit.$eq$src/barrel_shifter.v:49$169_Y } = 6'100010
      Activation pattern for cell $flatten\arm16_datapath_unit.\barrel_shifter_unit.$shr$src/barrel_shifter.v:35$162: { \arm16_datapath_unit.ex_command [1] \arm16_datapath_unit.ex_immediate \arm16_datapath_unit.ex_memory \arm16_datapath_unit.ex_operand2 [11] $flatten\arm16_datapath_unit.\barrel_shifter_unit.$procmux$1213_CMP $flatten\arm16_datapath_unit.\barrel_shifter_unit.$eq$src/barrel_shifter.v:49$169_Y } = 6'100010
      Activation pattern for cell $flatten\arm16_datapath_unit.\barrel_shifter_unit.$shr$src/barrel_shifter.v:35$162: { \arm16_datapath_unit.ex_command [9] \arm16_datapath_unit.ex_immediate \arm16_datapath_unit.ex_memory \arm16_datapath_unit.ex_operand2 [11] $flatten\arm16_datapath_unit.\barrel_shifter_unit.$procmux$1213_CMP $flatten\arm16_datapath_unit.\barrel_shifter_unit.$eq$src/barrel_shifter.v:49$169_Y } = 6'100010
      Activation pattern for cell $flatten\arm16_datapath_unit.\barrel_shifter_unit.$shr$src/barrel_shifter.v:35$162: { \arm16_datapath_unit.ex_command [4] \arm16_datapath_unit.ex_immediate \arm16_datapath_unit.ex_memory \arm16_datapath_unit.ex_operand2 [11] $flatten\arm16_datapath_unit.\barrel_shifter_unit.$procmux$1213_CMP $flatten\arm16_datapath_unit.\barrel_shifter_unit.$eq$src/barrel_shifter.v:49$169_Y } = 6'100010
      Activation pattern for cell $flatten\arm16_datapath_unit.\barrel_shifter_unit.$shr$src/barrel_shifter.v:35$162: { \arm16_datapath_unit.ex_command [6] \arm16_datapath_unit.ex_immediate \arm16_datapath_unit.ex_memory \arm16_datapath_unit.ex_operand2 [11] $flatten\arm16_datapath_unit.\barrel_shifter_unit.$procmux$1213_CMP $flatten\arm16_datapath_unit.\barrel_shifter_unit.$eq$src/barrel_shifter.v:49$169_Y } = 6'100010
      According to the SAT solver this pair of cells can be shared. (Pattern only case)
      Simplified activation pattern for cell $auto$share.cc:663:make_supercell$2497: { $flatten\arm16_datapath_unit.\barrel_shifter_unit.$procmux$1214_CMP $flatten\arm16_datapath_unit.\barrel_shifter_unit.$procmux$1213_CMP } = 2'00
      Simplified activation pattern for cell $auto$share.cc:663:make_supercell$2497: \arm16_datapath_unit.ex_immediate = 1'1
      Simplified activation pattern for cell $flatten\arm16_datapath_unit.\barrel_shifter_unit.$shr$src/barrel_shifter.v:35$162: { \arm16_datapath_unit.ex_immediate $flatten\arm16_datapath_unit.\barrel_shifter_unit.$procmux$1213_CMP } = 2'01
      Simplified activation pattern for cell $flatten\arm16_datapath_unit.\barrel_shifter_unit.$shr$src/barrel_shifter.v:35$162: { \arm16_datapath_unit.ex_immediate $flatten\arm16_datapath_unit.\barrel_shifter_unit.$procmux$1214_CMP } = 2'01
      Activation signal for $auto$share.cc:663:make_supercell$2497: $auto$share.cc:1072:make_cell_activation_logic$2503
      New cell: $auto$share.cc:663:make_supercell$2510 ($shr)
  Analyzing resource sharing options for $auto$share.cc:663:make_supercell$2510 ($shr):
    Found 28 activation_patterns using ctrl signal { \arm16_datapath_unit.alu_arith \arm16_datapath_unit.ex_command [9] \arm16_datapath_unit.ex_command [6:4] \arm16_datapath_unit.ex_command [1] \arm16_datapath_unit.ex_immediate \arm16_datapath_unit.ex_memory \arm16_datapath_unit.ex_operand2 [11] $flatten\arm16_datapath_unit.\barrel_shifter_unit.$procmux$1215_CMP $flatten\arm16_datapath_unit.\barrel_shifter_unit.$procmux$1214_CMP $flatten\arm16_datapath_unit.\barrel_shifter_unit.$procmux$1213_CMP $flatten\arm16_datapath_unit.\barrel_shifter_unit.$eq$src/barrel_shifter.v:49$169_Y $flatten\arm16_datapath_unit.\alu_unit.$procmux$1698_CTRL }.
    No candidates found.
  Analyzing resource sharing options for $flatten\arm16_datapath_unit.\barrel_shifter_unit.$shl$src/barrel_shifter.v:34$161 ($shl):
    Found 7 activation_patterns using ctrl signal { \arm16_datapath_unit.alu_arith \arm16_datapath_unit.ex_command [9] \arm16_datapath_unit.ex_command [6:4] \arm16_datapath_unit.ex_command [1] \arm16_datapath_unit.ex_immediate \arm16_datapath_unit.ex_memory \arm16_datapath_unit.ex_operand2 [11] $flatten\arm16_datapath_unit.\barrel_shifter_unit.$procmux$1215_CMP $flatten\arm16_datapath_unit.\alu_unit.$procmux$1698_CTRL }.
    Found 1 candidates: $flatten\arm16_datapath_unit.\barrel_shifter_unit.$shl$src/barrel_shifter.v:37$164
    Analyzing resource sharing with $flatten\arm16_datapath_unit.\barrel_shifter_unit.$shl$src/barrel_shifter.v:37$164 ($shl):
      Found 7 activation_patterns using ctrl signal { \arm16_datapath_unit.alu_arith \arm16_datapath_unit.ex_command [9] \arm16_datapath_unit.ex_command [6:4] \arm16_datapath_unit.ex_command [1] \arm16_datapath_unit.ex_immediate \arm16_datapath_unit.ex_memory \arm16_datapath_unit.ex_operand2 [11] $flatten\arm16_datapath_unit.\barrel_shifter_unit.$procmux$1213_CMP $flatten\arm16_datapath_unit.\barrel_shifter_unit.$eq$src/barrel_shifter.v:49$169_Y $flatten\arm16_datapath_unit.\alu_unit.$procmux$1698_CTRL }.
      Activation pattern for cell $flatten\arm16_datapath_unit.\barrel_shifter_unit.$shl$src/barrel_shifter.v:34$161: { \arm16_datapath_unit.ex_command [5] \arm16_datapath_unit.ex_immediate \arm16_datapath_unit.ex_memory \arm16_datapath_unit.ex_operand2 [11] $flatten\arm16_datapath_unit.\barrel_shifter_unit.$procmux$1215_CMP } = 5'10001
      Activation pattern for cell $flatten\arm16_datapath_unit.\barrel_shifter_unit.$shl$src/barrel_shifter.v:34$161: { \arm16_datapath_unit.ex_immediate \arm16_datapath_unit.ex_memory \arm16_datapath_unit.ex_operand2 [11] $flatten\arm16_datapath_unit.\barrel_shifter_unit.$procmux$1215_CMP $flatten\arm16_datapath_unit.\alu_unit.$procmux$1698_CTRL } = 5'00011
      Activation pattern for cell $flatten\arm16_datapath_unit.\barrel_shifter_unit.$shl$src/barrel_shifter.v:34$161: { \arm16_datapath_unit.alu_arith \arm16_datapath_unit.ex_immediate \arm16_datapath_unit.ex_memory \arm16_datapath_unit.ex_operand2 [11] $flatten\arm16_datapath_unit.\barrel_shifter_unit.$procmux$1215_CMP } = 5'10001
      Activation pattern for cell $flatten\arm16_datapath_unit.\barrel_shifter_unit.$shl$src/barrel_shifter.v:34$161: { \arm16_datapath_unit.ex_command [1] \arm16_datapath_unit.ex_immediate \arm16_datapath_unit.ex_memory \arm16_datapath_unit.ex_operand2 [11] $flatten\arm16_datapath_unit.\barrel_shifter_unit.$procmux$1215_CMP } = 5'10001
      Activation pattern for cell $flatten\arm16_datapath_unit.\barrel_shifter_unit.$shl$src/barrel_shifter.v:34$161: { \arm16_datapath_unit.ex_command [9] \arm16_datapath_unit.ex_immediate \arm16_datapath_unit.ex_memory \arm16_datapath_unit.ex_operand2 [11] $flatten\arm16_datapath_unit.\barrel_shifter_unit.$procmux$1215_CMP } = 5'10001
      Activation pattern for cell $flatten\arm16_datapath_unit.\barrel_shifter_unit.$shl$src/barrel_shifter.v:34$161: { \arm16_datapath_unit.ex_command [4] \arm16_datapath_unit.ex_immediate \arm16_datapath_unit.ex_memory \arm16_datapath_unit.ex_operand2 [11] $flatten\arm16_datapath_unit.\barrel_shifter_unit.$procmux$1215_CMP } = 5'10001
      Activation pattern for cell $flatten\arm16_datapath_unit.\barrel_shifter_unit.$shl$src/barrel_shifter.v:34$161: { \arm16_datapath_unit.ex_command [6] \arm16_datapath_unit.ex_immediate \arm16_datapath_unit.ex_memory \arm16_datapath_unit.ex_operand2 [11] $flatten\arm16_datapath_unit.\barrel_shifter_unit.$procmux$1215_CMP } = 5'10001
      Activation pattern for cell $flatten\arm16_datapath_unit.\barrel_shifter_unit.$shl$src/barrel_shifter.v:37$164: { \arm16_datapath_unit.ex_command [5] \arm16_datapath_unit.ex_immediate \arm16_datapath_unit.ex_memory \arm16_datapath_unit.ex_operand2 [11] $flatten\arm16_datapath_unit.\barrel_shifter_unit.$procmux$1213_CMP $flatten\arm16_datapath_unit.\barrel_shifter_unit.$eq$src/barrel_shifter.v:49$169_Y } = 6'100010
      Activation pattern for cell $flatten\arm16_datapath_unit.\barrel_shifter_unit.$shl$src/barrel_shifter.v:37$164: { \arm16_datapath_unit.ex_immediate \arm16_datapath_unit.ex_memory \arm16_datapath_unit.ex_operand2 [11] $flatten\arm16_datapath_unit.\barrel_shifter_unit.$procmux$1213_CMP $flatten\arm16_datapath_unit.\barrel_shifter_unit.$eq$src/barrel_shifter.v:49$169_Y $flatten\arm16_datapath_unit.\alu_unit.$procmux$1698_CTRL } = 6'000101
      Activation pattern for cell $flatten\arm16_datapath_unit.\barrel_shifter_unit.$shl$src/barrel_shifter.v:37$164: { \arm16_datapath_unit.alu_arith \arm16_datapath_unit.ex_immediate \arm16_datapath_unit.ex_memory \arm16_datapath_unit.ex_operand2 [11] $flatten\arm16_datapath_unit.\barrel_shifter_unit.$procmux$1213_CMP $flatten\arm16_datapath_unit.\barrel_shifter_unit.$eq$src/barrel_shifter.v:49$169_Y } = 6'100010
      Activation pattern for cell $flatten\arm16_datapath_unit.\barrel_shifter_unit.$shl$src/barrel_shifter.v:37$164: { \arm16_datapath_unit.ex_command [1] \arm16_datapath_unit.ex_immediate \arm16_datapath_unit.ex_memory \arm16_datapath_unit.ex_operand2 [11] $flatten\arm16_datapath_unit.\barrel_shifter_unit.$procmux$1213_CMP $flatten\arm16_datapath_unit.\barrel_shifter_unit.$eq$src/barrel_shifter.v:49$169_Y } = 6'100010
      Activation pattern for cell $flatten\arm16_datapath_unit.\barrel_shifter_unit.$shl$src/barrel_shifter.v:37$164: { \arm16_datapath_unit.ex_command [9] \arm16_datapath_unit.ex_immediate \arm16_datapath_unit.ex_memory \arm16_datapath_unit.ex_operand2 [11] $flatten\arm16_datapath_unit.\barrel_shifter_unit.$procmux$1213_CMP $flatten\arm16_datapath_unit.\barrel_shifter_unit.$eq$src/barrel_shifter.v:49$169_Y } = 6'100010
      Activation pattern for cell $flatten\arm16_datapath_unit.\barrel_shifter_unit.$shl$src/barrel_shifter.v:37$164: { \arm16_datapath_unit.ex_command [4] \arm16_datapath_unit.ex_immediate \arm16_datapath_unit.ex_memory \arm16_datapath_unit.ex_operand2 [11] $flatten\arm16_datapath_unit.\barrel_shifter_unit.$procmux$1213_CMP $flatten\arm16_datapath_unit.\barrel_shifter_unit.$eq$src/barrel_shifter.v:49$169_Y } = 6'100010
      Activation pattern for cell $flatten\arm16_datapath_unit.\barrel_shifter_unit.$shl$src/barrel_shifter.v:37$164: { \arm16_datapath_unit.ex_command [6] \arm16_datapath_unit.ex_immediate \arm16_datapath_unit.ex_memory \arm16_datapath_unit.ex_operand2 [11] $flatten\arm16_datapath_unit.\barrel_shifter_unit.$procmux$1213_CMP $flatten\arm16_datapath_unit.\barrel_shifter_unit.$eq$src/barrel_shifter.v:49$169_Y } = 6'100010
      Size of SAT problem: 5 cells, 96 variables, 380 clauses
      According to the SAT solver this pair of cells can be shared.
      Activation signal for $flatten\arm16_datapath_unit.\barrel_shifter_unit.$shl$src/barrel_shifter.v:34$161: $auto$share.cc:1072:make_cell_activation_logic$2521
      New cell: $auto$share.cc:663:make_supercell$2528 ($shl)
  Analyzing resource sharing options for $auto$share.cc:663:make_supercell$2528 ($shl):
    Found 14 activation_patterns using ctrl signal { \arm16_datapath_unit.alu_arith \arm16_datapath_unit.ex_command [9] \arm16_datapath_unit.ex_command [6:4] \arm16_datapath_unit.ex_command [1] \arm16_datapath_unit.ex_immediate \arm16_datapath_unit.ex_memory \arm16_datapath_unit.ex_operand2 [11] $flatten\arm16_datapath_unit.\barrel_shifter_unit.$procmux$1215_CMP $flatten\arm16_datapath_unit.\barrel_shifter_unit.$procmux$1213_CMP $flatten\arm16_datapath_unit.\barrel_shifter_unit.$eq$src/barrel_shifter.v:49$169_Y $flatten\arm16_datapath_unit.\alu_unit.$procmux$1698_CTRL }.
    No candidates found.
  Analyzing resource sharing options for $flatten\arm16_datapath_unit.\register_file_unit.$memrd$\regs$src/register_file.v:17$374 ($memrd):
    Found 1 activation_patterns using ctrl signal $flatten\arm16_datapath_unit.$eq$src/arm16_datapath.v:193$77_Y.
    Found 1 candidates: $flatten\arm16_datapath_unit.\register_file_unit.$memrd$\regs$src/register_file.v:18$375
    Analyzing resource sharing with $flatten\arm16_datapath_unit.\register_file_unit.$memrd$\regs$src/register_file.v:18$375 ($memrd):
      Found 1 activation_patterns using ctrl signal $flatten\arm16_datapath_unit.$eq$src/arm16_datapath.v:194$79_Y.
      Activation pattern for cell $flatten\arm16_datapath_unit.\register_file_unit.$memrd$\regs$src/register_file.v:17$374: $flatten\arm16_datapath_unit.$eq$src/arm16_datapath.v:193$77_Y = 1'0
      Activation pattern for cell $flatten\arm16_datapath_unit.\register_file_unit.$memrd$\regs$src/register_file.v:18$375: $flatten\arm16_datapath_unit.$eq$src/arm16_datapath.v:194$79_Y = 1'0
      Size of SAT problem: 23 cells, 218 variables, 536 clauses
      According to the SAT solver this pair of cells can not be shared.
      Model from SAT solver: { $flatten\arm16_datapath_unit.$eq$src/arm16_datapath.v:193$77_Y $flatten\arm16_datapath_unit.$eq$src/arm16_datapath.v:194$79_Y } = 2'00
  Analyzing resource sharing options for $flatten\arm16_datapath_unit.\register_file_unit.$memrd$\regs$src/register_file.v:18$375 ($memrd):
    Found 1 activation_patterns using ctrl signal $flatten\arm16_datapath_unit.$eq$src/arm16_datapath.v:194$79_Y.
    No candidates found.
Removing 7 cells in module tt_um_moein_maleki_arm16:
  Removing cell $flatten\arm16_datapath_unit.\barrel_shifter_unit.$shl$src/barrel_shifter.v:37$164 ($shl).
  Removing cell $flatten\arm16_datapath_unit.\barrel_shifter_unit.$shl$src/barrel_shifter.v:34$161 ($shl).
  Removing cell $flatten\arm16_datapath_unit.\barrel_shifter_unit.$shr$src/barrel_shifter.v:35$162 ($shr).
  Removing cell $auto$share.cc:663:make_supercell$2497 ($shr).
  Removing cell $flatten\arm16_datapath_unit.\barrel_shifter_unit.$shr$src/barrel_shifter.v:32$160 ($shr).
  Removing cell $flatten\arm16_datapath_unit.\barrel_shifter_unit.$shr$src/barrel_shifter.v:30$159 ($shr).
  Removing cell $flatten\arm16_datapath_unit.\alu_unit.$add$src/alu.v:38$10 ($add).

15.16. Executing OPT pass (performing simple optimizations).

15.16.1. Executing OPT_EXPR pass (perform const folding).
Optimizing module tt_um_moein_maleki_arm16.
<suppressed ~7 debug messages>

15.16.2. Executing OPT_MERGE pass (detect identical cells).
Finding identical cells in module `\tt_um_moein_maleki_arm16'.
Computing hashes of 764 cells of `\tt_um_moein_maleki_arm16'.
Finding duplicate cells in `\tt_um_moein_maleki_arm16'.
Computing hashes of 761 cells of `\tt_um_moein_maleki_arm16'.
Finding duplicate cells in `\tt_um_moein_maleki_arm16'.
<suppressed ~9 debug messages>
Removed a total of 3 cells.

15.16.3. Executing OPT_MUXTREE pass (detect dead branches in mux trees).
Running muxtree optimizer on module \tt_um_moein_maleki_arm16..
  Creating internal representation of mux trees.
  Evaluating internal representation of mux trees.
  Analyzing evaluation results.
Removed 0 multiplexer ports.
<suppressed ~269 debug messages>

15.16.4. Executing OPT_REDUCE pass (consolidate $*mux and $reduce_* inputs).
  Optimizing cells in module \tt_um_moein_maleki_arm16.
    New input vector for $reduce_or cell $auto$opt_dff.cc:362:combine_resets$2136: { \reset_synchronizer_unit.sync_second $auto$rtlil.cc:3270:ReduceAnd$2393 $auto$rtlil.cc:3267:Not$2397 }
  Optimizing cells in module \tt_um_moein_maleki_arm16.
Performed a total of 1 changes.

15.16.5. Executing OPT_MERGE pass (detect identical cells).
Finding identical cells in module `\tt_um_moein_maleki_arm16'.
Computing hashes of 761 cells of `\tt_um_moein_maleki_arm16'.
Finding duplicate cells in `\tt_um_moein_maleki_arm16'.
Removed a total of 0 cells.

15.16.6. Executing OPT_DFF pass (perform DFF optimizations).

15.16.7. Executing OPT_CLEAN pass (remove unused cells and wires).
Finding unused cells or wires in module \tt_um_moein_maleki_arm16..
Removed 3 unused cells and 28 unused wires.
<suppressed ~8 debug messages>

15.16.8. Executing OPT_EXPR pass (perform const folding).
Optimizing module tt_um_moein_maleki_arm16.

15.16.9. Rerunning OPT passes. (Maybe there is more to do..)

15.16.10. Executing OPT_MUXTREE pass (detect dead branches in mux trees).
Running muxtree optimizer on module \tt_um_moein_maleki_arm16..
  Creating internal representation of mux trees.
  Evaluating internal representation of mux trees.
  Analyzing evaluation results.
Removed 0 multiplexer ports.
<suppressed ~269 debug messages>

15.16.11. Executing OPT_REDUCE pass (consolidate $*mux and $reduce_* inputs).
  Optimizing cells in module \tt_um_moein_maleki_arm16.
Performed a total of 0 changes.

15.16.12. Executing OPT_MERGE pass (detect identical cells).
Finding identical cells in module `\tt_um_moein_maleki_arm16'.
Computing hashes of 755 cells of `\tt_um_moein_maleki_arm16'.
Finding duplicate cells in `\tt_um_moein_maleki_arm16'.
Removed a total of 0 cells.

15.16.13. Executing OPT_DFF pass (perform DFF optimizations).

15.16.14. Executing OPT_CLEAN pass (remove unused cells and wires).
Finding unused cells or wires in module \tt_um_moein_maleki_arm16..

15.16.15. Executing OPT_EXPR pass (perform const folding).
Optimizing module tt_um_moein_maleki_arm16.

15.16.16. Finished fast OPT passes. (There is nothing left to do.)

15.17. Executing MEMORY pass.

15.17.1. Executing OPT_MEM pass (optimize memories).
tt_um_moein_maleki_arm16.$flatten\arm16_datapath_unit.\demo_rom_unit.$auto$proc_rom.cc:155:do_switch$440: removing const-0 lane 28
Performed a total of 1 transformations.

15.17.2. Executing OPT_MEM_PRIORITY pass (removing unnecessary memory write priority relations).
Performed a total of 0 transformations.

15.17.3. Executing OPT_MEM_FEEDBACK pass (finding memory read-to-write feedback paths).
  Analyzing tt_um_moein_maleki_arm16.arm16_datapath_unit.register_file_unit.regs write port 0.

15.17.4. Executing MEMORY_BMUX2ROM pass (converting muxes to ROMs).

15.17.5. Executing MEMORY_DFF pass (merging $dff cells to $memrd).
Checking read port `$flatten\arm16_datapath_unit.\demo_rom_unit.$auto$proc_rom.cc:155:do_switch$440'[0] in module `\tt_um_moein_maleki_arm16': no output FF found.
Checking read port `\arm16_datapath_unit.register_file_unit.regs'[0] in module `\tt_um_moein_maleki_arm16': FF found, but with a mux select that doesn't seem to correspond to transparency logic.
Checking read port `\arm16_datapath_unit.register_file_unit.regs'[1] in module `\tt_um_moein_maleki_arm16': FF found, but with a mux select that doesn't seem to correspond to transparency logic.
Checking read port `$flatten\arm16_datapath_unit.\vga_renderer_unit.$auto$proc_rom.cc:155:do_switch$436'[0] in module `\tt_um_moein_maleki_arm16': no output FF found.
Checking read port address `$flatten\arm16_datapath_unit.\demo_rom_unit.$auto$proc_rom.cc:155:do_switch$440'[0] in module `\tt_um_moein_maleki_arm16': merged address FF to cell.
Checking read port address `\arm16_datapath_unit.register_file_unit.regs'[0] in module `\tt_um_moein_maleki_arm16': address FF clock is not compatible with write clock.
Checking read port address `\arm16_datapath_unit.register_file_unit.regs'[1] in module `\tt_um_moein_maleki_arm16': no address FF found.
Checking read port address `$flatten\arm16_datapath_unit.\vga_renderer_unit.$auto$proc_rom.cc:155:do_switch$436'[0] in module `\tt_um_moein_maleki_arm16': no address FF found.

15.17.6. Executing OPT_CLEAN pass (remove unused cells and wires).
Finding unused cells or wires in module \tt_um_moein_maleki_arm16..

15.17.7. Executing MEMORY_SHARE pass (consolidating $memrd/$memwr cells).
Consolidating read ports of memory tt_um_moein_maleki_arm16.arm16_datapath_unit.register_file_unit.regs by address:

15.17.8. Executing OPT_MEM_WIDEN pass (optimize memories where all ports are wide).
Performed a total of 0 transformations.

15.17.9. Executing OPT_CLEAN pass (remove unused cells and wires).
Finding unused cells or wires in module \tt_um_moein_maleki_arm16..

15.17.10. Executing MEMORY_COLLECT pass (generating $mem cells).

15.18. Executing OPT_CLEAN pass (remove unused cells and wires).
Finding unused cells or wires in module \tt_um_moein_maleki_arm16..

15.19. Executing OPT pass (performing simple optimizations).

15.19.1. Executing OPT_EXPR pass (perform const folding).
Optimizing module tt_um_moein_maleki_arm16.
<suppressed ~143 debug messages>

15.19.2. Executing OPT_MERGE pass (detect identical cells).
Finding identical cells in module `\tt_um_moein_maleki_arm16'.
Computing hashes of 780 cells of `\tt_um_moein_maleki_arm16'.
Finding duplicate cells in `\tt_um_moein_maleki_arm16'.
Computing hashes of 727 cells of `\tt_um_moein_maleki_arm16'.
Finding duplicate cells in `\tt_um_moein_maleki_arm16'.
<suppressed ~159 debug messages>
Removed a total of 53 cells.

15.19.3. Executing OPT_DFF pass (perform DFF optimizations).
Adding EN signal on $auto$ff.cc:337:slice$2260 ($sdffe) from module tt_um_moein_maleki_arm16 (D = $flatten\arm16_datapath_unit.$procmux$1492_Y [1:0], Q = \arm16_datapath_unit.fetch_addr [1:0]).

15.19.4. Executing OPT_CLEAN pass (remove unused cells and wires).
Finding unused cells or wires in module \tt_um_moein_maleki_arm16..
Removed 2 unused cells and 117 unused wires.
<suppressed ~3 debug messages>

15.19.5. Rerunning OPT passes. (Removed registers in this run.)

15.19.6. Executing OPT_EXPR pass (perform const folding).
Optimizing module tt_um_moein_maleki_arm16.
<suppressed ~2 debug messages>

15.19.7. Executing OPT_MERGE pass (detect identical cells).
Finding identical cells in module `\tt_um_moein_maleki_arm16'.
Computing hashes of 726 cells of `\tt_um_moein_maleki_arm16'.
Finding duplicate cells in `\tt_um_moein_maleki_arm16'.
Removed a total of 0 cells.

15.19.8. Executing OPT_DFF pass (perform DFF optimizations).

15.19.9. Executing OPT_CLEAN pass (remove unused cells and wires).
Finding unused cells or wires in module \tt_um_moein_maleki_arm16..
Removed 0 unused cells and 2 unused wires.
<suppressed ~1 debug messages>

15.19.10. Finished fast OPT passes.

15.20. Executing MEMORY_MAP pass (converting memories to logic and flip-flops).
Mapping memory \arm16_datapath_unit.register_file_unit.regs in module \tt_um_moein_maleki_arm16:
  created 15 $dff cells and 0 static cells of width 16.
  read interface: 0 $dff and 30 $mux cells.
  write interface: 15 write mux blocks.
Mapping memory $flatten\arm16_datapath_unit.\demo_rom_unit.$auto$proc_rom.cc:155:do_switch$440 in module \tt_um_moein_maleki_arm16:
  created 16 $dff cells and 0 static cells of width 31.
Extracted data FF from read port 0 of tt_um_moein_maleki_arm16.$flatten\arm16_datapath_unit.\demo_rom_unit.$auto$proc_rom.cc:155:do_switch$440: $$flatten\arm16_datapath_unit.\demo_rom_unit.$auto$proc_rom.cc:155:do_switch$440$rdreg[0]
  read interface: 1 $dff and 15 $mux cells.
  write interface: 0 write mux blocks.
Mapping memory $flatten\arm16_datapath_unit.\vga_renderer_unit.$auto$proc_rom.cc:155:do_switch$436 in module \tt_um_moein_maleki_arm16:
  created 16 $dff cells and 0 static cells of width 7.
  read interface: 0 $dff and 15 $mux cells.
  write interface: 0 write mux blocks.

15.21. Executing OPT pass (performing simple optimizations).

15.21.1. Executing OPT_EXPR pass (perform const folding).
Optimizing module tt_um_moein_maleki_arm16.
<suppressed ~35 debug messages>

15.21.2. Executing OPT_MERGE pass (detect identical cells).
Finding identical cells in module `\tt_um_moein_maleki_arm16'.
Computing hashes of 856 cells of `\tt_um_moein_maleki_arm16'.
Finding duplicate cells in `\tt_um_moein_maleki_arm16'.
Removed a total of 0 cells.

15.21.3. Executing OPT_MUXTREE pass (detect dead branches in mux trees).
Running muxtree optimizer on module \tt_um_moein_maleki_arm16..
  Creating internal representation of mux trees.
  Evaluating internal representation of mux trees.
  Analyzing evaluation results.
Removed 0 multiplexer ports.
<suppressed ~281 debug messages>

15.21.4. Executing OPT_REDUCE pass (consolidate $*mux and $reduce_* inputs).
  Optimizing cells in module \tt_um_moein_maleki_arm16.
    Consolidated identical input bits for $mux cell $memory$flatten\arm16_datapath_unit.\vga_renderer_unit.$auto$proc_rom.cc:155:do_switch$436$rdmux[0][3][2]$3007:
      Old ports: A=7'1100110, B=7'1101101, Y=$memory$flatten\arm16_datapath_unit.\vga_renderer_unit.$auto$proc_rom.cc:155:do_switch$436$rdmux[0][2][1]$a$2993
      New ports: A=2'10, B=2'01, Y=$memory$flatten\arm16_datapath_unit.\vga_renderer_unit.$auto$proc_rom.cc:155:do_switch$436$rdmux[0][2][1]$a$2993 [1:0]
      New connections: $memory$flatten\arm16_datapath_unit.\vga_renderer_unit.$auto$proc_rom.cc:155:do_switch$436$rdmux[0][2][1]$a$2993 [6:2] = { 3'110 $memory$flatten\arm16_datapath_unit.\vga_renderer_unit.$auto$proc_rom.cc:155:do_switch$436$rdmux[0][2][1]$a$2993 [0] 1'1 }
    Consolidated identical input bits for $mux cell $memory$flatten\arm16_datapath_unit.\vga_renderer_unit.$auto$proc_rom.cc:155:do_switch$436$rdmux[0][3][1]$3004:
      Old ports: A=7'1011011, B=7'1001111, Y=$memory$flatten\arm16_datapath_unit.\vga_renderer_unit.$auto$proc_rom.cc:155:do_switch$436$rdmux[0][2][0]$b$2991
      New ports: A=2'10, B=2'01, Y={ $memory$flatten\arm16_datapath_unit.\vga_renderer_unit.$auto$proc_rom.cc:155:do_switch$436$rdmux[0][2][0]$b$2991 [4] $memory$flatten\arm16_datapath_unit.\vga_renderer_unit.$auto$proc_rom.cc:155:do_switch$436$rdmux[0][2][0]$b$2991 [2] }
      New connections: { $memory$flatten\arm16_datapath_unit.\vga_renderer_unit.$auto$proc_rom.cc:155:do_switch$436$rdmux[0][2][0]$b$2991 [6:5] $memory$flatten\arm16_datapath_unit.\vga_renderer_unit.$auto$proc_rom.cc:155:do_switch$436$rdmux[0][2][0]$b$2991 [3] $memory$flatten\arm16_datapath_unit.\vga_renderer_unit.$auto$proc_rom.cc:155:do_switch$436$rdmux[0][2][0]$b$2991 [1:0] } = 5'10111
    Consolidated identical input bits for $mux cell $memory$flatten\arm16_datapath_unit.\vga_renderer_unit.$auto$proc_rom.cc:155:do_switch$436$rdmux[0][3][0]$3001:
      Old ports: A=7'0111111, B=7'0000110, Y=$memory$flatten\arm16_datapath_unit.\vga_renderer_unit.$auto$proc_rom.cc:155:do_switch$436$rdmux[0][2][0]$a$2990
      New ports: A=1'1, B=1'0, Y=$memory$flatten\arm16_datapath_unit.\vga_renderer_unit.$auto$proc_rom.cc:155:do_switch$436$rdmux[0][2][0]$a$2990 [0]
      New connections: $memory$flatten\arm16_datapath_unit.\vga_renderer_unit.$auto$proc_rom.cc:155:do_switch$436$rdmux[0][2][0]$a$2990 [6:1] = { 1'0 $memory$flatten\arm16_datapath_unit.\vga_renderer_unit.$auto$proc_rom.cc:155:do_switch$436$rdmux[0][2][0]$a$2990 [0] $memory$flatten\arm16_datapath_unit.\vga_renderer_unit.$auto$proc_rom.cc:155:do_switch$436$rdmux[0][2][0]$a$2990 [0] $memory$flatten\arm16_datapath_unit.\vga_renderer_unit.$auto$proc_rom.cc:155:do_switch$436$rdmux[0][2][0]$a$2990 [0] 2'11 }
    Consolidated identical input bits for $mux cell $memory$flatten\arm16_datapath_unit.\demo_rom_unit.$auto$proc_rom.cc:155:do_switch$440$rdmux[0][3][6]$2974:
      Old ports: A=31'0000010100010101010000000000001, B=31'1110101100000011010000000000000, Y=$memory$flatten\arm16_datapath_unit.\demo_rom_unit.$auto$proc_rom.cc:155:do_switch$440$rdmux[0][2][3]$a$2954
      New ports: A=2'01, B=2'10, Y={ $memory$flatten\arm16_datapath_unit.\demo_rom_unit.$auto$proc_rom.cc:155:do_switch$440$rdmux[0][2][3]$a$2954 [16] $memory$flatten\arm16_datapath_unit.\demo_rom_unit.$auto$proc_rom.cc:155:do_switch$440$rdmux[0][2][3]$a$2954 [0] }
      New connections: { $memory$flatten\arm16_datapath_unit.\demo_rom_unit.$auto$proc_rom.cc:155:do_switch$440$rdmux[0][2][3]$a$2954 [30:17] $memory$flatten\arm16_datapath_unit.\demo_rom_unit.$auto$proc_rom.cc:155:do_switch$440$rdmux[0][2][3]$a$2954 [15:1] } = { $memory$flatten\arm16_datapath_unit.\demo_rom_unit.$auto$proc_rom.cc:155:do_switch$440$rdmux[0][2][3]$a$2954 [16] $memory$flatten\arm16_datapath_unit.\demo_rom_unit.$auto$proc_rom.cc:155:do_switch$440$rdmux[0][2][3]$a$2954 [16] $memory$flatten\arm16_datapath_unit.\demo_rom_unit.$auto$proc_rom.cc:155:do_switch$440$rdmux[0][2][3]$a$2954 [16] 1'0 $memory$flatten\arm16_datapath_unit.\demo_rom_unit.$auto$proc_rom.cc:155:do_switch$440$rdmux[0][2][3]$a$2954 [16] $memory$flatten\arm16_datapath_unit.\demo_rom_unit.$auto$proc_rom.cc:155:do_switch$440$rdmux[0][2][3]$a$2954 [0] $memory$flatten\arm16_datapath_unit.\demo_rom_unit.$auto$proc_rom.cc:155:do_switch$440$rdmux[0][2][3]$a$2954 [16] 4'1000 $memory$flatten\arm16_datapath_unit.\demo_rom_unit.$auto$proc_rom.cc:155:do_switch$440$rdmux[0][2][3]$a$2954 [0] 1'0 $memory$flatten\arm16_datapath_unit.\demo_rom_unit.$auto$proc_rom.cc:155:do_switch$440$rdmux[0][2][3]$a$2954 [0] 15'101000000000000 }
    Consolidated identical input bits for $mux cell $memory$flatten\arm16_datapath_unit.\demo_rom_unit.$auto$proc_rom.cc:155:do_switch$440$rdmux[0][3][5]$2971:
      Old ports: A=31'1110010010010000000000000000110, B=31'1110011010100000000000000000000, Y=$memory$flatten\arm16_datapath_unit.\demo_rom_unit.$auto$proc_rom.cc:155:do_switch$440$rdmux[0][2][2]$b$2952
      New ports: A=2'01, B=2'10, Y={ $memory$flatten\arm16_datapath_unit.\demo_rom_unit.$auto$proc_rom.cc:155:do_switch$440$rdmux[0][2][2]$b$2952 [20] $memory$flatten\arm16_datapath_unit.\demo_rom_unit.$auto$proc_rom.cc:155:do_switch$440$rdmux[0][2][2]$b$2952 [1] }
      New connections: { $memory$flatten\arm16_datapath_unit.\demo_rom_unit.$auto$proc_rom.cc:155:do_switch$440$rdmux[0][2][2]$b$2952 [30:21] $memory$flatten\arm16_datapath_unit.\demo_rom_unit.$auto$proc_rom.cc:155:do_switch$440$rdmux[0][2][2]$b$2952 [19:2] $memory$flatten\arm16_datapath_unit.\demo_rom_unit.$auto$proc_rom.cc:155:do_switch$440$rdmux[0][2][2]$b$2952 [0] } = { 6'111001 $memory$flatten\arm16_datapath_unit.\demo_rom_unit.$auto$proc_rom.cc:155:do_switch$440$rdmux[0][2][2]$b$2952 [20] 3'010 $memory$flatten\arm16_datapath_unit.\demo_rom_unit.$auto$proc_rom.cc:155:do_switch$440$rdmux[0][2][2]$b$2952 [1] 16'0000000000000000 $memory$flatten\arm16_datapath_unit.\demo_rom_unit.$auto$proc_rom.cc:155:do_switch$440$rdmux[0][2][2]$b$2952 [1] 1'0 }
    Consolidated identical input bits for $mux cell $memory$flatten\arm16_datapath_unit.\demo_rom_unit.$auto$proc_rom.cc:155:do_switch$440$rdmux[0][3][4]$2968:
      Old ports: A=31'1110010100001100111000000000001, B=31'1110010100001111000000000000001, Y=$memory$flatten\arm16_datapath_unit.\demo_rom_unit.$auto$proc_rom.cc:155:do_switch$440$rdmux[0][2][2]$a$2951
      New ports: A=2'01, B=2'10, Y={ $memory$flatten\arm16_datapath_unit.\demo_rom_unit.$auto$proc_rom.cc:155:do_switch$440$rdmux[0][2][2]$a$2951 [15] $memory$flatten\arm16_datapath_unit.\demo_rom_unit.$auto$proc_rom.cc:155:do_switch$440$rdmux[0][2][2]$a$2951 [12] }
      New connections: { $memory$flatten\arm16_datapath_unit.\demo_rom_unit.$auto$proc_rom.cc:155:do_switch$440$rdmux[0][2][2]$a$2951 [30:16] $memory$flatten\arm16_datapath_unit.\demo_rom_unit.$auto$proc_rom.cc:155:do_switch$440$rdmux[0][2][2]$a$2951 [14:13] $memory$flatten\arm16_datapath_unit.\demo_rom_unit.$auto$proc_rom.cc:155:do_switch$440$rdmux[0][2][2]$a$2951 [11:0] } = { 14'11100101000011 $memory$flatten\arm16_datapath_unit.\demo_rom_unit.$auto$proc_rom.cc:155:do_switch$440$rdmux[0][2][2]$a$2951 [15] $memory$flatten\arm16_datapath_unit.\demo_rom_unit.$auto$proc_rom.cc:155:do_switch$440$rdmux[0][2][2]$a$2951 [12] $memory$flatten\arm16_datapath_unit.\demo_rom_unit.$auto$proc_rom.cc:155:do_switch$440$rdmux[0][2][2]$a$2951 [12] 12'000000000001 }
    Consolidated identical input bits for $mux cell $memory$flatten\arm16_datapath_unit.\demo_rom_unit.$auto$proc_rom.cc:155:do_switch$440$rdmux[0][3][3]$2965:
      Old ports: A=31'1110010100001000101000000000001, B=31'1110010100001010110000000000001, Y=$memory$flatten\arm16_datapath_unit.\demo_rom_unit.$auto$proc_rom.cc:155:do_switch$440$rdmux[0][2][1]$b$2949
      New ports: A=2'01, B=2'10, Y=$memory$flatten\arm16_datapath_unit.\demo_rom_unit.$auto$proc_rom.cc:155:do_switch$440$rdmux[0][2][1]$b$2949 [13:12]
      New connections: { $memory$flatten\arm16_datapath_unit.\demo_rom_unit.$auto$proc_rom.cc:155:do_switch$440$rdmux[0][2][1]$b$2949 [30:14] $memory$flatten\arm16_datapath_unit.\demo_rom_unit.$auto$proc_rom.cc:155:do_switch$440$rdmux[0][2][1]$b$2949 [11:0] } = { 14'11100101000010 $memory$flatten\arm16_datapath_unit.\demo_rom_unit.$auto$proc_rom.cc:155:do_switch$440$rdmux[0][2][1]$b$2949 [13] 14'01000000000001 }
    Consolidated identical input bits for $mux cell $memory$flatten\arm16_datapath_unit.\demo_rom_unit.$auto$proc_rom.cc:155:do_switch$440$rdmux[0][3][2]$2962:
      Old ports: A=31'1110010100000100011000000000001, B=31'1110010100000110100000000000001, Y=$memory$flatten\arm16_datapath_unit.\demo_rom_unit.$auto$proc_rom.cc:155:do_switch$440$rdmux[0][2][1]$a$2948
      New ports: A=2'01, B=2'10, Y={ $memory$flatten\arm16_datapath_unit.\demo_rom_unit.$auto$proc_rom.cc:155:do_switch$440$rdmux[0][2][1]$a$2948 [14] $memory$flatten\arm16_datapath_unit.\demo_rom_unit.$auto$proc_rom.cc:155:do_switch$440$rdmux[0][2][1]$a$2948 [12] }
      New connections: { $memory$flatten\arm16_datapath_unit.\demo_rom_unit.$auto$proc_rom.cc:155:do_switch$440$rdmux[0][2][1]$a$2948 [30:15] $memory$flatten\arm16_datapath_unit.\demo_rom_unit.$auto$proc_rom.cc:155:do_switch$440$rdmux[0][2][1]$a$2948 [13] $memory$flatten\arm16_datapath_unit.\demo_rom_unit.$auto$proc_rom.cc:155:do_switch$440$rdmux[0][2][1]$a$2948 [11:0] } = { 14'11100101000001 $memory$flatten\arm16_datapath_unit.\demo_rom_unit.$auto$proc_rom.cc:155:do_switch$440$rdmux[0][2][1]$a$2948 [14] 1'0 $memory$flatten\arm16_datapath_unit.\demo_rom_unit.$auto$proc_rom.cc:155:do_switch$440$rdmux[0][2][1]$a$2948 [12] 12'000000000001 }
    Consolidated identical input bits for $mux cell $memory$flatten\arm16_datapath_unit.\demo_rom_unit.$auto$proc_rom.cc:155:do_switch$440$rdmux[0][3][1]$2959:
      Old ports: A=31'1110011101000000001110011111111, B=31'1110010100000000010000000000001, Y=$memory$flatten\arm16_datapath_unit.\demo_rom_unit.$auto$proc_rom.cc:155:do_switch$440$rdmux[0][2][0]$b$2946
      New ports: A=2'01, B=2'10, Y={ $memory$flatten\arm16_datapath_unit.\demo_rom_unit.$auto$proc_rom.cc:155:do_switch$440$rdmux[0][2][0]$b$2946 [13] $memory$flatten\arm16_datapath_unit.\demo_rom_unit.$auto$proc_rom.cc:155:do_switch$440$rdmux[0][2][0]$b$2946 [1] }
      New connections: { $memory$flatten\arm16_datapath_unit.\demo_rom_unit.$auto$proc_rom.cc:155:do_switch$440$rdmux[0][2][0]$b$2946 [30:14] $memory$flatten\arm16_datapath_unit.\demo_rom_unit.$auto$proc_rom.cc:155:do_switch$440$rdmux[0][2][0]$b$2946 [12:2] $memory$flatten\arm16_datapath_unit.\demo_rom_unit.$auto$proc_rom.cc:155:do_switch$440$rdmux[0][2][0]$b$2946 [0] } = { 6'111001 $memory$flatten\arm16_datapath_unit.\demo_rom_unit.$auto$proc_rom.cc:155:do_switch$440$rdmux[0][2][0]$b$2946 [1] 2'10 $memory$flatten\arm16_datapath_unit.\demo_rom_unit.$auto$proc_rom.cc:155:do_switch$440$rdmux[0][2][0]$b$2946 [1] 7'0000000 $memory$flatten\arm16_datapath_unit.\demo_rom_unit.$auto$proc_rom.cc:155:do_switch$440$rdmux[0][2][0]$b$2946 [1] $memory$flatten\arm16_datapath_unit.\demo_rom_unit.$auto$proc_rom.cc:155:do_switch$440$rdmux[0][2][0]$b$2946 [1] $memory$flatten\arm16_datapath_unit.\demo_rom_unit.$auto$proc_rom.cc:155:do_switch$440$rdmux[0][2][0]$b$2946 [1] 2'00 $memory$flatten\arm16_datapath_unit.\demo_rom_unit.$auto$proc_rom.cc:155:do_switch$440$rdmux[0][2][0]$b$2946 [1] $memory$flatten\arm16_datapath_unit.\demo_rom_unit.$auto$proc_rom.cc:155:do_switch$440$rdmux[0][2][0]$b$2946 [1] $memory$flatten\arm16_datapath_unit.\demo_rom_unit.$auto$proc_rom.cc:155:do_switch$440$rdmux[0][2][0]$b$2946 [1] $memory$flatten\arm16_datapath_unit.\demo_rom_unit.$auto$proc_rom.cc:155:do_switch$440$rdmux[0][2][0]$b$2946 [1] $memory$flatten\arm16_datapath_unit.\demo_rom_unit.$auto$proc_rom.cc:155:do_switch$440$rdmux[0][2][0]$b$2946 [1] $memory$flatten\arm16_datapath_unit.\demo_rom_unit.$auto$proc_rom.cc:155:do_switch$440$rdmux[0][2][0]$b$2946 [1] 1'1 }
    Consolidated identical input bits for $mux cell $memory$flatten\arm16_datapath_unit.\demo_rom_unit.$auto$proc_rom.cc:155:do_switch$440$rdmux[0][3][0]$2956:
      Old ports: A=31'1110011101000000000000000000000, B=31'1110011101000001010000000000000, Y=$memory$flatten\arm16_datapath_unit.\demo_rom_unit.$auto$proc_rom.cc:155:do_switch$440$rdmux[0][2][0]$a$2945
      New ports: A=1'0, B=1'1, Y=$memory$flatten\arm16_datapath_unit.\demo_rom_unit.$auto$proc_rom.cc:155:do_switch$440$rdmux[0][2][0]$a$2945 [13]
      New connections: { $memory$flatten\arm16_datapath_unit.\demo_rom_unit.$auto$proc_rom.cc:155:do_switch$440$rdmux[0][2][0]$a$2945 [30:14] $memory$flatten\arm16_datapath_unit.\demo_rom_unit.$auto$proc_rom.cc:155:do_switch$440$rdmux[0][2][0]$a$2945 [12:0] } = { 15'111001110100000 $memory$flatten\arm16_datapath_unit.\demo_rom_unit.$auto$proc_rom.cc:155:do_switch$440$rdmux[0][2][0]$a$2945 [13] 14'00000000000000 }
    Consolidated identical input bits for $mux cell $memory$flatten\arm16_datapath_unit.\vga_renderer_unit.$auto$proc_rom.cc:155:do_switch$436$rdmux[0][3][6]$3019:
      Old ports: A=7'0111001, B=7'1011110, Y=$memory$flatten\arm16_datapath_unit.\vga_renderer_unit.$auto$proc_rom.cc:155:do_switch$436$rdmux[0][2][3]$a$2999
      New ports: A=2'01, B=2'10, Y=$memory$flatten\arm16_datapath_unit.\vga_renderer_unit.$auto$proc_rom.cc:155:do_switch$436$rdmux[0][2][3]$a$2999 [1:0]
      New connections: $memory$flatten\arm16_datapath_unit.\vga_renderer_unit.$auto$proc_rom.cc:155:do_switch$436$rdmux[0][2][3]$a$2999 [6:2] = { $memory$flatten\arm16_datapath_unit.\vga_renderer_unit.$auto$proc_rom.cc:155:do_switch$436$rdmux[0][2][3]$a$2999 [1:0] 2'11 $memory$flatten\arm16_datapath_unit.\vga_renderer_unit.$auto$proc_rom.cc:155:do_switch$436$rdmux[0][2][3]$a$2999 [1] }
    Consolidated identical input bits for $mux cell $memory$flatten\arm16_datapath_unit.\vga_renderer_unit.$auto$proc_rom.cc:155:do_switch$436$rdmux[0][3][5]$3016:
      Old ports: A=7'1110111, B=7'1111100, Y=$memory$flatten\arm16_datapath_unit.\vga_renderer_unit.$auto$proc_rom.cc:155:do_switch$436$rdmux[0][2][2]$b$2997
      New ports: A=2'01, B=2'10, Y={ $memory$flatten\arm16_datapath_unit.\vga_renderer_unit.$auto$proc_rom.cc:155:do_switch$436$rdmux[0][2][2]$b$2997 [3] $memory$flatten\arm16_datapath_unit.\vga_renderer_unit.$auto$proc_rom.cc:155:do_switch$436$rdmux[0][2][2]$b$2997 [0] }
      New connections: { $memory$flatten\arm16_datapath_unit.\vga_renderer_unit.$auto$proc_rom.cc:155:do_switch$436$rdmux[0][2][2]$b$2997 [6:4] $memory$flatten\arm16_datapath_unit.\vga_renderer_unit.$auto$proc_rom.cc:155:do_switch$436$rdmux[0][2][2]$b$2997 [2:1] } = { 4'1111 $memory$flatten\arm16_datapath_unit.\vga_renderer_unit.$auto$proc_rom.cc:155:do_switch$436$rdmux[0][2][2]$b$2997 [0] }
    Consolidated identical input bits for $mux cell $memory$flatten\arm16_datapath_unit.\vga_renderer_unit.$auto$proc_rom.cc:155:do_switch$436$rdmux[0][3][4]$3013:
      Old ports: A=7'1111111, B=7'1101111, Y=$memory$flatten\arm16_datapath_unit.\vga_renderer_unit.$auto$proc_rom.cc:155:do_switch$436$rdmux[0][2][2]$a$2996
      New ports: A=1'1, B=1'0, Y=$memory$flatten\arm16_datapath_unit.\vga_renderer_unit.$auto$proc_rom.cc:155:do_switch$436$rdmux[0][2][2]$a$2996 [4]
      New connections: { $memory$flatten\arm16_datapath_unit.\vga_renderer_unit.$auto$proc_rom.cc:155:do_switch$436$rdmux[0][2][2]$a$2996 [6:5] $memory$flatten\arm16_datapath_unit.\vga_renderer_unit.$auto$proc_rom.cc:155:do_switch$436$rdmux[0][2][2]$a$2996 [3:0] } = 6'111111
    Consolidated identical input bits for $mux cell $memory$flatten\arm16_datapath_unit.\vga_renderer_unit.$auto$proc_rom.cc:155:do_switch$436$rdmux[0][3][3]$3010:
      Old ports: A=7'1111101, B=7'0000111, Y=$memory$flatten\arm16_datapath_unit.\vga_renderer_unit.$auto$proc_rom.cc:155:do_switch$436$rdmux[0][2][1]$b$2994
      New ports: A=2'10, B=2'01, Y={ $memory$flatten\arm16_datapath_unit.\vga_renderer_unit.$auto$proc_rom.cc:155:do_switch$436$rdmux[0][2][1]$b$2994 [3] $memory$flatten\arm16_datapath_unit.\vga_renderer_unit.$auto$proc_rom.cc:155:do_switch$436$rdmux[0][2][1]$b$2994 [1] }
      New connections: { $memory$flatten\arm16_datapath_unit.\vga_renderer_unit.$auto$proc_rom.cc:155:do_switch$436$rdmux[0][2][1]$b$2994 [6:4] $memory$flatten\arm16_datapath_unit.\vga_renderer_unit.$auto$proc_rom.cc:155:do_switch$436$rdmux[0][2][1]$b$2994 [2] $memory$flatten\arm16_datapath_unit.\vga_renderer_unit.$auto$proc_rom.cc:155:do_switch$436$rdmux[0][2][1]$b$2994 [0] } = { $memory$flatten\arm16_datapath_unit.\vga_renderer_unit.$auto$proc_rom.cc:155:do_switch$436$rdmux[0][2][1]$b$2994 [3] $memory$flatten\arm16_datapath_unit.\vga_renderer_unit.$auto$proc_rom.cc:155:do_switch$436$rdmux[0][2][1]$b$2994 [3] $memory$flatten\arm16_datapath_unit.\vga_renderer_unit.$auto$proc_rom.cc:155:do_switch$436$rdmux[0][2][1]$b$2994 [3] 2'11 }
    Consolidated identical input bits for $mux cell $flatten\arm16_datapath_unit.\forwarding_selector_unit.$procmux$1174:
      Old ports: A=2'00, B=2'10, Y=$flatten\arm16_datapath_unit.\forwarding_selector_unit.$3\sel1_out[1:0]
      New ports: A=1'0, B=1'1, Y=$flatten\arm16_datapath_unit.\forwarding_selector_unit.$3\sel1_out[1:0] [1]
      New connections: $flatten\arm16_datapath_unit.\forwarding_selector_unit.$3\sel1_out[1:0] [0] = 1'0
    Consolidated identical input bits for $mux cell $flatten\arm16_datapath_unit.\forwarding_selector_unit.$procmux$1159:
      Old ports: A=2'00, B=2'10, Y=$flatten\arm16_datapath_unit.\forwarding_selector_unit.$3\sel2_out[1:0]
      New ports: A=1'0, B=1'1, Y=$flatten\arm16_datapath_unit.\forwarding_selector_unit.$3\sel2_out[1:0] [1]
      New connections: $flatten\arm16_datapath_unit.\forwarding_selector_unit.$3\sel2_out[1:0] [0] = 1'0
    Consolidated identical input bits for $mux cell $auto$share.cc:656:make_supercell$2525:
      Old ports: A={ \arm16_datapath_unit.barrel_shifter_unit.value_in [15] \arm16_datapath_unit.barrel_shifter_unit.value_in [15] \arm16_datapath_unit.barrel_shifter_unit.value_in [15] \arm16_datapath_unit.barrel_shifter_unit.value_in [15] \arm16_datapath_unit.barrel_shifter_unit.value_in [15] \arm16_datapath_unit.barrel_shifter_unit.value_in [15] \arm16_datapath_unit.barrel_shifter_unit.value_in [15] \arm16_datapath_unit.barrel_shifter_unit.value_in [15] \arm16_datapath_unit.barrel_shifter_unit.value_in [15] \arm16_datapath_unit.barrel_shifter_unit.value_in [15] \arm16_datapath_unit.barrel_shifter_unit.value_in [15] \arm16_datapath_unit.barrel_shifter_unit.value_in [15] \arm16_datapath_unit.barrel_shifter_unit.value_in [15] \arm16_datapath_unit.barrel_shifter_unit.value_in [15] \arm16_datapath_unit.barrel_shifter_unit.value_in [15] \arm16_datapath_unit.barrel_shifter_unit.value_in [15] }, B=\arm16_datapath_unit.barrel_shifter_unit.value_in, Y=$auto$share.cc:653:make_supercell$2523
      New ports: A={ \arm16_datapath_unit.barrel_shifter_unit.value_in [15] \arm16_datapath_unit.barrel_shifter_unit.value_in [15] \arm16_datapath_unit.barrel_shifter_unit.value_in [15] \arm16_datapath_unit.barrel_shifter_unit.value_in [15] \arm16_datapath_unit.barrel_shifter_unit.value_in [15] \arm16_datapath_unit.barrel_shifter_unit.value_in [15] \arm16_datapath_unit.barrel_shifter_unit.value_in [15] \arm16_datapath_unit.barrel_shifter_unit.value_in [15] \arm16_datapath_unit.barrel_shifter_unit.value_in [15] \arm16_datapath_unit.barrel_shifter_unit.value_in [15] \arm16_datapath_unit.barrel_shifter_unit.value_in [15] \arm16_datapath_unit.barrel_shifter_unit.value_in [15] \arm16_datapath_unit.barrel_shifter_unit.value_in [15] \arm16_datapath_unit.barrel_shifter_unit.value_in [15] \arm16_datapath_unit.barrel_shifter_unit.value_in [15] }, B=\arm16_datapath_unit.barrel_shifter_unit.value_in [14:0], Y=$auto$share.cc:653:make_supercell$2523 [14:0]
      New connections: $auto$share.cc:653:make_supercell$2523 [15] = \arm16_datapath_unit.barrel_shifter_unit.value_in [15]
    Consolidated identical input bits for $mux cell $memory$flatten\arm16_datapath_unit.\demo_rom_unit.$auto$proc_rom.cc:155:do_switch$440$rdmux[0][3][7]$2977:
      Old ports: A=31'1111010111111111111111111110011, B=31'1111010111111111111111111111110, Y=$memory$flatten\arm16_datapath_unit.\demo_rom_unit.$auto$proc_rom.cc:155:do_switch$440$rdmux[0][2][3]$b$2955
      New ports: A=2'01, B=2'10, Y={ $memory$flatten\arm16_datapath_unit.\demo_rom_unit.$auto$proc_rom.cc:155:do_switch$440$rdmux[0][2][3]$b$2955 [2] $memory$flatten\arm16_datapath_unit.\demo_rom_unit.$auto$proc_rom.cc:155:do_switch$440$rdmux[0][2][3]$b$2955 [0] }
      New connections: { $memory$flatten\arm16_datapath_unit.\demo_rom_unit.$auto$proc_rom.cc:155:do_switch$440$rdmux[0][2][3]$b$2955 [30:3] $memory$flatten\arm16_datapath_unit.\demo_rom_unit.$auto$proc_rom.cc:155:do_switch$440$rdmux[0][2][3]$b$2955 [1] } = { 27'111101011111111111111111111 $memory$flatten\arm16_datapath_unit.\demo_rom_unit.$auto$proc_rom.cc:155:do_switch$440$rdmux[0][2][3]$b$2955 [2] 1'1 }
    Consolidated identical input bits for $mux cell $auto$share.cc:657:make_supercell$2495:
      Old ports: A=\arm16_datapath_unit.ex_operand2 [10:7], B={ \arm16_datapath_unit.ex_operand2 [10:8] 1'0 }, Y=$auto$share.cc:654:make_supercell$2493
      New ports: A=\arm16_datapath_unit.ex_operand2 [7], B=1'0, Y=$auto$share.cc:654:make_supercell$2493 [0]
      New connections: $auto$share.cc:654:make_supercell$2493 [3:1] = \arm16_datapath_unit.ex_operand2 [10:8]
    Consolidated identical input bits for $mux cell $auto$share.cc:656:make_supercell$2494:
      Old ports: A={ \arm16_datapath_unit.barrel_shifter_unit.value_in \arm16_datapath_unit.barrel_shifter_unit.value_in }, B={ 8'00000000 \arm16_datapath_unit.ex_operand2 [7:0] 8'00000000 \arm16_datapath_unit.ex_operand2 [7:0] }, Y=$auto$share.cc:653:make_supercell$2492
      New ports: A=\arm16_datapath_unit.barrel_shifter_unit.value_in, B={ 8'00000000 \arm16_datapath_unit.ex_operand2 [7:0] }, Y=$auto$share.cc:653:make_supercell$2492 [15:0]
      New connections: $auto$share.cc:653:make_supercell$2492 [31:16] = $auto$share.cc:653:make_supercell$2492 [15:0]
    New ctrl vector for $pmux cell $flatten\arm16_datapath_unit.\qspi_master_unit.$procmux$642: { $flatten\arm16_datapath_unit.\qspi_master_unit.$eq$src/qspi_master.v:268$335_Y $flatten\arm16_datapath_unit.\qspi_master_unit.$eq$src/qspi_master.v:105$268_Y $flatten\arm16_datapath_unit.\qspi_master_unit.$eq$src/qspi_master.v:181$287_Y $flatten\arm16_datapath_unit.\qspi_master_unit.$eq$src/qspi_master.v:236$315_Y }
    Consolidated identical input bits for $mux cell $flatten\arm16_datapath_unit.\qspi_master_unit.$procmux$615:
      Old ports: A=3'010, B=3'011, Y=$flatten\arm16_datapath_unit.\qspi_master_unit.$4\next_state[2:0]
      New ports: A=1'0, B=1'1, Y=$flatten\arm16_datapath_unit.\qspi_master_unit.$4\next_state[2:0] [0]
      New connections: $flatten\arm16_datapath_unit.\qspi_master_unit.$4\next_state[2:0] [2:1] = 2'01
    Consolidated identical input bits for $mux cell $flatten\arm16_datapath_unit.\qspi_master_unit.$procmux$486:
      Old ports: A=4'0000, B=4'1111, Y=$flatten\arm16_datapath_unit.\qspi_master_unit.$4\tx_oe[3:0]
      New ports: A=1'0, B=1'1, Y=$flatten\arm16_datapath_unit.\qspi_master_unit.$4\tx_oe[3:0] [0]
      New connections: $flatten\arm16_datapath_unit.\qspi_master_unit.$4\tx_oe[3:0] [3:1] = { $flatten\arm16_datapath_unit.\qspi_master_unit.$4\tx_oe[3:0] [0] $flatten\arm16_datapath_unit.\qspi_master_unit.$4\tx_oe[3:0] [0] $flatten\arm16_datapath_unit.\qspi_master_unit.$4\tx_oe[3:0] [0] }
    Consolidated identical input bits for $mux cell $flatten\arm16_datapath_unit.\qspi_master_unit.$ternary$src/qspi_master.v:331$364:
      Old ports: A=8'11101011, B=8'00111000, Y=\arm16_datapath_unit.qspi_master_unit.cmd_byte
      New ports: A=2'01, B=2'10, Y={ \arm16_datapath_unit.qspi_master_unit.cmd_byte [4] \arm16_datapath_unit.qspi_master_unit.cmd_byte [0] }
      New connections: { \arm16_datapath_unit.qspi_master_unit.cmd_byte [7:5] \arm16_datapath_unit.qspi_master_unit.cmd_byte [3:1] } = { \arm16_datapath_unit.qspi_master_unit.cmd_byte [0] \arm16_datapath_unit.qspi_master_unit.cmd_byte [0] 3'110 \arm16_datapath_unit.qspi_master_unit.cmd_byte [0] }
    Consolidated identical input bits for $mux cell $memory$flatten\arm16_datapath_unit.\vga_renderer_unit.$auto$proc_rom.cc:155:do_switch$436$rdmux[0][3][7]$3022:
      Old ports: A=7'1111001, B=7'1110001, Y=$memory$flatten\arm16_datapath_unit.\vga_renderer_unit.$auto$proc_rom.cc:155:do_switch$436$rdmux[0][2][3]$b$3000
      New ports: A=1'1, B=1'0, Y=$memory$flatten\arm16_datapath_unit.\vga_renderer_unit.$auto$proc_rom.cc:155:do_switch$436$rdmux[0][2][3]$b$3000 [3]
      New connections: { $memory$flatten\arm16_datapath_unit.\vga_renderer_unit.$auto$proc_rom.cc:155:do_switch$436$rdmux[0][2][3]$b$3000 [6:4] $memory$flatten\arm16_datapath_unit.\vga_renderer_unit.$auto$proc_rom.cc:155:do_switch$436$rdmux[0][2][3]$b$3000 [2:0] } = 6'111001
  Optimizing cells in module \tt_um_moein_maleki_arm16.
    Consolidated identical input bits for $mux cell $memory$flatten\arm16_datapath_unit.\vga_renderer_unit.$auto$proc_rom.cc:155:do_switch$436$rdmux[0][2][3]$2998:
      Old ports: A=$memory$flatten\arm16_datapath_unit.\vga_renderer_unit.$auto$proc_rom.cc:155:do_switch$436$rdmux[0][2][3]$a$2999, B=$memory$flatten\arm16_datapath_unit.\vga_renderer_unit.$auto$proc_rom.cc:155:do_switch$436$rdmux[0][2][3]$b$3000, Y=$memory$flatten\arm16_datapath_unit.\vga_renderer_unit.$auto$proc_rom.cc:155:do_switch$436$rdmux[0][1][1]$b$2988
      New ports: A={ $memory$flatten\arm16_datapath_unit.\vga_renderer_unit.$auto$proc_rom.cc:155:do_switch$436$rdmux[0][2][3]$a$2999 [1] 1'1 $memory$flatten\arm16_datapath_unit.\vga_renderer_unit.$auto$proc_rom.cc:155:do_switch$436$rdmux[0][2][3]$a$2999 [1:0] }, B={ 1'1 $memory$flatten\arm16_datapath_unit.\vga_renderer_unit.$auto$proc_rom.cc:155:do_switch$436$rdmux[0][2][3]$b$3000 [3] 2'01 }, Y={ $memory$flatten\arm16_datapath_unit.\vga_renderer_unit.$auto$proc_rom.cc:155:do_switch$436$rdmux[0][1][1]$b$2988 [6] $memory$flatten\arm16_datapath_unit.\vga_renderer_unit.$auto$proc_rom.cc:155:do_switch$436$rdmux[0][1][1]$b$2988 [3] $memory$flatten\arm16_datapath_unit.\vga_renderer_unit.$auto$proc_rom.cc:155:do_switch$436$rdmux[0][1][1]$b$2988 [1:0] }
      New connections: { $memory$flatten\arm16_datapath_unit.\vga_renderer_unit.$auto$proc_rom.cc:155:do_switch$436$rdmux[0][1][1]$b$2988 [5:4] $memory$flatten\arm16_datapath_unit.\vga_renderer_unit.$auto$proc_rom.cc:155:do_switch$436$rdmux[0][1][1]$b$2988 [2] } = { $memory$flatten\arm16_datapath_unit.\vga_renderer_unit.$auto$proc_rom.cc:155:do_switch$436$rdmux[0][1][1]$b$2988 [0] 1'1 $memory$flatten\arm16_datapath_unit.\vga_renderer_unit.$auto$proc_rom.cc:155:do_switch$436$rdmux[0][1][1]$b$2988 [1] }
    Consolidated identical input bits for $mux cell $memory$flatten\arm16_datapath_unit.\vga_renderer_unit.$auto$proc_rom.cc:155:do_switch$436$rdmux[0][2][2]$2995:
      Old ports: A=$memory$flatten\arm16_datapath_unit.\vga_renderer_unit.$auto$proc_rom.cc:155:do_switch$436$rdmux[0][2][2]$a$2996, B=$memory$flatten\arm16_datapath_unit.\vga_renderer_unit.$auto$proc_rom.cc:155:do_switch$436$rdmux[0][2][2]$b$2997, Y=$memory$flatten\arm16_datapath_unit.\vga_renderer_unit.$auto$proc_rom.cc:155:do_switch$436$rdmux[0][1][1]$a$2987
      New ports: A={ $memory$flatten\arm16_datapath_unit.\vga_renderer_unit.$auto$proc_rom.cc:155:do_switch$436$rdmux[0][2][2]$a$2996 [4] 2'11 }, B={ 1'1 $memory$flatten\arm16_datapath_unit.\vga_renderer_unit.$auto$proc_rom.cc:155:do_switch$436$rdmux[0][2][2]$b$2997 [3] $memory$flatten\arm16_datapath_unit.\vga_renderer_unit.$auto$proc_rom.cc:155:do_switch$436$rdmux[0][2][2]$b$2997 [0] }, Y={ $memory$flatten\arm16_datapath_unit.\vga_renderer_unit.$auto$proc_rom.cc:155:do_switch$436$rdmux[0][1][1]$a$2987 [4:3] $memory$flatten\arm16_datapath_unit.\vga_renderer_unit.$auto$proc_rom.cc:155:do_switch$436$rdmux[0][1][1]$a$2987 [0] }
      New connections: { $memory$flatten\arm16_datapath_unit.\vga_renderer_unit.$auto$proc_rom.cc:155:do_switch$436$rdmux[0][1][1]$a$2987 [6:5] $memory$flatten\arm16_datapath_unit.\vga_renderer_unit.$auto$proc_rom.cc:155:do_switch$436$rdmux[0][1][1]$a$2987 [2:1] } = { 3'111 $memory$flatten\arm16_datapath_unit.\vga_renderer_unit.$auto$proc_rom.cc:155:do_switch$436$rdmux[0][1][1]$a$2987 [0] }
    Consolidated identical input bits for $mux cell $memory$flatten\arm16_datapath_unit.\vga_renderer_unit.$auto$proc_rom.cc:155:do_switch$436$rdmux[0][2][1]$2992:
      Old ports: A=$memory$flatten\arm16_datapath_unit.\vga_renderer_unit.$auto$proc_rom.cc:155:do_switch$436$rdmux[0][2][1]$a$2993, B=$memory$flatten\arm16_datapath_unit.\vga_renderer_unit.$auto$proc_rom.cc:155:do_switch$436$rdmux[0][2][1]$b$2994, Y=$memory$flatten\arm16_datapath_unit.\vga_renderer_unit.$auto$proc_rom.cc:155:do_switch$436$rdmux[0][1][0]$b$2985
      New ports: A={ 2'10 $memory$flatten\arm16_datapath_unit.\vga_renderer_unit.$auto$proc_rom.cc:155:do_switch$436$rdmux[0][2][1]$a$2993 [0] $memory$flatten\arm16_datapath_unit.\vga_renderer_unit.$auto$proc_rom.cc:155:do_switch$436$rdmux[0][2][1]$a$2993 [1:0] }, B={ $memory$flatten\arm16_datapath_unit.\vga_renderer_unit.$auto$proc_rom.cc:155:do_switch$436$rdmux[0][2][1]$b$2994 [3] $memory$flatten\arm16_datapath_unit.\vga_renderer_unit.$auto$proc_rom.cc:155:do_switch$436$rdmux[0][2][1]$b$2994 [3] $memory$flatten\arm16_datapath_unit.\vga_renderer_unit.$auto$proc_rom.cc:155:do_switch$436$rdmux[0][2][1]$b$2994 [3] $memory$flatten\arm16_datapath_unit.\vga_renderer_unit.$auto$proc_rom.cc:155:do_switch$436$rdmux[0][2][1]$b$2994 [1] 1'1 }, Y={ $memory$flatten\arm16_datapath_unit.\vga_renderer_unit.$auto$proc_rom.cc:155:do_switch$436$rdmux[0][1][0]$b$2985 [5:3] $memory$flatten\arm16_datapath_unit.\vga_renderer_unit.$auto$proc_rom.cc:155:do_switch$436$rdmux[0][1][0]$b$2985 [1:0] }
      New connections: { $memory$flatten\arm16_datapath_unit.\vga_renderer_unit.$auto$proc_rom.cc:155:do_switch$436$rdmux[0][1][0]$b$2985 [6] $memory$flatten\arm16_datapath_unit.\vga_renderer_unit.$auto$proc_rom.cc:155:do_switch$436$rdmux[0][1][0]$b$2985 [2] } = { $memory$flatten\arm16_datapath_unit.\vga_renderer_unit.$auto$proc_rom.cc:155:do_switch$436$rdmux[0][1][0]$b$2985 [5] 1'1 }
    Consolidated identical input bits for $mux cell $memory$flatten\arm16_datapath_unit.\vga_renderer_unit.$auto$proc_rom.cc:155:do_switch$436$rdmux[0][2][0]$2989:
      Old ports: A=$memory$flatten\arm16_datapath_unit.\vga_renderer_unit.$auto$proc_rom.cc:155:do_switch$436$rdmux[0][2][0]$a$2990, B=$memory$flatten\arm16_datapath_unit.\vga_renderer_unit.$auto$proc_rom.cc:155:do_switch$436$rdmux[0][2][0]$b$2991, Y=$memory$flatten\arm16_datapath_unit.\vga_renderer_unit.$auto$proc_rom.cc:155:do_switch$436$rdmux[0][1][0]$a$2984
      New ports: A={ 1'0 $memory$flatten\arm16_datapath_unit.\vga_renderer_unit.$auto$proc_rom.cc:155:do_switch$436$rdmux[0][2][0]$a$2990 [0] $memory$flatten\arm16_datapath_unit.\vga_renderer_unit.$auto$proc_rom.cc:155:do_switch$436$rdmux[0][2][0]$a$2990 [0] 1'1 $memory$flatten\arm16_datapath_unit.\vga_renderer_unit.$auto$proc_rom.cc:155:do_switch$436$rdmux[0][2][0]$a$2990 [0] }, B={ 2'10 $memory$flatten\arm16_datapath_unit.\vga_renderer_unit.$auto$proc_rom.cc:155:do_switch$436$rdmux[0][2][0]$b$2991 [4] $memory$flatten\arm16_datapath_unit.\vga_renderer_unit.$auto$proc_rom.cc:155:do_switch$436$rdmux[0][2][0]$b$2991 [2] 1'1 }, Y={ $memory$flatten\arm16_datapath_unit.\vga_renderer_unit.$auto$proc_rom.cc:155:do_switch$436$rdmux[0][1][0]$a$2984 [6:4] $memory$flatten\arm16_datapath_unit.\vga_renderer_unit.$auto$proc_rom.cc:155:do_switch$436$rdmux[0][1][0]$a$2984 [2] $memory$flatten\arm16_datapath_unit.\vga_renderer_unit.$auto$proc_rom.cc:155:do_switch$436$rdmux[0][1][0]$a$2984 [0] }
      New connections: { $memory$flatten\arm16_datapath_unit.\vga_renderer_unit.$auto$proc_rom.cc:155:do_switch$436$rdmux[0][1][0]$a$2984 [3] $memory$flatten\arm16_datapath_unit.\vga_renderer_unit.$auto$proc_rom.cc:155:do_switch$436$rdmux[0][1][0]$a$2984 [1] } = { $memory$flatten\arm16_datapath_unit.\vga_renderer_unit.$auto$proc_rom.cc:155:do_switch$436$rdmux[0][1][0]$a$2984 [0] 1'1 }
    Consolidated identical input bits for $mux cell $memory$flatten\arm16_datapath_unit.\demo_rom_unit.$auto$proc_rom.cc:155:do_switch$440$rdmux[0][2][3]$2953:
      Old ports: A=$memory$flatten\arm16_datapath_unit.\demo_rom_unit.$auto$proc_rom.cc:155:do_switch$440$rdmux[0][2][3]$a$2954, B=$memory$flatten\arm16_datapath_unit.\demo_rom_unit.$auto$proc_rom.cc:155:do_switch$440$rdmux[0][2][3]$b$2955, Y=$memory$flatten\arm16_datapath_unit.\demo_rom_unit.$auto$proc_rom.cc:155:do_switch$440$rdmux[0][1][1]$b$2943
      New ports: A={ $memory$flatten\arm16_datapath_unit.\demo_rom_unit.$auto$proc_rom.cc:155:do_switch$440$rdmux[0][2][3]$a$2954 [16] $memory$flatten\arm16_datapath_unit.\demo_rom_unit.$auto$proc_rom.cc:155:do_switch$440$rdmux[0][2][3]$a$2954 [0] $memory$flatten\arm16_datapath_unit.\demo_rom_unit.$auto$proc_rom.cc:155:do_switch$440$rdmux[0][2][3]$a$2954 [16] 2'00 $memory$flatten\arm16_datapath_unit.\demo_rom_unit.$auto$proc_rom.cc:155:do_switch$440$rdmux[0][2][3]$a$2954 [0] }, B={ 3'011 $memory$flatten\arm16_datapath_unit.\demo_rom_unit.$auto$proc_rom.cc:155:do_switch$440$rdmux[0][2][3]$b$2955 [2] 1'1 $memory$flatten\arm16_datapath_unit.\demo_rom_unit.$auto$proc_rom.cc:155:do_switch$440$rdmux[0][2][3]$b$2955 [0] }, Y={ $memory$flatten\arm16_datapath_unit.\demo_rom_unit.$auto$proc_rom.cc:155:do_switch$440$rdmux[0][1][1]$b$2943 [24] $memory$flatten\arm16_datapath_unit.\demo_rom_unit.$auto$proc_rom.cc:155:do_switch$440$rdmux[0][1][1]$b$2943 [17:16] $memory$flatten\arm16_datapath_unit.\demo_rom_unit.$auto$proc_rom.cc:155:do_switch$440$rdmux[0][1][1]$b$2943 [2:0] }
      New connections: { $memory$flatten\arm16_datapath_unit.\demo_rom_unit.$auto$proc_rom.cc:155:do_switch$440$rdmux[0][1][1]$b$2943 [30:25] $memory$flatten\arm16_datapath_unit.\demo_rom_unit.$auto$proc_rom.cc:155:do_switch$440$rdmux[0][1][1]$b$2943 [23:18] $memory$flatten\arm16_datapath_unit.\demo_rom_unit.$auto$proc_rom.cc:155:do_switch$440$rdmux[0][1][1]$b$2943 [15:3] } = { $memory$flatten\arm16_datapath_unit.\demo_rom_unit.$auto$proc_rom.cc:155:do_switch$440$rdmux[0][1][1]$b$2943 [16] $memory$flatten\arm16_datapath_unit.\demo_rom_unit.$auto$proc_rom.cc:155:do_switch$440$rdmux[0][1][1]$b$2943 [16] $memory$flatten\arm16_datapath_unit.\demo_rom_unit.$auto$proc_rom.cc:155:do_switch$440$rdmux[0][1][1]$b$2943 [16] $memory$flatten\arm16_datapath_unit.\demo_rom_unit.$auto$proc_rom.cc:155:do_switch$440$rdmux[0][1][1]$b$2943 [1] $memory$flatten\arm16_datapath_unit.\demo_rom_unit.$auto$proc_rom.cc:155:do_switch$440$rdmux[0][1][1]$b$2943 [24] $memory$flatten\arm16_datapath_unit.\demo_rom_unit.$auto$proc_rom.cc:155:do_switch$440$rdmux[0][1][1]$b$2943 [17] 1'1 $memory$flatten\arm16_datapath_unit.\demo_rom_unit.$auto$proc_rom.cc:155:do_switch$440$rdmux[0][1][1]$b$2943 [1] $memory$flatten\arm16_datapath_unit.\demo_rom_unit.$auto$proc_rom.cc:155:do_switch$440$rdmux[0][1][1]$b$2943 [1] $memory$flatten\arm16_datapath_unit.\demo_rom_unit.$auto$proc_rom.cc:155:do_switch$440$rdmux[0][1][1]$b$2943 [1] $memory$flatten\arm16_datapath_unit.\demo_rom_unit.$auto$proc_rom.cc:155:do_switch$440$rdmux[0][1][1]$b$2943 [17] $memory$flatten\arm16_datapath_unit.\demo_rom_unit.$auto$proc_rom.cc:155:do_switch$440$rdmux[0][1][1]$b$2943 [1] 1'1 $memory$flatten\arm16_datapath_unit.\demo_rom_unit.$auto$proc_rom.cc:155:do_switch$440$rdmux[0][1][1]$b$2943 [1] 1'1 $memory$flatten\arm16_datapath_unit.\demo_rom_unit.$auto$proc_rom.cc:155:do_switch$440$rdmux[0][1][1]$b$2943 [1] $memory$flatten\arm16_datapath_unit.\demo_rom_unit.$auto$proc_rom.cc:155:do_switch$440$rdmux[0][1][1]$b$2943 [1] $memory$flatten\arm16_datapath_unit.\demo_rom_unit.$auto$proc_rom.cc:155:do_switch$440$rdmux[0][1][1]$b$2943 [1] $memory$flatten\arm16_datapath_unit.\demo_rom_unit.$auto$proc_rom.cc:155:do_switch$440$rdmux[0][1][1]$b$2943 [1] $memory$flatten\arm16_datapath_unit.\demo_rom_unit.$auto$proc_rom.cc:155:do_switch$440$rdmux[0][1][1]$b$2943 [1] $memory$flatten\arm16_datapath_unit.\demo_rom_unit.$auto$proc_rom.cc:155:do_switch$440$rdmux[0][1][1]$b$2943 [1] $memory$flatten\arm16_datapath_unit.\demo_rom_unit.$auto$proc_rom.cc:155:do_switch$440$rdmux[0][1][1]$b$2943 [1] $memory$flatten\arm16_datapath_unit.\demo_rom_unit.$auto$proc_rom.cc:155:do_switch$440$rdmux[0][1][1]$b$2943 [1] $memory$flatten\arm16_datapath_unit.\demo_rom_unit.$auto$proc_rom.cc:155:do_switch$440$rdmux[0][1][1]$b$2943 [1] $memory$flatten\arm16_datapath_unit.\demo_rom_unit.$auto$proc_rom.cc:155:do_switch$440$rdmux[0][1][1]$b$2943 [2] }
    Consolidated identical input bits for $mux cell $memory$flatten\arm16_datapath_unit.\demo_rom_unit.$auto$proc_rom.cc:155:do_switch$440$rdmux[0][2][2]$2950:
      Old ports: A=$memory$flatten\arm16_datapath_unit.\demo_rom_unit.$auto$proc_rom.cc:155:do_switch$440$rdmux[0][2][2]$a$2951, B=$memory$flatten\arm16_datapath_unit.\demo_rom_unit.$auto$proc_rom.cc:155:do_switch$440$rdmux[0][2][2]$b$2952, Y=$memory$flatten\arm16_datapath_unit.\demo_rom_unit.$auto$proc_rom.cc:155:do_switch$440$rdmux[0][1][1]$a$2942
      New ports: A={ 2'00 $memory$flatten\arm16_datapath_unit.\demo_rom_unit.$auto$proc_rom.cc:155:do_switch$440$rdmux[0][2][2]$a$2951 [15] $memory$flatten\arm16_datapath_unit.\demo_rom_unit.$auto$proc_rom.cc:155:do_switch$440$rdmux[0][2][2]$a$2951 [12] 2'01 }, B={ 1'1 $memory$flatten\arm16_datapath_unit.\demo_rom_unit.$auto$proc_rom.cc:155:do_switch$440$rdmux[0][2][2]$b$2952 [20] 2'00 $memory$flatten\arm16_datapath_unit.\demo_rom_unit.$auto$proc_rom.cc:155:do_switch$440$rdmux[0][2][2]$b$2952 [1] 1'0 }, Y={ $memory$flatten\arm16_datapath_unit.\demo_rom_unit.$auto$proc_rom.cc:155:do_switch$440$rdmux[0][1][1]$a$2942 [22] $memory$flatten\arm16_datapath_unit.\demo_rom_unit.$auto$proc_rom.cc:155:do_switch$440$rdmux[0][1][1]$a$2942 [20] $memory$flatten\arm16_datapath_unit.\demo_rom_unit.$auto$proc_rom.cc:155:do_switch$440$rdmux[0][1][1]$a$2942 [15] $memory$flatten\arm16_datapath_unit.\demo_rom_unit.$auto$proc_rom.cc:155:do_switch$440$rdmux[0][1][1]$a$2942 [12] $memory$flatten\arm16_datapath_unit.\demo_rom_unit.$auto$proc_rom.cc:155:do_switch$440$rdmux[0][1][1]$a$2942 [1:0] }
      New connections: { $memory$flatten\arm16_datapath_unit.\demo_rom_unit.$auto$proc_rom.cc:155:do_switch$440$rdmux[0][1][1]$a$2942 [30:23] $memory$flatten\arm16_datapath_unit.\demo_rom_unit.$auto$proc_rom.cc:155:do_switch$440$rdmux[0][1][1]$a$2942 [21] $memory$flatten\arm16_datapath_unit.\demo_rom_unit.$auto$proc_rom.cc:155:do_switch$440$rdmux[0][1][1]$a$2942 [19:16] $memory$flatten\arm16_datapath_unit.\demo_rom_unit.$auto$proc_rom.cc:155:do_switch$440$rdmux[0][1][1]$a$2942 [14:13] $memory$flatten\arm16_datapath_unit.\demo_rom_unit.$auto$proc_rom.cc:155:do_switch$440$rdmux[0][1][1]$a$2942 [11:2] } = { 6'111001 $memory$flatten\arm16_datapath_unit.\demo_rom_unit.$auto$proc_rom.cc:155:do_switch$440$rdmux[0][1][1]$a$2942 [20] $memory$flatten\arm16_datapath_unit.\demo_rom_unit.$auto$proc_rom.cc:155:do_switch$440$rdmux[0][1][1]$a$2942 [0] 1'0 $memory$flatten\arm16_datapath_unit.\demo_rom_unit.$auto$proc_rom.cc:155:do_switch$440$rdmux[0][1][1]$a$2942 [1:0] $memory$flatten\arm16_datapath_unit.\demo_rom_unit.$auto$proc_rom.cc:155:do_switch$440$rdmux[0][1][1]$a$2942 [0] $memory$flatten\arm16_datapath_unit.\demo_rom_unit.$auto$proc_rom.cc:155:do_switch$440$rdmux[0][1][1]$a$2942 [15] $memory$flatten\arm16_datapath_unit.\demo_rom_unit.$auto$proc_rom.cc:155:do_switch$440$rdmux[0][1][1]$a$2942 [12] $memory$flatten\arm16_datapath_unit.\demo_rom_unit.$auto$proc_rom.cc:155:do_switch$440$rdmux[0][1][1]$a$2942 [12] 9'000000000 $memory$flatten\arm16_datapath_unit.\demo_rom_unit.$auto$proc_rom.cc:155:do_switch$440$rdmux[0][1][1]$a$2942 [1] }
    Consolidated identical input bits for $mux cell $memory$flatten\arm16_datapath_unit.\demo_rom_unit.$auto$proc_rom.cc:155:do_switch$440$rdmux[0][2][1]$2947:
      Old ports: A=$memory$flatten\arm16_datapath_unit.\demo_rom_unit.$auto$proc_rom.cc:155:do_switch$440$rdmux[0][2][1]$a$2948, B=$memory$flatten\arm16_datapath_unit.\demo_rom_unit.$auto$proc_rom.cc:155:do_switch$440$rdmux[0][2][1]$b$2949, Y=$memory$flatten\arm16_datapath_unit.\demo_rom_unit.$auto$proc_rom.cc:155:do_switch$440$rdmux[0][1][0]$b$2940
      New ports: A={ 2'01 $memory$flatten\arm16_datapath_unit.\demo_rom_unit.$auto$proc_rom.cc:155:do_switch$440$rdmux[0][2][1]$a$2948 [14] $memory$flatten\arm16_datapath_unit.\demo_rom_unit.$auto$proc_rom.cc:155:do_switch$440$rdmux[0][2][1]$a$2948 [14] $memory$flatten\arm16_datapath_unit.\demo_rom_unit.$auto$proc_rom.cc:155:do_switch$440$rdmux[0][2][1]$a$2948 [12] $memory$flatten\arm16_datapath_unit.\demo_rom_unit.$auto$proc_rom.cc:155:do_switch$440$rdmux[0][2][1]$a$2948 [12] }, B={ 2'10 $memory$flatten\arm16_datapath_unit.\demo_rom_unit.$auto$proc_rom.cc:155:do_switch$440$rdmux[0][2][1]$b$2949 [13] 1'1 $memory$flatten\arm16_datapath_unit.\demo_rom_unit.$auto$proc_rom.cc:155:do_switch$440$rdmux[0][2][1]$b$2949 [13:12] }, Y={ $memory$flatten\arm16_datapath_unit.\demo_rom_unit.$auto$proc_rom.cc:155:do_switch$440$rdmux[0][1][0]$b$2940 [18:16] $memory$flatten\arm16_datapath_unit.\demo_rom_unit.$auto$proc_rom.cc:155:do_switch$440$rdmux[0][1][0]$b$2940 [14:12] }
      New connections: { $memory$flatten\arm16_datapath_unit.\demo_rom_unit.$auto$proc_rom.cc:155:do_switch$440$rdmux[0][1][0]$b$2940 [30:19] $memory$flatten\arm16_datapath_unit.\demo_rom_unit.$auto$proc_rom.cc:155:do_switch$440$rdmux[0][1][0]$b$2940 [15] $memory$flatten\arm16_datapath_unit.\demo_rom_unit.$auto$proc_rom.cc:155:do_switch$440$rdmux[0][1][0]$b$2940 [11:0] } = 25'1110010100000000000000001
    Consolidated identical input bits for $mux cell $memory$flatten\arm16_datapath_unit.\demo_rom_unit.$auto$proc_rom.cc:155:do_switch$440$rdmux[0][2][0]$2944:
      Old ports: A=$memory$flatten\arm16_datapath_unit.\demo_rom_unit.$auto$proc_rom.cc:155:do_switch$440$rdmux[0][2][0]$a$2945, B=$memory$flatten\arm16_datapath_unit.\demo_rom_unit.$auto$proc_rom.cc:155:do_switch$440$rdmux[0][2][0]$b$2946, Y=$memory$flatten\arm16_datapath_unit.\demo_rom_unit.$auto$proc_rom.cc:155:do_switch$440$rdmux[0][1][0]$a$2939
      New ports: A={ 1'1 $memory$flatten\arm16_datapath_unit.\demo_rom_unit.$auto$proc_rom.cc:155:do_switch$440$rdmux[0][2][0]$a$2945 [13] $memory$flatten\arm16_datapath_unit.\demo_rom_unit.$auto$proc_rom.cc:155:do_switch$440$rdmux[0][2][0]$a$2945 [13] 2'00 }, B={ $memory$flatten\arm16_datapath_unit.\demo_rom_unit.$auto$proc_rom.cc:155:do_switch$440$rdmux[0][2][0]$b$2946 [1] 1'0 $memory$flatten\arm16_datapath_unit.\demo_rom_unit.$auto$proc_rom.cc:155:do_switch$440$rdmux[0][2][0]$b$2946 [13] $memory$flatten\arm16_datapath_unit.\demo_rom_unit.$auto$proc_rom.cc:155:do_switch$440$rdmux[0][2][0]$b$2946 [1] 1'1 }, Y={ $memory$flatten\arm16_datapath_unit.\demo_rom_unit.$auto$proc_rom.cc:155:do_switch$440$rdmux[0][1][0]$a$2939 [21] $memory$flatten\arm16_datapath_unit.\demo_rom_unit.$auto$proc_rom.cc:155:do_switch$440$rdmux[0][1][0]$a$2939 [15] $memory$flatten\arm16_datapath_unit.\demo_rom_unit.$auto$proc_rom.cc:155:do_switch$440$rdmux[0][1][0]$a$2939 [13] $memory$flatten\arm16_datapath_unit.\demo_rom_unit.$auto$proc_rom.cc:155:do_switch$440$rdmux[0][1][0]$a$2939 [1:0] }
      New connections: { $memory$flatten\arm16_datapath_unit.\demo_rom_unit.$auto$proc_rom.cc:155:do_switch$440$rdmux[0][1][0]$a$2939 [30:22] $memory$flatten\arm16_datapath_unit.\demo_rom_unit.$auto$proc_rom.cc:155:do_switch$440$rdmux[0][1][0]$a$2939 [20:16] $memory$flatten\arm16_datapath_unit.\demo_rom_unit.$auto$proc_rom.cc:155:do_switch$440$rdmux[0][1][0]$a$2939 [14] $memory$flatten\arm16_datapath_unit.\demo_rom_unit.$auto$proc_rom.cc:155:do_switch$440$rdmux[0][1][0]$a$2939 [12:2] } = { 6'111001 $memory$flatten\arm16_datapath_unit.\demo_rom_unit.$auto$proc_rom.cc:155:do_switch$440$rdmux[0][1][0]$a$2939 [21] 8'10000000 $memory$flatten\arm16_datapath_unit.\demo_rom_unit.$auto$proc_rom.cc:155:do_switch$440$rdmux[0][1][0]$a$2939 [1] $memory$flatten\arm16_datapath_unit.\demo_rom_unit.$auto$proc_rom.cc:155:do_switch$440$rdmux[0][1][0]$a$2939 [1] $memory$flatten\arm16_datapath_unit.\demo_rom_unit.$auto$proc_rom.cc:155:do_switch$440$rdmux[0][1][0]$a$2939 [1] 2'00 $memory$flatten\arm16_datapath_unit.\demo_rom_unit.$auto$proc_rom.cc:155:do_switch$440$rdmux[0][1][0]$a$2939 [1] $memory$flatten\arm16_datapath_unit.\demo_rom_unit.$auto$proc_rom.cc:155:do_switch$440$rdmux[0][1][0]$a$2939 [1] $memory$flatten\arm16_datapath_unit.\demo_rom_unit.$auto$proc_rom.cc:155:do_switch$440$rdmux[0][1][0]$a$2939 [1] $memory$flatten\arm16_datapath_unit.\demo_rom_unit.$auto$proc_rom.cc:155:do_switch$440$rdmux[0][1][0]$a$2939 [1] $memory$flatten\arm16_datapath_unit.\demo_rom_unit.$auto$proc_rom.cc:155:do_switch$440$rdmux[0][1][0]$a$2939 [1] $memory$flatten\arm16_datapath_unit.\demo_rom_unit.$auto$proc_rom.cc:155:do_switch$440$rdmux[0][1][0]$a$2939 [1] }
    Consolidated identical input bits for $mux cell $flatten\arm16_datapath_unit.\qspi_master_unit.$procmux$627:
      Old ports: A=$flatten\arm16_datapath_unit.\qspi_master_unit.$4\next_state[2:0], B=3'011, Y=$flatten\arm16_datapath_unit.\qspi_master_unit.$3\next_state[2:0]
      New ports: A=$flatten\arm16_datapath_unit.\qspi_master_unit.$4\next_state[2:0] [0], B=1'1, Y=$flatten\arm16_datapath_unit.\qspi_master_unit.$3\next_state[2:0] [0]
      New connections: $flatten\arm16_datapath_unit.\qspi_master_unit.$3\next_state[2:0] [2:1] = 2'01
    Consolidated identical input bits for $mux cell $auto$share.cc:657:make_supercell$2508:
      Old ports: A=\arm16_datapath_unit.ex_operand2 [10:7], B=$auto$share.cc:654:make_supercell$2493, Y=$auto$share.cc:654:make_supercell$2506
      New ports: A=\arm16_datapath_unit.ex_operand2 [7], B=$auto$share.cc:654:make_supercell$2493 [0], Y=$auto$share.cc:654:make_supercell$2506 [0]
      New connections: $auto$share.cc:654:make_supercell$2506 [3:1] = \arm16_datapath_unit.ex_operand2 [10:8]
    Consolidated identical input bits for $mux cell $flatten\arm16_datapath_unit.\qspi_master_unit.$procmux$512:
      Old ports: A=$flatten\arm16_datapath_unit.\qspi_master_unit.$4\tx_oe[3:0], B=4'1111, Y=$flatten\arm16_datapath_unit.\qspi_master_unit.$3\tx_oe[3:0]
      New ports: A=$flatten\arm16_datapath_unit.\qspi_master_unit.$4\tx_oe[3:0] [0], B=1'1, Y=$flatten\arm16_datapath_unit.\qspi_master_unit.$3\tx_oe[3:0] [0]
      New connections: $flatten\arm16_datapath_unit.\qspi_master_unit.$3\tx_oe[3:0] [3:1] = { $flatten\arm16_datapath_unit.\qspi_master_unit.$3\tx_oe[3:0] [0] $flatten\arm16_datapath_unit.\qspi_master_unit.$3\tx_oe[3:0] [0] $flatten\arm16_datapath_unit.\qspi_master_unit.$3\tx_oe[3:0] [0] }
  Optimizing cells in module \tt_um_moein_maleki_arm16.
    Consolidated identical input bits for $mux cell $memory$flatten\arm16_datapath_unit.\demo_rom_unit.$auto$proc_rom.cc:155:do_switch$440$rdmux[0][1][1]$2941:
      Old ports: A=$memory$flatten\arm16_datapath_unit.\demo_rom_unit.$auto$proc_rom.cc:155:do_switch$440$rdmux[0][1][1]$a$2942, B=$memory$flatten\arm16_datapath_unit.\demo_rom_unit.$auto$proc_rom.cc:155:do_switch$440$rdmux[0][1][1]$b$2943, Y=$memory$flatten\arm16_datapath_unit.\demo_rom_unit.$auto$proc_rom.cc:155:do_switch$440$rdmux[0][0][0]$b$2937
      New ports: A={ 3'101 $memory$flatten\arm16_datapath_unit.\demo_rom_unit.$auto$proc_rom.cc:155:do_switch$440$rdmux[0][1][1]$a$2942 [20] $memory$flatten\arm16_datapath_unit.\demo_rom_unit.$auto$proc_rom.cc:155:do_switch$440$rdmux[0][1][1]$a$2942 [0] $memory$flatten\arm16_datapath_unit.\demo_rom_unit.$auto$proc_rom.cc:155:do_switch$440$rdmux[0][1][1]$a$2942 [22] $memory$flatten\arm16_datapath_unit.\demo_rom_unit.$auto$proc_rom.cc:155:do_switch$440$rdmux[0][1][1]$a$2942 [20] $memory$flatten\arm16_datapath_unit.\demo_rom_unit.$auto$proc_rom.cc:155:do_switch$440$rdmux[0][1][1]$a$2942 [1:0] $memory$flatten\arm16_datapath_unit.\demo_rom_unit.$auto$proc_rom.cc:155:do_switch$440$rdmux[0][1][1]$a$2942 [0] $memory$flatten\arm16_datapath_unit.\demo_rom_unit.$auto$proc_rom.cc:155:do_switch$440$rdmux[0][1][1]$a$2942 [15] $memory$flatten\arm16_datapath_unit.\demo_rom_unit.$auto$proc_rom.cc:155:do_switch$440$rdmux[0][1][1]$a$2942 [15] $memory$flatten\arm16_datapath_unit.\demo_rom_unit.$auto$proc_rom.cc:155:do_switch$440$rdmux[0][1][1]$a$2942 [12] $memory$flatten\arm16_datapath_unit.\demo_rom_unit.$auto$proc_rom.cc:155:do_switch$440$rdmux[0][1][1]$a$2942 [12] 2'00 $memory$flatten\arm16_datapath_unit.\demo_rom_unit.$auto$proc_rom.cc:155:do_switch$440$rdmux[0][1][1]$a$2942 [1] $memory$flatten\arm16_datapath_unit.\demo_rom_unit.$auto$proc_rom.cc:155:do_switch$440$rdmux[0][1][1]$a$2942 [1:0] }, B={ $memory$flatten\arm16_datapath_unit.\demo_rom_unit.$auto$proc_rom.cc:155:do_switch$440$rdmux[0][1][1]$b$2943 [16] $memory$flatten\arm16_datapath_unit.\demo_rom_unit.$auto$proc_rom.cc:155:do_switch$440$rdmux[0][1][1]$b$2943 [24] $memory$flatten\arm16_datapath_unit.\demo_rom_unit.$auto$proc_rom.cc:155:do_switch$440$rdmux[0][1][1]$b$2943 [17] $memory$flatten\arm16_datapath_unit.\demo_rom_unit.$auto$proc_rom.cc:155:do_switch$440$rdmux[0][1][1]$b$2943 [24] 1'1 $memory$flatten\arm16_datapath_unit.\demo_rom_unit.$auto$proc_rom.cc:155:do_switch$440$rdmux[0][1][1]$b$2943 [1] $memory$flatten\arm16_datapath_unit.\demo_rom_unit.$auto$proc_rom.cc:155:do_switch$440$rdmux[0][1][1]$b$2943 [1] $memory$flatten\arm16_datapath_unit.\demo_rom_unit.$auto$proc_rom.cc:155:do_switch$440$rdmux[0][1][1]$b$2943 [17] $memory$flatten\arm16_datapath_unit.\demo_rom_unit.$auto$proc_rom.cc:155:do_switch$440$rdmux[0][1][1]$b$2943 [1] $memory$flatten\arm16_datapath_unit.\demo_rom_unit.$auto$proc_rom.cc:155:do_switch$440$rdmux[0][1][1]$b$2943 [17:16] 2'11 $memory$flatten\arm16_datapath_unit.\demo_rom_unit.$auto$proc_rom.cc:155:do_switch$440$rdmux[0][1][1]$b$2943 [1] $memory$flatten\arm16_datapath_unit.\demo_rom_unit.$auto$proc_rom.cc:155:do_switch$440$rdmux[0][1][1]$b$2943 [1] $memory$flatten\arm16_datapath_unit.\demo_rom_unit.$auto$proc_rom.cc:155:do_switch$440$rdmux[0][1][1]$b$2943 [2] $memory$flatten\arm16_datapath_unit.\demo_rom_unit.$auto$proc_rom.cc:155:do_switch$440$rdmux[0][1][1]$b$2943 [2:0] }, Y={ $memory$flatten\arm16_datapath_unit.\demo_rom_unit.$auto$proc_rom.cc:155:do_switch$440$rdmux[0][0][0]$b$2937 [28] $memory$flatten\arm16_datapath_unit.\demo_rom_unit.$auto$proc_rom.cc:155:do_switch$440$rdmux[0][0][0]$b$2937 [26:22] $memory$flatten\arm16_datapath_unit.\demo_rom_unit.$auto$proc_rom.cc:155:do_switch$440$rdmux[0][0][0]$b$2937 [20:15] $memory$flatten\arm16_datapath_unit.\demo_rom_unit.$auto$proc_rom.cc:155:do_switch$440$rdmux[0][0][0]$b$2937 [13:12] $memory$flatten\arm16_datapath_unit.\demo_rom_unit.$auto$proc_rom.cc:155:do_switch$440$rdmux[0][0][0]$b$2937 [4:0] }
      New connections: { $memory$flatten\arm16_datapath_unit.\demo_rom_unit.$auto$proc_rom.cc:155:do_switch$440$rdmux[0][0][0]$b$2937 [30:29] $memory$flatten\arm16_datapath_unit.\demo_rom_unit.$auto$proc_rom.cc:155:do_switch$440$rdmux[0][0][0]$b$2937 [27] $memory$flatten\arm16_datapath_unit.\demo_rom_unit.$auto$proc_rom.cc:155:do_switch$440$rdmux[0][0][0]$b$2937 [21] $memory$flatten\arm16_datapath_unit.\demo_rom_unit.$auto$proc_rom.cc:155:do_switch$440$rdmux[0][0][0]$b$2937 [14] $memory$flatten\arm16_datapath_unit.\demo_rom_unit.$auto$proc_rom.cc:155:do_switch$440$rdmux[0][0][0]$b$2937 [11:5] } = { $memory$flatten\arm16_datapath_unit.\demo_rom_unit.$auto$proc_rom.cc:155:do_switch$440$rdmux[0][0][0]$b$2937 [28] $memory$flatten\arm16_datapath_unit.\demo_rom_unit.$auto$proc_rom.cc:155:do_switch$440$rdmux[0][0][0]$b$2937 [28] $memory$flatten\arm16_datapath_unit.\demo_rom_unit.$auto$proc_rom.cc:155:do_switch$440$rdmux[0][0][0]$b$2937 [4] $memory$flatten\arm16_datapath_unit.\demo_rom_unit.$auto$proc_rom.cc:155:do_switch$440$rdmux[0][0][0]$b$2937 [4] $memory$flatten\arm16_datapath_unit.\demo_rom_unit.$auto$proc_rom.cc:155:do_switch$440$rdmux[0][0][0]$b$2937 [12] $memory$flatten\arm16_datapath_unit.\demo_rom_unit.$auto$proc_rom.cc:155:do_switch$440$rdmux[0][0][0]$b$2937 [4] $memory$flatten\arm16_datapath_unit.\demo_rom_unit.$auto$proc_rom.cc:155:do_switch$440$rdmux[0][0][0]$b$2937 [4] $memory$flatten\arm16_datapath_unit.\demo_rom_unit.$auto$proc_rom.cc:155:do_switch$440$rdmux[0][0][0]$b$2937 [4] $memory$flatten\arm16_datapath_unit.\demo_rom_unit.$auto$proc_rom.cc:155:do_switch$440$rdmux[0][0][0]$b$2937 [4] $memory$flatten\arm16_datapath_unit.\demo_rom_unit.$auto$proc_rom.cc:155:do_switch$440$rdmux[0][0][0]$b$2937 [4] $memory$flatten\arm16_datapath_unit.\demo_rom_unit.$auto$proc_rom.cc:155:do_switch$440$rdmux[0][0][0]$b$2937 [4] $memory$flatten\arm16_datapath_unit.\demo_rom_unit.$auto$proc_rom.cc:155:do_switch$440$rdmux[0][0][0]$b$2937 [4] }
    Consolidated identical input bits for $mux cell $memory$flatten\arm16_datapath_unit.\demo_rom_unit.$auto$proc_rom.cc:155:do_switch$440$rdmux[0][1][0]$2938:
      Old ports: A=$memory$flatten\arm16_datapath_unit.\demo_rom_unit.$auto$proc_rom.cc:155:do_switch$440$rdmux[0][1][0]$a$2939, B=$memory$flatten\arm16_datapath_unit.\demo_rom_unit.$auto$proc_rom.cc:155:do_switch$440$rdmux[0][1][0]$b$2940, Y=$memory$flatten\arm16_datapath_unit.\demo_rom_unit.$auto$proc_rom.cc:155:do_switch$440$rdmux[0][0][0]$a$2936
      New ports: A={ $memory$flatten\arm16_datapath_unit.\demo_rom_unit.$auto$proc_rom.cc:155:do_switch$440$rdmux[0][1][0]$a$2939 [21] 3'000 $memory$flatten\arm16_datapath_unit.\demo_rom_unit.$auto$proc_rom.cc:155:do_switch$440$rdmux[0][1][0]$a$2939 [15] 1'0 $memory$flatten\arm16_datapath_unit.\demo_rom_unit.$auto$proc_rom.cc:155:do_switch$440$rdmux[0][1][0]$a$2939 [13] $memory$flatten\arm16_datapath_unit.\demo_rom_unit.$auto$proc_rom.cc:155:do_switch$440$rdmux[0][1][0]$a$2939 [1] $memory$flatten\arm16_datapath_unit.\demo_rom_unit.$auto$proc_rom.cc:155:do_switch$440$rdmux[0][1][0]$a$2939 [1:0] }, B={ 1'0 $memory$flatten\arm16_datapath_unit.\demo_rom_unit.$auto$proc_rom.cc:155:do_switch$440$rdmux[0][1][0]$b$2940 [18:16] 1'0 $memory$flatten\arm16_datapath_unit.\demo_rom_unit.$auto$proc_rom.cc:155:do_switch$440$rdmux[0][1][0]$b$2940 [14:12] 2'01 }, Y={ $memory$flatten\arm16_datapath_unit.\demo_rom_unit.$auto$proc_rom.cc:155:do_switch$440$rdmux[0][0][0]$a$2936 [21] $memory$flatten\arm16_datapath_unit.\demo_rom_unit.$auto$proc_rom.cc:155:do_switch$440$rdmux[0][0][0]$a$2936 [18:12] $memory$flatten\arm16_datapath_unit.\demo_rom_unit.$auto$proc_rom.cc:155:do_switch$440$rdmux[0][0][0]$a$2936 [1:0] }
      New connections: { $memory$flatten\arm16_datapath_unit.\demo_rom_unit.$auto$proc_rom.cc:155:do_switch$440$rdmux[0][0][0]$a$2936 [30:22] $memory$flatten\arm16_datapath_unit.\demo_rom_unit.$auto$proc_rom.cc:155:do_switch$440$rdmux[0][0][0]$a$2936 [20:19] $memory$flatten\arm16_datapath_unit.\demo_rom_unit.$auto$proc_rom.cc:155:do_switch$440$rdmux[0][0][0]$a$2936 [11:2] } = { 6'111001 $memory$flatten\arm16_datapath_unit.\demo_rom_unit.$auto$proc_rom.cc:155:do_switch$440$rdmux[0][0][0]$a$2936 [21] 4'1000 $memory$flatten\arm16_datapath_unit.\demo_rom_unit.$auto$proc_rom.cc:155:do_switch$440$rdmux[0][0][0]$a$2936 [1] $memory$flatten\arm16_datapath_unit.\demo_rom_unit.$auto$proc_rom.cc:155:do_switch$440$rdmux[0][0][0]$a$2936 [1] 2'00 $memory$flatten\arm16_datapath_unit.\demo_rom_unit.$auto$proc_rom.cc:155:do_switch$440$rdmux[0][0][0]$a$2936 [1] $memory$flatten\arm16_datapath_unit.\demo_rom_unit.$auto$proc_rom.cc:155:do_switch$440$rdmux[0][0][0]$a$2936 [1] $memory$flatten\arm16_datapath_unit.\demo_rom_unit.$auto$proc_rom.cc:155:do_switch$440$rdmux[0][0][0]$a$2936 [1] $memory$flatten\arm16_datapath_unit.\demo_rom_unit.$auto$proc_rom.cc:155:do_switch$440$rdmux[0][0][0]$a$2936 [1] $memory$flatten\arm16_datapath_unit.\demo_rom_unit.$auto$proc_rom.cc:155:do_switch$440$rdmux[0][0][0]$a$2936 [1] $memory$flatten\arm16_datapath_unit.\demo_rom_unit.$auto$proc_rom.cc:155:do_switch$440$rdmux[0][0][0]$a$2936 [1] }
    Consolidated identical input bits for $mux cell $flatten\arm16_datapath_unit.\qspi_master_unit.$procmux$543:
      Old ports: A=4'1111, B=$flatten\arm16_datapath_unit.\qspi_master_unit.$3\tx_oe[3:0], Y=$flatten\arm16_datapath_unit.\qspi_master_unit.$2\tx_oe[3:0]
      New ports: A=1'1, B=$flatten\arm16_datapath_unit.\qspi_master_unit.$3\tx_oe[3:0] [0], Y=$flatten\arm16_datapath_unit.\qspi_master_unit.$2\tx_oe[3:0] [0]
      New connections: $flatten\arm16_datapath_unit.\qspi_master_unit.$2\tx_oe[3:0] [3:1] = { $flatten\arm16_datapath_unit.\qspi_master_unit.$2\tx_oe[3:0] [0] $flatten\arm16_datapath_unit.\qspi_master_unit.$2\tx_oe[3:0] [0] $flatten\arm16_datapath_unit.\qspi_master_unit.$2\tx_oe[3:0] [0] }
  Optimizing cells in module \tt_um_moein_maleki_arm16.
    Consolidated identical input bits for $mux cell $memory$flatten\arm16_datapath_unit.\demo_rom_unit.$auto$proc_rom.cc:155:do_switch$440$rdmux[0][0][0]$2935:
      Old ports: A=$memory$flatten\arm16_datapath_unit.\demo_rom_unit.$auto$proc_rom.cc:155:do_switch$440$rdmux[0][0][0]$a$2936, B=$memory$flatten\arm16_datapath_unit.\demo_rom_unit.$auto$proc_rom.cc:155:do_switch$440$rdmux[0][0][0]$b$2937, Y=$$flatten\arm16_datapath_unit.\demo_rom_unit.$auto$proc_rom.cc:155:do_switch$440$rdreg[0]$d
      New ports: A={ 3'101 $memory$flatten\arm16_datapath_unit.\demo_rom_unit.$auto$proc_rom.cc:155:do_switch$440$rdmux[0][0][0]$a$2936 [21] 2'10 $memory$flatten\arm16_datapath_unit.\demo_rom_unit.$auto$proc_rom.cc:155:do_switch$440$rdmux[0][0][0]$a$2936 [21] 2'00 $memory$flatten\arm16_datapath_unit.\demo_rom_unit.$auto$proc_rom.cc:155:do_switch$440$rdmux[0][0][0]$a$2936 [18:12] 1'0 $memory$flatten\arm16_datapath_unit.\demo_rom_unit.$auto$proc_rom.cc:155:do_switch$440$rdmux[0][0][0]$a$2936 [1] $memory$flatten\arm16_datapath_unit.\demo_rom_unit.$auto$proc_rom.cc:155:do_switch$440$rdmux[0][0][0]$a$2936 [1] $memory$flatten\arm16_datapath_unit.\demo_rom_unit.$auto$proc_rom.cc:155:do_switch$440$rdmux[0][0][0]$a$2936 [1] $memory$flatten\arm16_datapath_unit.\demo_rom_unit.$auto$proc_rom.cc:155:do_switch$440$rdmux[0][0][0]$a$2936 [1:0] }, B={ $memory$flatten\arm16_datapath_unit.\demo_rom_unit.$auto$proc_rom.cc:155:do_switch$440$rdmux[0][0][0]$b$2937 [28] $memory$flatten\arm16_datapath_unit.\demo_rom_unit.$auto$proc_rom.cc:155:do_switch$440$rdmux[0][0][0]$b$2937 [26:22] $memory$flatten\arm16_datapath_unit.\demo_rom_unit.$auto$proc_rom.cc:155:do_switch$440$rdmux[0][0][0]$b$2937 [4] $memory$flatten\arm16_datapath_unit.\demo_rom_unit.$auto$proc_rom.cc:155:do_switch$440$rdmux[0][0][0]$b$2937 [20:15] $memory$flatten\arm16_datapath_unit.\demo_rom_unit.$auto$proc_rom.cc:155:do_switch$440$rdmux[0][0][0]$b$2937 [12] $memory$flatten\arm16_datapath_unit.\demo_rom_unit.$auto$proc_rom.cc:155:do_switch$440$rdmux[0][0][0]$b$2937 [13:12] $memory$flatten\arm16_datapath_unit.\demo_rom_unit.$auto$proc_rom.cc:155:do_switch$440$rdmux[0][0][0]$b$2937 [4] $memory$flatten\arm16_datapath_unit.\demo_rom_unit.$auto$proc_rom.cc:155:do_switch$440$rdmux[0][0][0]$b$2937 [4:0] }, Y={ $$flatten\arm16_datapath_unit.\demo_rom_unit.$auto$proc_rom.cc:155:do_switch$440$rdreg[0]$d [28] $$flatten\arm16_datapath_unit.\demo_rom_unit.$auto$proc_rom.cc:155:do_switch$440$rdreg[0]$d [26:12] $$flatten\arm16_datapath_unit.\demo_rom_unit.$auto$proc_rom.cc:155:do_switch$440$rdreg[0]$d [8] $$flatten\arm16_datapath_unit.\demo_rom_unit.$auto$proc_rom.cc:155:do_switch$440$rdreg[0]$d [4:0] }
      New connections: { $$flatten\arm16_datapath_unit.\demo_rom_unit.$auto$proc_rom.cc:155:do_switch$440$rdreg[0]$d [30:29] $$flatten\arm16_datapath_unit.\demo_rom_unit.$auto$proc_rom.cc:155:do_switch$440$rdreg[0]$d [27] $$flatten\arm16_datapath_unit.\demo_rom_unit.$auto$proc_rom.cc:155:do_switch$440$rdreg[0]$d [11:9] $$flatten\arm16_datapath_unit.\demo_rom_unit.$auto$proc_rom.cc:155:do_switch$440$rdreg[0]$d [7:5] } = { $$flatten\arm16_datapath_unit.\demo_rom_unit.$auto$proc_rom.cc:155:do_switch$440$rdreg[0]$d [28] $$flatten\arm16_datapath_unit.\demo_rom_unit.$auto$proc_rom.cc:155:do_switch$440$rdreg[0]$d [28] $$flatten\arm16_datapath_unit.\demo_rom_unit.$auto$proc_rom.cc:155:do_switch$440$rdreg[0]$d [8] $$flatten\arm16_datapath_unit.\demo_rom_unit.$auto$proc_rom.cc:155:do_switch$440$rdreg[0]$d [4] $$flatten\arm16_datapath_unit.\demo_rom_unit.$auto$proc_rom.cc:155:do_switch$440$rdreg[0]$d [4] $$flatten\arm16_datapath_unit.\demo_rom_unit.$auto$proc_rom.cc:155:do_switch$440$rdreg[0]$d [8] $$flatten\arm16_datapath_unit.\demo_rom_unit.$auto$proc_rom.cc:155:do_switch$440$rdreg[0]$d [4] $$flatten\arm16_datapath_unit.\demo_rom_unit.$auto$proc_rom.cc:155:do_switch$440$rdreg[0]$d [4] $$flatten\arm16_datapath_unit.\demo_rom_unit.$auto$proc_rom.cc:155:do_switch$440$rdreg[0]$d [4] }
    Consolidated identical input bits for $mux cell $flatten\arm16_datapath_unit.\qspi_master_unit.$procmux$555:
      Old ports: A=4'0001, B=$flatten\arm16_datapath_unit.\qspi_master_unit.$2\tx_oe[3:0], Y=\arm16_datapath_unit.qspi_master_unit.tx_oe
      New ports: A=2'01, B={ $flatten\arm16_datapath_unit.\qspi_master_unit.$2\tx_oe[3:0] [0] $flatten\arm16_datapath_unit.\qspi_master_unit.$2\tx_oe[3:0] [0] }, Y=\arm16_datapath_unit.qspi_master_unit.tx_oe [1:0]
      New connections: \arm16_datapath_unit.qspi_master_unit.tx_oe [3:2] = { \arm16_datapath_unit.qspi_master_unit.tx_oe [1] \arm16_datapath_unit.qspi_master_unit.tx_oe [1] }
  Optimizing cells in module \tt_um_moein_maleki_arm16.
    Consolidated identical input bits for $pmux cell $flatten\arm16_datapath_unit.\qspi_master_unit.$procmux$813:
      Old ports: A=4'0001, B={ \arm16_datapath_unit.qspi_master_unit.tx_oe 4'0000 }, Y=$flatten\arm16_datapath_unit.\qspi_master_unit.$procmux$813_Y
      New ports: A=2'01, B={ \arm16_datapath_unit.qspi_master_unit.tx_oe [1:0] 2'00 }, Y=$flatten\arm16_datapath_unit.\qspi_master_unit.$procmux$813_Y [1:0]
      New connections: $flatten\arm16_datapath_unit.\qspi_master_unit.$procmux$813_Y [3:2] = { $flatten\arm16_datapath_unit.\qspi_master_unit.$procmux$813_Y [1] $flatten\arm16_datapath_unit.\qspi_master_unit.$procmux$813_Y [1] }
  Optimizing cells in module \tt_um_moein_maleki_arm16.
Performed a total of 42 changes.

15.21.5. Executing OPT_MERGE pass (detect identical cells).
Finding identical cells in module `\tt_um_moein_maleki_arm16'.
Computing hashes of 856 cells of `\tt_um_moein_maleki_arm16'.
Finding duplicate cells in `\tt_um_moein_maleki_arm16'.
Computing hashes of 845 cells of `\tt_um_moein_maleki_arm16'.
Finding duplicate cells in `\tt_um_moein_maleki_arm16'.
<suppressed ~33 debug messages>
Removed a total of 11 cells.

15.21.6. Executing OPT_SHARE pass.
    Found cells that share an operand and can be merged by moving the $pmux $flatten\arm16_datapath_unit.\condition_checker_unit.$procmux$1195 in front of them:
        $flatten\arm16_datapath_unit.\condition_checker_unit.$or$src/condition_checker.v:34$187
        $flatten\arm16_datapath_unit.\condition_checker_unit.$or$src/condition_checker.v:30$180

    Found cells that share an operand and can be merged by moving the $pmux $flatten\arm16_datapath_unit.\condition_checker_unit.$procmux$1195 in front of them:
        $flatten\arm16_datapath_unit.\condition_checker_unit.$and$src/condition_checker.v:33$185
        $flatten\arm16_datapath_unit.\condition_checker_unit.$and$src/condition_checker.v:29$178

    Found cells that share an operand and can be merged by moving the $pmux $flatten\arm16_datapath_unit.\vga_renderer_unit.$procmux$444 in front of them:
        $flatten\arm16_datapath_unit.\vga_renderer_unit.$and$src/vga_renderer.v:108$434
        $flatten\arm16_datapath_unit.\vga_renderer_unit.$and$src/vga_renderer.v:106$427
        $flatten\arm16_datapath_unit.\vga_renderer_unit.$and$src/vga_renderer.v:104$420

    Found cells that share an operand and can be merged by moving the $pmux $flatten\arm16_controller_unit.$procmux$1582 in front of them:
        $flatten\arm16_controller_unit.$and$src/arm16_controller.v:142$65
        $flatten\arm16_controller_unit.$and$src/arm16_controller.v:136$58

15.21.7. Executing OPT_DFF pass (perform DFF optimizations).
Adding SRST signal on $$flatten\arm16_datapath_unit.\demo_rom_unit.$auto$proc_rom.cc:155:do_switch$440$rdreg[0] ($dff) from module tt_um_moein_maleki_arm16 (D = { $memory$flatten\arm16_datapath_unit.\demo_rom_unit.$auto$proc_rom.cc:155:do_switch$440$rdmux[0][1][1]$b$2943 [24] $memory$flatten\arm16_datapath_unit.\demo_rom_unit.$auto$proc_rom.cc:155:do_switch$440$rdmux[0][1][1]$b$2943 [17] }, Q = \arm16_datapath_unit.rom_word [26:25], rval = 2'01).
Adding SRST signal on $$flatten\arm16_datapath_unit.\demo_rom_unit.$auto$proc_rom.cc:155:do_switch$440$rdreg[0] ($dff) from module tt_um_moein_maleki_arm16 (D = $memory$flatten\arm16_datapath_unit.\demo_rom_unit.$auto$proc_rom.cc:155:do_switch$440$rdmux[0][1][1]$a$2942 [0], Q = \arm16_datapath_unit.rom_word [23], rval = 1'1).
Adding SRST signal on $$flatten\arm16_datapath_unit.\demo_rom_unit.$auto$proc_rom.cc:155:do_switch$440$rdreg[0] ($dff) from module tt_um_moein_maleki_arm16 (D = { $memory$flatten\arm16_datapath_unit.\demo_rom_unit.$auto$proc_rom.cc:155:do_switch$440$rdmux[0][0][0]$b$2937 [22] $memory$flatten\arm16_datapath_unit.\demo_rom_unit.$auto$proc_rom.cc:155:do_switch$440$rdmux[0][0][0]$b$2937 [20:19] }, Q = { \arm16_datapath_unit.rom_word [22] \arm16_datapath_unit.rom_word [20:19] }, rval = 3'000).

15.21.8. Executing OPT_CLEAN pass (remove unused cells and wires).
Finding unused cells or wires in module \tt_um_moein_maleki_arm16..
Removed 0 unused cells and 103 unused wires.
<suppressed ~1 debug messages>

15.21.9. Executing OPT_EXPR pass (perform const folding).
Optimizing module tt_um_moein_maleki_arm16.
<suppressed ~14 debug messages>

15.21.10. Rerunning OPT passes. (Maybe there is more to do..)

15.21.11. Executing OPT_MUXTREE pass (detect dead branches in mux trees).
Running muxtree optimizer on module \tt_um_moein_maleki_arm16..
  Creating internal representation of mux trees.
  Evaluating internal representation of mux trees.
  Analyzing evaluation results.
Removed 0 multiplexer ports.
<suppressed ~283 debug messages>

15.21.12. Executing OPT_REDUCE pass (consolidate $*mux and $reduce_* inputs).
  Optimizing cells in module \tt_um_moein_maleki_arm16.
    Consolidated identical input bits for $mux cell $memory$flatten\arm16_datapath_unit.\demo_rom_unit.$auto$proc_rom.cc:155:do_switch$440$rdmux[0][2][3]$2953:
      Old ports: A={ $memory$flatten\arm16_datapath_unit.\demo_rom_unit.$auto$proc_rom.cc:155:do_switch$440$rdmux[0][2][0]$b$2946 [13] $memory$flatten\arm16_datapath_unit.\demo_rom_unit.$auto$proc_rom.cc:155:do_switch$440$rdmux[0][2][0]$b$2946 [1] $memory$flatten\arm16_datapath_unit.\demo_rom_unit.$auto$proc_rom.cc:155:do_switch$440$rdmux[0][2][0]$b$2946 [13] 2'00 $memory$flatten\arm16_datapath_unit.\demo_rom_unit.$auto$proc_rom.cc:155:do_switch$440$rdmux[0][2][0]$b$2946 [1] }, B={ 3'011 $memory$flatten\arm16_datapath_unit.\demo_rom_unit.$auto$proc_rom.cc:155:do_switch$440$rdmux[0][2][0]$b$2946 [13] 1'1 $memory$flatten\arm16_datapath_unit.\demo_rom_unit.$auto$proc_rom.cc:155:do_switch$440$rdmux[0][2][0]$b$2946 [1] }, Y={ $memory$flatten\arm16_datapath_unit.\demo_rom_unit.$auto$proc_rom.cc:155:do_switch$440$rdmux[0][1][1]$b$2943 [24] $memory$flatten\arm16_datapath_unit.\demo_rom_unit.$auto$proc_rom.cc:155:do_switch$440$rdmux[0][1][1]$b$2943 [17:16] $memory$flatten\arm16_datapath_unit.\demo_rom_unit.$auto$proc_rom.cc:155:do_switch$440$rdmux[0][1][1]$b$2943 [2:0] }
      New ports: A={ $memory$flatten\arm16_datapath_unit.\demo_rom_unit.$auto$proc_rom.cc:155:do_switch$440$rdmux[0][2][0]$b$2946 [13] $memory$flatten\arm16_datapath_unit.\demo_rom_unit.$auto$proc_rom.cc:155:do_switch$440$rdmux[0][2][0]$b$2946 [1] $memory$flatten\arm16_datapath_unit.\demo_rom_unit.$auto$proc_rom.cc:155:do_switch$440$rdmux[0][2][0]$b$2946 [13] 2'00 }, B={ 3'011 $memory$flatten\arm16_datapath_unit.\demo_rom_unit.$auto$proc_rom.cc:155:do_switch$440$rdmux[0][2][0]$b$2946 [13] 1'1 }, Y={ $memory$flatten\arm16_datapath_unit.\demo_rom_unit.$auto$proc_rom.cc:155:do_switch$440$rdmux[0][1][1]$b$2943 [24] $memory$flatten\arm16_datapath_unit.\demo_rom_unit.$auto$proc_rom.cc:155:do_switch$440$rdmux[0][1][1]$b$2943 [17:16] $memory$flatten\arm16_datapath_unit.\demo_rom_unit.$auto$proc_rom.cc:155:do_switch$440$rdmux[0][1][1]$b$2943 [2:1] }
      New connections: $memory$flatten\arm16_datapath_unit.\demo_rom_unit.$auto$proc_rom.cc:155:do_switch$440$rdmux[0][1][1]$b$2943 [0] = $memory$flatten\arm16_datapath_unit.\demo_rom_unit.$auto$proc_rom.cc:155:do_switch$440$rdmux[0][2][0]$b$2946 [1]
    Consolidated identical input bits for $mux cell $memory$flatten\arm16_datapath_unit.\demo_rom_unit.$auto$proc_rom.cc:155:do_switch$440$rdmux[0][2][1]$2947:
      Old ports: A={ 2'01 $memory$flatten\arm16_datapath_unit.\demo_rom_unit.$auto$proc_rom.cc:155:do_switch$440$rdmux[0][2][0]$b$2946 [13] $memory$flatten\arm16_datapath_unit.\demo_rom_unit.$auto$proc_rom.cc:155:do_switch$440$rdmux[0][2][0]$b$2946 [13] $memory$flatten\arm16_datapath_unit.\demo_rom_unit.$auto$proc_rom.cc:155:do_switch$440$rdmux[0][2][0]$b$2946 [1] $memory$flatten\arm16_datapath_unit.\demo_rom_unit.$auto$proc_rom.cc:155:do_switch$440$rdmux[0][2][0]$b$2946 [1] }, B={ 2'10 $memory$flatten\arm16_datapath_unit.\demo_rom_unit.$auto$proc_rom.cc:155:do_switch$440$rdmux[0][2][0]$b$2946 [13] 1'1 $memory$flatten\arm16_datapath_unit.\demo_rom_unit.$auto$proc_rom.cc:155:do_switch$440$rdmux[0][2][0]$b$2946 [13] $memory$flatten\arm16_datapath_unit.\demo_rom_unit.$auto$proc_rom.cc:155:do_switch$440$rdmux[0][2][0]$b$2946 [1] }, Y={ $memory$flatten\arm16_datapath_unit.\demo_rom_unit.$auto$proc_rom.cc:155:do_switch$440$rdmux[0][1][0]$b$2940 [18:16] $memory$flatten\arm16_datapath_unit.\demo_rom_unit.$auto$proc_rom.cc:155:do_switch$440$rdmux[0][1][0]$b$2940 [14:12] }
      New ports: A={ 2'01 $memory$flatten\arm16_datapath_unit.\demo_rom_unit.$auto$proc_rom.cc:155:do_switch$440$rdmux[0][2][0]$b$2946 [13] $memory$flatten\arm16_datapath_unit.\demo_rom_unit.$auto$proc_rom.cc:155:do_switch$440$rdmux[0][2][0]$b$2946 [1] }, B={ 3'101 $memory$flatten\arm16_datapath_unit.\demo_rom_unit.$auto$proc_rom.cc:155:do_switch$440$rdmux[0][2][0]$b$2946 [13] }, Y={ $memory$flatten\arm16_datapath_unit.\demo_rom_unit.$auto$proc_rom.cc:155:do_switch$440$rdmux[0][1][0]$b$2940 [18:17] $memory$flatten\arm16_datapath_unit.\demo_rom_unit.$auto$proc_rom.cc:155:do_switch$440$rdmux[0][1][0]$b$2940 [14:13] }
      New connections: { $memory$flatten\arm16_datapath_unit.\demo_rom_unit.$auto$proc_rom.cc:155:do_switch$440$rdmux[0][1][0]$b$2940 [16] $memory$flatten\arm16_datapath_unit.\demo_rom_unit.$auto$proc_rom.cc:155:do_switch$440$rdmux[0][1][0]$b$2940 [12] } = { $memory$flatten\arm16_datapath_unit.\demo_rom_unit.$auto$proc_rom.cc:155:do_switch$440$rdmux[0][2][0]$b$2946 [13] $memory$flatten\arm16_datapath_unit.\demo_rom_unit.$auto$proc_rom.cc:155:do_switch$440$rdmux[0][2][0]$b$2946 [1] }
    New ctrl vector for $pmux cell $flatten\arm16_datapath_unit.\condition_checker_unit.$procmux$1195: { $flatten\arm16_datapath_unit.\condition_checker_unit.$procmux$1196_CMP $auto$opt_reduce.cc:137:opt_pmux$3050 $auto$opt_reduce.cc:137:opt_pmux$3048 $flatten\arm16_datapath_unit.\condition_checker_unit.$procmux$1199_CMP $flatten\arm16_datapath_unit.\condition_checker_unit.$procmux$1200_CMP $flatten\arm16_datapath_unit.\condition_checker_unit.$procmux$1203_CMP $flatten\arm16_datapath_unit.\condition_checker_unit.$procmux$1204_CMP $flatten\arm16_datapath_unit.\condition_checker_unit.$procmux$1205_CMP $flatten\arm16_datapath_unit.\condition_checker_unit.$procmux$1206_CMP $flatten\arm16_datapath_unit.\condition_checker_unit.$procmux$1207_CMP $flatten\arm16_datapath_unit.\condition_checker_unit.$procmux$1208_CMP $flatten\arm16_datapath_unit.\condition_checker_unit.$procmux$1209_CMP $flatten\arm16_datapath_unit.\condition_checker_unit.$procmux$1210_CMP }
    New ctrl vector for $pmux cell $flatten\arm16_datapath_unit.\vga_renderer_unit.$procmux$444: { $auto$opt_reduce.cc:137:opt_pmux$3052 $flatten\arm16_datapath_unit.\vga_renderer_unit.$procmux$446_CMP $flatten\arm16_datapath_unit.\vga_renderer_unit.$procmux$448_CMP }
    New ctrl vector for $pmux cell $flatten\arm16_controller_unit.$procmux$1582: $auto$opt_reduce.cc:137:opt_pmux$3054
  Optimizing cells in module \tt_um_moein_maleki_arm16.
Performed a total of 5 changes.

15.21.13. Executing OPT_MERGE pass (detect identical cells).
Finding identical cells in module `\tt_um_moein_maleki_arm16'.
Computing hashes of 847 cells of `\tt_um_moein_maleki_arm16'.
Finding duplicate cells in `\tt_um_moein_maleki_arm16'.
Computing hashes of 846 cells of `\tt_um_moein_maleki_arm16'.
Finding duplicate cells in `\tt_um_moein_maleki_arm16'.
<suppressed ~3 debug messages>
Removed a total of 1 cells.

15.21.14. Executing OPT_SHARE pass.

15.21.15. Executing OPT_DFF pass (perform DFF optimizations).
Adding EN signal on $memory\arm16_datapath_unit.register_file_unit.regs[0]$2693 ($dff) from module tt_um_moein_maleki_arm16 (D = \arm16_datapath_unit.register_file_unit.write_data_in, Q = \arm16_datapath_unit.register_file_unit.regs[0]).
Adding EN signal on $memory\arm16_datapath_unit.register_file_unit.regs[1]$2695 ($dff) from module tt_um_moein_maleki_arm16 (D = \arm16_datapath_unit.register_file_unit.write_data_in, Q = \arm16_datapath_unit.register_file_unit.regs[1]).
Adding EN signal on $memory\arm16_datapath_unit.register_file_unit.regs[2]$2697 ($dff) from module tt_um_moein_maleki_arm16 (D = \arm16_datapath_unit.register_file_unit.write_data_in, Q = \arm16_datapath_unit.register_file_unit.regs[2]).
Adding EN signal on $memory\arm16_datapath_unit.register_file_unit.regs[3]$2699 ($dff) from module tt_um_moein_maleki_arm16 (D = \arm16_datapath_unit.register_file_unit.write_data_in, Q = \arm16_datapath_unit.register_file_unit.regs[3]).
Adding EN signal on $memory\arm16_datapath_unit.register_file_unit.regs[4]$2701 ($dff) from module tt_um_moein_maleki_arm16 (D = \arm16_datapath_unit.register_file_unit.write_data_in, Q = \arm16_datapath_unit.register_file_unit.regs[4]).
Adding EN signal on $memory\arm16_datapath_unit.register_file_unit.regs[5]$2703 ($dff) from module tt_um_moein_maleki_arm16 (D = \arm16_datapath_unit.register_file_unit.write_data_in, Q = \arm16_datapath_unit.register_file_unit.regs[5]).
Adding EN signal on $memory\arm16_datapath_unit.register_file_unit.regs[6]$2705 ($dff) from module tt_um_moein_maleki_arm16 (D = \arm16_datapath_unit.register_file_unit.write_data_in, Q = \arm16_datapath_unit.register_file_unit.regs[6]).
Adding EN signal on $memory\arm16_datapath_unit.register_file_unit.regs[7]$2707 ($dff) from module tt_um_moein_maleki_arm16 (D = \arm16_datapath_unit.register_file_unit.write_data_in, Q = \arm16_datapath_unit.register_file_unit.regs[7]).
Adding EN signal on $memory\arm16_datapath_unit.register_file_unit.regs[8]$2709 ($dff) from module tt_um_moein_maleki_arm16 (D = \arm16_datapath_unit.register_file_unit.write_data_in, Q = \arm16_datapath_unit.register_file_unit.regs[8]).
Adding EN signal on $memory\arm16_datapath_unit.register_file_unit.regs[9]$2711 ($dff) from module tt_um_moein_maleki_arm16 (D = \arm16_datapath_unit.register_file_unit.write_data_in, Q = \arm16_datapath_unit.register_file_unit.regs[9]).
Adding EN signal on $memory\arm16_datapath_unit.register_file_unit.regs[10]$2713 ($dff) from module tt_um_moein_maleki_arm16 (D = \arm16_datapath_unit.register_file_unit.write_data_in, Q = \arm16_datapath_unit.register_file_unit.regs[10]).
Adding EN signal on $memory\arm16_datapath_unit.register_file_unit.regs[11]$2715 ($dff) from module tt_um_moein_maleki_arm16 (D = \arm16_datapath_unit.register_file_unit.write_data_in, Q = \arm16_datapath_unit.register_file_unit.regs[11]).
Adding EN signal on $memory\arm16_datapath_unit.register_file_unit.regs[12]$2717 ($dff) from module tt_um_moein_maleki_arm16 (D = \arm16_datapath_unit.register_file_unit.write_data_in, Q = \arm16_datapath_unit.register_file_unit.regs[12]).
Adding EN signal on $memory\arm16_datapath_unit.register_file_unit.regs[13]$2719 ($dff) from module tt_um_moein_maleki_arm16 (D = \arm16_datapath_unit.register_file_unit.write_data_in, Q = \arm16_datapath_unit.register_file_unit.regs[13]).
Adding EN signal on $memory\arm16_datapath_unit.register_file_unit.regs[14]$2721 ($dff) from module tt_um_moein_maleki_arm16 (D = \arm16_datapath_unit.register_file_unit.write_data_in, Q = \arm16_datapath_unit.register_file_unit.regs[14]).

15.21.16. Executing OPT_CLEAN pass (remove unused cells and wires).
Finding unused cells or wires in module \tt_um_moein_maleki_arm16..
Removed 15 unused cells and 24 unused wires.
<suppressed ~16 debug messages>

15.21.17. Executing OPT_EXPR pass (perform const folding).
Optimizing module tt_um_moein_maleki_arm16.
<suppressed ~1 debug messages>

15.21.18. Rerunning OPT passes. (Maybe there is more to do..)

15.21.19. Executing OPT_MUXTREE pass (detect dead branches in mux trees).
Running muxtree optimizer on module \tt_um_moein_maleki_arm16..
  Creating internal representation of mux trees.
  Evaluating internal representation of mux trees.
  Analyzing evaluation results.
Removed 0 multiplexer ports.
<suppressed ~234 debug messages>

15.21.20. Executing OPT_REDUCE pass (consolidate $*mux and $reduce_* inputs).
  Optimizing cells in module \tt_um_moein_maleki_arm16.
Performed a total of 0 changes.

15.21.21. Executing OPT_MERGE pass (detect identical cells).
Finding identical cells in module `\tt_um_moein_maleki_arm16'.
Computing hashes of 831 cells of `\tt_um_moein_maleki_arm16'.
Finding duplicate cells in `\tt_um_moein_maleki_arm16'.
Removed a total of 0 cells.

15.21.22. Executing OPT_SHARE pass.

15.21.23. Executing OPT_DFF pass (perform DFF optimizations).

15.21.24. Executing OPT_CLEAN pass (remove unused cells and wires).
Finding unused cells or wires in module \tt_um_moein_maleki_arm16..

15.21.25. Executing OPT_EXPR pass (perform const folding).
Optimizing module tt_um_moein_maleki_arm16.

15.21.26. Finished fast OPT passes. (There is nothing left to do.)

15.22. Executing TECHMAP pass (map to technology primitives).

15.22.1. Executing Verilog-2005 frontend: /home/moein/oss-cad-suite/lib/../share/yosys/techmap.v
Parsing Verilog input from `/home/moein/oss-cad-suite/lib/../share/yosys/techmap.v' to AST representation.
Generating RTLIL representation for module `\_90_simplemap_bool_ops'.
Generating RTLIL representation for module `\_90_simplemap_reduce_ops'.
Generating RTLIL representation for module `\_90_simplemap_logic_ops'.
Generating RTLIL representation for module `\_90_simplemap_compare_ops'.
Generating RTLIL representation for module `\_90_simplemap_various'.
Generating RTLIL representation for module `\_90_simplemap_registers'.
Generating RTLIL representation for module `\_90_shift_ops_shr_shl_sshl_sshr'.
Generating RTLIL representation for module `\_90_shift_shiftx'.
Generating RTLIL representation for module `\_90_fa'.
Generating RTLIL representation for module `\_90_lcu_brent_kung'.
Generating RTLIL representation for module `\_90_alu'.
Generating RTLIL representation for module `\_90_macc'.
Generating RTLIL representation for module `\_90_alumacc'.
Generating RTLIL representation for module `$__div_mod_u'.
Generating RTLIL representation for module `$__div_mod_trunc'.
Generating RTLIL representation for module `\_90_div'.
Generating RTLIL representation for module `\_90_mod'.
Generating RTLIL representation for module `$__div_mod_floor'.
Generating RTLIL representation for module `\_90_divfloor'.
Generating RTLIL representation for module `\_90_modfloor'.
Generating RTLIL representation for module `\_90_pow'.
Generating RTLIL representation for module `\_90_demux'.
Generating RTLIL representation for module `\_90_lut'.
Generating RTLIL representation for module `$connect'.
Generating RTLIL representation for module `$input_port'.
Successfully finished Verilog frontend.

15.22.2. Continuing TECHMAP pass.
Using extmapper simplemap for cells of type $dffe.
Using extmapper simplemap for cells of type $reduce_or.
Using extmapper simplemap for cells of type $dff.
Using extmapper simplemap for cells of type $sdff.
Using extmapper simplemap for cells of type $not.
Using extmapper simplemap for cells of type $reduce_and.
Using extmapper simplemap for cells of type $mux.
Using extmapper simplemap for cells of type $pmux.
Using extmapper simplemap for cells of type $and.
Using extmapper simplemap for cells of type $sdffe.
Using template $paramod$constmap:c3f9db2ed086131a46ea635902d682d06f2a96c0$paramod$7354c247b305eda7a69b0d7d9e3b06c015b65190\_90_shift_ops_shr_shl_sshl_sshr for cells of type $shl.
Using extmapper simplemap for cells of type $eq.
Using template $paramod$constmap:4cec2553f7c03927bb859f413bbb2aa3a8ff75f7$paramod$fb9d380efec7abdcae0fb1c8e312791feef7c95c\_90_shift_ops_shr_shl_sshl_sshr for cells of type $shr.
Using extmapper simplemap for cells of type $logic_not.
Using template $paramod$78e969f2586efcf3a5b0b0440bcca0db83d5cca2\_90_alu for cells of type $alu.
Using template $paramod$754650b284649a026620fc6856e5b6886cbfe794\_90_alu for cells of type $alu.
Using template $paramod$672a140277c71df8314410f22acc08d55222c3c7\_90_alu for cells of type $alu.
Using template $paramod$32a7b7b86c07519b7537abc18e96f0331f97914d\_90_alu for cells of type $alu.
Using template $paramod$98fdd47e93ebd6ee7b239851ea6e44b4909054e6\_90_alu for cells of type $alu.
Using template $paramod$3ef7d3dd227da7627a99c5e5a6a4deb817573e39\_90_alu for cells of type $alu.
Using template $paramod$c3cd1564c35d873179656addd6052d7ea8b6d991\_90_alu for cells of type $alu.
Using template $paramod$ce0ec84be7047712840b0952f343ee9e63ef75d1\_90_alu for cells of type $alu.
Using template $paramod$215440792383f7884e57d9c95f84e9552d0bf4ac\_90_alu for cells of type $alu.
Using template $paramod$713617589782cfade849bb573b5c36106c4b708f\_90_alu for cells of type $alu.
Using template $paramod$b8c0a997bce700f23568a5ada79cc6781d1f5ca0\_90_alu for cells of type $alu.
Using template $paramod$081ba1a4a7201ecdb44563d3c3bd7013d1ebf4eb\_90_alu for cells of type $alu.
Using template $paramod$dad13a281fa6a9ffd6dd427a87dc9a952e80e9ea\_90_alu for cells of type $alu.
Using template $paramod$fc972a7a46956c1788f3cb5257b53c8f1df2d0cc\_90_alu for cells of type $alu.
Using template $paramod$740b056ede97228d3eae64ea2fdc81f0a33e0fe7\_90_alu for cells of type $alu.
Using template $paramod$f956edc9fe4df758d9fdb10bfc518a364c99e75e\_90_alu for cells of type $alu.
Using template $paramod$ba698a254f9a5947e85cbe7beae6b161eefc5386\_90_alu for cells of type $alu.
Using extmapper simplemap for cells of type $or.
Using template $paramod$dbcdc7e8aa1a4080cea2deda6fdc8772064f4d90\_90_alu for cells of type $alu.
Using template $paramod$befd47b1c77b68561d11d0cb61a0fae29b79f34c\_90_alu for cells of type $alu.
Using template $paramod$cd54e322aa4265ca236096fe4bb634aaec4e39b4\_90_alu for cells of type $alu.
Using template $paramod$00298f3f8094950cb9a5ff2fda48d0d8bde8806c\_90_alu for cells of type $alu.
Using template $paramod$8b1a36ab2238111d2a0f4cb4ef2e14f2a55fc1f9\_90_alu for cells of type $alu.
Using template $paramod$8742280fdebca84e1c87f2a86ed84f62d558f4cc\_90_alu for cells of type $alu.
Using extmapper maccmap for cells of type $macc_v2.
  add \arm16_datapath_unit.ex_pc (16 bits, unsigned)
  add { \arm16_datapath_unit.ex_branch_imm [13:0] 2'00 } (16 bits, unsigned)
  add 16'0000000000001000 (16 bits, unsigned)
Using extmapper simplemap for cells of type $reduce_bool.
Using extmapper simplemap for cells of type $ne.
Using template $paramod$constmap:88952c1ff051e75f3f1c8b84865a914790fe4508$paramod$d26ceb004b1c92f0df605bf9b3fc829369ac4a34\_90_shift_shiftx for cells of type $shift.
Analyzing pattern of constant bits for this cell:
Creating constmapped module `$paramod$constmap:46d59c0e1e31d2a2b4d2d477e1d35763dea5517b$paramod$d26ceb004b1c92f0df605bf9b3fc829369ac4a34\_90_shift_shiftx'.

15.22.64. Executing OPT_MUXTREE pass (detect dead branches in mux trees).
Running muxtree optimizer on module $paramod$constmap:46d59c0e1e31d2a2b4d2d477e1d35763dea5517b$paramod$d26ceb004b1c92f0df605bf9b3fc829369ac4a34\_90_shift_shiftx..
  Creating internal representation of mux trees.
  Evaluating internal representation of mux trees.
  Analyzing evaluation results.
    dead port 2/2 on $mux $procmux$6520.
    dead port 2/2 on $mux $procmux$6526.
    dead port 2/2 on $mux $procmux$6532.
    dead port 2/2 on $mux $procmux$6538.
    dead port 2/2 on $mux $procmux$6544.
    dead port 2/2 on $mux $procmux$6550.
Removed 6 multiplexer ports.
<suppressed ~2069 debug messages>

15.22.65. Executing OPT_EXPR pass (perform const folding).
Optimizing module $paramod$constmap:46d59c0e1e31d2a2b4d2d477e1d35763dea5517b$paramod$d26ceb004b1c92f0df605bf9b3fc829369ac4a34\_90_shift_shiftx.
<suppressed ~28 debug messages>
Removed 0 unused cells and 11 unused wires.
Using template $paramod$constmap:46d59c0e1e31d2a2b4d2d477e1d35763dea5517b$paramod$d26ceb004b1c92f0df605bf9b3fc829369ac4a34\_90_shift_shiftx for cells of type $shift.
Using template $paramod$constmap:c96aacc3ffd58e713972cd390773c5a4617b6725$paramod$92adee9538f2381d8e5006822c900eb986d754e8\_90_shift_shiftx for cells of type $shiftx.
Using extmapper simplemap for cells of type $xor.
Using extmapper simplemap for cells of type $adff.
Using template $paramod\_90_fa\WIDTH=32'00000000000000000000000000010000 for cells of type $fa.
Using template $paramod$6df0329addda9228fcc2546de2aaf14ad26c98e1\_90_alu for cells of type $alu.
Using extmapper simplemap for cells of type $pos.
Using template $paramod\_90_fa\WIDTH=32'00000000000000000000000000000001 for cells of type $fa.
Using template $paramod\_90_lcu_brent_kung\WIDTH=32'00000000000000000000000000000001 for cells of type $lcu.
Using template $paramod\_90_fa\WIDTH=32'00000000000000000000000000001110 for cells of type $fa.
Using template $paramod\_90_lcu_brent_kung\WIDTH=32'00000000000000000000000000001110 for cells of type $lcu.
Using template $paramod\_90_fa\WIDTH=32'00000000000000000000000000000101 for cells of type $fa.
Using template $paramod\_90_lcu_brent_kung\WIDTH=32'00000000000000000000000000000101 for cells of type $lcu.
Using template $paramod\_90_fa\WIDTH=32'00000000000000000000000000010001 for cells of type $fa.
Using template $paramod\_90_lcu_brent_kung\WIDTH=32'00000000000000000000000000010001 for cells of type $lcu.
Using template $paramod\_90_fa\WIDTH=32'00000000000000000000000000000011 for cells of type $fa.
Using template $paramod\_90_lcu_brent_kung\WIDTH=32'00000000000000000000000000000011 for cells of type $lcu.
Using template $paramod\_90_fa\WIDTH=32'00000000000000000000000000001101 for cells of type $fa.
Using template $paramod\_90_lcu_brent_kung\WIDTH=32'00000000000000000000000000001101 for cells of type $lcu.
Using template $paramod\_90_fa\WIDTH=32'00000000000000000000000000010100 for cells of type $fa.
Using template $paramod\_90_lcu_brent_kung\WIDTH=32'00000000000000000000000000010100 for cells of type $lcu.
Using template $paramod\_90_fa\WIDTH=32'00000000000000000000000000000100 for cells of type $fa.
Using template $paramod\_90_lcu_brent_kung\WIDTH=32'00000000000000000000000000000100 for cells of type $lcu.
Using template $paramod\_90_fa\WIDTH=32'00000000000000000000000000001000 for cells of type $fa.
Using template $paramod\_90_lcu_brent_kung\WIDTH=32'00000000000000000000000000001000 for cells of type $lcu.
Using template $paramod\_90_fa\WIDTH=32'00000000000000000000000000100001 for cells of type $fa.
Using template $paramod\_90_lcu_brent_kung\WIDTH=32'00000000000000000000000000100001 for cells of type $lcu.
Using template $paramod\_90_fa\WIDTH=32'00000000000000000000000000000110 for cells of type $fa.
Using template $paramod\_90_lcu_brent_kung\WIDTH=32'00000000000000000000000000000110 for cells of type $lcu.
Using template $paramod\_90_fa\WIDTH=32'00000000000000000000000000001001 for cells of type $fa.
Using template $paramod\_90_lcu_brent_kung\WIDTH=32'00000000000000000000000000001001 for cells of type $lcu.
Using template $paramod\_90_fa\WIDTH=32'00000000000000000000000000000111 for cells of type $fa.
Using template $paramod\_90_lcu_brent_kung\WIDTH=32'00000000000000000000000000000111 for cells of type $lcu.
Using template $paramod\_90_fa\WIDTH=32'00000000000000000000000000000010 for cells of type $fa.
Using template $paramod\_90_lcu_brent_kung\WIDTH=32'00000000000000000000000000000010 for cells of type $lcu.
Using template $paramod\_90_fa\WIDTH=32'00000000000000000000000000001010 for cells of type $fa.
Using template $paramod\_90_lcu_brent_kung\WIDTH=32'00000000000000000000000000001010 for cells of type $lcu.
Using template $paramod\_90_lcu_brent_kung\WIDTH=32'00000000000000000000000000010000 for cells of type $lcu.
No more expansions possible.
<suppressed ~3975 debug messages>

15.23. Executing OPT pass (performing simple optimizations).

15.23.1. Executing OPT_EXPR pass (perform const folding).
Optimizing module tt_um_moein_maleki_arm16.
<suppressed ~4407 debug messages>

15.23.2. Executing OPT_MERGE pass (detect identical cells).
Finding identical cells in module `\tt_um_moein_maleki_arm16'.
Computing hashes of 5568 cells of `\tt_um_moein_maleki_arm16'.
Finding duplicate cells in `\tt_um_moein_maleki_arm16'.
Computing hashes of 5182 cells of `\tt_um_moein_maleki_arm16'.
Finding duplicate cells in `\tt_um_moein_maleki_arm16'.
Computing hashes of 5070 cells of `\tt_um_moein_maleki_arm16'.
Finding duplicate cells in `\tt_um_moein_maleki_arm16'.
Computing hashes of 5053 cells of `\tt_um_moein_maleki_arm16'.
Finding duplicate cells in `\tt_um_moein_maleki_arm16'.
Computing hashes of 5031 cells of `\tt_um_moein_maleki_arm16'.
Finding duplicate cells in `\tt_um_moein_maleki_arm16'.
Computing hashes of 5001 cells of `\tt_um_moein_maleki_arm16'.
Finding duplicate cells in `\tt_um_moein_maleki_arm16'.
Computing hashes of 4949 cells of `\tt_um_moein_maleki_arm16'.
Finding duplicate cells in `\tt_um_moein_maleki_arm16'.
Computing hashes of 4924 cells of `\tt_um_moein_maleki_arm16'.
Finding duplicate cells in `\tt_um_moein_maleki_arm16'.
Computing hashes of 4923 cells of `\tt_um_moein_maleki_arm16'.
Finding duplicate cells in `\tt_um_moein_maleki_arm16'.
Computing hashes of 4922 cells of `\tt_um_moein_maleki_arm16'.
Finding duplicate cells in `\tt_um_moein_maleki_arm16'.
Computing hashes of 4921 cells of `\tt_um_moein_maleki_arm16'.
Finding duplicate cells in `\tt_um_moein_maleki_arm16'.
Computing hashes of 4920 cells of `\tt_um_moein_maleki_arm16'.
Finding duplicate cells in `\tt_um_moein_maleki_arm16'.
Computing hashes of 4919 cells of `\tt_um_moein_maleki_arm16'.
Finding duplicate cells in `\tt_um_moein_maleki_arm16'.
Computing hashes of 4918 cells of `\tt_um_moein_maleki_arm16'.
Finding duplicate cells in `\tt_um_moein_maleki_arm16'.
Computing hashes of 4917 cells of `\tt_um_moein_maleki_arm16'.
Finding duplicate cells in `\tt_um_moein_maleki_arm16'.
Computing hashes of 4916 cells of `\tt_um_moein_maleki_arm16'.
Finding duplicate cells in `\tt_um_moein_maleki_arm16'.
Computing hashes of 4915 cells of `\tt_um_moein_maleki_arm16'.
Finding duplicate cells in `\tt_um_moein_maleki_arm16'.
Computing hashes of 4914 cells of `\tt_um_moein_maleki_arm16'.
Finding duplicate cells in `\tt_um_moein_maleki_arm16'.
Computing hashes of 4913 cells of `\tt_um_moein_maleki_arm16'.
Finding duplicate cells in `\tt_um_moein_maleki_arm16'.
Computing hashes of 4912 cells of `\tt_um_moein_maleki_arm16'.
Finding duplicate cells in `\tt_um_moein_maleki_arm16'.
Computing hashes of 4911 cells of `\tt_um_moein_maleki_arm16'.
Finding duplicate cells in `\tt_um_moein_maleki_arm16'.
Computing hashes of 4910 cells of `\tt_um_moein_maleki_arm16'.
Finding duplicate cells in `\tt_um_moein_maleki_arm16'.
Computing hashes of 4909 cells of `\tt_um_moein_maleki_arm16'.
Finding duplicate cells in `\tt_um_moein_maleki_arm16'.
Computing hashes of 4908 cells of `\tt_um_moein_maleki_arm16'.
Finding duplicate cells in `\tt_um_moein_maleki_arm16'.
Computing hashes of 4907 cells of `\tt_um_moein_maleki_arm16'.
Finding duplicate cells in `\tt_um_moein_maleki_arm16'.
Computing hashes of 4906 cells of `\tt_um_moein_maleki_arm16'.
Finding duplicate cells in `\tt_um_moein_maleki_arm16'.
Computing hashes of 4905 cells of `\tt_um_moein_maleki_arm16'.
Finding duplicate cells in `\tt_um_moein_maleki_arm16'.
<suppressed ~1989 debug messages>
Removed a total of 663 cells.

15.23.3. Executing OPT_DFF pass (perform DFF optimizations).
Adding SRST signal on $auto$ff.cc:337:slice$3412 ($_DFF_P_) from module tt_um_moein_maleki_arm16 (D = $memory$flatten\arm16_datapath_unit.\demo_rom_unit.$auto$proc_rom.cc:155:do_switch$440$rdmux[0][0][0]$b$2937 [4], Q = \arm16_datapath_unit.rom_word [27], rval = 1'0).
Adding SRST signal on $auto$ff.cc:337:slice$3414 ($_DFF_P_) from module tt_um_moein_maleki_arm16 (D = $memory$flatten\arm16_datapath_unit.\demo_rom_unit.$auto$proc_rom.cc:155:do_switch$440$rdmux[0][1][1]$b$2943 [16], Q = \arm16_datapath_unit.rom_word [30], rval = 1'1).

15.23.4. Executing OPT_CLEAN pass (remove unused cells and wires).
Finding unused cells or wires in module \tt_um_moein_maleki_arm16..
Removed 318 unused cells and 2732 unused wires.
<suppressed ~320 debug messages>

15.23.5. Rerunning OPT passes. (Removed registers in this run.)

15.23.6. Executing OPT_EXPR pass (perform const folding).
Optimizing module tt_um_moein_maleki_arm16.
<suppressed ~33 debug messages>

15.23.7. Executing OPT_MERGE pass (detect identical cells).
Finding identical cells in module `\tt_um_moein_maleki_arm16'.
Computing hashes of 4555 cells of `\tt_um_moein_maleki_arm16'.
Finding duplicate cells in `\tt_um_moein_maleki_arm16'.
Computing hashes of 4553 cells of `\tt_um_moein_maleki_arm16'.
Finding duplicate cells in `\tt_um_moein_maleki_arm16'.
<suppressed ~6 debug messages>
Removed a total of 2 cells.

15.23.8. Executing OPT_DFF pass (perform DFF optimizations).

15.23.9. Executing OPT_CLEAN pass (remove unused cells and wires).
Finding unused cells or wires in module \tt_um_moein_maleki_arm16..
Removed 0 unused cells and 31 unused wires.
<suppressed ~1 debug messages>

15.23.10. Finished fast OPT passes.

15.24. Executing ABC pass (technology mapping using ABC).

15.24.1. Extracting gate netlist of module `\tt_um_moein_maleki_arm16' to `<abc-temp-dir>/input.blif'..
Replacing 2 occurrences of constant undef bits with constant zero bits

15.24.1.1. Executed ABC.
Extracted 3767 gates and 4521 wires to a netlist network with 751 inputs and 409 outputs.
Running ABC script: <abc-temp-dir>/abc.script
ABC: UC Berkeley, ABC 1.01 (compiled Jul 16 2026 03:52:11)
ABC: abc 01> empty
ABC: abc 01> source <abc-temp-dir>/abc.script
ABC: + read_blif <abc-temp-dir>/input.blif 
ABC: + read_library <abc-temp-dir>/stdcells.genlib 
ABC: + strash 
ABC: + &get -n 
ABC: + &fraig -x 
ABC: + &put 
ABC: + scorr 
ABC: Warning: The network is combinational (run "fraig" or "fraig_sweep").
ABC: + dc2 
ABC: + dretime 
ABC: + strash 
ABC: + &get -n 
ABC: + &dch -f 
ABC: + &nf 
ABC: + &put 
ABC: + write_blif <abc-temp-dir>/output.blif 
ABC: 
ABC: YOSYS_ABC_DONE 

15.24.1.2. Re-integrating ABC results.
ABC RESULTS:               AND cells:      703
ABC RESULTS:            ANDNOT cells:      174
ABC RESULTS:               MUX cells:      680
ABC RESULTS:              NAND cells:      949
ABC RESULTS:               NOR cells:      111
ABC RESULTS:               NOT cells:       42
ABC RESULTS:                OR cells:      197
ABC RESULTS:             ORNOT cells:      116
ABC RESULTS:              XNOR cells:      110
ABC RESULTS:               XOR cells:       92
ABC RESULTS:        internal signals:     3361
ABC RESULTS:           input signals:      751
ABC RESULTS:          output signals:      409
Removing temp directory.
Removing global temp directory.

15.25. Executing OPT pass (performing simple optimizations).

15.25.1. Executing OPT_EXPR pass (perform const folding).
Optimizing module tt_um_moein_maleki_arm16.
<suppressed ~18 debug messages>

15.25.2. Executing OPT_MERGE pass (detect identical cells).
Finding identical cells in module `\tt_um_moein_maleki_arm16'.
Computing hashes of 3960 cells of `\tt_um_moein_maleki_arm16'.
Finding duplicate cells in `\tt_um_moein_maleki_arm16'.
Computing hashes of 3959 cells of `\tt_um_moein_maleki_arm16'.
Finding duplicate cells in `\tt_um_moein_maleki_arm16'.
<suppressed ~3 debug messages>
Removed a total of 1 cells.

15.25.3. Executing OPT_DFF pass (perform DFF optimizations).

15.25.4. Executing OPT_CLEAN pass (remove unused cells and wires).
Finding unused cells or wires in module \tt_um_moein_maleki_arm16..
Removed 0 unused cells and 2774 unused wires.
<suppressed ~140 debug messages>

15.25.5. Finished fast OPT passes.

15.26. Executing HIERARCHY pass (managing design hierarchy).
Attribute `top' found on module `tt_um_moein_maleki_arm16'. Setting top module to tt_um_moein_maleki_arm16.

15.26.1. Analyzing design hierarchy..
Top module:  \tt_um_moein_maleki_arm16

15.26.2. Analyzing design hierarchy..
Top module:  \tt_um_moein_maleki_arm16
Removed 0 unused modules.

15.27. Printing statistics.

=== tt_um_moein_maleki_arm16 ===

        +----------Local Count, excluding submodules.
        | 
     3250 wires
     4867 wire bits
      302 public wires
     1836 public wire bits
        8 ports
       43 port bits
     3959 cells
      174   $_ANDNOT_
      703   $_AND_
      240   $_DFFE_NP_
       36   $_DFFE_PP_
        1   $_DFF_N_
        2   $_DFF_PN1_
       34   $_DFF_P_
      679   $_MUX_
      949   $_NAND_
      111   $_NOR_
       42   $_NOT_
      116   $_ORNOT_
      197   $_OR_
      168   $_SDFFE_PP0N_
      237   $_SDFFE_PP0P_
       17   $_SDFFE_PP1P_
       11   $_SDFF_PN0_
        2   $_SDFF_PN1_
       23   $_SDFF_PP0_
        2   $_SDFF_PP1_
      110   $_XNOR_
       92   $_XOR_
       13   $scopeinfo

15.28. Executing CHECK pass (checking for obvious problems).
Checking module tt_um_moein_maleki_arm16...
Found and reported 0 problems.

16. Executing DFFLIBMAP pass (mapping DFF cells to sequential cells from liberty file).
  cell sky130_fd_sc_hd__dfxtp_1 (noninv, pins=3, area=20.02) is a direct match for cell type $_DFF_P_.
  cell sky130_fd_sc_hd__dfrtn_1 (noninv, pins=4, area=25.02) is a direct match for cell type $_DFF_NN0_.
  cell sky130_fd_sc_hd__dfrtp_1 (noninv, pins=4, area=25.02) is a direct match for cell type $_DFF_PN0_.
  cell sky130_fd_sc_hd__dfstp_2 (noninv, pins=4, area=26.28) is a direct match for cell type $_DFF_PN1_.
  cell sky130_fd_sc_hd__edfxtp_1 (noninv, pins=4, area=30.03) is a direct match for cell type $_DFFE_PP_.
  cell sky130_fd_sc_hd__dfbbn_1 (noninv, pins=6, area=32.53) is a direct match for cell type $_DFFSR_NNN_.
  cell sky130_fd_sc_hd__dfbbp_1 (noninv, pins=6, area=32.53) is a direct match for cell type $_DFFSR_PNN_.
  final dff cell mappings:
    unmapped dff cell: $_DFF_N_
    \sky130_fd_sc_hd__dfxtp_1 _DFF_P_ (.CLK( C), .D( D), .Q( Q));
    \sky130_fd_sc_hd__dfrtn_1 _DFF_NN0_ (.CLK_N( C), .D( D), .Q( Q), .RESET_B( R));
    unmapped dff cell: $_DFF_NN1_
    unmapped dff cell: $_DFF_NP0_
    unmapped dff cell: $_DFF_NP1_
    \sky130_fd_sc_hd__dfrtp_1 _DFF_PN0_ (.CLK( C), .D( D), .Q( Q), .RESET_B( R));
    \sky130_fd_sc_hd__dfstp_2 _DFF_PN1_ (.CLK( C), .D( D), .Q( Q), .SET_B( R));
    unmapped dff cell: $_DFF_PP0_
    unmapped dff cell: $_DFF_PP1_
    unmapped dff cell: $_DFFE_NN_
    unmapped dff cell: $_DFFE_NP_
    unmapped dff cell: $_DFFE_PN_
    \sky130_fd_sc_hd__edfxtp_1 _DFFE_PP_ (.CLK( C), .D( D), .DE( E), .Q( Q));
    \sky130_fd_sc_hd__dfbbn_1 _DFFSR_NNN_ (.CLK_N( C), .D( D), .Q( Q), .Q_N(~Q), .RESET_B( R), .SET_B( S));
    unmapped dff cell: $_DFFSR_NNP_
    unmapped dff cell: $_DFFSR_NPN_
    unmapped dff cell: $_DFFSR_NPP_
    \sky130_fd_sc_hd__dfbbp_1 _DFFSR_PNN_ (.CLK( C), .D( D), .Q( Q), .Q_N(~Q), .RESET_B( R), .SET_B( S));
    unmapped dff cell: $_DFFSR_PNP_
    unmapped dff cell: $_DFFSR_PPN_
    unmapped dff cell: $_DFFSR_PPP_

16.1. Executing DFFLEGALIZE pass (convert FFs to types supported by the target).
<suppressed ~24 debug messages>
Mapping DFF cells in module `\tt_um_moein_maleki_arm16':
  mapped 276 $_DFFE_PP_ cells to \sky130_fd_sc_hd__edfxtp_1 cells.
  mapped 2 $_DFF_PN1_ cells to \sky130_fd_sc_hd__dfstp_2 cells.
  mapped 495 $_DFF_P_ cells to \sky130_fd_sc_hd__dfxtp_1 cells.

17. Executing ABC pass (technology mapping using ABC).

17.1. Extracting gate netlist of module `\tt_um_moein_maleki_arm16' to `<abc-temp-dir>/input.blif'..
ABC: using cached merged SCL: /tmp/yosys-liberty-scl-cache/yosys_merged_26d78acf.scl (1 files)

17.1.1. Executed ABC.
Extracted 4296 gates and 5081 wires to a netlist network with 783 inputs and 773 outputs.
Running ABC script: <abc-temp-dir>/abc.script
ABC: UC Berkeley, ABC 1.01 (compiled Jul 16 2026 03:52:11)
ABC: abc 01> empty
ABC: abc 01> source <abc-temp-dir>/abc.script
ABC: + read_blif <abc-temp-dir>/input.blif 
ABC: + read_scl /tmp/yosys-liberty-scl-cache/yosys_merged_26d78acf.scl 
ABC: Warning: Detected 9 multi-output cells (for example, "sky130_fd_sc_hd__fa_1").
ABC: + strash 
ABC: + &get -n 
ABC: + &fraig -x 
ABC: + &put 
ABC: + scorr 
ABC: Warning: The network is combinational (run "fraig" or "fraig_sweep").
ABC: + dc2 
ABC: + dretime 
ABC: + strash 
ABC: + &get -n 
ABC: + &dch -f 
ABC: + &nf 
ABC: + &put 
ABC: + write_blif <abc-temp-dir>/output.blif 
ABC: 
ABC: YOSYS_ABC_DONE 

17.1.2. Re-integrating ABC results.
ABC RESULTS:   sky130_fd_sc_hd__a2111o_1 cells:        2
ABC RESULTS:   sky130_fd_sc_hd__a2111oi_0 cells:        7
ABC RESULTS:   sky130_fd_sc_hd__a211o_1 cells:        7
ABC RESULTS:   sky130_fd_sc_hd__a211oi_1 cells:       68
ABC RESULTS:   sky130_fd_sc_hd__a21boi_0 cells:        1
ABC RESULTS:   sky130_fd_sc_hd__a21o_1 cells:       17
ABC RESULTS:   sky130_fd_sc_hd__a21oi_1 cells:      364
ABC RESULTS:   sky130_fd_sc_hd__a221o_1 cells:        4
ABC RESULTS:   sky130_fd_sc_hd__a221oi_1 cells:       53
ABC RESULTS:   sky130_fd_sc_hd__a222oi_1 cells:       12
ABC RESULTS:   sky130_fd_sc_hd__a22o_1 cells:       32
ABC RESULTS:   sky130_fd_sc_hd__a22oi_1 cells:       87
ABC RESULTS:   sky130_fd_sc_hd__a311oi_1 cells:        8
ABC RESULTS:   sky130_fd_sc_hd__a31o_1 cells:        2
ABC RESULTS:   sky130_fd_sc_hd__a31oi_1 cells:       29
ABC RESULTS:   sky130_fd_sc_hd__a32o_1 cells:       11
ABC RESULTS:   sky130_fd_sc_hd__a32oi_1 cells:        2
ABC RESULTS:   sky130_fd_sc_hd__a41oi_1 cells:        4
ABC RESULTS:   sky130_fd_sc_hd__and2_0 cells:       45
ABC RESULTS:   sky130_fd_sc_hd__and3_1 cells:       31
ABC RESULTS:   sky130_fd_sc_hd__and3b_1 cells:        1
ABC RESULTS:   sky130_fd_sc_hd__and4_1 cells:        2
ABC RESULTS:   sky130_fd_sc_hd__clkinv_1 cells:      302
ABC RESULTS:   sky130_fd_sc_hd__lpflow_inputiso1p_1 cells:       26
ABC RESULTS:   sky130_fd_sc_hd__lpflow_isobufsrc_1 cells:       45
ABC RESULTS:   sky130_fd_sc_hd__maj3_1 cells:        6
ABC RESULTS:   sky130_fd_sc_hd__mux2_1 cells:       33
ABC RESULTS:   sky130_fd_sc_hd__mux2i_1 cells:      116
ABC RESULTS:   sky130_fd_sc_hd__mux4_2 cells:       31
ABC RESULTS:   sky130_fd_sc_hd__nand2_1 cells:      495
ABC RESULTS:   sky130_fd_sc_hd__nand2b_1 cells:       25
ABC RESULTS:   sky130_fd_sc_hd__nand3_1 cells:       68
ABC RESULTS:   sky130_fd_sc_hd__nand3b_1 cells:        5
ABC RESULTS:   sky130_fd_sc_hd__nand4_1 cells:       27
ABC RESULTS:   sky130_fd_sc_hd__nand4b_1 cells:        3
ABC RESULTS:   sky130_fd_sc_hd__nand4bb_1 cells:        1
ABC RESULTS:   sky130_fd_sc_hd__nor2_1 cells:      600
ABC RESULTS:   sky130_fd_sc_hd__nor2b_1 cells:        7
ABC RESULTS:   sky130_fd_sc_hd__nor3_1 cells:      143
ABC RESULTS:   sky130_fd_sc_hd__nor3b_1 cells:        9
ABC RESULTS:   sky130_fd_sc_hd__nor4_1 cells:       19
ABC RESULTS:   sky130_fd_sc_hd__nor4b_1 cells:        4
ABC RESULTS:   sky130_fd_sc_hd__nor4bb_1 cells:        1
ABC RESULTS:   sky130_fd_sc_hd__o2111a_1 cells:        3
ABC RESULTS:   sky130_fd_sc_hd__o2111ai_1 cells:        9
ABC RESULTS:   sky130_fd_sc_hd__o211a_1 cells:        6
ABC RESULTS:   sky130_fd_sc_hd__o211ai_1 cells:       43
ABC RESULTS:   sky130_fd_sc_hd__o21a_1 cells:       12
ABC RESULTS:   sky130_fd_sc_hd__o21ai_0 cells:      382
ABC RESULTS:   sky130_fd_sc_hd__o221a_1 cells:        3
ABC RESULTS:   sky130_fd_sc_hd__o221ai_1 cells:       20
ABC RESULTS:   sky130_fd_sc_hd__o22a_1 cells:        2
ABC RESULTS:   sky130_fd_sc_hd__o22ai_1 cells:       77
ABC RESULTS:   sky130_fd_sc_hd__o2bb2ai_1 cells:        2
ABC RESULTS:   sky130_fd_sc_hd__o311a_1 cells:        1
ABC RESULTS:   sky130_fd_sc_hd__o311ai_0 cells:        5
ABC RESULTS:   sky130_fd_sc_hd__o31a_1 cells:        1
ABC RESULTS:   sky130_fd_sc_hd__o31ai_1 cells:       13
ABC RESULTS:   sky130_fd_sc_hd__o32ai_1 cells:        5
ABC RESULTS:   sky130_fd_sc_hd__o41ai_1 cells:        2
ABC RESULTS:   sky130_fd_sc_hd__or3_1 cells:       12
ABC RESULTS:   sky130_fd_sc_hd__or3b_1 cells:        2
ABC RESULTS:   sky130_fd_sc_hd__or4_1 cells:        3
ABC RESULTS:   sky130_fd_sc_hd__or4b_1 cells:        1
ABC RESULTS:   sky130_fd_sc_hd__xnor2_1 cells:       65
ABC RESULTS:   sky130_fd_sc_hd__xor2_1 cells:       65
ABC RESULTS:        internal signals:     3525
ABC RESULTS:           input signals:      783
ABC RESULTS:          output signals:      773
Removing temp directory.
Removing global temp directory.

18. Executing OPT_CLEAN pass (remove unused cells and wires).
Finding unused cells or wires in module \tt_um_moein_maleki_arm16..
Removed 13 unused cells and 5083 unused wires.
<suppressed ~204 debug messages>

19. Printing statistics.

=== tt_um_moein_maleki_arm16 ===

        +----------Local Count, excluding submodules.
        |        +-Local Area, excluding submodules.
        |        | 
     3562        - wires
     4420        - wire bits
      112        - public wires
      940        - public wire bits
        8        - ports
       43        - port bits
     4262 3.78E+04 cells
        2   22.522   sky130_fd_sc_hd__a2111o_1
        7   61.309   sky130_fd_sc_hd__a2111oi_0
        7   61.309   sky130_fd_sc_hd__a211o_1
       68   510.49   sky130_fd_sc_hd__a211oi_1
        1    7.507   sky130_fd_sc_hd__a21boi_0
       17  127.622   sky130_fd_sc_hd__a21o_1
      364 1.82E+03   sky130_fd_sc_hd__a21oi_1
        4   40.038   sky130_fd_sc_hd__a221o_1
       53  464.195   sky130_fd_sc_hd__a221oi_1
       12  120.115   sky130_fd_sc_hd__a222oi_1
       32  280.269   sky130_fd_sc_hd__a22o_1
       87  653.126   sky130_fd_sc_hd__a22oi_1
        8   70.067   sky130_fd_sc_hd__a311oi_1
        2   17.517   sky130_fd_sc_hd__a31o_1
       29  181.424   sky130_fd_sc_hd__a31oi_1
       11  110.106   sky130_fd_sc_hd__a32o_1
        2   17.517   sky130_fd_sc_hd__a32oi_1
        4   35.034   sky130_fd_sc_hd__a41oi_1
       45   281.52   sky130_fd_sc_hd__and2_0
       31  193.936   sky130_fd_sc_hd__and3_1
        1    8.758   sky130_fd_sc_hd__and3b_1
        2   17.517   sky130_fd_sc_hd__and4_1
      302 1.13E+03   sky130_fd_sc_hd__clkinv_1
        2    52.55   sky130_fd_sc_hd__dfstp_2
      495 9.91E+03   sky130_fd_sc_hd__dfxtp_1
      276 8.29E+03   sky130_fd_sc_hd__edfxtp_1
       26  162.656   sky130_fd_sc_hd__lpflow_inputiso1p_1
       45   281.52   sky130_fd_sc_hd__lpflow_isobufsrc_1
        6   60.058   sky130_fd_sc_hd__maj3_1
       33  371.606   sky130_fd_sc_hd__mux2_1
      116 1.16E+03   sky130_fd_sc_hd__mux2i_1
       31   698.17   sky130_fd_sc_hd__mux4_2
      495 1.86E+03   sky130_fd_sc_hd__nand2_1
       25    156.4   sky130_fd_sc_hd__nand2b_1
       68  340.326   sky130_fd_sc_hd__nand3_1
        5   37.536   sky130_fd_sc_hd__nand3b_1
       27  168.912   sky130_fd_sc_hd__nand4_1
        3   26.275   sky130_fd_sc_hd__nand4b_1
        1   11.261   sky130_fd_sc_hd__nand4bb_1
      600  2252.16   sky130_fd_sc_hd__nor2_1
        7   43.792   sky130_fd_sc_hd__nor2b_1
      143  715.686   sky130_fd_sc_hd__nor3_1
        9   67.565   sky130_fd_sc_hd__nor3b_1
       19  118.864   sky130_fd_sc_hd__nor4_1
        4   35.034   sky130_fd_sc_hd__nor4b_1
        1    10.01   sky130_fd_sc_hd__nor4bb_1
        3   33.782   sky130_fd_sc_hd__o2111a_1
        9   78.826   sky130_fd_sc_hd__o2111ai_1
        6   60.058   sky130_fd_sc_hd__o211a_1
       43   322.81   sky130_fd_sc_hd__o211ai_1
       12   90.086   sky130_fd_sc_hd__o21a_1
      382 1.91E+03   sky130_fd_sc_hd__o21ai_0
        3   33.782   sky130_fd_sc_hd__o221a_1
       20  175.168   sky130_fd_sc_hd__o221ai_1
        2   17.517   sky130_fd_sc_hd__o22a_1
       77  481.712   sky130_fd_sc_hd__o22ai_1
        2   17.517   sky130_fd_sc_hd__o2bb2ai_1
        1    10.01   sky130_fd_sc_hd__o311a_1
        5   43.792   sky130_fd_sc_hd__o311ai_0
        1    8.758   sky130_fd_sc_hd__o31a_1
       13   97.594   sky130_fd_sc_hd__o31ai_1
        5   43.792   sky130_fd_sc_hd__o32ai_1
        2   17.517   sky130_fd_sc_hd__o41ai_1
       12   75.072   sky130_fd_sc_hd__or3_1
        2   17.517   sky130_fd_sc_hd__or3b_1
        3   22.522   sky130_fd_sc_hd__or4_1
        1    10.01   sky130_fd_sc_hd__or4b_1
       65  569.296   sky130_fd_sc_hd__xnor2_1
       65  569.296   sky130_fd_sc_hd__xor2_1

   Chip area for module '\tt_um_moein_maleki_arm16': 37772.476800
     of which used for sequential elements: 18250.003200 (48.32%)

End of script. Logfile hash: c13df80f38, time: 1.57s, user: 0.83s, system: 0.03s, MEM: 55.06 MB peak
Yosys 0.67+40 (git sha1 45ea2b8d6-dirty, Release, Clang /usr/bin/clang++ 18.1.8)
Time spent: 50% 2x abc (0 sec), 9% 62x opt_expr (0 sec), ...
