
 /----------------------------------------------------------------------------\
 |  yosys -- Yosys Open SYnthesis Suite                                       |
 |  Copyright (C) 2012 - 2026  Claire Xenia Wolf <claire@yosyshq.com>         |
 |  Distributed under an ISC-like license, type "license" to see terms        |
 \----------------------------------------------------------------------------/
 Yosys 0.67+40 (git sha1 45ea2b8d6-dirty, Release, Clang /usr/bin/clang++ 18.1.8)

-- Running command `read_verilog src/alu.v src/arm16_controller.v src/arm16_datapath.v src/barrel_shifter.v src/condition_checker.v src/demo_rom.v src/forwarding_selector.v src/hazard_detector.v src/instruction_decoder.v src/project.v src/qspi_master.v src/register_file.v src/reset_synchronizer.v src/vga_renderer.v; synth -top tt_um_moein_maleki_arm16 -flatten; dfflibmap -liberty /home/moein/.ciel/ciel/sky130/versions/8afc8346a57fe1ab7934ba5a6056ea8b43078e71/sky130A/libs.ref/sky130_fd_sc_hd/lib/sky130_fd_sc_hd__tt_025C_1v80.lib; abc -liberty /home/moein/.ciel/ciel/sky130/versions/8afc8346a57fe1ab7934ba5a6056ea8b43078e71/sky130A/libs.ref/sky130_fd_sc_hd/lib/sky130_fd_sc_hd__tt_025C_1v80.lib; opt_clean -purge; stat -liberty /home/moein/.ciel/ciel/sky130/versions/8afc8346a57fe1ab7934ba5a6056ea8b43078e71/sky130A/libs.ref/sky130_fd_sc_hd/lib/sky130_fd_sc_hd__tt_025C_1v80.lib' --

1. Executing Verilog-2005 frontend: src/alu.v
Parsing Verilog input from `src/alu.v' to AST representation.
Generating RTLIL representation for module `\alu'.
Successfully finished Verilog frontend.

2. Executing Verilog-2005 frontend: src/arm16_controller.v
Parsing Verilog input from `src/arm16_controller.v' to AST representation.
Generating RTLIL representation for module `\arm16_controller'.
Successfully finished Verilog frontend.

3. Executing Verilog-2005 frontend: src/arm16_datapath.v
Parsing Verilog input from `src/arm16_datapath.v' to AST representation.
Generating RTLIL representation for module `\arm16_datapath'.
Successfully finished Verilog frontend.

4. Executing Verilog-2005 frontend: src/barrel_shifter.v
Parsing Verilog input from `src/barrel_shifter.v' to AST representation.
Generating RTLIL representation for module `\barrel_shifter'.
Successfully finished Verilog frontend.

5. Executing Verilog-2005 frontend: src/condition_checker.v
Parsing Verilog input from `src/condition_checker.v' to AST representation.
Generating RTLIL representation for module `\condition_checker'.
Successfully finished Verilog frontend.

6. Executing Verilog-2005 frontend: src/demo_rom.v
Parsing Verilog input from `src/demo_rom.v' to AST representation.
Generating RTLIL representation for module `\demo_rom'.
Successfully finished Verilog frontend.

7. Executing Verilog-2005 frontend: src/forwarding_selector.v
Parsing Verilog input from `src/forwarding_selector.v' to AST representation.
Generating RTLIL representation for module `\forwarding_selector'.
Successfully finished Verilog frontend.

8. Executing Verilog-2005 frontend: src/hazard_detector.v
Parsing Verilog input from `src/hazard_detector.v' to AST representation.
Generating RTLIL representation for module `\hazard_detector'.
Successfully finished Verilog frontend.

9. Executing Verilog-2005 frontend: src/instruction_decoder.v
Parsing Verilog input from `src/instruction_decoder.v' to AST representation.
Generating RTLIL representation for module `\instruction_decoder'.
Successfully finished Verilog frontend.

10. Executing Verilog-2005 frontend: src/project.v
Parsing Verilog input from `src/project.v' to AST representation.
Generating RTLIL representation for module `\tt_um_moein_maleki_arm16'.
Successfully finished Verilog frontend.

11. Executing Verilog-2005 frontend: src/qspi_master.v
Parsing Verilog input from `src/qspi_master.v' to AST representation.
Generating RTLIL representation for module `\qspi_master'.
Successfully finished Verilog frontend.

12. Executing Verilog-2005 frontend: src/register_file.v
Parsing Verilog input from `src/register_file.v' to AST representation.
Generating RTLIL representation for module `\register_file'.
Successfully finished Verilog frontend.

13. Executing Verilog-2005 frontend: src/reset_synchronizer.v
Parsing Verilog input from `src/reset_synchronizer.v' to AST representation.
Generating RTLIL representation for module `\reset_synchronizer'.
Successfully finished Verilog frontend.

14. Executing Verilog-2005 frontend: src/vga_renderer.v
Parsing Verilog input from `src/vga_renderer.v' to AST representation.
Generating RTLIL representation for module `\vga_renderer'.
Successfully finished Verilog frontend.

15. Executing SYNTH pass.

15.1. Executing HIERARCHY pass (managing design hierarchy).

15.1.1. Analyzing design hierarchy..
Top module:  \tt_um_moein_maleki_arm16
Used module:     \reset_synchronizer
Used module:     \arm16_datapath
Used module:         \vga_renderer
Used module:         \qspi_master
Used module:         \alu
Used module:         \barrel_shifter
Used module:         \forwarding_selector
Used module:         \hazard_detector
Used module:         \register_file
Used module:         \condition_checker
Used module:         \instruction_decoder
Used module:         \demo_rom
Used module:     \arm16_controller

15.1.2. Analyzing design hierarchy..
Top module:  \tt_um_moein_maleki_arm16
Used module:     \reset_synchronizer
Used module:     \arm16_datapath
Used module:         \vga_renderer
Used module:         \qspi_master
Used module:         \alu
Used module:         \barrel_shifter
Used module:         \forwarding_selector
Used module:         \hazard_detector
Used module:         \register_file
Used module:         \condition_checker
Used module:         \instruction_decoder
Used module:         \demo_rom
Used module:     \arm16_controller
Removed 0 unused modules.

15.2. Executing PROC pass (convert processes to netlists).

15.2.1. Executing PROC_CLEAN pass (remove empty switches from decision trees).
Cleaned up 0 empty switches.

15.2.2. Executing PROC_RMDEAD pass (remove dead branches from decision trees).
Marked 1 switch rules as full_case in process $proc$src/vga_renderer.v:101$423 in module vga_renderer.
Marked 1 switch rules as full_case in process $proc$src/vga_renderer.v:79$422 in module vga_renderer.
Marked 1 switch rules as full_case in process $proc$src/vga_renderer.v:69$421 in module vga_renderer.
Marked 1 switch rules as full_case in process $proc$src/vga_renderer.v:52$405 in module vga_renderer.
Marked 1 switch rules as full_case in process $proc$src/reset_synchronizer.v:13$388 in module reset_synchronizer.
Marked 1 switch rules as full_case in process $proc$src/register_file.v:20$381 in module register_file.
Marked 6 switch rules as full_case in process $proc$src/qspi_master.v:327$369 in module qspi_master.
Marked 10 switch rules as full_case in process $proc$src/qspi_master.v:283$350 in module qspi_master.
Marked 2 switch rules as full_case in process $proc$src/qspi_master.v:260$340 in module qspi_master.
Marked 2 switch rules as full_case in process $proc$src/qspi_master.v:221$308 in module qspi_master.
Marked 5 switch rules as full_case in process $proc$src/qspi_master.v:136$286 in module qspi_master.
Marked 1 switch rules as full_case in process $proc$src/qspi_master.v:122$284 in module qspi_master.
Marked 4 switch rules as full_case in process $proc$src/instruction_decoder.v:86$243 in module instruction_decoder.
Marked 5 switch rules as full_case in process $proc$src/forwarding_selector.v:17$194 in module forwarding_selector.
Removed 1 dead cases from process $proc$src/demo_rom.v:9$193 in module demo_rom.
Marked 1 switch rules as full_case in process $proc$src/demo_rom.v:9$193 in module demo_rom.
Marked 1 switch rules as full_case in process $proc$src/condition_checker.v:18$177 in module condition_checker.
Marked 3 switch rules as full_case in process $proc$src/barrel_shifter.v:39$171 in module barrel_shifter.
Marked 1 switch rules as full_case in process $proc$src/arm16_datapath.v:429$162 in module arm16_datapath.
Marked 1 switch rules as full_case in process $proc$src/arm16_datapath.v:419$161 in module arm16_datapath.
Marked 1 switch rules as full_case in process $proc$src/arm16_datapath.v:410$160 in module arm16_datapath.
Marked 2 switch rules as full_case in process $proc$src/arm16_datapath.v:393$156 in module arm16_datapath.
Marked 1 switch rules as full_case in process $proc$src/arm16_datapath.v:369$151 in module arm16_datapath.
Marked 1 switch rules as full_case in process $proc$src/arm16_datapath.v:360$148 in module arm16_datapath.
Marked 1 switch rules as full_case in process $proc$src/arm16_datapath.v:339$146 in module arm16_datapath.
Marked 1 switch rules as full_case in process $proc$src/arm16_datapath.v:318$144 in module arm16_datapath.
Marked 1 switch rules as full_case in process $proc$src/arm16_datapath.v:267$129 in module arm16_datapath.
Marked 1 switch rules as full_case in process $proc$src/arm16_datapath.v:254$126 in module arm16_datapath.
Marked 2 switch rules as full_case in process $proc$src/arm16_datapath.v:237$123 in module arm16_datapath.
Marked 3 switch rules as full_case in process $proc$src/arm16_controller.v:101$45 in module arm16_controller.
Marked 9 switch rules as full_case in process $proc$src/arm16_controller.v:61$37 in module arm16_controller.
Marked 1 switch rules as full_case in process $proc$src/arm16_controller.v:53$36 in module arm16_controller.
Marked 1 switch rules as full_case in process $proc$src/alu.v:42$10 in module alu.
Removed a total of 1 dead cases.

15.2.3. Executing PROC_PRUNE pass (remove redundant assignments in processes).
Removed 9 redundant assignments.
Promoted 63 assignments to connections.

15.2.4. Executing PROC_INIT pass (extract init attributes).

15.2.5. Executing PROC_ARST pass (detect async resets in processes).
Found async reset \rst_n in `\reset_synchronizer.$proc$src/reset_synchronizer.v:13$388'.

15.2.6. Executing PROC_ROM pass (convert switches to ROMs).
Converted 2 switches.
<suppressed ~102 debug messages>

15.2.7. Executing PROC_MUX pass (convert decision trees to multiplexers).
Creating decoders for process `\vga_renderer.$proc$src/vga_renderer.v:101$423'.
     1/1: $1\segment_on[0:0]
Creating decoders for process `\vga_renderer.$proc$src/vga_renderer.v:79$422'.
     1/1: $1\segments[6:0]
Creating decoders for process `\vga_renderer.$proc$src/vga_renderer.v:69$421'.
     1/1: $1\nibble[3:0]
Creating decoders for process `\vga_renderer.$proc$src/vga_renderer.v:52$405'.
     1/2: $0\h_count[9:0]
     2/2: $0\v_count[9:0]
Creating decoders for process `\reset_synchronizer.$proc$src/reset_synchronizer.v:13$388'.
     1/2: $0\sync_second[0:0]
     2/2: $0\sync_first[0:0]
Creating decoders for process `\register_file.$proc$src/register_file.v:20$381'.
     1/3: $1$memwr$\regs$src/register_file.v:22$378_EN[15:0]$387
     2/3: $1$memwr$\regs$src/register_file.v:22$378_DATA[15:0]$386
     3/3: $1$memwr$\regs$src/register_file.v:22$378_ADDR[3:0]$385
Creating decoders for process `\qspi_master.$proc$src/qspi_master.v:327$369'.
     1/10: $4\tx_oe[3:0]
     2/10: $6\tx_nibble[3:0]
     3/10: $5\tx_nibble[3:0]
     4/10: $3\tx_oe[3:0]
     5/10: $4\tx_nibble[3:0]
     6/10: $3\tx_nibble[3:0]
     7/10: $2\tx_oe[3:0]
     8/10: $2\tx_nibble[3:0]
     9/10: $1\tx_oe[3:0]
    10/10: $1\tx_nibble[3:0]
Creating decoders for process `\qspi_master.$proc$src/qspi_master.v:283$350'.
     1/10: $10\next_state[2:0]
     2/10: $9\next_state[2:0]
     3/10: $8\next_state[2:0]
     4/10: $7\next_state[2:0]
     5/10: $6\next_state[2:0]
     6/10: $5\next_state[2:0]
     7/10: $4\next_state[2:0]
     8/10: $3\next_state[2:0]
     9/10: $2\next_state[2:0]
    10/10: $1\next_state[2:0]
Creating decoders for process `\qspi_master.$proc$src/qspi_master.v:260$340'.
     1/3: $0\cs_low_cnt[7:0]
     2/3: $0\data_done_reg[0:0]
     3/3: $0\fault_reg[0:0]
Creating decoders for process `\qspi_master.$proc$src/qspi_master.v:221$308'.
     1/8: $2$lookahead\rx_word$307[31:0]$326
     2/8: $2$bitselwrite$pos$src/qspi_master.v:242$257[31:0]$325
     3/8: $0\cap_pipe[2:0] [2:1]
     4/8: $0\cap_pipe[2:0] [0]
     5/8: $1$lookahead\rx_word$307[31:0]$312
     6/8: $1$bitselwrite$pos$src/qspi_master.v:242$257[31:0]$311
     7/8: $0\word_valid_reg[0:0]
     8/8: $0\cap_count[2:0]
Creating decoders for process `\qspi_master.$proc$src/qspi_master.v:136$286'.
     1/13: $0\stop_pending[0:0]
     2/13: $0\gap_cnt[3:0]
     3/13: $0\req_cnt[3:0]
     4/13: $0\period[4:0]
     5/13: $0\wdata_reg[15:0]
     6/13: $0\addr_reg[23:0]
     7/13: $0\cmd_byte[7:0]
     8/13: $0\sd_oe_reg[3:0]
     9/13: $0\sd_reg[3:0]
    10/13: $0\cs_ram_n_reg[0:0]
    11/13: $0\cs_flash_n_reg[0:0]
    12/13: $0\sck_reg[0:0]
    13/13: $0\kind[1:0]
Creating decoders for process `\qspi_master.$proc$src/qspi_master.v:131$285'.
Creating decoders for process `\qspi_master.$proc$src/qspi_master.v:122$284'.
     1/1: $0\present_state[2:0]
Creating decoders for process `\instruction_decoder.$proc$src/instruction_decoder.v:86$243'.
     1/36: $3\dest_out[3:0]
     2/36: $4\wb_en_out[0:0]
     3/36: $3\link_out[0:0]
     4/36: $3\is_branch_out[0:0]
     5/36: $2\src2_out[3:0]
     6/36: $3\has_src2_out[0:0]
     7/36: $3\has_src1_out[0:0]
     8/36: $3\wb_en_out[0:0]
     9/36: $2\is_store_out[0:0]
    10/36: $2\is_load_out[0:0]
    11/36: $3\command_out[3:0]
    12/36: $2\memory_out[0:0]
    13/36: $2\dest_out[3:0]
    14/36: $2\link_out[0:0]
    15/36: $2\is_branch_out[0:0]
    16/36: $2\command_out[3:0]
    17/36: $2\has_src2_out[0:0]
    18/36: $2\has_src1_out[0:0]
    19/36: $2\dest_is_pc_out[0:0]
    20/36: $2\immediate_out[0:0]
    21/36: $2\set_flags_out[0:0]
    22/36: $2\wb_en_out[0:0]
    23/36: $1\has_src2_out[0:0]
    24/36: $1\has_src1_out[0:0]
    25/36: $1\dest_is_pc_out[0:0]
    26/36: $1\immediate_out[0:0]
    27/36: $1\command_out[3:0]
    28/36: $1\set_flags_out[0:0]
    29/36: $1\wb_en_out[0:0]
    30/36: $1\src2_out[3:0]
    31/36: $1\dest_out[3:0]
    32/36: $1\memory_out[0:0]
    33/36: $1\link_out[0:0]
    34/36: $1\is_branch_out[0:0]
    35/36: $1\is_store_out[0:0]
    36/36: $1\is_load_out[0:0]
Creating decoders for process `\forwarding_selector.$proc$src/forwarding_selector.v:17$194'.
     1/6: $3\sel2_out[1:0]
     2/6: $2\sel2_out[1:0]
     3/6: $3\sel1_out[1:0]
     4/6: $2\sel1_out[1:0]
     5/6: $1\sel2_out[1:0]
     6/6: $1\sel1_out[1:0]
Creating decoders for process `\demo_rom.$proc$src/demo_rom.v:9$193'.
     1/1: $1\word_out[31:0]
Creating decoders for process `\condition_checker.$proc$src/condition_checker.v:18$177'.
     1/1: $1\met_out[0:0]
Creating decoders for process `\barrel_shifter.$proc$src/barrel_shifter.v:39$171'.
     1/3: $3\result_out[15:0]
     2/3: $2\result_out[15:0]
     3/3: $1\result_out[15:0]
Creating decoders for process `\arm16_datapath.$proc$src/arm16_datapath.v:429$162'.
     1/1: $1\mem_periph_read[15:0]
Creating decoders for process `\arm16_datapath.$proc$src/arm16_datapath.v:419$161'.
     1/1: $1\ex_operand_rm[15:0]
Creating decoders for process `\arm16_datapath.$proc$src/arm16_datapath.v:410$160'.
     1/1: $1\ex_operand_a[15:0]
Creating decoders for process `\arm16_datapath.$proc$src/arm16_datapath.v:393$156'.
     1/3: $0\vsync_q[0:0]
     2/3: $0\meter_value[15:0]
     3/3: $0\retired_count[19:0]
Creating decoders for process `\arm16_datapath.$proc$src/arm16_datapath.v:369$151'.
     1/4: $0\uart_div[15:0]
     2/4: $0\vga_bg[5:0]
     3/4: $0\vga_fg[5:0]
     4/4: $0\vga_val[15:0]
Creating decoders for process `\arm16_datapath.$proc$src/arm16_datapath.v:360$148'.
     1/1: $0\nzcv[3:0]
Creating decoders for process `\arm16_datapath.$proc$src/arm16_datapath.v:339$146'.
     1/6: $0\wb_load_data[15:0]
     2/6: $0\wb_alu_result[15:0]
     3/6: $0\wb_dest[3:0]
     4/6: $0\wb_mem_read[0:0]
     5/6: $0\wb_wb_en[0:0]
     6/6: $0\wb_valid[0:0]
Creating decoders for process `\arm16_datapath.$proc$src/arm16_datapath.v:318$144'.
     1/7: $0\mem_store_data[15:0]
     2/7: $0\mem_alu_result[15:0]
     3/7: $0\mem_dest[3:0]
     4/7: $0\mem_mem_write[0:0]
     5/7: $0\mem_mem_read[0:0]
     6/7: $0\mem_wb_en[0:0]
     7/7: $0\mem_valid[0:0]
Creating decoders for process `\arm16_datapath.$proc$src/arm16_datapath.v:267$129'.
     1/22: $0\ex_flags[3:0]
     2/22: $0\ex_has_src2[0:0]
     3/22: $0\ex_has_src1[0:0]
     4/22: $0\ex_src2[3:0]
     5/22: $0\ex_src1[3:0]
     6/22: $0\ex_val_rm[15:0]
     7/22: $0\ex_val_rn[15:0]
     8/22: $0\ex_branch_imm[23:0]
     9/22: $0\ex_operand2[11:0]
    10/22: $0\ex_memory[0:0]
    11/22: $0\ex_immediate[0:0]
    12/22: $0\ex_command[3:0]
    13/22: $0\ex_dest_is_pc[0:0]
    14/22: $0\ex_dest[3:0]
    15/22: $0\ex_set_flags[0:0]
    16/22: $0\ex_link[0:0]
    17/22: $0\ex_branch[0:0]
    18/22: $0\ex_mem_write[0:0]
    19/22: $0\ex_mem_read[0:0]
    20/22: $0\ex_wb_en[0:0]
    21/22: $0\ex_pc[15:0]
    22/22: $0\ex_valid[0:0]
Creating decoders for process `\arm16_datapath.$proc$src/arm16_datapath.v:254$126'.
     1/3: $0\if_id_valid[0:0]
     2/3: $0\if_id_instr[31:0]
     3/3: $0\if_id_pc[15:0]
Creating decoders for process `\arm16_datapath.$proc$src/arm16_datapath.v:247$125'.
     1/1: $0\fetch_word[31:0]
Creating decoders for process `\arm16_datapath.$proc$src/arm16_datapath.v:237$123'.
     1/1: $0\fetch_addr[15:0]
Creating decoders for process `\arm16_datapath.$proc$src/arm16_datapath.v:228$122'.
     1/3: $0\rom_mode_q[0:0]
     2/3: $0\rx_delay_q[1:0]
     3/3: $0\fwd_en_q[0:0]
Creating decoders for process `\arm16_controller.$proc$src/arm16_controller.v:101$45'.
     1/15: $3\stream_start_out[0:0]
     2/15: $2\addr_sel_out[0:0]
     3/15: $2\data_start_out[0:0]
     4/15: $2\stream_start_out[0:0]
     5/15: $1\addr_sel_out[0:0]
     6/15: $1\data_start_out[0:0]
     7/15: $1\stream_start_out[0:0]
     8/15: $1\if_id_bubble_out[0:0]
     9/15: $1\if_id_load_out[0:0]
    10/15: $1\fetch_src_rom_out[0:0]
    11/15: $1\fetch_word_load_out[0:0]
    12/15: $1\fetch_addr_inc_out[0:0]
    13/15: $1\word_room_out[0:0]
    14/15: $1\word_take_out[0:0]
    15/15: $1\stream_stop_out[0:0]
Creating decoders for process `\arm16_controller.$proc$src/arm16_controller.v:61$37'.
     1/9: $9\next_state[2:0]
     2/9: $8\next_state[2:0]
     3/9: $7\next_state[2:0]
     4/9: $6\next_state[2:0]
     5/9: $5\next_state[2:0]
     6/9: $4\next_state[2:0]
     7/9: $3\next_state[2:0]
     8/9: $2\next_state[2:0]
     9/9: $1\next_state[2:0]
Creating decoders for process `\arm16_controller.$proc$src/arm16_controller.v:53$36'.
     1/1: $0\present_state[2:0]
Creating decoders for process `\alu.$proc$src/alu.v:42$10'.
     1/4: $1\result_out[15:0]
     2/4: $1\arith_out[0:0]
     3/4: $1\overflow_out[0:0]
     4/4: $1\carry_out[0:0]

15.2.8. Executing PROC_DLATCH pass (convert process syncs to latches).
No latch inferred for signal `\vga_renderer.\segment_on' from process `\vga_renderer.$proc$src/vga_renderer.v:101$423'.
No latch inferred for signal `\vga_renderer.\segments' from process `\vga_renderer.$proc$src/vga_renderer.v:79$422'.
No latch inferred for signal `\vga_renderer.\nibble' from process `\vga_renderer.$proc$src/vga_renderer.v:69$421'.
No latch inferred for signal `\qspi_master.\tx_nibble' from process `\qspi_master.$proc$src/qspi_master.v:327$369'.
No latch inferred for signal `\qspi_master.\tx_oe' from process `\qspi_master.$proc$src/qspi_master.v:327$369'.
No latch inferred for signal `\qspi_master.\next_state' from process `\qspi_master.$proc$src/qspi_master.v:283$350'.
No latch inferred for signal `\instruction_decoder.\valid_out' from process `\instruction_decoder.$proc$src/instruction_decoder.v:86$243'.
No latch inferred for signal `\instruction_decoder.\is_load_out' from process `\instruction_decoder.$proc$src/instruction_decoder.v:86$243'.
No latch inferred for signal `\instruction_decoder.\is_store_out' from process `\instruction_decoder.$proc$src/instruction_decoder.v:86$243'.
No latch inferred for signal `\instruction_decoder.\is_branch_out' from process `\instruction_decoder.$proc$src/instruction_decoder.v:86$243'.
No latch inferred for signal `\instruction_decoder.\link_out' from process `\instruction_decoder.$proc$src/instruction_decoder.v:86$243'.
No latch inferred for signal `\instruction_decoder.\wb_en_out' from process `\instruction_decoder.$proc$src/instruction_decoder.v:86$243'.
No latch inferred for signal `\instruction_decoder.\set_flags_out' from process `\instruction_decoder.$proc$src/instruction_decoder.v:86$243'.
No latch inferred for signal `\instruction_decoder.\command_out' from process `\instruction_decoder.$proc$src/instruction_decoder.v:86$243'.
No latch inferred for signal `\instruction_decoder.\immediate_out' from process `\instruction_decoder.$proc$src/instruction_decoder.v:86$243'.
No latch inferred for signal `\instruction_decoder.\memory_out' from process `\instruction_decoder.$proc$src/instruction_decoder.v:86$243'.
No latch inferred for signal `\instruction_decoder.\dest_out' from process `\instruction_decoder.$proc$src/instruction_decoder.v:86$243'.
No latch inferred for signal `\instruction_decoder.\dest_is_pc_out' from process `\instruction_decoder.$proc$src/instruction_decoder.v:86$243'.
No latch inferred for signal `\instruction_decoder.\src1_out' from process `\instruction_decoder.$proc$src/instruction_decoder.v:86$243'.
No latch inferred for signal `\instruction_decoder.\src2_out' from process `\instruction_decoder.$proc$src/instruction_decoder.v:86$243'.
No latch inferred for signal `\instruction_decoder.\has_src1_out' from process `\instruction_decoder.$proc$src/instruction_decoder.v:86$243'.
No latch inferred for signal `\instruction_decoder.\has_src2_out' from process `\instruction_decoder.$proc$src/instruction_decoder.v:86$243'.
No latch inferred for signal `\forwarding_selector.\sel1_out' from process `\forwarding_selector.$proc$src/forwarding_selector.v:17$194'.
No latch inferred for signal `\forwarding_selector.\sel2_out' from process `\forwarding_selector.$proc$src/forwarding_selector.v:17$194'.
No latch inferred for signal `\demo_rom.\word_out' from process `\demo_rom.$proc$src/demo_rom.v:9$193'.
No latch inferred for signal `\condition_checker.\met_out' from process `\condition_checker.$proc$src/condition_checker.v:18$177'.
No latch inferred for signal `\barrel_shifter.\result_out' from process `\barrel_shifter.$proc$src/barrel_shifter.v:39$171'.
No latch inferred for signal `\arm16_datapath.\mem_periph_read' from process `\arm16_datapath.$proc$src/arm16_datapath.v:429$162'.
No latch inferred for signal `\arm16_datapath.\ex_operand_rm' from process `\arm16_datapath.$proc$src/arm16_datapath.v:419$161'.
No latch inferred for signal `\arm16_datapath.\ex_operand_a' from process `\arm16_datapath.$proc$src/arm16_datapath.v:410$160'.
No latch inferred for signal `\arm16_controller.\stream_start_out' from process `\arm16_controller.$proc$src/arm16_controller.v:101$45'.
No latch inferred for signal `\arm16_controller.\stream_stop_out' from process `\arm16_controller.$proc$src/arm16_controller.v:101$45'.
No latch inferred for signal `\arm16_controller.\data_start_out' from process `\arm16_controller.$proc$src/arm16_controller.v:101$45'.
No latch inferred for signal `\arm16_controller.\data_flash_out' from process `\arm16_controller.$proc$src/arm16_controller.v:101$45'.
No latch inferred for signal `\arm16_controller.\data_write_out' from process `\arm16_controller.$proc$src/arm16_controller.v:101$45'.
No latch inferred for signal `\arm16_controller.\word_take_out' from process `\arm16_controller.$proc$src/arm16_controller.v:101$45'.
No latch inferred for signal `\arm16_controller.\word_room_out' from process `\arm16_controller.$proc$src/arm16_controller.v:101$45'.
No latch inferred for signal `\arm16_controller.\addr_sel_out' from process `\arm16_controller.$proc$src/arm16_controller.v:101$45'.
No latch inferred for signal `\arm16_controller.\fetch_addr_load_out' from process `\arm16_controller.$proc$src/arm16_controller.v:101$45'.
No latch inferred for signal `\arm16_controller.\fetch_addr_inc_out' from process `\arm16_controller.$proc$src/arm16_controller.v:101$45'.
No latch inferred for signal `\arm16_controller.\fetch_word_load_out' from process `\arm16_controller.$proc$src/arm16_controller.v:101$45'.
No latch inferred for signal `\arm16_controller.\fetch_src_rom_out' from process `\arm16_controller.$proc$src/arm16_controller.v:101$45'.
No latch inferred for signal `\arm16_controller.\if_id_load_out' from process `\arm16_controller.$proc$src/arm16_controller.v:101$45'.
No latch inferred for signal `\arm16_controller.\if_id_bubble_out' from process `\arm16_controller.$proc$src/arm16_controller.v:101$45'.
No latch inferred for signal `\arm16_controller.\id_ex_bubble_out' from process `\arm16_controller.$proc$src/arm16_controller.v:101$45'.
No latch inferred for signal `\arm16_controller.\mem_busy_out' from process `\arm16_controller.$proc$src/arm16_controller.v:101$45'.
No latch inferred for signal `\arm16_controller.\next_state' from process `\arm16_controller.$proc$src/arm16_controller.v:61$37'.
No latch inferred for signal `\alu.\result_out' from process `\alu.$proc$src/alu.v:42$10'.
No latch inferred for signal `\alu.\carry_out' from process `\alu.$proc$src/alu.v:42$10'.
No latch inferred for signal `\alu.\overflow_out' from process `\alu.$proc$src/alu.v:42$10'.
No latch inferred for signal `\alu.\arith_out' from process `\alu.$proc$src/alu.v:42$10'.

15.2.9. Executing PROC_DFF pass (convert process syncs to FFs).
Creating register for signal `\vga_renderer.\pins_out' using process `\vga_renderer.$proc$src/vga_renderer.v:52$405'.
  created $dff cell `$procdff$1730' with positive edge clock.
Creating register for signal `\vga_renderer.\h_count' using process `\vga_renderer.$proc$src/vga_renderer.v:52$405'.
  created $dff cell `$procdff$1731' with positive edge clock.
Creating register for signal `\vga_renderer.\v_count' using process `\vga_renderer.$proc$src/vga_renderer.v:52$405'.
  created $dff cell `$procdff$1732' with positive edge clock.
Creating register for signal `\vga_renderer.\active' using process `\vga_renderer.$proc$src/vga_renderer.v:52$405'.
  created $dff cell `$procdff$1733' with positive edge clock.
Creating register for signal `\vga_renderer.\hsync_n' using process `\vga_renderer.$proc$src/vga_renderer.v:52$405'.
  created $dff cell `$procdff$1734' with positive edge clock.
Creating register for signal `\vga_renderer.\vsync_n' using process `\vga_renderer.$proc$src/vga_renderer.v:52$405'.
  created $dff cell `$procdff$1735' with positive edge clock.
Creating register for signal `\vga_renderer.\lit' using process `\vga_renderer.$proc$src/vga_renderer.v:52$405'.
  created $dff cell `$procdff$1736' with positive edge clock.
Creating register for signal `\reset_synchronizer.\sync_first' using process `\reset_synchronizer.$proc$src/reset_synchronizer.v:13$388'.
  created $adff cell `$procdff$1741' with positive edge clock and positive level reset.
Creating register for signal `\reset_synchronizer.\sync_second' using process `\reset_synchronizer.$proc$src/reset_synchronizer.v:13$388'.
  created $adff cell `$procdff$1746' with positive edge clock and positive level reset.
Creating register for signal `\register_file.$memwr$\regs$src/register_file.v:22$378_ADDR' using process `\register_file.$proc$src/register_file.v:20$381'.
  created $dff cell `$procdff$1747' with negative edge clock.
Creating register for signal `\register_file.$memwr$\regs$src/register_file.v:22$378_DATA' using process `\register_file.$proc$src/register_file.v:20$381'.
  created $dff cell `$procdff$1748' with negative edge clock.
Creating register for signal `\register_file.$memwr$\regs$src/register_file.v:22$378_EN' using process `\register_file.$proc$src/register_file.v:20$381'.
  created $dff cell `$procdff$1749' with negative edge clock.
Creating register for signal `\qspi_master.\data_done_reg' using process `\qspi_master.$proc$src/qspi_master.v:260$340'.
  created $dff cell `$procdff$1750' with positive edge clock.
Creating register for signal `\qspi_master.\fault_reg' using process `\qspi_master.$proc$src/qspi_master.v:260$340'.
  created $dff cell `$procdff$1751' with positive edge clock.
Creating register for signal `\qspi_master.\cs_low_cnt' using process `\qspi_master.$proc$src/qspi_master.v:260$340'.
  created $dff cell `$procdff$1752' with positive edge clock.
Creating register for signal `\qspi_master.\cap_pipe' using process `\qspi_master.$proc$src/qspi_master.v:221$308'.
  created $dff cell `$procdff$1753' with positive edge clock.
Creating register for signal `\qspi_master.\cap_count' using process `\qspi_master.$proc$src/qspi_master.v:221$308'.
  created $dff cell `$procdff$1754' with positive edge clock.
Creating register for signal `\qspi_master.\rx_word' using process `\qspi_master.$proc$src/qspi_master.v:221$308'.
  created $dff cell `$procdff$1755' with positive edge clock.
Creating register for signal `\qspi_master.\word_valid_reg' using process `\qspi_master.$proc$src/qspi_master.v:221$308'.
  created $dff cell `$procdff$1756' with positive edge clock.
Creating register for signal `\qspi_master.$bitselwrite$pos$src/qspi_master.v:242$257' using process `\qspi_master.$proc$src/qspi_master.v:221$308'.
  created $dff cell `$procdff$1757' with positive edge clock.
Creating register for signal `\qspi_master.$lookahead\rx_word$307' using process `\qspi_master.$proc$src/qspi_master.v:221$308'.
  created $dff cell `$procdff$1758' with positive edge clock.
Creating register for signal `\qspi_master.\kind' using process `\qspi_master.$proc$src/qspi_master.v:136$286'.
  created $dff cell `$procdff$1759' with positive edge clock.
Creating register for signal `\qspi_master.\sck_reg' using process `\qspi_master.$proc$src/qspi_master.v:136$286'.
  created $dff cell `$procdff$1760' with positive edge clock.
Creating register for signal `\qspi_master.\cs_flash_n_reg' using process `\qspi_master.$proc$src/qspi_master.v:136$286'.
  created $dff cell `$procdff$1761' with positive edge clock.
Creating register for signal `\qspi_master.\cs_ram_n_reg' using process `\qspi_master.$proc$src/qspi_master.v:136$286'.
  created $dff cell `$procdff$1762' with positive edge clock.
Creating register for signal `\qspi_master.\sd_reg' using process `\qspi_master.$proc$src/qspi_master.v:136$286'.
  created $dff cell `$procdff$1763' with positive edge clock.
Creating register for signal `\qspi_master.\sd_oe_reg' using process `\qspi_master.$proc$src/qspi_master.v:136$286'.
  created $dff cell `$procdff$1764' with positive edge clock.
Creating register for signal `\qspi_master.\cmd_byte' using process `\qspi_master.$proc$src/qspi_master.v:136$286'.
  created $dff cell `$procdff$1765' with positive edge clock.
Creating register for signal `\qspi_master.\addr_reg' using process `\qspi_master.$proc$src/qspi_master.v:136$286'.
  created $dff cell `$procdff$1766' with positive edge clock.
Creating register for signal `\qspi_master.\wdata_reg' using process `\qspi_master.$proc$src/qspi_master.v:136$286'.
  created $dff cell `$procdff$1767' with positive edge clock.
Creating register for signal `\qspi_master.\period' using process `\qspi_master.$proc$src/qspi_master.v:136$286'.
  created $dff cell `$procdff$1768' with positive edge clock.
Creating register for signal `\qspi_master.\req_cnt' using process `\qspi_master.$proc$src/qspi_master.v:136$286'.
  created $dff cell `$procdff$1769' with positive edge clock.
Creating register for signal `\qspi_master.\gap_cnt' using process `\qspi_master.$proc$src/qspi_master.v:136$286'.
  created $dff cell `$procdff$1770' with positive edge clock.
Creating register for signal `\qspi_master.\stop_pending' using process `\qspi_master.$proc$src/qspi_master.v:136$286'.
  created $dff cell `$procdff$1771' with positive edge clock.
Creating register for signal `\qspi_master.\sck_pad' using process `\qspi_master.$proc$src/qspi_master.v:131$285'.
  created $dff cell `$procdff$1772' with negative edge clock.
Creating register for signal `\qspi_master.\present_state' using process `\qspi_master.$proc$src/qspi_master.v:122$284'.
  created $dff cell `$procdff$1773' with positive edge clock.
Creating register for signal `\arm16_datapath.\retired_count' using process `\arm16_datapath.$proc$src/arm16_datapath.v:393$156'.
  created $dff cell `$procdff$1774' with positive edge clock.
Creating register for signal `\arm16_datapath.\meter_value' using process `\arm16_datapath.$proc$src/arm16_datapath.v:393$156'.
  created $dff cell `$procdff$1775' with positive edge clock.
Creating register for signal `\arm16_datapath.\vsync_q' using process `\arm16_datapath.$proc$src/arm16_datapath.v:393$156'.
  created $dff cell `$procdff$1776' with positive edge clock.
Creating register for signal `\arm16_datapath.\vga_val' using process `\arm16_datapath.$proc$src/arm16_datapath.v:369$151'.
  created $dff cell `$procdff$1777' with positive edge clock.
Creating register for signal `\arm16_datapath.\vga_fg' using process `\arm16_datapath.$proc$src/arm16_datapath.v:369$151'.
  created $dff cell `$procdff$1778' with positive edge clock.
Creating register for signal `\arm16_datapath.\vga_bg' using process `\arm16_datapath.$proc$src/arm16_datapath.v:369$151'.
  created $dff cell `$procdff$1779' with positive edge clock.
Creating register for signal `\arm16_datapath.\uart_div' using process `\arm16_datapath.$proc$src/arm16_datapath.v:369$151'.
  created $dff cell `$procdff$1780' with positive edge clock.
Creating register for signal `\arm16_datapath.\nzcv' using process `\arm16_datapath.$proc$src/arm16_datapath.v:360$148'.
  created $dff cell `$procdff$1781' with positive edge clock.
Creating register for signal `\arm16_datapath.\wb_valid' using process `\arm16_datapath.$proc$src/arm16_datapath.v:339$146'.
  created $dff cell `$procdff$1782' with positive edge clock.
Creating register for signal `\arm16_datapath.\wb_wb_en' using process `\arm16_datapath.$proc$src/arm16_datapath.v:339$146'.
  created $dff cell `$procdff$1783' with positive edge clock.
Creating register for signal `\arm16_datapath.\wb_mem_read' using process `\arm16_datapath.$proc$src/arm16_datapath.v:339$146'.
  created $dff cell `$procdff$1784' with positive edge clock.
Creating register for signal `\arm16_datapath.\wb_dest' using process `\arm16_datapath.$proc$src/arm16_datapath.v:339$146'.
  created $dff cell `$procdff$1785' with positive edge clock.
Creating register for signal `\arm16_datapath.\wb_alu_result' using process `\arm16_datapath.$proc$src/arm16_datapath.v:339$146'.
  created $dff cell `$procdff$1786' with positive edge clock.
Creating register for signal `\arm16_datapath.\wb_load_data' using process `\arm16_datapath.$proc$src/arm16_datapath.v:339$146'.
  created $dff cell `$procdff$1787' with positive edge clock.
Creating register for signal `\arm16_datapath.\mem_valid' using process `\arm16_datapath.$proc$src/arm16_datapath.v:318$144'.
  created $dff cell `$procdff$1788' with positive edge clock.
Creating register for signal `\arm16_datapath.\mem_wb_en' using process `\arm16_datapath.$proc$src/arm16_datapath.v:318$144'.
  created $dff cell `$procdff$1789' with positive edge clock.
Creating register for signal `\arm16_datapath.\mem_mem_read' using process `\arm16_datapath.$proc$src/arm16_datapath.v:318$144'.
  created $dff cell `$procdff$1790' with positive edge clock.
Creating register for signal `\arm16_datapath.\mem_mem_write' using process `\arm16_datapath.$proc$src/arm16_datapath.v:318$144'.
  created $dff cell `$procdff$1791' with positive edge clock.
Creating register for signal `\arm16_datapath.\mem_dest' using process `\arm16_datapath.$proc$src/arm16_datapath.v:318$144'.
  created $dff cell `$procdff$1792' with positive edge clock.
Creating register for signal `\arm16_datapath.\mem_alu_result' using process `\arm16_datapath.$proc$src/arm16_datapath.v:318$144'.
  created $dff cell `$procdff$1793' with positive edge clock.
Creating register for signal `\arm16_datapath.\mem_store_data' using process `\arm16_datapath.$proc$src/arm16_datapath.v:318$144'.
  created $dff cell `$procdff$1794' with positive edge clock.
Creating register for signal `\arm16_datapath.\ex_valid' using process `\arm16_datapath.$proc$src/arm16_datapath.v:267$129'.
  created $dff cell `$procdff$1795' with positive edge clock.
Creating register for signal `\arm16_datapath.\ex_pc' using process `\arm16_datapath.$proc$src/arm16_datapath.v:267$129'.
  created $dff cell `$procdff$1796' with positive edge clock.
Creating register for signal `\arm16_datapath.\ex_wb_en' using process `\arm16_datapath.$proc$src/arm16_datapath.v:267$129'.
  created $dff cell `$procdff$1797' with positive edge clock.
Creating register for signal `\arm16_datapath.\ex_mem_read' using process `\arm16_datapath.$proc$src/arm16_datapath.v:267$129'.
  created $dff cell `$procdff$1798' with positive edge clock.
Creating register for signal `\arm16_datapath.\ex_mem_write' using process `\arm16_datapath.$proc$src/arm16_datapath.v:267$129'.
  created $dff cell `$procdff$1799' with positive edge clock.
Creating register for signal `\arm16_datapath.\ex_branch' using process `\arm16_datapath.$proc$src/arm16_datapath.v:267$129'.
  created $dff cell `$procdff$1800' with positive edge clock.
Creating register for signal `\arm16_datapath.\ex_link' using process `\arm16_datapath.$proc$src/arm16_datapath.v:267$129'.
  created $dff cell `$procdff$1801' with positive edge clock.
Creating register for signal `\arm16_datapath.\ex_set_flags' using process `\arm16_datapath.$proc$src/arm16_datapath.v:267$129'.
  created $dff cell `$procdff$1802' with positive edge clock.
Creating register for signal `\arm16_datapath.\ex_dest' using process `\arm16_datapath.$proc$src/arm16_datapath.v:267$129'.
  created $dff cell `$procdff$1803' with positive edge clock.
Creating register for signal `\arm16_datapath.\ex_dest_is_pc' using process `\arm16_datapath.$proc$src/arm16_datapath.v:267$129'.
  created $dff cell `$procdff$1804' with positive edge clock.
Creating register for signal `\arm16_datapath.\ex_command' using process `\arm16_datapath.$proc$src/arm16_datapath.v:267$129'.
  created $dff cell `$procdff$1805' with positive edge clock.
Creating register for signal `\arm16_datapath.\ex_immediate' using process `\arm16_datapath.$proc$src/arm16_datapath.v:267$129'.
  created $dff cell `$procdff$1806' with positive edge clock.
Creating register for signal `\arm16_datapath.\ex_memory' using process `\arm16_datapath.$proc$src/arm16_datapath.v:267$129'.
  created $dff cell `$procdff$1807' with positive edge clock.
Creating register for signal `\arm16_datapath.\ex_operand2' using process `\arm16_datapath.$proc$src/arm16_datapath.v:267$129'.
  created $dff cell `$procdff$1808' with positive edge clock.
Creating register for signal `\arm16_datapath.\ex_branch_imm' using process `\arm16_datapath.$proc$src/arm16_datapath.v:267$129'.
  created $dff cell `$procdff$1809' with positive edge clock.
Creating register for signal `\arm16_datapath.\ex_val_rn' using process `\arm16_datapath.$proc$src/arm16_datapath.v:267$129'.
  created $dff cell `$procdff$1810' with positive edge clock.
Creating register for signal `\arm16_datapath.\ex_val_rm' using process `\arm16_datapath.$proc$src/arm16_datapath.v:267$129'.
  created $dff cell `$procdff$1811' with positive edge clock.
Creating register for signal `\arm16_datapath.\ex_src1' using process `\arm16_datapath.$proc$src/arm16_datapath.v:267$129'.
  created $dff cell `$procdff$1812' with positive edge clock.
Creating register for signal `\arm16_datapath.\ex_src2' using process `\arm16_datapath.$proc$src/arm16_datapath.v:267$129'.
  created $dff cell `$procdff$1813' with positive edge clock.
Creating register for signal `\arm16_datapath.\ex_has_src1' using process `\arm16_datapath.$proc$src/arm16_datapath.v:267$129'.
  created $dff cell `$procdff$1814' with positive edge clock.
Creating register for signal `\arm16_datapath.\ex_has_src2' using process `\arm16_datapath.$proc$src/arm16_datapath.v:267$129'.
  created $dff cell `$procdff$1815' with positive edge clock.
Creating register for signal `\arm16_datapath.\ex_flags' using process `\arm16_datapath.$proc$src/arm16_datapath.v:267$129'.
  created $dff cell `$procdff$1816' with positive edge clock.
Creating register for signal `\arm16_datapath.\if_id_pc' using process `\arm16_datapath.$proc$src/arm16_datapath.v:254$126'.
  created $dff cell `$procdff$1817' with positive edge clock.
Creating register for signal `\arm16_datapath.\if_id_instr' using process `\arm16_datapath.$proc$src/arm16_datapath.v:254$126'.
  created $dff cell `$procdff$1818' with positive edge clock.
Creating register for signal `\arm16_datapath.\if_id_valid' using process `\arm16_datapath.$proc$src/arm16_datapath.v:254$126'.
  created $dff cell `$procdff$1819' with positive edge clock.
Creating register for signal `\arm16_datapath.\fetch_word' using process `\arm16_datapath.$proc$src/arm16_datapath.v:247$125'.
  created $dff cell `$procdff$1820' with positive edge clock.
Creating register for signal `\arm16_datapath.\fetch_addr' using process `\arm16_datapath.$proc$src/arm16_datapath.v:237$123'.
  created $dff cell `$procdff$1821' with positive edge clock.
Creating register for signal `\arm16_datapath.\fwd_en_q' using process `\arm16_datapath.$proc$src/arm16_datapath.v:228$122'.
  created $dff cell `$procdff$1822' with positive edge clock.
Creating register for signal `\arm16_datapath.\rx_delay_q' using process `\arm16_datapath.$proc$src/arm16_datapath.v:228$122'.
  created $dff cell `$procdff$1823' with positive edge clock.
Creating register for signal `\arm16_datapath.\rom_mode_q' using process `\arm16_datapath.$proc$src/arm16_datapath.v:228$122'.
  created $dff cell `$procdff$1824' with positive edge clock.
Creating register for signal `\arm16_controller.\present_state' using process `\arm16_controller.$proc$src/arm16_controller.v:53$36'.
  created $dff cell `$procdff$1825' with positive edge clock.

15.2.10. Executing PROC_MEMWR pass (convert process memory writes to cells).

15.2.11. Executing PROC_CLEAN pass (remove empty switches from decision trees).
Found and cleaned up 1 empty switch in `\vga_renderer.$proc$src/vga_renderer.v:101$423'.
Removing empty process `vga_renderer.$proc$src/vga_renderer.v:101$423'.
Found and cleaned up 1 empty switch in `\vga_renderer.$proc$src/vga_renderer.v:79$422'.
Removing empty process `vga_renderer.$proc$src/vga_renderer.v:79$422'.
Found and cleaned up 1 empty switch in `\vga_renderer.$proc$src/vga_renderer.v:69$421'.
Removing empty process `vga_renderer.$proc$src/vga_renderer.v:69$421'.
Found and cleaned up 2 empty switches in `\vga_renderer.$proc$src/vga_renderer.v:52$405'.
Removing empty process `vga_renderer.$proc$src/vga_renderer.v:52$405'.
Removing empty process `reset_synchronizer.$proc$src/reset_synchronizer.v:13$388'.
Found and cleaned up 1 empty switch in `\register_file.$proc$src/register_file.v:20$381'.
Removing empty process `register_file.$proc$src/register_file.v:20$381'.
Found and cleaned up 6 empty switches in `\qspi_master.$proc$src/qspi_master.v:327$369'.
Removing empty process `qspi_master.$proc$src/qspi_master.v:327$369'.
Found and cleaned up 10 empty switches in `\qspi_master.$proc$src/qspi_master.v:283$350'.
Removing empty process `qspi_master.$proc$src/qspi_master.v:283$350'.
Found and cleaned up 4 empty switches in `\qspi_master.$proc$src/qspi_master.v:260$340'.
Removing empty process `qspi_master.$proc$src/qspi_master.v:260$340'.
Found and cleaned up 9 empty switches in `\qspi_master.$proc$src/qspi_master.v:221$308'.
Removing empty process `qspi_master.$proc$src/qspi_master.v:221$308'.
Found and cleaned up 13 empty switches in `\qspi_master.$proc$src/qspi_master.v:136$286'.
Removing empty process `qspi_master.$proc$src/qspi_master.v:136$286'.
Removing empty process `qspi_master.$proc$src/qspi_master.v:131$285'.
Found and cleaned up 1 empty switch in `\qspi_master.$proc$src/qspi_master.v:122$284'.
Removing empty process `qspi_master.$proc$src/qspi_master.v:122$284'.
Found and cleaned up 4 empty switches in `\instruction_decoder.$proc$src/instruction_decoder.v:86$243'.
Removing empty process `instruction_decoder.$proc$src/instruction_decoder.v:86$243'.
Found and cleaned up 5 empty switches in `\forwarding_selector.$proc$src/forwarding_selector.v:17$194'.
Removing empty process `forwarding_selector.$proc$src/forwarding_selector.v:17$194'.
Found and cleaned up 1 empty switch in `\demo_rom.$proc$src/demo_rom.v:9$193'.
Removing empty process `demo_rom.$proc$src/demo_rom.v:9$193'.
Found and cleaned up 1 empty switch in `\condition_checker.$proc$src/condition_checker.v:18$177'.
Removing empty process `condition_checker.$proc$src/condition_checker.v:18$177'.
Found and cleaned up 3 empty switches in `\barrel_shifter.$proc$src/barrel_shifter.v:39$171'.
Removing empty process `barrel_shifter.$proc$src/barrel_shifter.v:39$171'.
Found and cleaned up 1 empty switch in `\arm16_datapath.$proc$src/arm16_datapath.v:429$162'.
Removing empty process `arm16_datapath.$proc$src/arm16_datapath.v:429$162'.
Found and cleaned up 1 empty switch in `\arm16_datapath.$proc$src/arm16_datapath.v:419$161'.
Removing empty process `arm16_datapath.$proc$src/arm16_datapath.v:419$161'.
Found and cleaned up 1 empty switch in `\arm16_datapath.$proc$src/arm16_datapath.v:410$160'.
Removing empty process `arm16_datapath.$proc$src/arm16_datapath.v:410$160'.
Found and cleaned up 3 empty switches in `\arm16_datapath.$proc$src/arm16_datapath.v:393$156'.
Removing empty process `arm16_datapath.$proc$src/arm16_datapath.v:393$156'.
Found and cleaned up 6 empty switches in `\arm16_datapath.$proc$src/arm16_datapath.v:369$151'.
Removing empty process `arm16_datapath.$proc$src/arm16_datapath.v:369$151'.
Found and cleaned up 2 empty switches in `\arm16_datapath.$proc$src/arm16_datapath.v:360$148'.
Removing empty process `arm16_datapath.$proc$src/arm16_datapath.v:360$148'.
Found and cleaned up 2 empty switches in `\arm16_datapath.$proc$src/arm16_datapath.v:339$146'.
Removing empty process `arm16_datapath.$proc$src/arm16_datapath.v:339$146'.
Found and cleaned up 2 empty switches in `\arm16_datapath.$proc$src/arm16_datapath.v:318$144'.
Removing empty process `arm16_datapath.$proc$src/arm16_datapath.v:318$144'.
Found and cleaned up 2 empty switches in `\arm16_datapath.$proc$src/arm16_datapath.v:267$129'.
Removing empty process `arm16_datapath.$proc$src/arm16_datapath.v:267$129'.
Found and cleaned up 2 empty switches in `\arm16_datapath.$proc$src/arm16_datapath.v:254$126'.
Removing empty process `arm16_datapath.$proc$src/arm16_datapath.v:254$126'.
Found and cleaned up 1 empty switch in `\arm16_datapath.$proc$src/arm16_datapath.v:247$125'.
Removing empty process `arm16_datapath.$proc$src/arm16_datapath.v:247$125'.
Found and cleaned up 3 empty switches in `\arm16_datapath.$proc$src/arm16_datapath.v:237$123'.
Removing empty process `arm16_datapath.$proc$src/arm16_datapath.v:237$123'.
Found and cleaned up 1 empty switch in `\arm16_datapath.$proc$src/arm16_datapath.v:228$122'.
Removing empty process `arm16_datapath.$proc$src/arm16_datapath.v:228$122'.
Found and cleaned up 3 empty switches in `\arm16_controller.$proc$src/arm16_controller.v:101$45'.
Removing empty process `arm16_controller.$proc$src/arm16_controller.v:101$45'.
Found and cleaned up 9 empty switches in `\arm16_controller.$proc$src/arm16_controller.v:61$37'.
Removing empty process `arm16_controller.$proc$src/arm16_controller.v:61$37'.
Found and cleaned up 1 empty switch in `\arm16_controller.$proc$src/arm16_controller.v:53$36'.
Removing empty process `arm16_controller.$proc$src/arm16_controller.v:53$36'.
Found and cleaned up 1 empty switch in `\alu.$proc$src/alu.v:42$10'.
Removing empty process `alu.$proc$src/alu.v:42$10'.
Cleaned up 104 empty switches.

15.2.12. Executing OPT_EXPR pass (perform const folding).
Optimizing module vga_renderer.
<suppressed ~4 debug messages>
Optimizing module reset_synchronizer.
<suppressed ~4 debug messages>
Optimizing module register_file.
Optimizing module qspi_master.
<suppressed ~23 debug messages>
Optimizing module tt_um_moein_maleki_arm16.
Optimizing module instruction_decoder.
<suppressed ~8 debug messages>
Optimizing module hazard_detector.
Optimizing module forwarding_selector.
Optimizing module demo_rom.
Optimizing module condition_checker.
<suppressed ~1 debug messages>
Optimizing module barrel_shifter.
<suppressed ~2 debug messages>
Optimizing module arm16_datapath.
<suppressed ~37 debug messages>
Optimizing module arm16_controller.
<suppressed ~11 debug messages>
Optimizing module alu.
<suppressed ~1 debug messages>

15.3. Executing CHECK pass (checking for obvious problems).
Checking module vga_renderer...
Checking module reset_synchronizer...
Checking module register_file...
Checking module qspi_master...
Checking module tt_um_moein_maleki_arm16...
Checking module instruction_decoder...
Checking module hazard_detector...
Checking module forwarding_selector...
Checking module demo_rom...
Checking module condition_checker...
Checking module barrel_shifter...
Checking module arm16_datapath...
Checking module arm16_controller...
Checking module alu...
Found and reported 0 problems.

15.4. Executing FLATTEN pass (flatten design).
Deleting now unused module vga_renderer.
Deleting now unused module reset_synchronizer.
Deleting now unused module register_file.
Deleting now unused module qspi_master.
Deleting now unused module instruction_decoder.
Deleting now unused module hazard_detector.
Deleting now unused module forwarding_selector.
Deleting now unused module demo_rom.
Deleting now unused module condition_checker.
Deleting now unused module barrel_shifter.
Deleting now unused module arm16_datapath.
Deleting now unused module arm16_controller.
Deleting now unused module alu.
<suppressed ~13 debug messages>

15.5. Executing OPT_EXPR pass (perform const folding).
Optimizing module tt_um_moein_maleki_arm16.
<suppressed ~4 debug messages>

15.6. Executing OPT_CLEAN pass (remove unused cells and wires).
Finding unused cells or wires in module \tt_um_moein_maleki_arm16..
Removed 21 unused cells and 705 unused wires.
<suppressed ~27 debug messages>

15.7. Executing CHECK pass (checking for obvious problems).
Checking module tt_um_moein_maleki_arm16...
Found and reported 0 problems.

15.8. Executing OPT pass (performing simple optimizations).

15.8.1. Executing OPT_EXPR pass (perform const folding).
Optimizing module tt_um_moein_maleki_arm16.

15.8.2. Executing OPT_MERGE pass (detect identical cells).
Finding identical cells in module `\tt_um_moein_maleki_arm16'.
Computing hashes of 1070 cells of `\tt_um_moein_maleki_arm16'.
Finding duplicate cells in `\tt_um_moein_maleki_arm16'.
Computing hashes of 866 cells of `\tt_um_moein_maleki_arm16'.
Finding duplicate cells in `\tt_um_moein_maleki_arm16'.
Computing hashes of 854 cells of `\tt_um_moein_maleki_arm16'.
Finding duplicate cells in `\tt_um_moein_maleki_arm16'.
<suppressed ~648 debug messages>
Removed a total of 216 cells.

15.8.3. Executing OPT_MUXTREE pass (detect dead branches in mux trees).
Running muxtree optimizer on module \tt_um_moein_maleki_arm16..
  Creating internal representation of mux trees.
  Evaluating internal representation of mux trees.
      Replacing known input bits on port A of cell $flatten\arm16_datapath_unit.\qspi_master_unit.$procmux$887: \arm16_datapath_unit.qspi_master_unit.sck_reg -> 1'0
  Analyzing evaluation results.
    dead port 2/2 on $mux $flatten\arm16_datapath_unit.\instruction_decoder_unit.$procmux$1118.
    dead port 2/2 on $mux $flatten\arm16_datapath_unit.\instruction_decoder_unit.$procmux$1104.
    dead port 2/2 on $mux $flatten\arm16_datapath_unit.\instruction_decoder_unit.$procmux$1088.
    dead port 2/2 on $mux $flatten\arm16_datapath_unit.\instruction_decoder_unit.$procmux$1072.
    dead port 2/2 on $mux $flatten\arm16_datapath_unit.\instruction_decoder_unit.$procmux$1058.
    dead port 2/2 on $mux $flatten\arm16_datapath_unit.\instruction_decoder_unit.$procmux$1042.
    dead port 2/2 on $mux $flatten\arm16_datapath_unit.\instruction_decoder_unit.$procmux$1026.
    dead port 1/2 on $mux $flatten\arm16_datapath_unit.\instruction_decoder_unit.$procmux$1010.
    dead port 1/2 on $mux $flatten\arm16_datapath_unit.\instruction_decoder_unit.$procmux$1004.
    dead port 1/2 on $mux $flatten\arm16_datapath_unit.\instruction_decoder_unit.$procmux$998.
    dead port 1/2 on $mux $flatten\arm16_datapath_unit.\instruction_decoder_unit.$procmux$992.
    dead port 1/2 on $mux $flatten\arm16_datapath_unit.\instruction_decoder_unit.$procmux$986.
    dead port 1/2 on $mux $flatten\arm16_datapath_unit.\instruction_decoder_unit.$procmux$980.
    dead port 1/2 on $mux $flatten\arm16_datapath_unit.\instruction_decoder_unit.$procmux$974.
    dead port 1/2 on $mux $flatten\arm16_datapath_unit.\instruction_decoder_unit.$procmux$968.
    dead port 1/2 on $mux $flatten\arm16_datapath_unit.\instruction_decoder_unit.$procmux$962.
    dead port 1/2 on $mux $flatten\arm16_datapath_unit.\instruction_decoder_unit.$procmux$956.
    dead port 1/2 on $mux $flatten\arm16_datapath_unit.\instruction_decoder_unit.$procmux$950.
    dead port 1/2 on $mux $flatten\arm16_datapath_unit.\instruction_decoder_unit.$procmux$944.
    dead port 1/2 on $mux $flatten\arm16_datapath_unit.\instruction_decoder_unit.$procmux$941.
    dead port 1/2 on $mux $flatten\arm16_datapath_unit.\instruction_decoder_unit.$procmux$935.
    dead port 1/2 on $mux $flatten\arm16_datapath_unit.\instruction_decoder_unit.$procmux$932.
    dead port 1/2 on $mux $flatten\arm16_datapath_unit.\instruction_decoder_unit.$procmux$926.
    dead port 1/2 on $mux $flatten\arm16_datapath_unit.\instruction_decoder_unit.$procmux$923.
    dead port 1/2 on $mux $flatten\arm16_datapath_unit.\instruction_decoder_unit.$procmux$917.
    dead port 1/2 on $mux $flatten\arm16_datapath_unit.\instruction_decoder_unit.$procmux$914.
    dead port 2/2 on $mux $flatten\arm16_datapath_unit.\forwarding_selector_unit.$procmux$1190.
    dead port 2/2 on $mux $flatten\arm16_datapath_unit.\forwarding_selector_unit.$procmux$1184.
    dead port 1/2 on $mux $flatten\arm16_datapath_unit.\forwarding_selector_unit.$procmux$1182.
    dead port 2/2 on $mux $flatten\arm16_datapath_unit.\forwarding_selector_unit.$procmux$1175.
    dead port 2/2 on $mux $flatten\arm16_datapath_unit.\forwarding_selector_unit.$procmux$1169.
    dead port 1/2 on $mux $flatten\arm16_datapath_unit.\forwarding_selector_unit.$procmux$1167.
    dead port 1/2 on $mux $flatten\arm16_datapath_unit.\barrel_shifter_unit.$procmux$1231.
    dead port 1/2 on $mux $flatten\arm16_datapath_unit.\barrel_shifter_unit.$procmux$1225.
    dead port 1/2 on $mux $flatten\arm16_datapath_unit.\barrel_shifter_unit.$procmux$1222.
    dead port 1/2 on $mux $flatten\arm16_datapath_unit.\qspi_master_unit.$procmux$675.
    dead port 2/2 on $mux $flatten\arm16_datapath_unit.\qspi_master_unit.$procmux$644.
    dead port 2/2 on $mux $flatten\arm16_datapath_unit.\qspi_master_unit.$procmux$634.
    dead port 2/2 on $mux $flatten\arm16_datapath_unit.\qspi_master_unit.$procmux$625.
    dead port 1/2 on $mux $flatten\arm16_datapath_unit.\qspi_master_unit.$procmux$623.
    dead port 2/2 on $mux $flatten\arm16_datapath_unit.\qspi_master_unit.$procmux$613.
    dead port 1/2 on $mux $flatten\arm16_datapath_unit.\qspi_master_unit.$procmux$611.
    dead port 1/2 on $mux $flatten\arm16_datapath_unit.\qspi_master_unit.$procmux$608.
    dead port 2/2 on $mux $flatten\arm16_datapath_unit.\qspi_master_unit.$procmux$598.
    dead port 2/2 on $mux $flatten\arm16_datapath_unit.\qspi_master_unit.$procmux$590.
    dead port 1/2 on $mux $flatten\arm16_datapath_unit.\qspi_master_unit.$procmux$588.
    dead port 2/2 on $mux $flatten\arm16_datapath_unit.\qspi_master_unit.$procmux$579.
    dead port 2/2 on $mux $flatten\arm16_datapath_unit.\qspi_master_unit.$procmux$572.
    dead port 1/2 on $mux $flatten\arm16_datapath_unit.\qspi_master_unit.$procmux$557.
    dead port 1/2 on $mux $flatten\arm16_datapath_unit.\qspi_master_unit.$procmux$551.
    dead port 1/2 on $mux $flatten\arm16_datapath_unit.\qspi_master_unit.$procmux$545.
    dead port 2/2 on $mux $flatten\arm16_datapath_unit.\qspi_master_unit.$procmux$542.
    dead port 1/2 on $mux $flatten\arm16_datapath_unit.\qspi_master_unit.$procmux$532.
    dead port 1/2 on $mux $flatten\arm16_datapath_unit.\qspi_master_unit.$procmux$529.
    dead port 1/2 on $mux $flatten\arm16_datapath_unit.\qspi_master_unit.$procmux$523.
    dead port 1/2 on $mux $flatten\arm16_datapath_unit.\qspi_master_unit.$procmux$520.
    dead port 1/2 on $mux $flatten\arm16_datapath_unit.\qspi_master_unit.$procmux$514.
    dead port 1/2 on $mux $flatten\arm16_datapath_unit.\qspi_master_unit.$procmux$511.
    dead port 2/2 on $mux $flatten\arm16_datapath_unit.\qspi_master_unit.$procmux$508.
    dead port 1/2 on $mux $flatten\arm16_datapath_unit.\qspi_master_unit.$procmux$500.
    dead port 1/2 on $mux $flatten\arm16_datapath_unit.\qspi_master_unit.$procmux$497.
    dead port 1/2 on $mux $flatten\arm16_datapath_unit.\qspi_master_unit.$procmux$494.
    dead port 1/2 on $mux $flatten\arm16_datapath_unit.\qspi_master_unit.$procmux$488.
    dead port 1/2 on $mux $flatten\arm16_datapath_unit.\qspi_master_unit.$procmux$485.
    dead port 1/2 on $mux $flatten\arm16_datapath_unit.\qspi_master_unit.$procmux$482.
    dead port 1/2 on $mux $flatten\arm16_controller_unit.$procmux$1517.
    dead port 2/2 on $mux $flatten\arm16_controller_unit.$procmux$1519.
    dead port 2/2 on $mux $flatten\arm16_controller_unit.$procmux$1529.
    dead port 2/2 on $mux $flatten\arm16_controller_unit.$procmux$1539.
    dead port 2/2 on $mux $flatten\arm16_controller_unit.$procmux$1549.
    dead port 2/2 on $mux $flatten\arm16_controller_unit.$procmux$1614.
    dead port 1/2 on $mux $flatten\arm16_controller_unit.$procmux$1622.
    dead port 2/2 on $mux $flatten\arm16_controller_unit.$procmux$1624.
    dead port 2/2 on $mux $flatten\arm16_controller_unit.$procmux$1631.
    dead port 1/2 on $mux $flatten\arm16_controller_unit.$procmux$1640.
    dead port 2/2 on $mux $flatten\arm16_controller_unit.$procmux$1642.
    dead port 2/2 on $mux $flatten\arm16_controller_unit.$procmux$1650.
    dead port 1/2 on $mux $flatten\arm16_controller_unit.$procmux$1661.
    dead port 1/2 on $mux $flatten\arm16_controller_unit.$procmux$1664.
    dead port 2/2 on $mux $flatten\arm16_controller_unit.$procmux$1666.
    dead port 1/2 on $mux $flatten\arm16_controller_unit.$procmux$1677.
    dead port 2/2 on $mux $flatten\arm16_controller_unit.$procmux$1679.
    dead port 2/2 on $mux $flatten\arm16_controller_unit.$procmux$1689.
Removed 83 multiplexer ports.
<suppressed ~545 debug messages>

15.8.4. Executing OPT_REDUCE pass (consolidate $*mux and $reduce_* inputs).
  Optimizing cells in module \tt_um_moein_maleki_arm16.
    New ctrl vector for $pmux cell $flatten\arm16_datapath_unit.\instruction_decoder_unit.$procmux$1048: $auto$opt_reduce.cc:137:opt_pmux$1843
    New ctrl vector for $pmux cell $flatten\arm16_datapath_unit.\instruction_decoder_unit.$procmux$1030: $auto$opt_reduce.cc:137:opt_pmux$1845
    New ctrl vector for $pmux cell $flatten\arm16_datapath_unit.\instruction_decoder_unit.$procmux$1014: { $flatten\arm16_datapath_unit.\instruction_decoder_unit.$procmux$1109_CMP $flatten\arm16_datapath_unit.\instruction_decoder_unit.$procmux$1110_CMP $auto$opt_reduce.cc:137:opt_pmux$1849 $auto$opt_reduce.cc:137:opt_pmux$1847 $flatten\arm16_datapath_unit.\instruction_decoder_unit.$procmux$1111_CMP $flatten\arm16_datapath_unit.\instruction_decoder_unit.$procmux$1112_CMP $flatten\arm16_datapath_unit.\instruction_decoder_unit.$procmux$1113_CMP $flatten\arm16_datapath_unit.\instruction_decoder_unit.$procmux$1114_CMP $flatten\arm16_datapath_unit.\instruction_decoder_unit.$procmux$1116_CMP }
    Consolidated identical input bits for $mux cell $flatten\arm16_datapath_unit.\register_file_unit.$procmux$470:
      Old ports: A=16'0000000000000000, B=16'1111111111111111, Y=$flatten\arm16_datapath_unit.\register_file_unit.$0$memwr$\regs$src/register_file.v:22$378_EN[15:0]$384
      New ports: A=1'0, B=1'1, Y=$flatten\arm16_datapath_unit.\register_file_unit.$0$memwr$\regs$src/register_file.v:22$378_EN[15:0]$384 [0]
      New connections: $flatten\arm16_datapath_unit.\register_file_unit.$0$memwr$\regs$src/register_file.v:22$378_EN[15:0]$384 [15:1] = { $flatten\arm16_datapath_unit.\register_file_unit.$0$memwr$\regs$src/register_file.v:22$378_EN[15:0]$384 [0] $flatten\arm16_datapath_unit.\register_file_unit.$0$memwr$\regs$src/register_file.v:22$378_EN[15:0]$384 [0] $flatten\arm16_datapath_unit.\register_file_unit.$0$memwr$\regs$src/register_file.v:22$378_EN[15:0]$384 [0] $flatten\arm16_datapath_unit.\register_file_unit.$0$memwr$\regs$src/register_file.v:22$378_EN[15:0]$384 [0] $flatten\arm16_datapath_unit.\register_file_unit.$0$memwr$\regs$src/register_file.v:22$378_EN[15:0]$384 [0] $flatten\arm16_datapath_unit.\register_file_unit.$0$memwr$\regs$src/register_file.v:22$378_EN[15:0]$384 [0] $flatten\arm16_datapath_unit.\register_file_unit.$0$memwr$\regs$src/register_file.v:22$378_EN[15:0]$384 [0] $flatten\arm16_datapath_unit.\register_file_unit.$0$memwr$\regs$src/register_file.v:22$378_EN[15:0]$384 [0] $flatten\arm16_datapath_unit.\register_file_unit.$0$memwr$\regs$src/register_file.v:22$378_EN[15:0]$384 [0] $flatten\arm16_datapath_unit.\register_file_unit.$0$memwr$\regs$src/register_file.v:22$378_EN[15:0]$384 [0] $flatten\arm16_datapath_unit.\register_file_unit.$0$memwr$\regs$src/register_file.v:22$378_EN[15:0]$384 [0] $flatten\arm16_datapath_unit.\register_file_unit.$0$memwr$\regs$src/register_file.v:22$378_EN[15:0]$384 [0] $flatten\arm16_datapath_unit.\register_file_unit.$0$memwr$\regs$src/register_file.v:22$378_EN[15:0]$384 [0] $flatten\arm16_datapath_unit.\register_file_unit.$0$memwr$\regs$src/register_file.v:22$378_EN[15:0]$384 [0] $flatten\arm16_datapath_unit.\register_file_unit.$0$memwr$\regs$src/register_file.v:22$378_EN[15:0]$384 [0] }
    New ctrl vector for $pmux cell $flatten\arm16_datapath_unit.\alu_unit.$procmux$1713: $auto$opt_reduce.cc:137:opt_pmux$1851
    New ctrl vector for $pmux cell $flatten\arm16_datapath_unit.\instruction_decoder_unit.$procmux$1108: $auto$opt_reduce.cc:137:opt_pmux$1853
    New ctrl vector for $pmux cell $flatten\arm16_datapath_unit.\instruction_decoder_unit.$procmux$1092: { $auto$opt_reduce.cc:137:opt_pmux$1857 $auto$opt_reduce.cc:137:opt_pmux$1855 }
    New ctrl vector for $pmux cell $flatten\arm16_datapath_unit.\instruction_decoder_unit.$procmux$1076: $auto$opt_reduce.cc:137:opt_pmux$1859
    New ctrl vector for $pmux cell $flatten\arm16_controller_unit.$procmux$1571: $auto$opt_reduce.cc:137:opt_pmux$1861
    New ctrl vector for $pmux cell $flatten\arm16_controller_unit.$procmux$1576: $auto$opt_reduce.cc:137:opt_pmux$1863
    New ctrl vector for $pmux cell $flatten\arm16_controller_unit.$procmux$1592: $auto$opt_reduce.cc:137:opt_pmux$1865
    New ctrl vector for $pmux cell $flatten\arm16_controller_unit.$procmux$1607: $auto$opt_reduce.cc:137:opt_pmux$1867
    New ctrl vector for $pmux cell $flatten\arm16_datapath_unit.\instruction_decoder_unit.$procmux$1062: $auto$opt_reduce.cc:137:opt_pmux$1869
  Optimizing cells in module \tt_um_moein_maleki_arm16.
Performed a total of 13 changes.

15.8.5. Executing OPT_MERGE pass (detect identical cells).
Finding identical cells in module `\tt_um_moein_maleki_arm16'.
Computing hashes of 785 cells of `\tt_um_moein_maleki_arm16'.
Finding duplicate cells in `\tt_um_moein_maleki_arm16'.
Computing hashes of 774 cells of `\tt_um_moein_maleki_arm16'.
Finding duplicate cells in `\tt_um_moein_maleki_arm16'.
Computing hashes of 773 cells of `\tt_um_moein_maleki_arm16'.
Finding duplicate cells in `\tt_um_moein_maleki_arm16'.
<suppressed ~36 debug messages>
Removed a total of 12 cells.

15.8.6. Executing OPT_DFF pass (perform DFF optimizations).

15.8.7. Executing OPT_CLEAN pass (remove unused cells and wires).
Finding unused cells or wires in module \tt_um_moein_maleki_arm16..
Removed 0 unused cells and 303 unused wires.
<suppressed ~1 debug messages>

15.8.8. Executing OPT_EXPR pass (perform const folding).
Optimizing module tt_um_moein_maleki_arm16.

15.8.9. Rerunning OPT passes. (Maybe there is more to do..)

15.8.10. Executing OPT_MUXTREE pass (detect dead branches in mux trees).
Running muxtree optimizer on module \tt_um_moein_maleki_arm16..
  Creating internal representation of mux trees.
  Evaluating internal representation of mux trees.
  Analyzing evaluation results.
Removed 0 multiplexer ports.
<suppressed ~468 debug messages>

15.8.11. Executing OPT_REDUCE pass (consolidate $*mux and $reduce_* inputs).
  Optimizing cells in module \tt_um_moein_maleki_arm16.
Performed a total of 0 changes.

15.8.12. Executing OPT_MERGE pass (detect identical cells).
Finding identical cells in module `\tt_um_moein_maleki_arm16'.
Computing hashes of 773 cells of `\tt_um_moein_maleki_arm16'.
Finding duplicate cells in `\tt_um_moein_maleki_arm16'.
Removed a total of 0 cells.

15.8.13. Executing OPT_DFF pass (perform DFF optimizations).

15.8.14. Executing OPT_CLEAN pass (remove unused cells and wires).
Finding unused cells or wires in module \tt_um_moein_maleki_arm16..

15.8.15. Executing OPT_EXPR pass (perform const folding).
Optimizing module tt_um_moein_maleki_arm16.

15.8.16. Finished fast OPT passes. (There is nothing left to do.)

15.9. Executing FSM pass (extract and optimize FSM).

15.9.1. Executing FSM_DETECT pass (finding FSMs in design).
Found FSM state register tt_um_moein_maleki_arm16.arm16_datapath_unit.ex_command.
Not marking tt_um_moein_maleki_arm16.arm16_datapath_unit.qspi_master_unit.cmd_byte as FSM state register:
    Users of register don't seem to benefit from recoding.
Not marking tt_um_moein_maleki_arm16.arm16_datapath_unit.qspi_master_unit.sd_oe_reg as FSM state register:
    Register is connected to module port.
    Users of register don't seem to benefit from recoding.
Not marking tt_um_moein_maleki_arm16.arm16_datapath_unit.qspi_master_unit.kind as FSM state register:
    Users of register don't seem to benefit from recoding.
Not marking tt_um_moein_maleki_arm16.arm16_datapath_unit.qspi_master_unit.present_state as FSM state register:
    Users of register don't seem to benefit from recoding.
Found FSM state register tt_um_moein_maleki_arm16.arm16_controller_unit.present_state.

15.9.2. Executing FSM_EXTRACT pass (extracting FSM from design).
Extracting FSM `\arm16_datapath_unit.ex_command' from module `\tt_um_moein_maleki_arm16'.
  found $dff cell for state register: $flatten\arm16_datapath_unit.$procdff$1805
  root of input selection tree: $flatten\arm16_datapath_unit.$0\ex_command[3:0]
  found reset state: 4'0000 (guessed from mux tree)
  found ctrl input: $flatten\arm16_datapath_unit.$or$src/arm16_datapath.v:268$132_Y
  found ctrl input: \arm16_controller_unit.mem_busy
  found ctrl input: \arm16_datapath_unit.id_exec
  found state code: 4'0000
  found ctrl input: \arm16_datapath_unit.instruction_decoder_unit.dp_form_ok
  found ctrl input: \arm16_datapath_unit.instruction_decoder_unit.ldst_form_ok
  found ctrl input: \arm16_datapath_unit.if_id_instr [23]
  found state code: 4'0100
  found state code: 4'0010
  found ctrl input: $flatten\arm16_datapath_unit.\instruction_decoder_unit.$procmux$1024_CMP
  found ctrl input: $flatten\arm16_datapath_unit.\instruction_decoder_unit.$procmux$1022_CMP
  found ctrl input: $flatten\arm16_datapath_unit.\instruction_decoder_unit.$procmux$1021_CMP
  found ctrl input: $flatten\arm16_datapath_unit.\instruction_decoder_unit.$procmux$1020_CMP
  found ctrl input: $flatten\arm16_datapath_unit.\instruction_decoder_unit.$procmux$1019_CMP
  found ctrl input: $auto$opt_reduce.cc:137:opt_pmux$1847
  found ctrl input: $auto$opt_reduce.cc:137:opt_pmux$1849
  found ctrl input: $flatten\arm16_datapath_unit.\instruction_decoder_unit.$procmux$1016_CMP
  found ctrl input: $flatten\arm16_datapath_unit.\instruction_decoder_unit.$procmux$1015_CMP
  found state code: 4'1000
  found state code: 4'0011
  found state code: 4'0101
  found state code: 4'0111
  found state code: 4'0110
  found state code: 4'0001
  found state code: 4'1001
  found ctrl output: $flatten\arm16_datapath_unit.\alu_unit.$procmux$1707_CMP
  found ctrl output: $flatten\arm16_datapath_unit.\alu_unit.$procmux$1708_CMP
  found ctrl output: $flatten\arm16_datapath_unit.\alu_unit.$procmux$1709_CMP
  found ctrl output: $flatten\arm16_datapath_unit.\alu_unit.$procmux$1710_CMP
  found ctrl output: $flatten\arm16_datapath_unit.\alu_unit.$procmux$1711_CMP
  found ctrl output: $flatten\arm16_datapath_unit.\alu_unit.$procmux$1703_CMP
  found ctrl output: $flatten\arm16_datapath_unit.\alu_unit.$procmux$1704_CMP
  found ctrl output: $flatten\arm16_datapath_unit.\alu_unit.$procmux$1705_CMP
  found ctrl output: $flatten\arm16_datapath_unit.\alu_unit.$procmux$1706_CMP
  ctrl inputs: { \arm16_datapath_unit.id_exec \arm16_datapath_unit.if_id_instr [23] $flatten\arm16_datapath_unit.$or$src/arm16_datapath.v:268$132_Y $flatten\arm16_datapath_unit.\instruction_decoder_unit.$procmux$1024_CMP $flatten\arm16_datapath_unit.\instruction_decoder_unit.$procmux$1022_CMP $flatten\arm16_datapath_unit.\instruction_decoder_unit.$procmux$1021_CMP $flatten\arm16_datapath_unit.\instruction_decoder_unit.$procmux$1020_CMP $flatten\arm16_datapath_unit.\instruction_decoder_unit.$procmux$1019_CMP $flatten\arm16_datapath_unit.\instruction_decoder_unit.$procmux$1016_CMP $flatten\arm16_datapath_unit.\instruction_decoder_unit.$procmux$1015_CMP \arm16_datapath_unit.instruction_decoder_unit.ldst_form_ok \arm16_datapath_unit.instruction_decoder_unit.dp_form_ok \arm16_controller_unit.mem_busy $auto$opt_reduce.cc:137:opt_pmux$1847 $auto$opt_reduce.cc:137:opt_pmux$1849 }
  ctrl outputs: { $flatten\arm16_datapath_unit.$0\ex_command[3:0] $flatten\arm16_datapath_unit.\alu_unit.$procmux$1711_CMP $flatten\arm16_datapath_unit.\alu_unit.$procmux$1710_CMP $flatten\arm16_datapath_unit.\alu_unit.$procmux$1709_CMP $flatten\arm16_datapath_unit.\alu_unit.$procmux$1708_CMP $flatten\arm16_datapath_unit.\alu_unit.$procmux$1707_CMP $flatten\arm16_datapath_unit.\alu_unit.$procmux$1706_CMP $flatten\arm16_datapath_unit.\alu_unit.$procmux$1705_CMP $flatten\arm16_datapath_unit.\alu_unit.$procmux$1704_CMP $flatten\arm16_datapath_unit.\alu_unit.$procmux$1703_CMP }
  transition:     4'0000 15'0-0---------0-- ->     4'0000 13'0000000000000
  transition:     4'0000 15'1-0-------000-- ->     4'0000 13'0000000000000
  transition:     4'0000 15'100-------100-- ->     4'0100 13'0100000000000
  transition:     4'0000 15'110-------100-- ->     4'0010 13'0010000000000
  transition:     4'0000 15'1-00000000-1000 ->     4'0000 13'0000000000000
  transition:     4'0000 15'1-0------1-10-- ->     4'1001 13'1001000000000
  transition:     4'0000 15'1-0-----1--10-- ->     4'0001 13'0001000000000
  transition:     4'0000 15'1-0--------10-1 ->     4'0100 13'0100000000000
  transition:     4'0000 15'1-0--------101- ->     4'0110 13'0110000000000
  transition:     4'0000 15'1-0----1---10-- ->     4'0111 13'0111000000000
  transition:     4'0000 15'1-0---1----10-- ->     4'0101 13'0101000000000
  transition:     4'0000 15'1-0--1-----10-- ->     4'0011 13'0011000000000
  transition:     4'0000 15'1-0-1------10-- ->     4'0010 13'0010000000000
  transition:     4'0000 15'1-01-------10-- ->     4'1000 13'1000000000000
  transition:     4'0000 15'--0---------1-- ->     4'0000 13'0000000000000
  transition:     4'0000 15'--1------------ ->     4'0000 13'0000000000000
  transition:     4'1000 15'0-0---------0-- ->     4'0000 13'0000000010000
  transition:     4'1000 15'1-0-------000-- ->     4'0000 13'0000000010000
  transition:     4'1000 15'100-------100-- ->     4'0100 13'0100000010000
  transition:     4'1000 15'110-------100-- ->     4'0010 13'0010000010000
  transition:     4'1000 15'1-00000000-1000 ->     4'0000 13'0000000010000
  transition:     4'1000 15'1-0------1-10-- ->     4'1001 13'1001000010000
  transition:     4'1000 15'1-0-----1--10-- ->     4'0001 13'0001000010000
  transition:     4'1000 15'1-0--------10-1 ->     4'0100 13'0100000010000
  transition:     4'1000 15'1-0--------101- ->     4'0110 13'0110000010000
  transition:     4'1000 15'1-0----1---10-- ->     4'0111 13'0111000010000
  transition:     4'1000 15'1-0---1----10-- ->     4'0101 13'0101000010000
  transition:     4'1000 15'1-0--1-----10-- ->     4'0011 13'0011000010000
  transition:     4'1000 15'1-0-1------10-- ->     4'0010 13'0010000010000
  transition:     4'1000 15'1-01-------10-- ->     4'1000 13'1000000010000
  transition:     4'1000 15'--0---------1-- ->     4'1000 13'1000000010000
  transition:     4'1000 15'--1------------ ->     4'0000 13'0000000010000
  transition:     4'0100 15'0-0---------0-- ->     4'0000 13'0000000000010
  transition:     4'0100 15'1-0-------000-- ->     4'0000 13'0000000000010
  transition:     4'0100 15'100-------100-- ->     4'0100 13'0100000000010
  transition:     4'0100 15'110-------100-- ->     4'0010 13'0010000000010
  transition:     4'0100 15'1-00000000-1000 ->     4'0000 13'0000000000010
  transition:     4'0100 15'1-0------1-10-- ->     4'1001 13'1001000000010
  transition:     4'0100 15'1-0-----1--10-- ->     4'0001 13'0001000000010
  transition:     4'0100 15'1-0--------10-1 ->     4'0100 13'0100000000010
  transition:     4'0100 15'1-0--------101- ->     4'0110 13'0110000000010
  transition:     4'0100 15'1-0----1---10-- ->     4'0111 13'0111000000010
  transition:     4'0100 15'1-0---1----10-- ->     4'0101 13'0101000000010
  transition:     4'0100 15'1-0--1-----10-- ->     4'0011 13'0011000000010
  transition:     4'0100 15'1-0-1------10-- ->     4'0010 13'0010000000010
  transition:     4'0100 15'1-01-------10-- ->     4'1000 13'1000000000010
  transition:     4'0100 15'--0---------1-- ->     4'0100 13'0100000000010
  transition:     4'0100 15'--1------------ ->     4'0000 13'0000000000010
  transition:     4'0010 15'0-0---------0-- ->     4'0000 13'0000000001000
  transition:     4'0010 15'1-0-------000-- ->     4'0000 13'0000000001000
  transition:     4'0010 15'100-------100-- ->     4'0100 13'0100000001000
  transition:     4'0010 15'110-------100-- ->     4'0010 13'0010000001000
  transition:     4'0010 15'1-00000000-1000 ->     4'0000 13'0000000001000
  transition:     4'0010 15'1-0------1-10-- ->     4'1001 13'1001000001000
  transition:     4'0010 15'1-0-----1--10-- ->     4'0001 13'0001000001000
  transition:     4'0010 15'1-0--------10-1 ->     4'0100 13'0100000001000
  transition:     4'0010 15'1-0--------101- ->     4'0110 13'0110000001000
  transition:     4'0010 15'1-0----1---10-- ->     4'0111 13'0111000001000
  transition:     4'0010 15'1-0---1----10-- ->     4'0101 13'0101000001000
  transition:     4'0010 15'1-0--1-----10-- ->     4'0011 13'0011000001000
  transition:     4'0010 15'1-0-1------10-- ->     4'0010 13'0010000001000
  transition:     4'0010 15'1-01-------10-- ->     4'1000 13'1000000001000
  transition:     4'0010 15'--0---------1-- ->     4'0010 13'0010000001000
  transition:     4'0010 15'--1------------ ->     4'0000 13'0000000001000
  transition:     4'0110 15'0-0---------0-- ->     4'0000 13'0000001000000
  transition:     4'0110 15'1-0-------000-- ->     4'0000 13'0000001000000
  transition:     4'0110 15'100-------100-- ->     4'0100 13'0100001000000
  transition:     4'0110 15'110-------100-- ->     4'0010 13'0010001000000
  transition:     4'0110 15'1-00000000-1000 ->     4'0000 13'0000001000000
  transition:     4'0110 15'1-0------1-10-- ->     4'1001 13'1001001000000
  transition:     4'0110 15'1-0-----1--10-- ->     4'0001 13'0001001000000
  transition:     4'0110 15'1-0--------10-1 ->     4'0100 13'0100001000000
  transition:     4'0110 15'1-0--------101- ->     4'0110 13'0110001000000
  transition:     4'0110 15'1-0----1---10-- ->     4'0111 13'0111001000000
  transition:     4'0110 15'1-0---1----10-- ->     4'0101 13'0101001000000
  transition:     4'0110 15'1-0--1-----10-- ->     4'0011 13'0011001000000
  transition:     4'0110 15'1-0-1------10-- ->     4'0010 13'0010001000000
  transition:     4'0110 15'1-01-------10-- ->     4'1000 13'1000001000000
  transition:     4'0110 15'--0---------1-- ->     4'0110 13'0110001000000
  transition:     4'0110 15'--1------------ ->     4'0000 13'0000001000000
  transition:     4'0001 15'0-0---------0-- ->     4'0000 13'0000100000000
  transition:     4'0001 15'1-0-------000-- ->     4'0000 13'0000100000000
  transition:     4'0001 15'100-------100-- ->     4'0100 13'0100100000000
  transition:     4'0001 15'110-------100-- ->     4'0010 13'0010100000000
  transition:     4'0001 15'1-00000000-1000 ->     4'0000 13'0000100000000
  transition:     4'0001 15'1-0------1-10-- ->     4'1001 13'1001100000000
  transition:     4'0001 15'1-0-----1--10-- ->     4'0001 13'0001100000000
  transition:     4'0001 15'1-0--------10-1 ->     4'0100 13'0100100000000
  transition:     4'0001 15'1-0--------101- ->     4'0110 13'0110100000000
  transition:     4'0001 15'1-0----1---10-- ->     4'0111 13'0111100000000
  transition:     4'0001 15'1-0---1----10-- ->     4'0101 13'0101100000000
  transition:     4'0001 15'1-0--1-----10-- ->     4'0011 13'0011100000000
  transition:     4'0001 15'1-0-1------10-- ->     4'0010 13'0010100000000
  transition:     4'0001 15'1-01-------10-- ->     4'1000 13'1000100000000
  transition:     4'0001 15'--0---------1-- ->     4'0001 13'0001100000000
  transition:     4'0001 15'--1------------ ->     4'0000 13'0000100000000
  transition:     4'1001 15'0-0---------0-- ->     4'0000 13'0000010000000
  transition:     4'1001 15'1-0-------000-- ->     4'0000 13'0000010000000
  transition:     4'1001 15'100-------100-- ->     4'0100 13'0100010000000
  transition:     4'1001 15'110-------100-- ->     4'0010 13'0010010000000
  transition:     4'1001 15'1-00000000-1000 ->     4'0000 13'0000010000000
  transition:     4'1001 15'1-0------1-10-- ->     4'1001 13'1001010000000
  transition:     4'1001 15'1-0-----1--10-- ->     4'0001 13'0001010000000
  transition:     4'1001 15'1-0--------10-1 ->     4'0100 13'0100010000000
  transition:     4'1001 15'1-0--------101- ->     4'0110 13'0110010000000
  transition:     4'1001 15'1-0----1---10-- ->     4'0111 13'0111010000000
  transition:     4'1001 15'1-0---1----10-- ->     4'0101 13'0101010000000
  transition:     4'1001 15'1-0--1-----10-- ->     4'0011 13'0011010000000
  transition:     4'1001 15'1-0-1------10-- ->     4'0010 13'0010010000000
  transition:     4'1001 15'1-01-------10-- ->     4'1000 13'1000010000000
  transition:     4'1001 15'--0---------1-- ->     4'1001 13'1001010000000
  transition:     4'1001 15'--1------------ ->     4'0000 13'0000010000000
  transition:     4'0101 15'0-0---------0-- ->     4'0000 13'0000000000001
  transition:     4'0101 15'1-0-------000-- ->     4'0000 13'0000000000001
  transition:     4'0101 15'100-------100-- ->     4'0100 13'0100000000001
  transition:     4'0101 15'110-------100-- ->     4'0010 13'0010000000001
  transition:     4'0101 15'1-00000000-1000 ->     4'0000 13'0000000000001
  transition:     4'0101 15'1-0------1-10-- ->     4'1001 13'1001000000001
  transition:     4'0101 15'1-0-----1--10-- ->     4'0001 13'0001000000001
  transition:     4'0101 15'1-0--------10-1 ->     4'0100 13'0100000000001
  transition:     4'0101 15'1-0--------101- ->     4'0110 13'0110000000001
  transition:     4'0101 15'1-0----1---10-- ->     4'0111 13'0111000000001
  transition:     4'0101 15'1-0---1----10-- ->     4'0101 13'0101000000001
  transition:     4'0101 15'1-0--1-----10-- ->     4'0011 13'0011000000001
  transition:     4'0101 15'1-0-1------10-- ->     4'0010 13'0010000000001
  transition:     4'0101 15'1-01-------10-- ->     4'1000 13'1000000000001
  transition:     4'0101 15'--0---------1-- ->     4'0101 13'0101000000001
  transition:     4'0101 15'--1------------ ->     4'0000 13'0000000000001
  transition:     4'0011 15'0-0---------0-- ->     4'0000 13'0000000000100
  transition:     4'0011 15'1-0-------000-- ->     4'0000 13'0000000000100
  transition:     4'0011 15'100-------100-- ->     4'0100 13'0100000000100
  transition:     4'0011 15'110-------100-- ->     4'0010 13'0010000000100
  transition:     4'0011 15'1-00000000-1000 ->     4'0000 13'0000000000100
  transition:     4'0011 15'1-0------1-10-- ->     4'1001 13'1001000000100
  transition:     4'0011 15'1-0-----1--10-- ->     4'0001 13'0001000000100
  transition:     4'0011 15'1-0--------10-1 ->     4'0100 13'0100000000100
  transition:     4'0011 15'1-0--------101- ->     4'0110 13'0110000000100
  transition:     4'0011 15'1-0----1---10-- ->     4'0111 13'0111000000100
  transition:     4'0011 15'1-0---1----10-- ->     4'0101 13'0101000000100
  transition:     4'0011 15'1-0--1-----10-- ->     4'0011 13'0011000000100
  transition:     4'0011 15'1-0-1------10-- ->     4'0010 13'0010000000100
  transition:     4'0011 15'1-01-------10-- ->     4'1000 13'1000000000100
  transition:     4'0011 15'--0---------1-- ->     4'0011 13'0011000000100
  transition:     4'0011 15'--1------------ ->     4'0000 13'0000000000100
  transition:     4'0111 15'0-0---------0-- ->     4'0000 13'0000000100000
  transition:     4'0111 15'1-0-------000-- ->     4'0000 13'0000000100000
  transition:     4'0111 15'100-------100-- ->     4'0100 13'0100000100000
  transition:     4'0111 15'110-------100-- ->     4'0010 13'0010000100000
  transition:     4'0111 15'1-00000000-1000 ->     4'0000 13'0000000100000
  transition:     4'0111 15'1-0------1-10-- ->     4'1001 13'1001000100000
  transition:     4'0111 15'1-0-----1--10-- ->     4'0001 13'0001000100000
  transition:     4'0111 15'1-0--------10-1 ->     4'0100 13'0100000100000
  transition:     4'0111 15'1-0--------101- ->     4'0110 13'0110000100000
  transition:     4'0111 15'1-0----1---10-- ->     4'0111 13'0111000100000
  transition:     4'0111 15'1-0---1----10-- ->     4'0101 13'0101000100000
  transition:     4'0111 15'1-0--1-----10-- ->     4'0011 13'0011000100000
  transition:     4'0111 15'1-0-1------10-- ->     4'0010 13'0010000100000
  transition:     4'0111 15'1-01-------10-- ->     4'1000 13'1000000100000
  transition:     4'0111 15'--0---------1-- ->     4'0111 13'0111000100000
  transition:     4'0111 15'--1------------ ->     4'0000 13'0000000100000
Extracting FSM `\arm16_controller_unit.present_state' from module `\tt_um_moein_maleki_arm16'.
  found $dff cell for state register: $flatten\arm16_controller_unit.$procdff$1825
  root of input selection tree: $flatten\arm16_controller_unit.$0\present_state[2:0]
  found reset state: 3'000 (guessed from mux tree)
  found ctrl input: \reset_synchronizer_unit.sync_second
  found ctrl input: $flatten\arm16_controller_unit.$eq$src/arm16_controller.v:49$28_Y
  found ctrl input: $flatten\arm16_controller_unit.$procmux$1572_CMP
  found ctrl input: $flatten\arm16_controller_unit.$procmux$1589_CMP
  found ctrl input: $flatten\arm16_controller_unit.$procmux$1573_CMP
  found ctrl input: $flatten\arm16_controller_unit.$procmux$1520_CMP
  found state code: 3'000
  found ctrl input: \arm16_datapath_unit.qspi_master_unit.data_done_reg
  found ctrl input: \arm16_controller_unit.abort
  found ctrl input: $flatten\arm16_controller_unit.$and$src/arm16_controller.v:86$44_Y
  found state code: 3'010
  found ctrl input: \arm16_datapath_unit.qspi_master_unit.word_valid_reg
  found state code: 3'011
  found state code: 3'001
  found ctrl input: \arm16_datapath_unit.rom_mode_q
  found ctrl input: $flatten\arm16_controller_unit.$and$src/arm16_controller.v:67$39_Y
  found ctrl input: $flatten\arm16_controller_unit.$and$src/arm16_controller.v:69$42_Y
  found state code: 3'100
  found ctrl output: $flatten\arm16_controller_unit.$procmux$1589_CMP
  found ctrl output: $flatten\arm16_controller_unit.$procmux$1573_CMP
  found ctrl output: $flatten\arm16_controller_unit.$procmux$1572_CMP
  found ctrl output: $flatten\arm16_controller_unit.$procmux$1520_CMP
  found ctrl output: $flatten\arm16_controller_unit.$eq$src/arm16_controller.v:49$28_Y
  found ctrl output: $flatten\arm16_controller_unit.$ne$src/arm16_controller.v:49$26_Y
  ctrl inputs: { \reset_synchronizer_unit.sync_second \arm16_datapath_unit.rom_mode_q \arm16_datapath_unit.qspi_master_unit.data_done_reg \arm16_datapath_unit.qspi_master_unit.word_valid_reg \arm16_controller_unit.abort $flatten\arm16_controller_unit.$and$src/arm16_controller.v:67$39_Y $flatten\arm16_controller_unit.$and$src/arm16_controller.v:69$42_Y $flatten\arm16_controller_unit.$and$src/arm16_controller.v:86$44_Y }
  ctrl outputs: { $flatten\arm16_controller_unit.$ne$src/arm16_controller.v:49$26_Y $flatten\arm16_controller_unit.$eq$src/arm16_controller.v:49$28_Y $flatten\arm16_controller_unit.$0\present_state[2:0] $flatten\arm16_controller_unit.$procmux$1520_CMP $flatten\arm16_controller_unit.$procmux$1572_CMP $flatten\arm16_controller_unit.$procmux$1573_CMP $flatten\arm16_controller_unit.$procmux$1589_CMP }
  transition:      3'000 8'00---00- ->      3'000 9'100001000
  transition:      3'000 8'00---01- ->      3'010 9'100101000
  transition:      3'000 8'00---1-- ->      3'100 9'101001000
  transition:      3'000 8'01------ ->      3'001 9'100011000
  transition:      3'000 8'1------- ->      3'000 9'100001000
  transition:      3'100 8'0-0----- ->      3'100 9'111000000
  transition:      3'100 8'0-1----- ->      3'000 9'110000000
  transition:      3'100 8'1------- ->      3'000 9'110000000
  transition:      3'010 8'0--00--- ->      3'010 9'100100001
  transition:      3'010 8'0--10--- ->      3'011 9'100110001
  transition:      3'010 8'0---1--- ->      3'000 9'100000001
  transition:      3'010 8'1------- ->      3'000 9'100000001
  transition:      3'001 8'0------- ->      3'001 9'000010010
  transition:      3'001 8'1------- ->      3'000 9'000000010
  transition:      3'011 8'0---0--0 ->      3'011 9'100110100
  transition:      3'011 8'0---0--1 ->      3'010 9'100100100
  transition:      3'011 8'0---1--- ->      3'000 9'100000100
  transition:      3'011 8'1------- ->      3'000 9'100000100

15.9.3. Executing FSM_OPT pass (simple optimizations of FSMs).
Optimizing FSM `$fsm$\arm16_controller_unit.present_state$1881' from module `\tt_um_moein_maleki_arm16'.
Optimizing FSM `$fsm$\arm16_datapath_unit.ex_command$1870' from module `\tt_um_moein_maleki_arm16'.

15.9.4. Executing OPT_CLEAN pass (remove unused cells and wires).
Finding unused cells or wires in module \tt_um_moein_maleki_arm16..
Removed 34 unused cells and 36 unused wires.
<suppressed ~39 debug messages>

15.9.5. Executing FSM_OPT pass (simple optimizations of FSMs).
Optimizing FSM `$fsm$\arm16_datapath_unit.ex_command$1870' from module `\tt_um_moein_maleki_arm16'.
  Removing unused output signal $flatten\arm16_datapath_unit.$0\ex_command[3:0] [0].
  Removing unused output signal $flatten\arm16_datapath_unit.$0\ex_command[3:0] [1].
  Removing unused output signal $flatten\arm16_datapath_unit.$0\ex_command[3:0] [2].
  Removing unused output signal $flatten\arm16_datapath_unit.$0\ex_command[3:0] [3].
Optimizing FSM `$fsm$\arm16_controller_unit.present_state$1881' from module `\tt_um_moein_maleki_arm16'.
  Removing unused output signal $flatten\arm16_controller_unit.$0\present_state[2:0] [0].
  Removing unused output signal $flatten\arm16_controller_unit.$0\present_state[2:0] [1].
  Removing unused output signal $flatten\arm16_controller_unit.$0\present_state[2:0] [2].

15.9.6. Executing FSM_RECODE pass (re-assigning FSM state encoding).
Recoding FSM `$fsm$\arm16_datapath_unit.ex_command$1870' from module `\tt_um_moein_maleki_arm16' using `auto' encoding:
  mapping auto encoding to `one-hot` for this FSM.
  0000 -> ---------1
  1000 -> --------1-
  0100 -> -------1--
  0010 -> ------1---
  0110 -> -----1----
  0001 -> ----1-----
  1001 -> ---1------
  0101 -> --1-------
  0011 -> -1--------
  0111 -> 1---------
Recoding FSM `$fsm$\arm16_controller_unit.present_state$1881' from module `\tt_um_moein_maleki_arm16' using `auto' encoding:
  mapping auto encoding to `one-hot` for this FSM.
  000 -> ----1
  100 -> ---1-
  010 -> --1--
  001 -> -1---
  011 -> 1----

15.9.7. Executing FSM_INFO pass (dumping all available information on FSM cells).

FSM `$fsm$\arm16_datapath_unit.ex_command$1870' from module `tt_um_moein_maleki_arm16':
-------------------------------------

  Information on FSM $fsm$\arm16_datapath_unit.ex_command$1870 (\arm16_datapath_unit.ex_command):

  Number of input signals:   15
  Number of output signals:   9
  Number of state bits:      10

  Input signals:
    0: $auto$opt_reduce.cc:137:opt_pmux$1849
    1: $auto$opt_reduce.cc:137:opt_pmux$1847
    2: \arm16_controller_unit.mem_busy
    3: \arm16_datapath_unit.instruction_decoder_unit.dp_form_ok
    4: \arm16_datapath_unit.instruction_decoder_unit.ldst_form_ok
    5: $flatten\arm16_datapath_unit.\instruction_decoder_unit.$procmux$1015_CMP
    6: $flatten\arm16_datapath_unit.\instruction_decoder_unit.$procmux$1016_CMP
    7: $flatten\arm16_datapath_unit.\instruction_decoder_unit.$procmux$1019_CMP
    8: $flatten\arm16_datapath_unit.\instruction_decoder_unit.$procmux$1020_CMP
    9: $flatten\arm16_datapath_unit.\instruction_decoder_unit.$procmux$1021_CMP
   10: $flatten\arm16_datapath_unit.\instruction_decoder_unit.$procmux$1022_CMP
   11: $flatten\arm16_datapath_unit.\instruction_decoder_unit.$procmux$1024_CMP
   12: $flatten\arm16_datapath_unit.$or$src/arm16_datapath.v:268$132_Y
   13: \arm16_datapath_unit.if_id_instr [23]
   14: \arm16_datapath_unit.id_exec

  Output signals:
    0: $flatten\arm16_datapath_unit.\alu_unit.$procmux$1703_CMP
    1: $flatten\arm16_datapath_unit.\alu_unit.$procmux$1704_CMP
    2: $flatten\arm16_datapath_unit.\alu_unit.$procmux$1705_CMP
    3: $flatten\arm16_datapath_unit.\alu_unit.$procmux$1706_CMP
    4: $flatten\arm16_datapath_unit.\alu_unit.$procmux$1707_CMP
    5: $flatten\arm16_datapath_unit.\alu_unit.$procmux$1708_CMP
    6: $flatten\arm16_datapath_unit.\alu_unit.$procmux$1709_CMP
    7: $flatten\arm16_datapath_unit.\alu_unit.$procmux$1710_CMP
    8: $flatten\arm16_datapath_unit.\alu_unit.$procmux$1711_CMP

  State encoding:
    0: 10'---------1  <RESET STATE>
    1: 10'--------1-
    2: 10'-------1--
    3: 10'------1---
    4: 10'-----1----
    5: 10'----1-----
    6: 10'---1------
    7: 10'--1-------
    8: 10'-1--------
    9: 10'1---------

  Transition Table (state_in, ctrl_in, state_out, ctrl_out):
      0:     0 15'1-00000000-1000   ->     0 9'000000000
      1:     0 15'1-0-------000--   ->     0 9'000000000
      2:     0 15'0-0---------0--   ->     0 9'000000000
      3:     0 15'--0---------1--   ->     0 9'000000000
      4:     0 15'--1------------   ->     0 9'000000000
      5:     0 15'1-01-------10--   ->     1 9'000000000
      6:     0 15'1-0--------10-1   ->     2 9'000000000
      7:     0 15'100-------100--   ->     2 9'000000000
      8:     0 15'110-------100--   ->     3 9'000000000
      9:     0 15'1-0-1------10--   ->     3 9'000000000
     10:     0 15'1-0--------101-   ->     4 9'000000000
     11:     0 15'1-0-----1--10--   ->     5 9'000000000
     12:     0 15'1-0------1-10--   ->     6 9'000000000
     13:     0 15'1-0---1----10--   ->     7 9'000000000
     14:     0 15'1-0--1-----10--   ->     8 9'000000000
     15:     0 15'1-0----1---10--   ->     9 9'000000000
     16:     1 15'1-00000000-1000   ->     0 9'000010000
     17:     1 15'1-0-------000--   ->     0 9'000010000
     18:     1 15'0-0---------0--   ->     0 9'000010000
     19:     1 15'--1------------   ->     0 9'000010000
     20:     1 15'1-01-------10--   ->     1 9'000010000
     21:     1 15'--0---------1--   ->     1 9'000010000
     22:     1 15'1-0--------10-1   ->     2 9'000010000
     23:     1 15'100-------100--   ->     2 9'000010000
     24:     1 15'110-------100--   ->     3 9'000010000
     25:     1 15'1-0-1------10--   ->     3 9'000010000
     26:     1 15'1-0--------101-   ->     4 9'000010000
     27:     1 15'1-0-----1--10--   ->     5 9'000010000
     28:     1 15'1-0------1-10--   ->     6 9'000010000
     29:     1 15'1-0---1----10--   ->     7 9'000010000
     30:     1 15'1-0--1-----10--   ->     8 9'000010000
     31:     1 15'1-0----1---10--   ->     9 9'000010000
     32:     2 15'1-00000000-1000   ->     0 9'000000010
     33:     2 15'1-0-------000--   ->     0 9'000000010
     34:     2 15'0-0---------0--   ->     0 9'000000010
     35:     2 15'--1------------   ->     0 9'000000010
     36:     2 15'1-01-------10--   ->     1 9'000000010
     37:     2 15'1-0--------10-1   ->     2 9'000000010
     38:     2 15'100-------100--   ->     2 9'000000010
     39:     2 15'--0---------1--   ->     2 9'000000010
     40:     2 15'110-------100--   ->     3 9'000000010
     41:     2 15'1-0-1------10--   ->     3 9'000000010
     42:     2 15'1-0--------101-   ->     4 9'000000010
     43:     2 15'1-0-----1--10--   ->     5 9'000000010
     44:     2 15'1-0------1-10--   ->     6 9'000000010
     45:     2 15'1-0---1----10--   ->     7 9'000000010
     46:     2 15'1-0--1-----10--   ->     8 9'000000010
     47:     2 15'1-0----1---10--   ->     9 9'000000010
     48:     3 15'1-00000000-1000   ->     0 9'000001000
     49:     3 15'1-0-------000--   ->     0 9'000001000
     50:     3 15'0-0---------0--   ->     0 9'000001000
     51:     3 15'--1------------   ->     0 9'000001000
     52:     3 15'1-01-------10--   ->     1 9'000001000
     53:     3 15'1-0--------10-1   ->     2 9'000001000
     54:     3 15'100-------100--   ->     2 9'000001000
     55:     3 15'110-------100--   ->     3 9'000001000
     56:     3 15'1-0-1------10--   ->     3 9'000001000
     57:     3 15'--0---------1--   ->     3 9'000001000
     58:     3 15'1-0--------101-   ->     4 9'000001000
     59:     3 15'1-0-----1--10--   ->     5 9'000001000
     60:     3 15'1-0------1-10--   ->     6 9'000001000
     61:     3 15'1-0---1----10--   ->     7 9'000001000
     62:     3 15'1-0--1-----10--   ->     8 9'000001000
     63:     3 15'1-0----1---10--   ->     9 9'000001000
     64:     4 15'1-00000000-1000   ->     0 9'001000000
     65:     4 15'1-0-------000--   ->     0 9'001000000
     66:     4 15'0-0---------0--   ->     0 9'001000000
     67:     4 15'--1------------   ->     0 9'001000000
     68:     4 15'1-01-------10--   ->     1 9'001000000
     69:     4 15'1-0--------10-1   ->     2 9'001000000
     70:     4 15'100-------100--   ->     2 9'001000000
     71:     4 15'110-------100--   ->     3 9'001000000
     72:     4 15'1-0-1------10--   ->     3 9'001000000
     73:     4 15'1-0--------101-   ->     4 9'001000000
     74:     4 15'--0---------1--   ->     4 9'001000000
     75:     4 15'1-0-----1--10--   ->     5 9'001000000
     76:     4 15'1-0------1-10--   ->     6 9'001000000
     77:     4 15'1-0---1----10--   ->     7 9'001000000
     78:     4 15'1-0--1-----10--   ->     8 9'001000000
     79:     4 15'1-0----1---10--   ->     9 9'001000000
     80:     5 15'1-00000000-1000   ->     0 9'100000000
     81:     5 15'1-0-------000--   ->     0 9'100000000
     82:     5 15'0-0---------0--   ->     0 9'100000000
     83:     5 15'--1------------   ->     0 9'100000000
     84:     5 15'1-01-------10--   ->     1 9'100000000
     85:     5 15'1-0--------10-1   ->     2 9'100000000
     86:     5 15'100-------100--   ->     2 9'100000000
     87:     5 15'110-------100--   ->     3 9'100000000
     88:     5 15'1-0-1------10--   ->     3 9'100000000
     89:     5 15'1-0--------101-   ->     4 9'100000000
     90:     5 15'1-0-----1--10--   ->     5 9'100000000
     91:     5 15'--0---------1--   ->     5 9'100000000
     92:     5 15'1-0------1-10--   ->     6 9'100000000
     93:     5 15'1-0---1----10--   ->     7 9'100000000
     94:     5 15'1-0--1-----10--   ->     8 9'100000000
     95:     5 15'1-0----1---10--   ->     9 9'100000000
     96:     6 15'1-00000000-1000   ->     0 9'010000000
     97:     6 15'1-0-------000--   ->     0 9'010000000
     98:     6 15'0-0---------0--   ->     0 9'010000000
     99:     6 15'--1------------   ->     0 9'010000000
    100:     6 15'1-01-------10--   ->     1 9'010000000
    101:     6 15'1-0--------10-1   ->     2 9'010000000
    102:     6 15'100-------100--   ->     2 9'010000000
    103:     6 15'110-------100--   ->     3 9'010000000
    104:     6 15'1-0-1------10--   ->     3 9'010000000
    105:     6 15'1-0--------101-   ->     4 9'010000000
    106:     6 15'1-0-----1--10--   ->     5 9'010000000
    107:     6 15'1-0------1-10--   ->     6 9'010000000
    108:     6 15'--0---------1--   ->     6 9'010000000
    109:     6 15'1-0---1----10--   ->     7 9'010000000
    110:     6 15'1-0--1-----10--   ->     8 9'010000000
    111:     6 15'1-0----1---10--   ->     9 9'010000000
    112:     7 15'1-00000000-1000   ->     0 9'000000001
    113:     7 15'1-0-------000--   ->     0 9'000000001
    114:     7 15'0-0---------0--   ->     0 9'000000001
    115:     7 15'--1------------   ->     0 9'000000001
    116:     7 15'1-01-------10--   ->     1 9'000000001
    117:     7 15'1-0--------10-1   ->     2 9'000000001
    118:     7 15'100-------100--   ->     2 9'000000001
    119:     7 15'110-------100--   ->     3 9'000000001
    120:     7 15'1-0-1------10--   ->     3 9'000000001
    121:     7 15'1-0--------101-   ->     4 9'000000001
    122:     7 15'1-0-----1--10--   ->     5 9'000000001
    123:     7 15'1-0------1-10--   ->     6 9'000000001
    124:     7 15'1-0---1----10--   ->     7 9'000000001
    125:     7 15'--0---------1--   ->     7 9'000000001
    126:     7 15'1-0--1-----10--   ->     8 9'000000001
    127:     7 15'1-0----1---10--   ->     9 9'000000001
    128:     8 15'1-00000000-1000   ->     0 9'000000100
    129:     8 15'1-0-------000--   ->     0 9'000000100
    130:     8 15'0-0---------0--   ->     0 9'000000100
    131:     8 15'--1------------   ->     0 9'000000100
    132:     8 15'1-01-------10--   ->     1 9'000000100
    133:     8 15'1-0--------10-1   ->     2 9'000000100
    134:     8 15'100-------100--   ->     2 9'000000100
    135:     8 15'110-------100--   ->     3 9'000000100
    136:     8 15'1-0-1------10--   ->     3 9'000000100
    137:     8 15'1-0--------101-   ->     4 9'000000100
    138:     8 15'1-0-----1--10--   ->     5 9'000000100
    139:     8 15'1-0------1-10--   ->     6 9'000000100
    140:     8 15'1-0---1----10--   ->     7 9'000000100
    141:     8 15'1-0--1-----10--   ->     8 9'000000100
    142:     8 15'--0---------1--   ->     8 9'000000100
    143:     8 15'1-0----1---10--   ->     9 9'000000100
    144:     9 15'1-00000000-1000   ->     0 9'000100000
    145:     9 15'1-0-------000--   ->     0 9'000100000
    146:     9 15'0-0---------0--   ->     0 9'000100000
    147:     9 15'--1------------   ->     0 9'000100000
    148:     9 15'1-01-------10--   ->     1 9'000100000
    149:     9 15'1-0--------10-1   ->     2 9'000100000
    150:     9 15'100-------100--   ->     2 9'000100000
    151:     9 15'110-------100--   ->     3 9'000100000
    152:     9 15'1-0-1------10--   ->     3 9'000100000
    153:     9 15'1-0--------101-   ->     4 9'000100000
    154:     9 15'1-0-----1--10--   ->     5 9'000100000
    155:     9 15'1-0------1-10--   ->     6 9'000100000
    156:     9 15'1-0---1----10--   ->     7 9'000100000
    157:     9 15'1-0--1-----10--   ->     8 9'000100000
    158:     9 15'1-0----1---10--   ->     9 9'000100000
    159:     9 15'--0---------1--   ->     9 9'000100000

-------------------------------------

FSM `$fsm$\arm16_controller_unit.present_state$1881' from module `tt_um_moein_maleki_arm16':
-------------------------------------

  Information on FSM $fsm$\arm16_controller_unit.present_state$1881 (\arm16_controller_unit.present_state):

  Number of input signals:    8
  Number of output signals:   6
  Number of state bits:       5

  Input signals:
    0: $flatten\arm16_controller_unit.$and$src/arm16_controller.v:86$44_Y
    1: $flatten\arm16_controller_unit.$and$src/arm16_controller.v:69$42_Y
    2: $flatten\arm16_controller_unit.$and$src/arm16_controller.v:67$39_Y
    3: \arm16_controller_unit.abort
    4: \arm16_datapath_unit.qspi_master_unit.word_valid_reg
    5: \arm16_datapath_unit.qspi_master_unit.data_done_reg
    6: \arm16_datapath_unit.rom_mode_q
    7: \reset_synchronizer_unit.sync_second

  Output signals:
    0: $flatten\arm16_controller_unit.$procmux$1589_CMP
    1: $flatten\arm16_controller_unit.$procmux$1573_CMP
    2: $flatten\arm16_controller_unit.$procmux$1572_CMP
    3: $flatten\arm16_controller_unit.$procmux$1520_CMP
    4: $flatten\arm16_controller_unit.$eq$src/arm16_controller.v:49$28_Y
    5: $flatten\arm16_controller_unit.$ne$src/arm16_controller.v:49$26_Y

  State encoding:
    0:    5'----1  <RESET STATE>
    1:    5'---1-
    2:    5'--1--
    3:    5'-1---
    4:    5'1----

  Transition Table (state_in, ctrl_in, state_out, ctrl_out):
      0:     0 8'00---00-   ->     0 6'101000
      1:     0 8'1-------   ->     0 6'101000
      2:     0 8'00---1--   ->     1 6'101000
      3:     0 8'00---01-   ->     2 6'101000
      4:     0 8'01------   ->     3 6'101000
      5:     1 8'0-1-----   ->     0 6'110000
      6:     1 8'1-------   ->     0 6'110000
      7:     1 8'0-0-----   ->     1 6'110000
      8:     2 8'0---1---   ->     0 6'100001
      9:     2 8'1-------   ->     0 6'100001
     10:     2 8'0--00---   ->     2 6'100001
     11:     2 8'0--10---   ->     4 6'100001
     12:     3 8'1-------   ->     0 6'000010
     13:     3 8'0-------   ->     3 6'000010
     14:     4 8'0---1---   ->     0 6'100100
     15:     4 8'1-------   ->     0 6'100100
     16:     4 8'0---0--1   ->     2 6'100100
     17:     4 8'0---0--0   ->     4 6'100100

-------------------------------------

15.9.8. Executing FSM_MAP pass (mapping FSMs to basic logic).
Mapping FSM `$fsm$\arm16_datapath_unit.ex_command$1870' from module `\tt_um_moein_maleki_arm16'.
Mapping FSM `$fsm$\arm16_controller_unit.present_state$1881' from module `\tt_um_moein_maleki_arm16'.

15.10. Executing OPT pass (performing simple optimizations).

15.10.1. Executing OPT_EXPR pass (perform const folding).
Optimizing module tt_um_moein_maleki_arm16.
<suppressed ~8 debug messages>

15.10.2. Executing OPT_MERGE pass (detect identical cells).
Finding identical cells in module `\tt_um_moein_maleki_arm16'.
Computing hashes of 816 cells of `\tt_um_moein_maleki_arm16'.
Finding duplicate cells in `\tt_um_moein_maleki_arm16'.
Computing hashes of 806 cells of `\tt_um_moein_maleki_arm16'.
Finding duplicate cells in `\tt_um_moein_maleki_arm16'.
<suppressed ~30 debug messages>
Removed a total of 10 cells.

15.10.3. Executing OPT_MUXTREE pass (detect dead branches in mux trees).
Running muxtree optimizer on module \tt_um_moein_maleki_arm16..
  Creating internal representation of mux trees.
  Evaluating internal representation of mux trees.
  Analyzing evaluation results.
Removed 0 multiplexer ports.
<suppressed ~449 debug messages>

15.10.4. Executing OPT_REDUCE pass (consolidate $*mux and $reduce_* inputs).
  Optimizing cells in module \tt_um_moein_maleki_arm16.
Performed a total of 0 changes.

15.10.5. Executing OPT_MERGE pass (detect identical cells).
Finding identical cells in module `\tt_um_moein_maleki_arm16'.
Computing hashes of 806 cells of `\tt_um_moein_maleki_arm16'.
Finding duplicate cells in `\tt_um_moein_maleki_arm16'.
Removed a total of 0 cells.

15.10.6. Executing OPT_DFF pass (perform DFF optimizations).
Adding SRST signal on $flatten\arm16_datapath_unit.$procdff$1796 ($dff) from module tt_um_moein_maleki_arm16 (D = $flatten\arm16_datapath_unit.$procmux$1467_Y, Q = \arm16_datapath_unit.ex_pc, rval = 16'0000000000000000).
Adding EN signal on $auto$ff.cc:337:slice$2035 ($sdff) from module tt_um_moein_maleki_arm16 (D = \arm16_datapath_unit.if_id_pc, Q = \arm16_datapath_unit.ex_pc).
Adding SRST signal on $flatten\arm16_datapath_unit.$procdff$1795 ($dff) from module tt_um_moein_maleki_arm16 (D = $flatten\arm16_datapath_unit.$procmux$1472_Y, Q = \arm16_datapath_unit.ex_valid, rval = 1'0).
Adding EN signal on $auto$ff.cc:337:slice$2037 ($sdff) from module tt_um_moein_maleki_arm16 (D = \arm16_datapath_unit.hazard_detector_unit.id_valid_in, Q = \arm16_datapath_unit.ex_valid).
Adding SRST signal on $flatten\arm16_datapath_unit.$procdff$1794 ($dff) from module tt_um_moein_maleki_arm16 (D = $flatten\arm16_datapath_unit.$procmux$1332_Y, Q = \arm16_datapath_unit.mem_store_data, rval = 16'0000000000000000).
Adding EN signal on $auto$ff.cc:337:slice$2039 ($sdff) from module tt_um_moein_maleki_arm16 (D = \arm16_datapath_unit.barrel_shifter_unit.value_in, Q = \arm16_datapath_unit.mem_store_data).
Adding SRST signal on $flatten\arm16_datapath_unit.$procdff$1793 ($dff) from module tt_um_moein_maleki_arm16 (D = $flatten\arm16_datapath_unit.$procmux$1337_Y, Q = \arm16_datapath_unit.mem_alu_result, rval = 16'0000000000000000).
Adding EN signal on $auto$ff.cc:337:slice$2041 ($sdff) from module tt_um_moein_maleki_arm16 (D = \arm16_datapath_unit.ex_result, Q = \arm16_datapath_unit.mem_alu_result).
Adding SRST signal on $flatten\arm16_datapath_unit.$procdff$1792 ($dff) from module tt_um_moein_maleki_arm16 (D = $flatten\arm16_datapath_unit.$procmux$1342_Y, Q = \arm16_datapath_unit.mem_dest, rval = 4'0000).
Adding EN signal on $auto$ff.cc:337:slice$2043 ($sdff) from module tt_um_moein_maleki_arm16 (D = \arm16_datapath_unit.ex_dest, Q = \arm16_datapath_unit.mem_dest).
Adding SRST signal on $flatten\arm16_datapath_unit.$procdff$1791 ($dff) from module tt_um_moein_maleki_arm16 (D = $flatten\arm16_datapath_unit.$procmux$1347_Y, Q = \arm16_datapath_unit.mem_mem_write, rval = 1'0).
Adding EN signal on $auto$ff.cc:337:slice$2045 ($sdff) from module tt_um_moein_maleki_arm16 (D = \arm16_datapath_unit.ex_mem_write, Q = \arm16_datapath_unit.mem_mem_write).
Adding SRST signal on $flatten\arm16_datapath_unit.$procdff$1790 ($dff) from module tt_um_moein_maleki_arm16 (D = $flatten\arm16_datapath_unit.$procmux$1352_Y, Q = \arm16_datapath_unit.mem_mem_read, rval = 1'0).
Adding EN signal on $auto$ff.cc:337:slice$2047 ($sdff) from module tt_um_moein_maleki_arm16 (D = \arm16_datapath_unit.ex_mem_read, Q = \arm16_datapath_unit.mem_mem_read).
Adding SRST signal on $flatten\arm16_datapath_unit.$procdff$1813 ($dff) from module tt_um_moein_maleki_arm16 (D = $flatten\arm16_datapath_unit.$procmux$1382_Y, Q = \arm16_datapath_unit.ex_src2, rval = 4'0000).
Adding EN signal on $auto$ff.cc:337:slice$2049 ($sdff) from module tt_um_moein_maleki_arm16 (D = \arm16_datapath_unit.hazard_detector_unit.id_src2_in, Q = \arm16_datapath_unit.ex_src2).
Adding SRST signal on $flatten\arm16_datapath_unit.$procdff$1789 ($dff) from module tt_um_moein_maleki_arm16 (D = $flatten\arm16_datapath_unit.$procmux$1357_Y, Q = \arm16_datapath_unit.mem_wb_en, rval = 1'0).
Adding EN signal on $auto$ff.cc:337:slice$2051 ($sdff) from module tt_um_moein_maleki_arm16 (D = \arm16_datapath_unit.ex_wb_en, Q = \arm16_datapath_unit.mem_wb_en).
Adding SRST signal on $flatten\arm16_datapath_unit.$procdff$1788 ($dff) from module tt_um_moein_maleki_arm16 (D = $flatten\arm16_datapath_unit.$procmux$1362_Y, Q = \arm16_datapath_unit.mem_valid, rval = 1'0).
Adding EN signal on $auto$ff.cc:337:slice$2053 ($sdff) from module tt_um_moein_maleki_arm16 (D = \arm16_datapath_unit.ex_valid, Q = \arm16_datapath_unit.mem_valid).
Adding SRST signal on $flatten\arm16_datapath_unit.$procdff$1787 ($dff) from module tt_um_moein_maleki_arm16 (D = $flatten\arm16_datapath_unit.$procmux$1302_Y, Q = \arm16_datapath_unit.wb_load_data, rval = 16'0000000000000000).
Adding EN signal on $auto$ff.cc:337:slice$2055 ($sdff) from module tt_um_moein_maleki_arm16 (D = \arm16_datapath_unit.mem_load_data, Q = \arm16_datapath_unit.wb_load_data).
Adding SRST signal on $flatten\arm16_datapath_unit.$procdff$1786 ($dff) from module tt_um_moein_maleki_arm16 (D = $flatten\arm16_datapath_unit.$procmux$1307_Y, Q = \arm16_datapath_unit.wb_alu_result, rval = 16'0000000000000000).
Adding EN signal on $auto$ff.cc:337:slice$2057 ($sdff) from module tt_um_moein_maleki_arm16 (D = \arm16_datapath_unit.mem_alu_result, Q = \arm16_datapath_unit.wb_alu_result).
Adding SRST signal on $flatten\arm16_datapath_unit.$procdff$1785 ($dff) from module tt_um_moein_maleki_arm16 (D = $flatten\arm16_datapath_unit.$procmux$1312_Y, Q = \arm16_datapath_unit.wb_dest, rval = 4'0000).
Adding EN signal on $auto$ff.cc:337:slice$2059 ($sdff) from module tt_um_moein_maleki_arm16 (D = \arm16_datapath_unit.mem_dest, Q = \arm16_datapath_unit.wb_dest).
Adding SRST signal on $flatten\arm16_datapath_unit.$procdff$1784 ($dff) from module tt_um_moein_maleki_arm16 (D = $flatten\arm16_datapath_unit.$procmux$1317_Y, Q = \arm16_datapath_unit.wb_mem_read, rval = 1'0).
Adding EN signal on $auto$ff.cc:337:slice$2061 ($sdff) from module tt_um_moein_maleki_arm16 (D = \arm16_datapath_unit.mem_mem_read, Q = \arm16_datapath_unit.wb_mem_read).
Adding SRST signal on $flatten\arm16_datapath_unit.$procdff$1783 ($dff) from module tt_um_moein_maleki_arm16 (D = $flatten\arm16_datapath_unit.$procmux$1322_Y, Q = \arm16_datapath_unit.wb_wb_en, rval = 1'0).
Adding EN signal on $auto$ff.cc:337:slice$2063 ($sdff) from module tt_um_moein_maleki_arm16 (D = \arm16_datapath_unit.mem_wb_en, Q = \arm16_datapath_unit.wb_wb_en).
Adding SRST signal on $flatten\arm16_datapath_unit.$procdff$1782 ($dff) from module tt_um_moein_maleki_arm16 (D = $flatten\arm16_datapath_unit.$procmux$1327_Y, Q = \arm16_datapath_unit.wb_valid, rval = 1'0).
Adding EN signal on $auto$ff.cc:337:slice$2065 ($sdff) from module tt_um_moein_maleki_arm16 (D = \arm16_datapath_unit.mem_valid, Q = \arm16_datapath_unit.wb_valid).
Adding SRST signal on $flatten\arm16_datapath_unit.$procdff$1781 ($dff) from module tt_um_moein_maleki_arm16 (D = $flatten\arm16_datapath_unit.$procmux$1297_Y, Q = \arm16_datapath_unit.nzcv, rval = 4'0000).
Adding EN signal on $auto$ff.cc:337:slice$2067 ($sdff) from module tt_um_moein_maleki_arm16 (D = { \arm16_datapath_unit.alu_result [15] \arm16_datapath_unit.alu_zero \arm16_datapath_unit.flags_next [1:0] }, Q = \arm16_datapath_unit.nzcv).
Adding SRST signal on $flatten\arm16_datapath_unit.$procdff$1780 ($dff) from module tt_um_moein_maleki_arm16 (D = $flatten\arm16_datapath_unit.$procmux$1271_Y, Q = \arm16_datapath_unit.uart_div, rval = 16'0000000011011001).
Adding EN signal on $auto$ff.cc:337:slice$2069 ($sdff) from module tt_um_moein_maleki_arm16 (D = \arm16_datapath_unit.mem_store_data, Q = \arm16_datapath_unit.uart_div).
Adding SRST signal on $flatten\arm16_datapath_unit.$procdff$1779 ($dff) from module tt_um_moein_maleki_arm16 (D = $flatten\arm16_datapath_unit.$procmux$1278_Y, Q = \arm16_datapath_unit.vga_bg, rval = 6'000000).
Adding EN signal on $auto$ff.cc:337:slice$2073 ($sdff) from module tt_um_moein_maleki_arm16 (D = \arm16_datapath_unit.mem_store_data [5:0], Q = \arm16_datapath_unit.vga_bg).
Adding SRST signal on $flatten\arm16_datapath_unit.$procdff$1778 ($dff) from module tt_um_moein_maleki_arm16 (D = $flatten\arm16_datapath_unit.$procmux$1285_Y, Q = \arm16_datapath_unit.vga_fg, rval = 6'111111).
Adding EN signal on $auto$ff.cc:337:slice$2077 ($sdff) from module tt_um_moein_maleki_arm16 (D = \arm16_datapath_unit.mem_store_data [5:0], Q = \arm16_datapath_unit.vga_fg).
Adding SRST signal on $flatten\arm16_datapath_unit.$procdff$1777 ($dff) from module tt_um_moein_maleki_arm16 (D = $flatten\arm16_datapath_unit.$procmux$1292_Y, Q = \arm16_datapath_unit.vga_val, rval = 16'0000000000000000).
Adding EN signal on $auto$ff.cc:337:slice$2081 ($sdff) from module tt_um_moein_maleki_arm16 (D = \arm16_datapath_unit.mem_store_data, Q = \arm16_datapath_unit.vga_val).
Adding SRST signal on $flatten\arm16_datapath_unit.$procdff$1776 ($dff) from module tt_um_moein_maleki_arm16 (D = \arm16_datapath_unit.vga_renderer_unit.vsync_n, Q = \arm16_datapath_unit.vsync_q, rval = 1'1).
Adding SRST signal on $flatten\arm16_datapath_unit.$procdff$1775 ($dff) from module tt_um_moein_maleki_arm16 (D = $flatten\arm16_datapath_unit.$procmux$1256_Y, Q = \arm16_datapath_unit.meter_value, rval = 16'0000000000000000).
Adding EN signal on $auto$ff.cc:337:slice$2086 ($sdff) from module tt_um_moein_maleki_arm16 (D = \arm16_datapath_unit.retired_count [19:4], Q = \arm16_datapath_unit.meter_value).
Adding SRST signal on $flatten\arm16_datapath_unit.$procdff$1774 ($dff) from module tt_um_moein_maleki_arm16 (D = $flatten\arm16_datapath_unit.$procmux$1261_Y [19:1], Q = \arm16_datapath_unit.retired_count [19:1], rval = 19'0000000000000000000).
Adding SRST signal on $flatten\arm16_datapath_unit.$procdff$1774 ($dff) from module tt_um_moein_maleki_arm16 (D = $flatten\arm16_datapath_unit.$procmux$1264_Y [0], Q = \arm16_datapath_unit.retired_count [0], rval = 1'0).
Adding EN signal on $auto$ff.cc:337:slice$2091 ($sdff) from module tt_um_moein_maleki_arm16 (D = $flatten\arm16_datapath_unit.$procmux$1264_Y [0], Q = \arm16_datapath_unit.retired_count [0]).
Adding EN signal on $auto$ff.cc:337:slice$2088 ($sdff) from module tt_um_moein_maleki_arm16 (D = $flatten\arm16_datapath_unit.$add$src/arm16_datapath.v:404$159_Y [19:1], Q = \arm16_datapath_unit.retired_count [19:1]).
Adding SRST signal on $flatten\arm16_datapath_unit.$procdff$1814 ($dff) from module tt_um_moein_maleki_arm16 (D = $flatten\arm16_datapath_unit.$procmux$1377_Y, Q = \arm16_datapath_unit.ex_has_src1, rval = 1'0).
Adding EN signal on $auto$ff.cc:337:slice$2096 ($sdff) from module tt_um_moein_maleki_arm16 (D = $flatten\arm16_datapath_unit.$and$src/arm16_datapath.v:311$142_Y, Q = \arm16_datapath_unit.ex_has_src1).
Adding SRST signal on $flatten\arm16_datapath_unit.$procdff$1812 ($dff) from module tt_um_moein_maleki_arm16 (D = $flatten\arm16_datapath_unit.$procmux$1387_Y, Q = \arm16_datapath_unit.ex_src1, rval = 4'0000).
Adding EN signal on $auto$ff.cc:337:slice$2098 ($sdff) from module tt_um_moein_maleki_arm16 (D = \arm16_datapath_unit.if_id_instr [19:16], Q = \arm16_datapath_unit.ex_src1).
Adding SRST signal on $flatten\arm16_datapath_unit.$procdff$1808 ($dff) from module tt_um_moein_maleki_arm16 (D = $flatten\arm16_datapath_unit.$procmux$1407_Y, Q = \arm16_datapath_unit.ex_operand2, rval = 12'000000000000).
Adding EN signal on $auto$ff.cc:337:slice$2100 ($sdff) from module tt_um_moein_maleki_arm16 (D = \arm16_datapath_unit.if_id_instr [11:0], Q = \arm16_datapath_unit.ex_operand2).
Adding SRST signal on $flatten\arm16_datapath_unit.$procdff$1807 ($dff) from module tt_um_moein_maleki_arm16 (D = $flatten\arm16_datapath_unit.$procmux$1412_Y, Q = \arm16_datapath_unit.ex_memory, rval = 1'0).
Adding EN signal on $auto$ff.cc:337:slice$2102 ($sdff) from module tt_um_moein_maleki_arm16 (D = \arm16_datapath_unit.id_memory, Q = \arm16_datapath_unit.ex_memory).
Adding SRST signal on $flatten\arm16_datapath_unit.$procdff$1806 ($dff) from module tt_um_moein_maleki_arm16 (D = $flatten\arm16_datapath_unit.$procmux$1417_Y, Q = \arm16_datapath_unit.ex_immediate, rval = 1'0).
Adding EN signal on $auto$ff.cc:337:slice$2104 ($sdff) from module tt_um_moein_maleki_arm16 (D = \arm16_datapath_unit.id_immediate, Q = \arm16_datapath_unit.ex_immediate).
Adding SRST signal on $flatten\arm16_datapath_unit.$procdff$1804 ($dff) from module tt_um_moein_maleki_arm16 (D = $flatten\arm16_datapath_unit.$procmux$1427_Y, Q = \arm16_datapath_unit.ex_dest_is_pc, rval = 1'0).
Adding EN signal on $auto$ff.cc:337:slice$2106 ($sdff) from module tt_um_moein_maleki_arm16 (D = $flatten\arm16_datapath_unit.$and$src/arm16_datapath.v:301$140_Y, Q = \arm16_datapath_unit.ex_dest_is_pc).
Adding SRST signal on $flatten\arm16_datapath_unit.\vga_renderer_unit.$procdff$1730 ($dff) from module tt_um_moein_maleki_arm16 (D = { $flatten\arm16_datapath_unit.\vga_renderer_unit.$ternary$src/vga_renderer.v:49$403_Y [0] $flatten\arm16_datapath_unit.\vga_renderer_unit.$ternary$src/vga_renderer.v:49$403_Y [2] $flatten\arm16_datapath_unit.\vga_renderer_unit.$ternary$src/vga_renderer.v:49$403_Y [4] $flatten\arm16_datapath_unit.\vga_renderer_unit.$ternary$src/vga_renderer.v:49$403_Y [1] $flatten\arm16_datapath_unit.\vga_renderer_unit.$ternary$src/vga_renderer.v:49$403_Y [3] $flatten\arm16_datapath_unit.\vga_renderer_unit.$ternary$src/vga_renderer.v:49$403_Y [5] }, Q = { \arm16_datapath_unit.vga_renderer_unit.pins_out [6:4] \arm16_datapath_unit.vga_renderer_unit.pins_out [2:0] }, rval = 6'000000).
Adding SRST signal on $flatten\arm16_datapath_unit.\vga_renderer_unit.$procdff$1731 ($dff) from module tt_um_moein_maleki_arm16 (D = $flatten\arm16_datapath_unit.\vga_renderer_unit.$add$src/vga_renderer.v:57$406_Y, Q = \arm16_datapath_unit.vga_renderer_unit.h_count, rval = 10'0000000000).
Adding SRST signal on $flatten\arm16_datapath_unit.\vga_renderer_unit.$procdff$1732 ($dff) from module tt_um_moein_maleki_arm16 (D = $flatten\arm16_datapath_unit.\vga_renderer_unit.$procmux$464_Y, Q = \arm16_datapath_unit.vga_renderer_unit.v_count, rval = 10'0000000000).
Adding EN signal on $auto$ff.cc:337:slice$2113 ($sdff) from module tt_um_moein_maleki_arm16 (D = $flatten\arm16_datapath_unit.\vga_renderer_unit.$ternary$src/vga_renderer.v:59$409_Y, Q = \arm16_datapath_unit.vga_renderer_unit.v_count).
Adding SRST signal on $flatten\arm16_datapath_unit.$procdff$1803 ($dff) from module tt_um_moein_maleki_arm16 (D = $flatten\arm16_datapath_unit.$procmux$1432_Y, Q = \arm16_datapath_unit.ex_dest, rval = 4'0000).
Adding EN signal on $auto$ff.cc:337:slice$2115 ($sdff) from module tt_um_moein_maleki_arm16 (D = \arm16_datapath_unit.id_dest, Q = \arm16_datapath_unit.ex_dest).
Adding SRST signal on $flatten\arm16_datapath_unit.$procdff$1802 ($dff) from module tt_um_moein_maleki_arm16 (D = $flatten\arm16_datapath_unit.$procmux$1437_Y, Q = \arm16_datapath_unit.ex_set_flags, rval = 1'0).
Adding EN signal on $auto$ff.cc:337:slice$2117 ($sdff) from module tt_um_moein_maleki_arm16 (D = $flatten\arm16_datapath_unit.$and$src/arm16_datapath.v:299$139_Y, Q = \arm16_datapath_unit.ex_set_flags).
Adding SRST signal on $flatten\arm16_datapath_unit.$procdff$1811 ($dff) from module tt_um_moein_maleki_arm16 (D = $flatten\arm16_datapath_unit.$procmux$1392_Y, Q = \arm16_datapath_unit.ex_val_rm, rval = 16'0000000000000000).
Adding EN signal on $auto$ff.cc:337:slice$2119 ($sdff) from module tt_um_moein_maleki_arm16 (D = \arm16_datapath_unit.id_val_rm, Q = \arm16_datapath_unit.ex_val_rm).
Adding SRST signal on $flatten\arm16_datapath_unit.$procdff$1810 ($dff) from module tt_um_moein_maleki_arm16 (D = $flatten\arm16_datapath_unit.$procmux$1397_Y, Q = \arm16_datapath_unit.ex_val_rn, rval = 16'0000000000000000).
Adding EN signal on $auto$ff.cc:337:slice$2121 ($sdff) from module tt_um_moein_maleki_arm16 (D = \arm16_datapath_unit.id_val_rn, Q = \arm16_datapath_unit.ex_val_rn).
Adding SRST signal on $flatten\arm16_datapath_unit.$procdff$1801 ($dff) from module tt_um_moein_maleki_arm16 (D = $flatten\arm16_datapath_unit.$procmux$1442_Y, Q = \arm16_datapath_unit.ex_link, rval = 1'0).
Adding EN signal on $auto$ff.cc:337:slice$2123 ($sdff) from module tt_um_moein_maleki_arm16 (D = $flatten\arm16_datapath_unit.$and$src/arm16_datapath.v:298$138_Y, Q = \arm16_datapath_unit.ex_link).
Adding SRST signal on $flatten\arm16_datapath_unit.$procdff$1800 ($dff) from module tt_um_moein_maleki_arm16 (D = $flatten\arm16_datapath_unit.$procmux$1447_Y, Q = \arm16_datapath_unit.ex_branch, rval = 1'0).
Adding EN signal on $auto$ff.cc:337:slice$2125 ($sdff) from module tt_um_moein_maleki_arm16 (D = $flatten\arm16_datapath_unit.$and$src/arm16_datapath.v:297$137_Y, Q = \arm16_datapath_unit.ex_branch).
Adding SRST signal on $flatten\arm16_datapath_unit.$procdff$1799 ($dff) from module tt_um_moein_maleki_arm16 (D = $flatten\arm16_datapath_unit.$procmux$1452_Y, Q = \arm16_datapath_unit.ex_mem_write, rval = 1'0).
Adding EN signal on $auto$ff.cc:337:slice$2127 ($sdff) from module tt_um_moein_maleki_arm16 (D = $flatten\arm16_datapath_unit.$and$src/arm16_datapath.v:296$136_Y, Q = \arm16_datapath_unit.ex_mem_write).
Adding SRST signal on $flatten\arm16_datapath_unit.$procdff$1798 ($dff) from module tt_um_moein_maleki_arm16 (D = $flatten\arm16_datapath_unit.$procmux$1457_Y, Q = \arm16_datapath_unit.ex_mem_read, rval = 1'0).
Adding EN signal on $auto$ff.cc:337:slice$2129 ($sdff) from module tt_um_moein_maleki_arm16 (D = $flatten\arm16_datapath_unit.$and$src/arm16_datapath.v:295$135_Y, Q = \arm16_datapath_unit.ex_mem_read).
Adding SRST signal on $flatten\arm16_datapath_unit.$procdff$1797 ($dff) from module tt_um_moein_maleki_arm16 (D = $flatten\arm16_datapath_unit.$procmux$1462_Y, Q = \arm16_datapath_unit.ex_wb_en, rval = 1'0).
Adding EN signal on $auto$ff.cc:337:slice$2131 ($sdff) from module tt_um_moein_maleki_arm16 (D = $flatten\arm16_datapath_unit.$and$src/arm16_datapath.v:294$134_Y, Q = \arm16_datapath_unit.ex_wb_en).
Adding SRST signal on $flatten\arm16_datapath_unit.\qspi_master_unit.$procdff$1750 ($dff) from module tt_um_moein_maleki_arm16 (D = $flatten\arm16_datapath_unit.\qspi_master_unit.$procmux$661_Y, Q = \arm16_datapath_unit.qspi_master_unit.data_done_reg, rval = 1'0).
Adding SRST signal on $flatten\arm16_datapath_unit.\qspi_master_unit.$procdff$1752 ($dff) from module tt_um_moein_maleki_arm16 (D = $flatten\arm16_datapath_unit.\qspi_master_unit.$add$src/qspi_master.v:277$349_Y, Q = \arm16_datapath_unit.qspi_master_unit.cs_low_cnt, rval = 8'00000000).
Adding SRST signal on $flatten\arm16_datapath_unit.\qspi_master_unit.$procdff$1753 ($dff) from module tt_um_moein_maleki_arm16 (D = { \arm16_datapath_unit.qspi_master_unit.cap_pipe [1:0] $flatten\arm16_datapath_unit.\qspi_master_unit.$procmux$690_Y }, Q = \arm16_datapath_unit.qspi_master_unit.cap_pipe, rval = 3'000).
Adding SRST signal on $flatten\arm16_datapath_unit.\qspi_master_unit.$procdff$1754 ($dff) from module tt_um_moein_maleki_arm16 (D = $flatten\arm16_datapath_unit.\qspi_master_unit.$procmux$718_Y, Q = \arm16_datapath_unit.qspi_master_unit.cap_count, rval = 3'000).
Adding EN signal on $auto$ff.cc:337:slice$2140 ($sdff) from module tt_um_moein_maleki_arm16 (D = $flatten\arm16_datapath_unit.\qspi_master_unit.$add$src/qspi_master.v:243$336_Y, Q = \arm16_datapath_unit.qspi_master_unit.cap_count).
Adding SRST signal on $flatten\arm16_datapath_unit.\qspi_master_unit.$procdff$1755 ($dff) from module tt_um_moein_maleki_arm16 (D = $flatten\arm16_datapath_unit.\qspi_master_unit.$2$lookahead\rx_word$307[31:0]$326, Q = \arm16_datapath_unit.qspi_master_unit.rx_word, rval = 0).
Adding EN signal on $auto$ff.cc:337:slice$2144 ($sdff) from module tt_um_moein_maleki_arm16 (D = $flatten\arm16_datapath_unit.\qspi_master_unit.$or$src/qspi_master.v:242$335_Y, Q = \arm16_datapath_unit.qspi_master_unit.rx_word).
Adding SRST signal on $flatten\arm16_datapath_unit.\qspi_master_unit.$procdff$1756 ($dff) from module tt_um_moein_maleki_arm16 (D = $flatten\arm16_datapath_unit.\qspi_master_unit.$procmux$708_Y, Q = \arm16_datapath_unit.qspi_master_unit.word_valid_reg, rval = 1'0).
Adding SRST signal on $flatten\arm16_datapath_unit.\qspi_master_unit.$procdff$1759 ($dff) from module tt_um_moein_maleki_arm16 (D = $flatten\arm16_datapath_unit.\qspi_master_unit.$procmux$902_Y, Q = \arm16_datapath_unit.qspi_master_unit.kind, rval = 2'00).
Adding EN signal on $auto$ff.cc:337:slice$2149 ($sdff) from module tt_um_moein_maleki_arm16 (D = \arm16_datapath_unit.qspi_master_unit.kind_next, Q = \arm16_datapath_unit.qspi_master_unit.kind).
Adding SRST signal on $flatten\arm16_datapath_unit.\qspi_master_unit.$procdff$1760 ($dff) from module tt_um_moein_maleki_arm16 (D = $flatten\arm16_datapath_unit.\qspi_master_unit.$procmux$885_Y, Q = \arm16_datapath_unit.qspi_master_unit.sck_reg, rval = 1'0).
Adding EN signal on $auto$ff.cc:337:slice$2153 ($sdff) from module tt_um_moein_maleki_arm16 (D = $flatten\arm16_datapath_unit.\qspi_master_unit.$procmux$885_Y, Q = \arm16_datapath_unit.qspi_master_unit.sck_reg).
Adding SRST signal on $flatten\arm16_datapath_unit.\qspi_master_unit.$procdff$1761 ($dff) from module tt_um_moein_maleki_arm16 (D = $flatten\arm16_datapath_unit.\qspi_master_unit.$procmux$873_Y, Q = \arm16_datapath_unit.qspi_master_unit.cs_flash_n_reg, rval = 1'1).
Adding EN signal on $auto$ff.cc:337:slice$2157 ($sdff) from module tt_um_moein_maleki_arm16 (D = $flatten\arm16_datapath_unit.\qspi_master_unit.$procmux$873_Y, Q = \arm16_datapath_unit.qspi_master_unit.cs_flash_n_reg).
Adding SRST signal on $flatten\arm16_datapath_unit.\qspi_master_unit.$procdff$1762 ($dff) from module tt_um_moein_maleki_arm16 (D = $flatten\arm16_datapath_unit.\qspi_master_unit.$procmux$856_Y, Q = \arm16_datapath_unit.qspi_master_unit.cs_ram_n_reg, rval = 1'1).
Adding EN signal on $auto$ff.cc:337:slice$2169 ($sdff) from module tt_um_moein_maleki_arm16 (D = $flatten\arm16_datapath_unit.\qspi_master_unit.$procmux$856_Y, Q = \arm16_datapath_unit.qspi_master_unit.cs_ram_n_reg).
Adding SRST signal on $flatten\arm16_datapath_unit.\qspi_master_unit.$procdff$1763 ($dff) from module tt_um_moein_maleki_arm16 (D = $flatten\arm16_datapath_unit.\qspi_master_unit.$procmux$844_Y, Q = \arm16_datapath_unit.qspi_master_unit.sd_reg, rval = 4'0000).
Adding EN signal on $auto$ff.cc:337:slice$2183 ($sdff) from module tt_um_moein_maleki_arm16 (D = $flatten\arm16_datapath_unit.\qspi_master_unit.$procmux$844_Y, Q = \arm16_datapath_unit.qspi_master_unit.sd_reg).
Adding SRST signal on $flatten\arm16_datapath_unit.\qspi_master_unit.$procdff$1764 ($dff) from module tt_um_moein_maleki_arm16 (D = $flatten\arm16_datapath_unit.\qspi_master_unit.$procmux$818_Y, Q = \arm16_datapath_unit.qspi_master_unit.sd_oe_reg, rval = 4'0000).
Adding EN signal on $auto$ff.cc:337:slice$2197 ($sdff) from module tt_um_moein_maleki_arm16 (D = $flatten\arm16_datapath_unit.\qspi_master_unit.$procmux$818_Y, Q = \arm16_datapath_unit.qspi_master_unit.sd_oe_reg).
Adding SRST signal on $flatten\arm16_datapath_unit.\qspi_master_unit.$procdff$1765 ($dff) from module tt_um_moein_maleki_arm16 (D = $flatten\arm16_datapath_unit.\qspi_master_unit.$procmux$811_Y, Q = \arm16_datapath_unit.qspi_master_unit.cmd_byte, rval = 8'11101011).
Adding EN signal on $auto$ff.cc:337:slice$2209 ($sdff) from module tt_um_moein_maleki_arm16 (D = $flatten\arm16_datapath_unit.\qspi_master_unit.$ternary$src/qspi_master.v:160$288_Y, Q = \arm16_datapath_unit.qspi_master_unit.cmd_byte).
Adding SRST signal on $flatten\arm16_datapath_unit.\qspi_master_unit.$procdff$1766 ($dff) from module tt_um_moein_maleki_arm16 (D = $flatten\arm16_datapath_unit.\qspi_master_unit.$procmux$800_Y, Q = \arm16_datapath_unit.qspi_master_unit.addr_reg, rval = 24'000000000000000000000000).
Adding EN signal on $auto$ff.cc:337:slice$2213 ($sdff) from module tt_um_moein_maleki_arm16 (D = { 8'00000000 \arm16_datapath_unit.qspi_master_unit.addr_in }, Q = \arm16_datapath_unit.qspi_master_unit.addr_reg).
Adding SRST signal on $flatten\arm16_datapath_unit.\qspi_master_unit.$procdff$1767 ($dff) from module tt_um_moein_maleki_arm16 (D = $flatten\arm16_datapath_unit.\qspi_master_unit.$procmux$789_Y, Q = \arm16_datapath_unit.qspi_master_unit.wdata_reg, rval = 16'0000000000000000).
Adding EN signal on $auto$ff.cc:337:slice$2217 ($sdff) from module tt_um_moein_maleki_arm16 (D = \arm16_datapath_unit.mem_store_data, Q = \arm16_datapath_unit.qspi_master_unit.wdata_reg).
Adding SRST signal on $flatten\arm16_datapath_unit.\qspi_master_unit.$procdff$1768 ($dff) from module tt_um_moein_maleki_arm16 (D = $flatten\arm16_datapath_unit.\qspi_master_unit.$procmux$775_Y, Q = \arm16_datapath_unit.qspi_master_unit.period, rval = 5'00000).
Adding EN signal on $auto$ff.cc:337:slice$2221 ($sdff) from module tt_um_moein_maleki_arm16 (D = $flatten\arm16_datapath_unit.\qspi_master_unit.$procmux$775_Y, Q = \arm16_datapath_unit.qspi_master_unit.period).
Adding SRST signal on $flatten\arm16_datapath_unit.\qspi_master_unit.$procdff$1769 ($dff) from module tt_um_moein_maleki_arm16 (D = $flatten\arm16_datapath_unit.\qspi_master_unit.$procmux$760_Y, Q = \arm16_datapath_unit.qspi_master_unit.req_cnt, rval = 4'0000).
Adding EN signal on $auto$ff.cc:337:slice$2233 ($sdff) from module tt_um_moein_maleki_arm16 (D = $flatten\arm16_datapath_unit.\qspi_master_unit.$procmux$760_Y, Q = \arm16_datapath_unit.qspi_master_unit.req_cnt).
Adding SRST signal on $flatten\arm16_datapath_unit.\qspi_master_unit.$procdff$1770 ($dff) from module tt_um_moein_maleki_arm16 (D = $flatten\arm16_datapath_unit.\qspi_master_unit.$procmux$739_Y, Q = \arm16_datapath_unit.qspi_master_unit.gap_cnt, rval = 4'0000).
Adding EN signal on $auto$ff.cc:337:slice$2245 ($sdff) from module tt_um_moein_maleki_arm16 (D = $flatten\arm16_datapath_unit.\qspi_master_unit.$procmux$739_Y, Q = \arm16_datapath_unit.qspi_master_unit.gap_cnt).
Adding SRST signal on $flatten\arm16_datapath_unit.\qspi_master_unit.$procdff$1771 ($dff) from module tt_um_moein_maleki_arm16 (D = $flatten\arm16_datapath_unit.\qspi_master_unit.$procmux$732_Y, Q = \arm16_datapath_unit.qspi_master_unit.stop_pending, rval = 1'0).
Adding EN signal on $auto$ff.cc:337:slice$2249 ($sdff) from module tt_um_moein_maleki_arm16 (D = $flatten\arm16_datapath_unit.\qspi_master_unit.$procmux$732_Y, Q = \arm16_datapath_unit.qspi_master_unit.stop_pending).
Adding SRST signal on $flatten\arm16_datapath_unit.\qspi_master_unit.$procdff$1773 ($dff) from module tt_um_moein_maleki_arm16 (D = $flatten\arm16_datapath_unit.\qspi_master_unit.$1\next_state[2:0] [1:0], Q = \arm16_datapath_unit.qspi_master_unit.present_state [1:0], rval = 2'00).
Adding SRST signal on $flatten\arm16_datapath_unit.\qspi_master_unit.$procdff$1773 ($dff) from module tt_um_moein_maleki_arm16 (D = \arm16_datapath_unit.qspi_master_unit.next_state [2], Q = \arm16_datapath_unit.qspi_master_unit.present_state [2], rval = 1'0).
Adding EN signal on $auto$ff.cc:337:slice$2260 ($sdff) from module tt_um_moein_maleki_arm16 (D = \arm16_datapath_unit.qspi_master_unit.next_state [2], Q = \arm16_datapath_unit.qspi_master_unit.present_state [2]).
Adding EN signal on $auto$ff.cc:337:slice$2257 ($sdff) from module tt_um_moein_maleki_arm16 (D = $flatten\arm16_datapath_unit.\qspi_master_unit.$1\next_state[2:0] [1:0], Q = \arm16_datapath_unit.qspi_master_unit.present_state [1:0]).
Adding SRST signal on $flatten\arm16_datapath_unit.$procdff$1815 ($dff) from module tt_um_moein_maleki_arm16 (D = $flatten\arm16_datapath_unit.$procmux$1372_Y, Q = \arm16_datapath_unit.ex_has_src2, rval = 1'0).
Adding EN signal on $auto$ff.cc:337:slice$2287 ($sdff) from module tt_um_moein_maleki_arm16 (D = $flatten\arm16_datapath_unit.$and$src/arm16_datapath.v:312$143_Y, Q = \arm16_datapath_unit.ex_has_src2).
Adding SRST signal on $flatten\arm16_datapath_unit.$procdff$1809 ($dff) from module tt_um_moein_maleki_arm16 (D = $flatten\arm16_datapath_unit.$procmux$1402_Y, Q = \arm16_datapath_unit.ex_branch_imm, rval = 24'000000000000000000000000).
Adding EN signal on $auto$ff.cc:337:slice$2289 ($sdff) from module tt_um_moein_maleki_arm16 (D = \arm16_datapath_unit.if_id_instr [23:0], Q = \arm16_datapath_unit.ex_branch_imm).
Adding EN signal on $flatten\arm16_datapath_unit.$procdff$1824 ($dff) from module tt_um_moein_maleki_arm16 (D = \ui_in [6], Q = \arm16_datapath_unit.rom_mode_q).
Adding EN signal on $flatten\arm16_datapath_unit.$procdff$1823 ($dff) from module tt_um_moein_maleki_arm16 (D = \ui_in [5:4], Q = \arm16_datapath_unit.rx_delay_q).
Adding EN signal on $flatten\arm16_datapath_unit.$procdff$1822 ($dff) from module tt_um_moein_maleki_arm16 (D = \ui_in [0], Q = \arm16_datapath_unit.fwd_en_q).
Adding SRST signal on $flatten\arm16_datapath_unit.$procdff$1821 ($dff) from module tt_um_moein_maleki_arm16 (D = $flatten\arm16_datapath_unit.$procmux$1497_Y, Q = \arm16_datapath_unit.fetch_addr, rval = 16'0000000000000000).
Adding EN signal on $auto$ff.cc:337:slice$2294 ($sdff) from module tt_um_moein_maleki_arm16 (D = $flatten\arm16_datapath_unit.$procmux$1497_Y, Q = \arm16_datapath_unit.fetch_addr).
Adding EN signal on $flatten\arm16_datapath_unit.$procdff$1820 ($dff) from module tt_um_moein_maleki_arm16 (D = \arm16_datapath_unit.qspi_master_unit.rx_word, Q = \arm16_datapath_unit.fetch_word).
Adding SRST signal on $flatten\arm16_datapath_unit.$procdff$1819 ($dff) from module tt_um_moein_maleki_arm16 (D = $flatten\arm16_datapath_unit.$procmux$1477_Y, Q = \arm16_datapath_unit.if_id_valid, rval = 1'0).
Adding EN signal on $auto$ff.cc:337:slice$2299 ($sdff) from module tt_um_moein_maleki_arm16 (D = $flatten\arm16_datapath_unit.$ne$src/arm16_datapath.v:262$128_Y, Q = \arm16_datapath_unit.if_id_valid).
Adding SRST signal on $flatten\arm16_datapath_unit.$procdff$1818 ($dff) from module tt_um_moein_maleki_arm16 (D = $flatten\arm16_datapath_unit.$procmux$1482_Y, Q = \arm16_datapath_unit.if_id_instr, rval = 32'11110000000000000000000000000000).
Adding EN signal on $auto$ff.cc:337:slice$2301 ($sdff) from module tt_um_moein_maleki_arm16 (D = \arm16_datapath_unit.presented_word, Q = \arm16_datapath_unit.if_id_instr).
Adding SRST signal on $flatten\arm16_datapath_unit.$procdff$1817 ($dff) from module tt_um_moein_maleki_arm16 (D = $flatten\arm16_datapath_unit.$procmux$1487_Y, Q = \arm16_datapath_unit.if_id_pc, rval = 16'0000000000000000).
Adding EN signal on $auto$ff.cc:337:slice$2303 ($sdff) from module tt_um_moein_maleki_arm16 (D = \arm16_datapath_unit.fetch_addr, Q = \arm16_datapath_unit.if_id_pc).
Adding SRST signal on $flatten\arm16_datapath_unit.$procdff$1816 ($dff) from module tt_um_moein_maleki_arm16 (D = $flatten\arm16_datapath_unit.$procmux$1367_Y, Q = \arm16_datapath_unit.ex_flags, rval = 4'0000).
Adding EN signal on $auto$ff.cc:337:slice$2305 ($sdff) from module tt_um_moein_maleki_arm16 (D = \arm16_datapath_unit.condition_checker_unit.flags_in, Q = \arm16_datapath_unit.ex_flags).
Setting constant 0-bit at position 16 on $auto$ff.cc:337:slice$2214 ($sdffe) from module tt_um_moein_maleki_arm16.
Setting constant 0-bit at position 17 on $auto$ff.cc:337:slice$2214 ($sdffe) from module tt_um_moein_maleki_arm16.
Setting constant 0-bit at position 18 on $auto$ff.cc:337:slice$2214 ($sdffe) from module tt_um_moein_maleki_arm16.
Setting constant 0-bit at position 19 on $auto$ff.cc:337:slice$2214 ($sdffe) from module tt_um_moein_maleki_arm16.
Setting constant 0-bit at position 20 on $auto$ff.cc:337:slice$2214 ($sdffe) from module tt_um_moein_maleki_arm16.
Setting constant 0-bit at position 21 on $auto$ff.cc:337:slice$2214 ($sdffe) from module tt_um_moein_maleki_arm16.
Setting constant 0-bit at position 22 on $auto$ff.cc:337:slice$2214 ($sdffe) from module tt_um_moein_maleki_arm16.
Setting constant 0-bit at position 23 on $auto$ff.cc:337:slice$2214 ($sdffe) from module tt_um_moein_maleki_arm16.

15.10.7. Executing OPT_CLEAN pass (remove unused cells and wires).
Finding unused cells or wires in module \tt_um_moein_maleki_arm16..
Removed 141 unused cells and 172 unused wires.
<suppressed ~143 debug messages>

15.10.8. Executing OPT_EXPR pass (perform const folding).
Optimizing module tt_um_moein_maleki_arm16.
<suppressed ~12 debug messages>

15.10.9. Rerunning OPT passes. (Maybe there is more to do..)

15.10.10. Executing OPT_MUXTREE pass (detect dead branches in mux trees).
Running muxtree optimizer on module \tt_um_moein_maleki_arm16..
  Creating internal representation of mux trees.
  Evaluating internal representation of mux trees.
  Analyzing evaluation results.
Removed 0 multiplexer ports.
<suppressed ~254 debug messages>

15.10.11. Executing OPT_REDUCE pass (consolidate $*mux and $reduce_* inputs).
  Optimizing cells in module \tt_um_moein_maleki_arm16.
    New ctrl vector for $pmux cell $flatten\arm16_datapath_unit.\qspi_master_unit.$procmux$536: { $flatten\arm16_datapath_unit.\qspi_master_unit.$procmux$537_CMP $flatten\arm16_datapath_unit.\qspi_master_unit.$procmux$538_CMP $flatten\arm16_datapath_unit.\qspi_master_unit.$procmux$539_CMP $auto$opt_reduce.cc:137:opt_pmux$2309 }
  Optimizing cells in module \tt_um_moein_maleki_arm16.
Performed a total of 1 changes.

15.10.12. Executing OPT_MERGE pass (detect identical cells).
Finding identical cells in module `\tt_um_moein_maleki_arm16'.
Computing hashes of 735 cells of `\tt_um_moein_maleki_arm16'.
Finding duplicate cells in `\tt_um_moein_maleki_arm16'.
Computing hashes of 715 cells of `\tt_um_moein_maleki_arm16'.
Finding duplicate cells in `\tt_um_moein_maleki_arm16'.
<suppressed ~60 debug messages>
Removed a total of 20 cells.

15.10.13. Executing OPT_DFF pass (perform DFF optimizations).

15.10.14. Executing OPT_CLEAN pass (remove unused cells and wires).
Finding unused cells or wires in module \tt_um_moein_maleki_arm16..
Removed 1 unused cells and 21 unused wires.
<suppressed ~2 debug messages>

15.10.15. Executing OPT_EXPR pass (perform const folding).
Optimizing module tt_um_moein_maleki_arm16.

15.10.16. Rerunning OPT passes. (Maybe there is more to do..)

15.10.17. Executing OPT_MUXTREE pass (detect dead branches in mux trees).
Running muxtree optimizer on module \tt_um_moein_maleki_arm16..
  Creating internal representation of mux trees.
  Evaluating internal representation of mux trees.
  Analyzing evaluation results.
Removed 0 multiplexer ports.
<suppressed ~256 debug messages>

15.10.18. Executing OPT_REDUCE pass (consolidate $*mux and $reduce_* inputs).
  Optimizing cells in module \tt_um_moein_maleki_arm16.
Performed a total of 0 changes.

15.10.19. Executing OPT_MERGE pass (detect identical cells).
Finding identical cells in module `\tt_um_moein_maleki_arm16'.
Computing hashes of 714 cells of `\tt_um_moein_maleki_arm16'.
Finding duplicate cells in `\tt_um_moein_maleki_arm16'.
Removed a total of 0 cells.

15.10.20. Executing OPT_DFF pass (perform DFF optimizations).

15.10.21. Executing OPT_CLEAN pass (remove unused cells and wires).
Finding unused cells or wires in module \tt_um_moein_maleki_arm16..

15.10.22. Executing OPT_EXPR pass (perform const folding).
Optimizing module tt_um_moein_maleki_arm16.

15.10.23. Finished fast OPT passes. (There is nothing left to do.)

15.11. Executing WREDUCE pass (reducing word size of cells).
Removed top 28 address bits (of 32) from memory init port tt_um_moein_maleki_arm16.$flatten\arm16_datapath_unit.\vga_renderer_unit.$auto$mem.cc:351:emit$443 ($flatten\arm16_datapath_unit.\vga_renderer_unit.$auto$proc_rom.cc:155:do_switch$441).
Removed top 28 address bits (of 32) from memory init port tt_um_moein_maleki_arm16.$flatten\arm16_datapath_unit.\demo_rom_unit.$auto$mem.cc:351:emit$447 ($flatten\arm16_datapath_unit.\demo_rom_unit.$auto$proc_rom.cc:155:do_switch$445).
Removed top 2 bits (of 4) from FF cell tt_um_moein_maleki_arm16.$auto$ff.cc:337:slice$2306 ($sdffe).
Removed top 10 bits (of 24) from FF cell tt_um_moein_maleki_arm16.$auto$ff.cc:337:slice$2290 ($sdffe).
Removed top 3 bits (of 4) from port B of cell tt_um_moein_maleki_arm16.$auto$opt_dff.cc:320:make_patterns_logic$2280 ($ne).
Removed top 2 bits (of 3) from port B of cell tt_um_moein_maleki_arm16.$auto$opt_dff.cc:320:make_patterns_logic$2278 ($ne).
Removed top 1 bits (of 3) from port B of cell tt_um_moein_maleki_arm16.$auto$opt_dff.cc:320:make_patterns_logic$2269 ($ne).
Removed top 4 bits (of 5) from port B of cell tt_um_moein_maleki_arm16.$auto$opt_dff.cc:320:make_patterns_logic$2267 ($ne).
Removed top 3 bits (of 4) from port B of cell tt_um_moein_maleki_arm16.$auto$opt_dff.cc:320:make_patterns_logic$2265 ($ne).
Removed top 1 bits (of 3) from port B of cell tt_um_moein_maleki_arm16.$auto$opt_dff.cc:320:make_patterns_logic$2263 ($ne).
Removed top 1 bits (of 3) from port B of cell tt_um_moein_maleki_arm16.$auto$fsm_map.cc:77:implement_pattern_cache$2030 ($eq).
Removed top 1 bits (of 2) from port B of cell tt_um_moein_maleki_arm16.$auto$fsm_map.cc:77:implement_pattern_cache$2017 ($eq).
Removed top 3 bits (of 4) from port B of cell tt_um_moein_maleki_arm16.$auto$fsm_map.cc:77:implement_pattern_cache$2008 ($eq).
Removed top 2 bits (of 3) from port B of cell tt_um_moein_maleki_arm16.$auto$fsm_map.cc:77:implement_pattern_cache$2004 ($eq).
Removed top 2 bits (of 3) from port B of cell tt_um_moein_maleki_arm16.$auto$fsm_map.cc:77:implement_pattern_cache$1995 ($eq).
Removed top 1 bits (of 2) from port B of cell tt_um_moein_maleki_arm16.$auto$fsm_map.cc:77:implement_pattern_cache$1988 ($eq).
Removed top 1 bits (of 2) from port B of cell tt_um_moein_maleki_arm16.$auto$fsm_map.cc:77:implement_pattern_cache$1982 ($eq).
Removed top 1 bits (of 2) from port B of cell tt_um_moein_maleki_arm16.$auto$fsm_map.cc:77:implement_pattern_cache$1969 ($eq).
Removed top 3 bits (of 10) from port B of cell tt_um_moein_maleki_arm16.$flatten\arm16_datapath_unit.\vga_renderer_unit.$ge$src/vga_renderer.v:41$392 ($ge).
Removed top 2 bits (of 10) from port B of cell tt_um_moein_maleki_arm16.$flatten\arm16_datapath_unit.\vga_renderer_unit.$ge$src/vga_renderer.v:42$395 ($ge).
Removed top 1 bits (of 10) from port B of cell tt_um_moein_maleki_arm16.$flatten\arm16_datapath_unit.\vga_renderer_unit.$lt$src/vga_renderer.v:42$396 ($lt).
Removed top 3 bits (of 10) from port B of cell tt_um_moein_maleki_arm16.$flatten\arm16_datapath_unit.\vga_renderer_unit.$sub$src/vga_renderer.v:43$398 ($sub).
Removed top 1 bits (of 10) from port Y of cell tt_um_moein_maleki_arm16.$flatten\arm16_datapath_unit.\vga_renderer_unit.$sub$src/vga_renderer.v:43$398 ($sub).
Removed top 1 bits (of 10) from port A of cell tt_um_moein_maleki_arm16.$flatten\arm16_datapath_unit.\vga_renderer_unit.$sub$src/vga_renderer.v:43$398 ($sub).
Removed top 2 bits (of 10) from port B of cell tt_um_moein_maleki_arm16.$flatten\arm16_datapath_unit.\vga_renderer_unit.$sub$src/vga_renderer.v:44$399 ($sub).
Removed top 2 bits (of 10) from port Y of cell tt_um_moein_maleki_arm16.$flatten\arm16_datapath_unit.\vga_renderer_unit.$sub$src/vga_renderer.v:44$399 ($sub).
Removed top 2 bits (of 10) from port A of cell tt_um_moein_maleki_arm16.$flatten\arm16_datapath_unit.\vga_renderer_unit.$sub$src/vga_renderer.v:44$399 ($sub).
Removed top 9 bits (of 10) from port B of cell tt_um_moein_maleki_arm16.$flatten\arm16_datapath_unit.\vga_renderer_unit.$add$src/vga_renderer.v:57$406 ($add).
Removed top 9 bits (of 10) from port B of cell tt_um_moein_maleki_arm16.$flatten\arm16_datapath_unit.\vga_renderer_unit.$add$src/vga_renderer.v:59$408 ($add).
Removed top 1 bits (of 10) from port B of cell tt_um_moein_maleki_arm16.$flatten\arm16_datapath_unit.\vga_renderer_unit.$lt$src/vga_renderer.v:62$411 ($lt).
Removed top 1 bits (of 10) from port B of cell tt_um_moein_maleki_arm16.$flatten\arm16_datapath_unit.\vga_renderer_unit.$ge$src/vga_renderer.v:64$417 ($ge).
Removed top 1 bits (of 10) from port B of cell tt_um_moein_maleki_arm16.$flatten\arm16_datapath_unit.\vga_renderer_unit.$lt$src/vga_renderer.v:64$418 ($lt).
Removed top 1 bits (of 2) from port B of cell tt_um_moein_maleki_arm16.$flatten\arm16_datapath_unit.\vga_renderer_unit.$eq$src/vga_renderer.v:108$438 ($eq).
Removed top 1 bits (of 3) from port B of cell tt_um_moein_maleki_arm16.$flatten\arm16_datapath_unit.\vga_renderer_unit.$procmux$451_CMP0 ($eq).
Removed top 1 bits (of 3) from port B of cell tt_um_moein_maleki_arm16.$flatten\arm16_datapath_unit.\vga_renderer_unit.$procmux$452_CMP0 ($eq).
Removed top 2 bits (of 3) from port B of cell tt_um_moein_maleki_arm16.$flatten\arm16_datapath_unit.\vga_renderer_unit.$procmux$453_CMP0 ($eq).
Removed top 1 bits (of 2) from port B of cell tt_um_moein_maleki_arm16.$flatten\arm16_datapath_unit.\vga_renderer_unit.$procmux$459_CMP0 ($eq).
Removed top 1 bits (of 2) from mux cell tt_um_moein_maleki_arm16.$flatten\arm16_datapath_unit.\qspi_master_unit.$ternary$src/qspi_master.v:97$259 ($mux).
Removed top 1 bits (of 2) from port B of cell tt_um_moein_maleki_arm16.$flatten\arm16_datapath_unit.\qspi_master_unit.$eq$src/qspi_master.v:99$264 ($eq).
Removed top 4 bits (of 5) from port B of cell tt_um_moein_maleki_arm16.$flatten\arm16_datapath_unit.\qspi_master_unit.$add$src/qspi_master.v:106$281 ($add).
Removed top 3 bits (of 4) from port B of cell tt_um_moein_maleki_arm16.$flatten\arm16_datapath_unit.\qspi_master_unit.$add$src/qspi_master.v:190$296 ($add).
Removed top 3 bits (of 4) from port B of cell tt_um_moein_maleki_arm16.$flatten\arm16_datapath_unit.\qspi_master_unit.$add$src/qspi_master.v:208$306 ($add).
Removed top 27 bits (of 33) from port A of cell tt_um_moein_maleki_arm16.$flatten\arm16_datapath_unit.\qspi_master_unit.$neg$src/qspi_master.v:242$333 ($neg).
Converting cell tt_um_moein_maleki_arm16.$flatten\arm16_datapath_unit.\qspi_master_unit.$neg$src/qspi_master.v:242$333 ($neg) from signed to unsigned.
Removed top 1 bits (of 6) from port A of cell tt_um_moein_maleki_arm16.$flatten\arm16_datapath_unit.\qspi_master_unit.$neg$src/qspi_master.v:242$333 ($neg).
Removed top 2 bits (of 3) from port B of cell tt_um_moein_maleki_arm16.$flatten\arm16_datapath_unit.\qspi_master_unit.$add$src/qspi_master.v:243$336 ($add).
Removed top 7 bits (of 8) from port B of cell tt_um_moein_maleki_arm16.$flatten\arm16_datapath_unit.\qspi_master_unit.$add$src/qspi_master.v:277$349 ($add).
Removed top 2 bits (of 4) from port B of cell tt_um_moein_maleki_arm16.$flatten\arm16_datapath_unit.\qspi_master_unit.$eq$src/qspi_master.v:303$363 ($eq).
Removed top 2 bits (of 4) from port B of cell tt_um_moein_maleki_arm16.$flatten\arm16_datapath_unit.\qspi_master_unit.$ge$src/qspi_master.v:313$366 ($ge).
Removed top 1 bits (of 5) from port B of cell tt_um_moein_maleki_arm16.$flatten\arm16_datapath_unit.\qspi_master_unit.$lt$src/qspi_master.v:330$370 ($lt).
Removed top 1 bits (of 5) from port B of cell tt_um_moein_maleki_arm16.$flatten\arm16_datapath_unit.\qspi_master_unit.$lt$src/qspi_master.v:333$373 ($lt).
Removed top 1 bits (of 5) from port B of cell tt_um_moein_maleki_arm16.$flatten\arm16_datapath_unit.\qspi_master_unit.$procmux$506_CMP0 ($eq).
Removed top 1 bits (of 5) from port B of cell tt_um_moein_maleki_arm16.$flatten\arm16_datapath_unit.\qspi_master_unit.$procmux$507_CMP0 ($eq).
Removed top 1 bits (of 5) from port B of cell tt_um_moein_maleki_arm16.$flatten\arm16_datapath_unit.\qspi_master_unit.$procmux$537_CMP0 ($eq).
Removed top 1 bits (of 5) from port B of cell tt_um_moein_maleki_arm16.$flatten\arm16_datapath_unit.\qspi_master_unit.$procmux$538_CMP0 ($eq).
Removed top 1 bits (of 5) from port B of cell tt_um_moein_maleki_arm16.$flatten\arm16_datapath_unit.\qspi_master_unit.$procmux$539_CMP0 ($eq).
Removed top 1 bits (of 5) from port B of cell tt_um_moein_maleki_arm16.$flatten\arm16_datapath_unit.\qspi_master_unit.$procmux$540_CMP0 ($eq).
Removed top 1 bits (of 5) from port B of cell tt_um_moein_maleki_arm16.$flatten\arm16_datapath_unit.\qspi_master_unit.$procmux$541_CMP0 ($eq).
Removed top 1 bits (of 3) from port B of cell tt_um_moein_maleki_arm16.$flatten\arm16_datapath_unit.\qspi_master_unit.$procmux$874_CMP0 ($eq).
Removed top 2 bits (of 3) from port B of cell tt_um_moein_maleki_arm16.$flatten\arm16_datapath_unit.\qspi_master_unit.$procmux$892_CMP0 ($eq).
Removed top 1 bits (of 3) from port B of cell tt_um_moein_maleki_arm16.$flatten\arm16_datapath_unit.\qspi_master_unit.$procmux$892_CMP1 ($eq).
Removed top 1 bits (of 17) from port A of cell tt_um_moein_maleki_arm16.$flatten\arm16_datapath_unit.\alu_unit.$add$src/alu.v:36$3 ($add).
Removed top 1 bits (of 17) from port B of cell tt_um_moein_maleki_arm16.$flatten\arm16_datapath_unit.\alu_unit.$add$src/alu.v:36$3 ($add).
Removed top 16 bits (of 17) from port B of cell tt_um_moein_maleki_arm16.$flatten\arm16_datapath_unit.\alu_unit.$add$src/alu.v:36$4 ($add).
Removed top 16 bits (of 17) from port B of cell tt_um_moein_maleki_arm16.$flatten\arm16_datapath_unit.\alu_unit.$add$src/alu.v:37$6 ($add).
Removed top 1 bits (of 17) from port A of cell tt_um_moein_maleki_arm16.$flatten\arm16_datapath_unit.\alu_unit.$add$src/alu.v:38$7 ($add).
Removed top 1 bits (of 17) from port B of cell tt_um_moein_maleki_arm16.$flatten\arm16_datapath_unit.\alu_unit.$add$src/alu.v:38$7 ($add).
Removed top 16 bits (of 17) from port B of cell tt_um_moein_maleki_arm16.$flatten\arm16_datapath_unit.\alu_unit.$add$src/alu.v:38$8 ($add).
Removed top 16 bits (of 32) from port Y of cell tt_um_moein_maleki_arm16.$flatten\arm16_datapath_unit.\barrel_shifter_unit.$shr$src/barrel_shifter.v:32$165 ($shr).
Removed top 1 bits (of 5) from port B of cell tt_um_moein_maleki_arm16.$flatten\arm16_datapath_unit.\barrel_shifter_unit.$sub$src/barrel_shifter.v:37$168 ($sub).
Removed top 1 bits (of 2) from port B of cell tt_um_moein_maleki_arm16.$flatten\arm16_datapath_unit.\barrel_shifter_unit.$procmux$1219_CMP0 ($eq).
Removed top 1 bits (of 4) from port B of cell tt_um_moein_maleki_arm16.$flatten\arm16_datapath_unit.\condition_checker_unit.$procmux$1208_CMP0 ($eq).
Removed top 1 bits (of 4) from port B of cell tt_um_moein_maleki_arm16.$flatten\arm16_datapath_unit.\condition_checker_unit.$procmux$1209_CMP0 ($eq).
Removed top 1 bits (of 4) from port B of cell tt_um_moein_maleki_arm16.$flatten\arm16_datapath_unit.\condition_checker_unit.$procmux$1210_CMP0 ($eq).
Removed top 1 bits (of 4) from port B of cell tt_um_moein_maleki_arm16.$flatten\arm16_datapath_unit.\condition_checker_unit.$procmux$1211_CMP0 ($eq).
Removed top 2 bits (of 4) from port B of cell tt_um_moein_maleki_arm16.$flatten\arm16_datapath_unit.\condition_checker_unit.$procmux$1212_CMP0 ($eq).
Removed top 2 bits (of 4) from port B of cell tt_um_moein_maleki_arm16.$flatten\arm16_datapath_unit.\condition_checker_unit.$procmux$1213_CMP0 ($eq).
Removed top 3 bits (of 4) from port B of cell tt_um_moein_maleki_arm16.$flatten\arm16_datapath_unit.\condition_checker_unit.$procmux$1214_CMP0 ($eq).
Removed top 1 bits (of 2) from port B of cell tt_um_moein_maleki_arm16.$flatten\arm16_datapath_unit.\instruction_decoder_unit.$eq$src/instruction_decoder.v:84$233 ($eq).
Removed top 1 bits (of 4) from port B of cell tt_um_moein_maleki_arm16.$flatten\arm16_datapath_unit.\instruction_decoder_unit.$procmux$1112_CMP0 ($eq).
Removed top 1 bits (of 4) from port B of cell tt_um_moein_maleki_arm16.$flatten\arm16_datapath_unit.\instruction_decoder_unit.$procmux$1113_CMP0 ($eq).
Removed top 1 bits (of 4) from port B of cell tt_um_moein_maleki_arm16.$flatten\arm16_datapath_unit.\instruction_decoder_unit.$procmux$1114_CMP0 ($eq).
Removed top 2 bits (of 4) from port B of cell tt_um_moein_maleki_arm16.$flatten\arm16_datapath_unit.\instruction_decoder_unit.$procmux$1115_CMP0 ($eq).
Removed top 3 bits (of 4) from port B of cell tt_um_moein_maleki_arm16.$flatten\arm16_datapath_unit.\instruction_decoder_unit.$procmux$1116_CMP0 ($eq).
Removed top 19 bits (of 20) from mux cell tt_um_moein_maleki_arm16.$flatten\arm16_datapath_unit.$procmux$1264 ($mux).
Removed top 19 bits (of 20) from mux cell tt_um_moein_maleki_arm16.$flatten\arm16_datapath_unit.$procmux$1261 ($mux).
Removed top 1 bits (of 2) from port B of cell tt_um_moein_maleki_arm16.$flatten\arm16_datapath_unit.$procmux$1251_CMP0 ($eq).
Removed top 1 bits (of 2) from port B of cell tt_um_moein_maleki_arm16.$flatten\arm16_datapath_unit.$procmux$1247_CMP0 ($eq).
Removed top 6 bits (of 7) from port B of cell tt_um_moein_maleki_arm16.$flatten\arm16_datapath_unit.$procmux$1242_CMP0 ($eq).
Removed top 4 bits (of 7) from port B of cell tt_um_moein_maleki_arm16.$flatten\arm16_datapath_unit.$procmux$1240_CMP0 ($eq).
Removed top 8 bits (of 32) from port A of cell tt_um_moein_maleki_arm16.$flatten\arm16_datapath_unit.\barrel_shifter_unit.$shr$src/barrel_shifter.v:30$164 ($shr).
Removed top 16 bits (of 32) from port Y of cell tt_um_moein_maleki_arm16.$flatten\arm16_datapath_unit.\barrel_shifter_unit.$shr$src/barrel_shifter.v:30$164 ($shr).
Removed top 19 bits (of 20) from port B of cell tt_um_moein_maleki_arm16.$flatten\arm16_datapath_unit.$add$src/arm16_datapath.v:404$159 ($add).
Removed top 4 bits (of 7) from port B of cell tt_um_moein_maleki_arm16.$flatten\arm16_datapath_unit.$eq$src/arm16_datapath.v:385$155 ($eq).
Removed top 3 bits (of 7) from port B of cell tt_um_moein_maleki_arm16.$flatten\arm16_datapath_unit.$eq$src/arm16_datapath.v:382$154 ($eq).
Removed top 3 bits (of 7) from port B of cell tt_um_moein_maleki_arm16.$flatten\arm16_datapath_unit.$eq$src/arm16_datapath.v:379$153 ($eq).
Removed top 13 bits (of 16) from port B of cell tt_um_moein_maleki_arm16.$flatten\arm16_datapath_unit.$add$src/arm16_datapath.v:243$124 ($add).
Removed top 5 bits (of 6) from mux cell tt_um_moein_maleki_arm16.$flatten\arm16_datapath_unit.$ternary$src/arm16_datapath.v:224$119 ($mux).
Removed top 12 bits (of 16) from port B of cell tt_um_moein_maleki_arm16.$flatten\arm16_datapath_unit.$add$src/arm16_datapath.v:198$87 ($add).
Removed top 13 bits (of 16) from port B of cell tt_um_moein_maleki_arm16.$flatten\arm16_datapath_unit.$add$src/arm16_datapath.v:197$86 ($add).
Removed top 12 bits (of 16) from port B of cell tt_um_moein_maleki_arm16.$flatten\arm16_datapath_unit.$add$src/arm16_datapath.v:192$81 ($add).
Removed top 5 bits (of 6) from wire tt_um_moein_maleki_arm16.$flatten\arm16_datapath_unit.$ternary$src/arm16_datapath.v:224$119_Y.
Removed top 1 bits (of 2) from wire tt_um_moein_maleki_arm16.$flatten\arm16_datapath_unit.\qspi_master_unit.$ternary$src/qspi_master.v:97$259_Y.
Removed top 19 bits (of 20) from wire tt_um_moein_maleki_arm16.$flatten\arm16_datapath_unit.$procmux$1264_Y.
Removed top 19 bits (of 20) from wire tt_um_moein_maleki_arm16.$flatten\arm16_datapath_unit.$procmux$1261_Y.

15.12. Executing PEEPOPT pass (run peephole optimizers).

15.13. Executing OPT_CLEAN pass (remove unused cells and wires).
Finding unused cells or wires in module \tt_um_moein_maleki_arm16..
Removed 0 unused cells and 4 unused wires.
<suppressed ~1 debug messages>

15.14. Executing ALUMACC pass (create $alu and $macc cells).
Extracting $alu and $macc cells in module tt_um_moein_maleki_arm16:
  creating $macc model for $flatten\arm16_datapath_unit.$add$src/arm16_datapath.v:199$88 ($add).
  creating $macc model for $flatten\arm16_datapath_unit.$add$src/arm16_datapath.v:198$87 ($add).
  creating $macc model for $flatten\arm16_datapath_unit.\barrel_shifter_unit.$sub$src/barrel_shifter.v:37$168 ($sub).
  creating $macc model for $flatten\arm16_datapath_unit.$add$src/arm16_datapath.v:404$159 ($add).
  creating $macc model for $flatten\arm16_datapath_unit.\alu_unit.$add$src/alu.v:38$8 ($add).
  creating $macc model for $flatten\arm16_datapath_unit.\alu_unit.$add$src/alu.v:38$7 ($add).
  creating $macc model for $flatten\arm16_datapath_unit.\alu_unit.$add$src/alu.v:37$6 ($add).
  creating $macc model for $flatten\arm16_datapath_unit.\alu_unit.$add$src/alu.v:36$4 ($add).
  creating $macc model for $flatten\arm16_datapath_unit.\alu_unit.$add$src/alu.v:36$3 ($add).
  creating $macc model for $flatten\arm16_datapath_unit.$add$src/arm16_datapath.v:197$86 ($add).
  creating $macc model for $flatten\arm16_datapath_unit.$add$src/arm16_datapath.v:192$81 ($add).
  creating $macc model for $flatten\arm16_datapath_unit.\qspi_master_unit.$sub$src/qspi_master.v:331$371 ($sub).
  creating $macc model for $flatten\arm16_datapath_unit.\qspi_master_unit.$add$src/qspi_master.v:277$349 ($add).
  creating $macc model for $flatten\arm16_datapath_unit.\qspi_master_unit.$add$src/qspi_master.v:243$336 ($add).
  creating $macc model for $flatten\arm16_datapath_unit.\qspi_master_unit.$neg$src/qspi_master.v:242$333 ($neg).
  creating $macc model for $flatten\arm16_datapath_unit.\qspi_master_unit.$add$src/qspi_master.v:208$306 ($add).
  creating $macc model for $flatten\arm16_datapath_unit.\qspi_master_unit.$add$src/qspi_master.v:190$296 ($add).
  creating $macc model for $flatten\arm16_datapath_unit.\qspi_master_unit.$add$src/qspi_master.v:106$281 ($add).
  creating $macc model for $flatten\arm16_datapath_unit.\vga_renderer_unit.$add$src/vga_renderer.v:59$408 ($add).
  creating $macc model for $flatten\arm16_datapath_unit.\vga_renderer_unit.$add$src/vga_renderer.v:57$406 ($add).
  creating $macc model for $flatten\arm16_datapath_unit.\vga_renderer_unit.$sub$src/vga_renderer.v:44$399 ($sub).
  creating $macc model for $flatten\arm16_datapath_unit.\vga_renderer_unit.$sub$src/vga_renderer.v:43$398 ($sub).
  creating $macc model for $flatten\arm16_datapath_unit.$add$src/arm16_datapath.v:243$124 ($add).
  merging $macc model for $flatten\arm16_datapath_unit.$add$src/arm16_datapath.v:198$87 into $flatten\arm16_datapath_unit.$add$src/arm16_datapath.v:199$88.
  creating $alu model for $macc $flatten\arm16_datapath_unit.\vga_renderer_unit.$sub$src/vga_renderer.v:43$398.
  creating $alu model for $macc $flatten\arm16_datapath_unit.\vga_renderer_unit.$sub$src/vga_renderer.v:44$399.
  creating $alu model for $macc $flatten\arm16_datapath_unit.\vga_renderer_unit.$add$src/vga_renderer.v:57$406.
  creating $alu model for $macc $flatten\arm16_datapath_unit.\vga_renderer_unit.$add$src/vga_renderer.v:59$408.
  creating $alu model for $macc $flatten\arm16_datapath_unit.\qspi_master_unit.$add$src/qspi_master.v:106$281.
  creating $alu model for $macc $flatten\arm16_datapath_unit.\qspi_master_unit.$add$src/qspi_master.v:190$296.
  creating $alu model for $macc $flatten\arm16_datapath_unit.\qspi_master_unit.$add$src/qspi_master.v:208$306.
  creating $alu model for $macc $flatten\arm16_datapath_unit.\qspi_master_unit.$neg$src/qspi_master.v:242$333.
  creating $alu model for $macc $flatten\arm16_datapath_unit.\qspi_master_unit.$add$src/qspi_master.v:243$336.
  creating $alu model for $macc $flatten\arm16_datapath_unit.\qspi_master_unit.$add$src/qspi_master.v:277$349.
  creating $alu model for $macc $flatten\arm16_datapath_unit.\qspi_master_unit.$sub$src/qspi_master.v:331$371.
  creating $alu model for $macc $flatten\arm16_datapath_unit.$add$src/arm16_datapath.v:192$81.
  creating $alu model for $macc $flatten\arm16_datapath_unit.$add$src/arm16_datapath.v:197$86.
  creating $alu model for $macc $flatten\arm16_datapath_unit.\alu_unit.$add$src/alu.v:36$3.
  creating $alu model for $macc $flatten\arm16_datapath_unit.\alu_unit.$add$src/alu.v:36$4.
  creating $alu model for $macc $flatten\arm16_datapath_unit.\alu_unit.$add$src/alu.v:37$6.
  creating $alu model for $macc $flatten\arm16_datapath_unit.\alu_unit.$add$src/alu.v:38$7.
  creating $alu model for $macc $flatten\arm16_datapath_unit.\alu_unit.$add$src/alu.v:38$8.
  creating $alu model for $macc $flatten\arm16_datapath_unit.$add$src/arm16_datapath.v:404$159.
  creating $alu model for $macc $flatten\arm16_datapath_unit.\barrel_shifter_unit.$sub$src/barrel_shifter.v:37$168.
  creating $alu model for $macc $flatten\arm16_datapath_unit.$add$src/arm16_datapath.v:243$124.
  creating $macc cell for $flatten\arm16_datapath_unit.$add$src/arm16_datapath.v:199$88: $auto$alumacc.cc:382:replace_macc$2314
  creating $alu model for $flatten\arm16_datapath_unit.\qspi_master_unit.$lt$src/qspi_master.v:351$376 ($lt): new $alu
  creating $alu model for $flatten\arm16_datapath_unit.\qspi_master_unit.$lt$src/qspi_master.v:343$374 ($lt): new $alu
  creating $alu model for $flatten\arm16_datapath_unit.\qspi_master_unit.$lt$src/qspi_master.v:333$373 ($lt): new $alu
  creating $alu model for $flatten\arm16_datapath_unit.\qspi_master_unit.$lt$src/qspi_master.v:330$370 ($lt): new $alu
  creating $alu model for $flatten\arm16_datapath_unit.\qspi_master_unit.$ge$src/qspi_master.v:313$366 ($ge): new $alu
  creating $alu model for $flatten\arm16_datapath_unit.\qspi_master_unit.$ge$src/qspi_master.v:105$280 ($ge): new $alu
  creating $alu model for $flatten\arm16_datapath_unit.\vga_renderer_unit.$lt$src/vga_renderer.v:64$418 ($lt): new $alu
  creating $alu model for $flatten\arm16_datapath_unit.\vga_renderer_unit.$ge$src/vga_renderer.v:64$417 ($ge): new $alu
  creating $alu model for $flatten\arm16_datapath_unit.\vga_renderer_unit.$lt$src/vga_renderer.v:63$414 ($lt): new $alu
  creating $alu model for $flatten\arm16_datapath_unit.\vga_renderer_unit.$ge$src/vga_renderer.v:63$413 ($ge): new $alu
  creating $alu model for $flatten\arm16_datapath_unit.\vga_renderer_unit.$lt$src/vga_renderer.v:62$411 ($lt): new $alu
  creating $alu model for $flatten\arm16_datapath_unit.\vga_renderer_unit.$lt$src/vga_renderer.v:62$410 ($lt): new $alu
  creating $alu model for $flatten\arm16_datapath_unit.\vga_renderer_unit.$lt$src/vga_renderer.v:42$396 ($lt): new $alu
  creating $alu model for $flatten\arm16_datapath_unit.\vga_renderer_unit.$ge$src/vga_renderer.v:42$395 ($ge): new $alu
  creating $alu model for $flatten\arm16_datapath_unit.\vga_renderer_unit.$lt$src/vga_renderer.v:41$393 ($lt): new $alu
  creating $alu model for $flatten\arm16_datapath_unit.\vga_renderer_unit.$ge$src/vga_renderer.v:41$392 ($ge): new $alu
  creating $alu model for $flatten\arm16_datapath_unit.\qspi_master_unit.$procmux$541_CMP0 ($eq): merged with $flatten\arm16_datapath_unit.\qspi_master_unit.$lt$src/qspi_master.v:330$370.
  creating $alu model for $flatten\arm16_datapath_unit.\qspi_master_unit.$procmux$507_CMP0 ($eq): merged with $flatten\arm16_datapath_unit.\qspi_master_unit.$lt$src/qspi_master.v:333$373.
  creating $alu model for $flatten\arm16_datapath_unit.\qspi_master_unit.$procmux$505_CMP0 ($eq): merged with $flatten\arm16_datapath_unit.\qspi_master_unit.$lt$src/qspi_master.v:351$376.
  creating $alu cell for $flatten\arm16_datapath_unit.\vga_renderer_unit.$ge$src/vga_renderer.v:41$392: $auto$alumacc.cc:512:replace_alu$2331
  creating $alu cell for $flatten\arm16_datapath_unit.\vga_renderer_unit.$lt$src/vga_renderer.v:41$393: $auto$alumacc.cc:512:replace_alu$2344
  creating $alu cell for $flatten\arm16_datapath_unit.\vga_renderer_unit.$ge$src/vga_renderer.v:42$395: $auto$alumacc.cc:512:replace_alu$2349
  creating $alu cell for $flatten\arm16_datapath_unit.\vga_renderer_unit.$lt$src/vga_renderer.v:42$396: $auto$alumacc.cc:512:replace_alu$2362
  creating $alu cell for $flatten\arm16_datapath_unit.\vga_renderer_unit.$lt$src/vga_renderer.v:62$410: $auto$alumacc.cc:512:replace_alu$2367
  creating $alu cell for $flatten\arm16_datapath_unit.\vga_renderer_unit.$lt$src/vga_renderer.v:62$411: $auto$alumacc.cc:512:replace_alu$2372
  creating $alu cell for $flatten\arm16_datapath_unit.\vga_renderer_unit.$ge$src/vga_renderer.v:63$413: $auto$alumacc.cc:512:replace_alu$2377
  creating $alu cell for $flatten\arm16_datapath_unit.\vga_renderer_unit.$lt$src/vga_renderer.v:63$414: $auto$alumacc.cc:512:replace_alu$2390
  creating $alu cell for $flatten\arm16_datapath_unit.\vga_renderer_unit.$ge$src/vga_renderer.v:64$417: $auto$alumacc.cc:512:replace_alu$2395
  creating $alu cell for $flatten\arm16_datapath_unit.\vga_renderer_unit.$lt$src/vga_renderer.v:64$418: $auto$alumacc.cc:512:replace_alu$2408
  creating $alu cell for $flatten\arm16_datapath_unit.\qspi_master_unit.$ge$src/qspi_master.v:105$280: $auto$alumacc.cc:512:replace_alu$2413
  creating $alu cell for $flatten\arm16_datapath_unit.\qspi_master_unit.$ge$src/qspi_master.v:313$366: $auto$alumacc.cc:512:replace_alu$2426
  creating $alu cell for $flatten\arm16_datapath_unit.\qspi_master_unit.$lt$src/qspi_master.v:330$370, $flatten\arm16_datapath_unit.\qspi_master_unit.$procmux$541_CMP0: $auto$alumacc.cc:512:replace_alu$2439
  creating $alu cell for $flatten\arm16_datapath_unit.\qspi_master_unit.$lt$src/qspi_master.v:333$373, $flatten\arm16_datapath_unit.\qspi_master_unit.$procmux$507_CMP0: $auto$alumacc.cc:512:replace_alu$2446
  creating $alu cell for $flatten\arm16_datapath_unit.\qspi_master_unit.$lt$src/qspi_master.v:343$374: $auto$alumacc.cc:512:replace_alu$2453
  creating $alu cell for $flatten\arm16_datapath_unit.\qspi_master_unit.$lt$src/qspi_master.v:351$376, $flatten\arm16_datapath_unit.\qspi_master_unit.$procmux$505_CMP0: $auto$alumacc.cc:512:replace_alu$2458
  creating $alu cell for $flatten\arm16_datapath_unit.$add$src/arm16_datapath.v:243$124: $auto$alumacc.cc:512:replace_alu$2465
  creating $alu cell for $flatten\arm16_datapath_unit.\barrel_shifter_unit.$sub$src/barrel_shifter.v:37$168: $auto$alumacc.cc:512:replace_alu$2468
  creating $alu cell for $flatten\arm16_datapath_unit.$add$src/arm16_datapath.v:404$159: $auto$alumacc.cc:512:replace_alu$2471
  creating $alu cell for $flatten\arm16_datapath_unit.\alu_unit.$add$src/alu.v:38$8: $auto$alumacc.cc:512:replace_alu$2474
  creating $alu cell for $flatten\arm16_datapath_unit.\alu_unit.$add$src/alu.v:38$7: $auto$alumacc.cc:512:replace_alu$2477
  creating $alu cell for $flatten\arm16_datapath_unit.\alu_unit.$add$src/alu.v:37$6: $auto$alumacc.cc:512:replace_alu$2480
  creating $alu cell for $flatten\arm16_datapath_unit.\alu_unit.$add$src/alu.v:36$4: $auto$alumacc.cc:512:replace_alu$2483
  creating $alu cell for $flatten\arm16_datapath_unit.\alu_unit.$add$src/alu.v:36$3: $auto$alumacc.cc:512:replace_alu$2486
  creating $alu cell for $flatten\arm16_datapath_unit.$add$src/arm16_datapath.v:197$86: $auto$alumacc.cc:512:replace_alu$2489
  creating $alu cell for $flatten\arm16_datapath_unit.$add$src/arm16_datapath.v:192$81: $auto$alumacc.cc:512:replace_alu$2492
  creating $alu cell for $flatten\arm16_datapath_unit.\qspi_master_unit.$sub$src/qspi_master.v:331$371: $auto$alumacc.cc:512:replace_alu$2495
  creating $alu cell for $flatten\arm16_datapath_unit.\qspi_master_unit.$add$src/qspi_master.v:277$349: $auto$alumacc.cc:512:replace_alu$2498
  creating $alu cell for $flatten\arm16_datapath_unit.\qspi_master_unit.$add$src/qspi_master.v:243$336: $auto$alumacc.cc:512:replace_alu$2501
  creating $alu cell for $flatten\arm16_datapath_unit.\qspi_master_unit.$neg$src/qspi_master.v:242$333: $auto$alumacc.cc:512:replace_alu$2504
  creating $alu cell for $flatten\arm16_datapath_unit.\qspi_master_unit.$add$src/qspi_master.v:208$306: $auto$alumacc.cc:512:replace_alu$2507
  creating $alu cell for $flatten\arm16_datapath_unit.\qspi_master_unit.$add$src/qspi_master.v:190$296: $auto$alumacc.cc:512:replace_alu$2510
  creating $alu cell for $flatten\arm16_datapath_unit.\qspi_master_unit.$add$src/qspi_master.v:106$281: $auto$alumacc.cc:512:replace_alu$2513
  creating $alu cell for $flatten\arm16_datapath_unit.\vga_renderer_unit.$add$src/vga_renderer.v:59$408: $auto$alumacc.cc:512:replace_alu$2516
  creating $alu cell for $flatten\arm16_datapath_unit.\vga_renderer_unit.$add$src/vga_renderer.v:57$406: $auto$alumacc.cc:512:replace_alu$2519
  creating $alu cell for $flatten\arm16_datapath_unit.\vga_renderer_unit.$sub$src/vga_renderer.v:44$399: $auto$alumacc.cc:512:replace_alu$2522
  creating $alu cell for $flatten\arm16_datapath_unit.\vga_renderer_unit.$sub$src/vga_renderer.v:43$398: $auto$alumacc.cc:512:replace_alu$2525
  created 37 $alu and 1 $macc cells.

15.15. Executing SHARE pass (SAT-based resource sharing).
Found 9 cells in module tt_um_moein_maleki_arm16 that may be considered for resource sharing.
  Analyzing resource sharing options for $flatten\arm16_datapath_unit.\vga_renderer_unit.$auto$mem.cc:305:emit$442 ($memrd_v2):
    Found 5 activation_patterns using ctrl signal { $flatten\arm16_datapath_unit.\vga_renderer_unit.$procmux$454_CMP $flatten\arm16_datapath_unit.\vga_renderer_unit.$procmux$453_CMP $flatten\arm16_datapath_unit.\vga_renderer_unit.$procmux$452_CMP $flatten\arm16_datapath_unit.\vga_renderer_unit.$procmux$451_CMP $flatten\arm16_datapath_unit.\vga_renderer_unit.$procmux$450_CMP }.
    No candidates found.
  Analyzing resource sharing options for $flatten\arm16_datapath_unit.\demo_rom_unit.$auto$mem.cc:305:emit$446 ($memrd_v2):
    Found 1 activation_patterns using ctrl signal \arm16_datapath_unit.fetch_src_rom_in.
    No candidates found.
  Analyzing resource sharing options for $flatten\arm16_datapath_unit.\barrel_shifter_unit.$shr$src/barrel_shifter.v:32$165 ($shr):
    Found 13 activation_patterns using ctrl signal { \arm16_datapath_unit.alu_arith \arm16_datapath_unit.ex_command [9:1] \arm16_datapath_unit.ex_immediate \arm16_datapath_unit.ex_memory $flatten\arm16_datapath_unit.\barrel_shifter_unit.$procmux$1220_CMP $flatten\arm16_datapath_unit.\barrel_shifter_unit.$procmux$1219_CMP $flatten\arm16_datapath_unit.\barrel_shifter_unit.$procmux$1218_CMP }.
    Found 2 candidates: $flatten\arm16_datapath_unit.\barrel_shifter_unit.$shr$src/barrel_shifter.v:35$167 $flatten\arm16_datapath_unit.\barrel_shifter_unit.$shr$src/barrel_shifter.v:30$164
    Analyzing resource sharing with $flatten\arm16_datapath_unit.\barrel_shifter_unit.$shr$src/barrel_shifter.v:35$167 ($shr):
      Found 26 activation_patterns using ctrl signal { \arm16_datapath_unit.alu_arith \arm16_datapath_unit.ex_command [9:1] \arm16_datapath_unit.ex_immediate \arm16_datapath_unit.ex_memory \arm16_datapath_unit.ex_operand2 [11] $flatten\arm16_datapath_unit.\barrel_shifter_unit.$procmux$1219_CMP $flatten\arm16_datapath_unit.\barrel_shifter_unit.$procmux$1218_CMP $flatten\arm16_datapath_unit.\barrel_shifter_unit.$eq$src/barrel_shifter.v:49$174_Y }.
      Activation pattern for cell $flatten\arm16_datapath_unit.\barrel_shifter_unit.$shr$src/barrel_shifter.v:32$165: { \arm16_datapath_unit.ex_command [6] \arm16_datapath_unit.ex_immediate \arm16_datapath_unit.ex_memory $flatten\arm16_datapath_unit.\barrel_shifter_unit.$procmux$1220_CMP $flatten\arm16_datapath_unit.\barrel_shifter_unit.$procmux$1219_CMP $flatten\arm16_datapath_unit.\barrel_shifter_unit.$procmux$1218_CMP } = 6'100000
      Activation pattern for cell $flatten\arm16_datapath_unit.\barrel_shifter_unit.$shr$src/barrel_shifter.v:32$165: { \arm16_datapath_unit.ex_command [2] \arm16_datapath_unit.ex_immediate \arm16_datapath_unit.ex_memory $flatten\arm16_datapath_unit.\barrel_shifter_unit.$procmux$1220_CMP $flatten\arm16_datapath_unit.\barrel_shifter_unit.$procmux$1219_CMP $flatten\arm16_datapath_unit.\barrel_shifter_unit.$procmux$1218_CMP } = 6'100000
      Activation pattern for cell $flatten\arm16_datapath_unit.\barrel_shifter_unit.$shr$src/barrel_shifter.v:32$165: { \arm16_datapath_unit.ex_command [7] \arm16_datapath_unit.ex_immediate \arm16_datapath_unit.ex_memory $flatten\arm16_datapath_unit.\barrel_shifter_unit.$procmux$1220_CMP $flatten\arm16_datapath_unit.\barrel_shifter_unit.$procmux$1219_CMP $flatten\arm16_datapath_unit.\barrel_shifter_unit.$procmux$1218_CMP } = 6'100000
      Activation pattern for cell $flatten\arm16_datapath_unit.\barrel_shifter_unit.$shr$src/barrel_shifter.v:32$165: { \arm16_datapath_unit.ex_command [3] \arm16_datapath_unit.ex_immediate \arm16_datapath_unit.ex_memory $flatten\arm16_datapath_unit.\barrel_shifter_unit.$procmux$1220_CMP $flatten\arm16_datapath_unit.\barrel_shifter_unit.$procmux$1219_CMP $flatten\arm16_datapath_unit.\barrel_shifter_unit.$procmux$1218_CMP } = 6'100000
      Activation pattern for cell $flatten\arm16_datapath_unit.\barrel_shifter_unit.$shr$src/barrel_shifter.v:32$165: { \arm16_datapath_unit.ex_command [8] \arm16_datapath_unit.ex_immediate \arm16_datapath_unit.ex_memory $flatten\arm16_datapath_unit.\barrel_shifter_unit.$procmux$1220_CMP $flatten\arm16_datapath_unit.\barrel_shifter_unit.$procmux$1219_CMP $flatten\arm16_datapath_unit.\barrel_shifter_unit.$procmux$1218_CMP } = 6'100000
      Activation pattern for cell $flatten\arm16_datapath_unit.\barrel_shifter_unit.$shr$src/barrel_shifter.v:32$165: { \arm16_datapath_unit.ex_command [4] \arm16_datapath_unit.ex_immediate \arm16_datapath_unit.ex_memory $flatten\arm16_datapath_unit.\barrel_shifter_unit.$procmux$1220_CMP $flatten\arm16_datapath_unit.\barrel_shifter_unit.$procmux$1219_CMP $flatten\arm16_datapath_unit.\barrel_shifter_unit.$procmux$1218_CMP } = 6'100000
      Activation pattern for cell $flatten\arm16_datapath_unit.\barrel_shifter_unit.$shr$src/barrel_shifter.v:32$165: { \arm16_datapath_unit.ex_command [9] \arm16_datapath_unit.ex_immediate \arm16_datapath_unit.ex_memory $flatten\arm16_datapath_unit.\barrel_shifter_unit.$procmux$1220_CMP $flatten\arm16_datapath_unit.\barrel_shifter_unit.$procmux$1219_CMP $flatten\arm16_datapath_unit.\barrel_shifter_unit.$procmux$1218_CMP } = 6'100000
      Activation pattern for cell $flatten\arm16_datapath_unit.\barrel_shifter_unit.$shr$src/barrel_shifter.v:32$165: { \arm16_datapath_unit.ex_command [1] \arm16_datapath_unit.ex_immediate \arm16_datapath_unit.ex_memory $flatten\arm16_datapath_unit.\barrel_shifter_unit.$procmux$1220_CMP $flatten\arm16_datapath_unit.\barrel_shifter_unit.$procmux$1219_CMP $flatten\arm16_datapath_unit.\barrel_shifter_unit.$procmux$1218_CMP } = 6'100000
      Activation pattern for cell $flatten\arm16_datapath_unit.\barrel_shifter_unit.$shr$src/barrel_shifter.v:32$165: { \arm16_datapath_unit.alu_arith \arm16_datapath_unit.ex_command [8] \arm16_datapath_unit.ex_immediate \arm16_datapath_unit.ex_memory $flatten\arm16_datapath_unit.\barrel_shifter_unit.$procmux$1220_CMP $flatten\arm16_datapath_unit.\barrel_shifter_unit.$procmux$1219_CMP $flatten\arm16_datapath_unit.\barrel_shifter_unit.$procmux$1218_CMP } = 7'1100000
      Activation pattern for cell $flatten\arm16_datapath_unit.\barrel_shifter_unit.$shr$src/barrel_shifter.v:32$165: { \arm16_datapath_unit.alu_arith \arm16_datapath_unit.ex_command [3] \arm16_datapath_unit.ex_immediate \arm16_datapath_unit.ex_memory $flatten\arm16_datapath_unit.\barrel_shifter_unit.$procmux$1220_CMP $flatten\arm16_datapath_unit.\barrel_shifter_unit.$procmux$1219_CMP $flatten\arm16_datapath_unit.\barrel_shifter_unit.$procmux$1218_CMP } = 7'1100000
      Activation pattern for cell $flatten\arm16_datapath_unit.\barrel_shifter_unit.$shr$src/barrel_shifter.v:32$165: { \arm16_datapath_unit.alu_arith \arm16_datapath_unit.ex_command [7] \arm16_datapath_unit.ex_immediate \arm16_datapath_unit.ex_memory $flatten\arm16_datapath_unit.\barrel_shifter_unit.$procmux$1220_CMP $flatten\arm16_datapath_unit.\barrel_shifter_unit.$procmux$1219_CMP $flatten\arm16_datapath_unit.\barrel_shifter_unit.$procmux$1218_CMP } = 7'1100000
      Activation pattern for cell $flatten\arm16_datapath_unit.\barrel_shifter_unit.$shr$src/barrel_shifter.v:32$165: { \arm16_datapath_unit.alu_arith \arm16_datapath_unit.ex_command [2] \arm16_datapath_unit.ex_immediate \arm16_datapath_unit.ex_memory $flatten\arm16_datapath_unit.\barrel_shifter_unit.$procmux$1220_CMP $flatten\arm16_datapath_unit.\barrel_shifter_unit.$procmux$1219_CMP $flatten\arm16_datapath_unit.\barrel_shifter_unit.$procmux$1218_CMP } = 7'1100000
      Activation pattern for cell $flatten\arm16_datapath_unit.\barrel_shifter_unit.$shr$src/barrel_shifter.v:32$165: { \arm16_datapath_unit.ex_command [5] \arm16_datapath_unit.ex_immediate \arm16_datapath_unit.ex_memory $flatten\arm16_datapath_unit.\barrel_shifter_unit.$procmux$1220_CMP $flatten\arm16_datapath_unit.\barrel_shifter_unit.$procmux$1219_CMP $flatten\arm16_datapath_unit.\barrel_shifter_unit.$procmux$1218_CMP } = 6'100000
      Activation pattern for cell $flatten\arm16_datapath_unit.\barrel_shifter_unit.$shr$src/barrel_shifter.v:35$167: { \arm16_datapath_unit.ex_command [5] \arm16_datapath_unit.ex_immediate \arm16_datapath_unit.ex_memory \arm16_datapath_unit.ex_operand2 [11] $flatten\arm16_datapath_unit.\barrel_shifter_unit.$procmux$1219_CMP } = 5'10001
      Activation pattern for cell $flatten\arm16_datapath_unit.\barrel_shifter_unit.$shr$src/barrel_shifter.v:35$167: { \arm16_datapath_unit.alu_arith \arm16_datapath_unit.ex_command [2] \arm16_datapath_unit.ex_immediate \arm16_datapath_unit.ex_memory \arm16_datapath_unit.ex_operand2 [11] $flatten\arm16_datapath_unit.\barrel_shifter_unit.$procmux$1219_CMP } = 6'110001
      Activation pattern for cell $flatten\arm16_datapath_unit.\barrel_shifter_unit.$shr$src/barrel_shifter.v:35$167: { \arm16_datapath_unit.alu_arith \arm16_datapath_unit.ex_command [7] \arm16_datapath_unit.ex_immediate \arm16_datapath_unit.ex_memory \arm16_datapath_unit.ex_operand2 [11] $flatten\arm16_datapath_unit.\barrel_shifter_unit.$procmux$1219_CMP } = 6'110001
      Activation pattern for cell $flatten\arm16_datapath_unit.\barrel_shifter_unit.$shr$src/barrel_shifter.v:35$167: { \arm16_datapath_unit.alu_arith \arm16_datapath_unit.ex_command [3] \arm16_datapath_unit.ex_immediate \arm16_datapath_unit.ex_memory \arm16_datapath_unit.ex_operand2 [11] $flatten\arm16_datapath_unit.\barrel_shifter_unit.$procmux$1219_CMP } = 6'110001
      Activation pattern for cell $flatten\arm16_datapath_unit.\barrel_shifter_unit.$shr$src/barrel_shifter.v:35$167: { \arm16_datapath_unit.alu_arith \arm16_datapath_unit.ex_command [8] \arm16_datapath_unit.ex_immediate \arm16_datapath_unit.ex_memory \arm16_datapath_unit.ex_operand2 [11] $flatten\arm16_datapath_unit.\barrel_shifter_unit.$procmux$1219_CMP } = 6'110001
      Activation pattern for cell $flatten\arm16_datapath_unit.\barrel_shifter_unit.$shr$src/barrel_shifter.v:35$167: { \arm16_datapath_unit.ex_command [1] \arm16_datapath_unit.ex_immediate \arm16_datapath_unit.ex_memory \arm16_datapath_unit.ex_operand2 [11] $flatten\arm16_datapath_unit.\barrel_shifter_unit.$procmux$1219_CMP } = 5'10001
      Activation pattern for cell $flatten\arm16_datapath_unit.\barrel_shifter_unit.$shr$src/barrel_shifter.v:35$167: { \arm16_datapath_unit.ex_command [9] \arm16_datapath_unit.ex_immediate \arm16_datapath_unit.ex_memory \arm16_datapath_unit.ex_operand2 [11] $flatten\arm16_datapath_unit.\barrel_shifter_unit.$procmux$1219_CMP } = 5'10001
      Activation pattern for cell $flatten\arm16_datapath_unit.\barrel_shifter_unit.$shr$src/barrel_shifter.v:35$167: { \arm16_datapath_unit.ex_command [4] \arm16_datapath_unit.ex_immediate \arm16_datapath_unit.ex_memory \arm16_datapath_unit.ex_operand2 [11] $flatten\arm16_datapath_unit.\barrel_shifter_unit.$procmux$1219_CMP } = 5'10001
      Activation pattern for cell $flatten\arm16_datapath_unit.\barrel_shifter_unit.$shr$src/barrel_shifter.v:35$167: { \arm16_datapath_unit.ex_command [8] \arm16_datapath_unit.ex_immediate \arm16_datapath_unit.ex_memory \arm16_datapath_unit.ex_operand2 [11] $flatten\arm16_datapath_unit.\barrel_shifter_unit.$procmux$1219_CMP } = 5'10001
      Activation pattern for cell $flatten\arm16_datapath_unit.\barrel_shifter_unit.$shr$src/barrel_shifter.v:35$167: { \arm16_datapath_unit.ex_command [3] \arm16_datapath_unit.ex_immediate \arm16_datapath_unit.ex_memory \arm16_datapath_unit.ex_operand2 [11] $flatten\arm16_datapath_unit.\barrel_shifter_unit.$procmux$1219_CMP } = 5'10001
      Activation pattern for cell $flatten\arm16_datapath_unit.\barrel_shifter_unit.$shr$src/barrel_shifter.v:35$167: { \arm16_datapath_unit.ex_command [7] \arm16_datapath_unit.ex_immediate \arm16_datapath_unit.ex_memory \arm16_datapath_unit.ex_operand2 [11] $flatten\arm16_datapath_unit.\barrel_shifter_unit.$procmux$1219_CMP } = 5'10001
      Activation pattern for cell $flatten\arm16_datapath_unit.\barrel_shifter_unit.$shr$src/barrel_shifter.v:35$167: { \arm16_datapath_unit.ex_command [2] \arm16_datapath_unit.ex_immediate \arm16_datapath_unit.ex_memory \arm16_datapath_unit.ex_operand2 [11] $flatten\arm16_datapath_unit.\barrel_shifter_unit.$procmux$1219_CMP } = 5'10001
      Activation pattern for cell $flatten\arm16_datapath_unit.\barrel_shifter_unit.$shr$src/barrel_shifter.v:35$167: { \arm16_datapath_unit.ex_command [6] \arm16_datapath_unit.ex_immediate \arm16_datapath_unit.ex_memory \arm16_datapath_unit.ex_operand2 [11] $flatten\arm16_datapath_unit.\barrel_shifter_unit.$procmux$1219_CMP } = 5'10001
      Activation pattern for cell $flatten\arm16_datapath_unit.\barrel_shifter_unit.$shr$src/barrel_shifter.v:35$167: { \arm16_datapath_unit.ex_command [5] \arm16_datapath_unit.ex_immediate \arm16_datapath_unit.ex_memory \arm16_datapath_unit.ex_operand2 [11] $flatten\arm16_datapath_unit.\barrel_shifter_unit.$procmux$1218_CMP $flatten\arm16_datapath_unit.\barrel_shifter_unit.$eq$src/barrel_shifter.v:49$174_Y } = 6'100010
      Activation pattern for cell $flatten\arm16_datapath_unit.\barrel_shifter_unit.$shr$src/barrel_shifter.v:35$167: { \arm16_datapath_unit.alu_arith \arm16_datapath_unit.ex_command [2] \arm16_datapath_unit.ex_immediate \arm16_datapath_unit.ex_memory \arm16_datapath_unit.ex_operand2 [11] $flatten\arm16_datapath_unit.\barrel_shifter_unit.$procmux$1218_CMP $flatten\arm16_datapath_unit.\barrel_shifter_unit.$eq$src/barrel_shifter.v:49$174_Y } = 7'1100010
      Activation pattern for cell $flatten\arm16_datapath_unit.\barrel_shifter_unit.$shr$src/barrel_shifter.v:35$167: { \arm16_datapath_unit.alu_arith \arm16_datapath_unit.ex_command [7] \arm16_datapath_unit.ex_immediate \arm16_datapath_unit.ex_memory \arm16_datapath_unit.ex_operand2 [11] $flatten\arm16_datapath_unit.\barrel_shifter_unit.$procmux$1218_CMP $flatten\arm16_datapath_unit.\barrel_shifter_unit.$eq$src/barrel_shifter.v:49$174_Y } = 7'1100010
      Activation pattern for cell $flatten\arm16_datapath_unit.\barrel_shifter_unit.$shr$src/barrel_shifter.v:35$167: { \arm16_datapath_unit.alu_arith \arm16_datapath_unit.ex_command [3] \arm16_datapath_unit.ex_immediate \arm16_datapath_unit.ex_memory \arm16_datapath_unit.ex_operand2 [11] $flatten\arm16_datapath_unit.\barrel_shifter_unit.$procmux$1218_CMP $flatten\arm16_datapath_unit.\barrel_shifter_unit.$eq$src/barrel_shifter.v:49$174_Y } = 7'1100010
      Activation pattern for cell $flatten\arm16_datapath_unit.\barrel_shifter_unit.$shr$src/barrel_shifter.v:35$167: { \arm16_datapath_unit.alu_arith \arm16_datapath_unit.ex_command [8] \arm16_datapath_unit.ex_immediate \arm16_datapath_unit.ex_memory \arm16_datapath_unit.ex_operand2 [11] $flatten\arm16_datapath_unit.\barrel_shifter_unit.$procmux$1218_CMP $flatten\arm16_datapath_unit.\barrel_shifter_unit.$eq$src/barrel_shifter.v:49$174_Y } = 7'1100010
      Activation pattern for cell $flatten\arm16_datapath_unit.\barrel_shifter_unit.$shr$src/barrel_shifter.v:35$167: { \arm16_datapath_unit.ex_command [1] \arm16_datapath_unit.ex_immediate \arm16_datapath_unit.ex_memory \arm16_datapath_unit.ex_operand2 [11] $flatten\arm16_datapath_unit.\barrel_shifter_unit.$procmux$1218_CMP $flatten\arm16_datapath_unit.\barrel_shifter_unit.$eq$src/barrel_shifter.v:49$174_Y } = 6'100010
      Activation pattern for cell $flatten\arm16_datapath_unit.\barrel_shifter_unit.$shr$src/barrel_shifter.v:35$167: { \arm16_datapath_unit.ex_command [9] \arm16_datapath_unit.ex_immediate \arm16_datapath_unit.ex_memory \arm16_datapath_unit.ex_operand2 [11] $flatten\arm16_datapath_unit.\barrel_shifter_unit.$procmux$1218_CMP $flatten\arm16_datapath_unit.\barrel_shifter_unit.$eq$src/barrel_shifter.v:49$174_Y } = 6'100010
      Activation pattern for cell $flatten\arm16_datapath_unit.\barrel_shifter_unit.$shr$src/barrel_shifter.v:35$167: { \arm16_datapath_unit.ex_command [4] \arm16_datapath_unit.ex_immediate \arm16_datapath_unit.ex_memory \arm16_datapath_unit.ex_operand2 [11] $flatten\arm16_datapath_unit.\barrel_shifter_unit.$procmux$1218_CMP $flatten\arm16_datapath_unit.\barrel_shifter_unit.$eq$src/barrel_shifter.v:49$174_Y } = 6'100010
      Activation pattern for cell $flatten\arm16_datapath_unit.\barrel_shifter_unit.$shr$src/barrel_shifter.v:35$167: { \arm16_datapath_unit.ex_command [8] \arm16_datapath_unit.ex_immediate \arm16_datapath_unit.ex_memory \arm16_datapath_unit.ex_operand2 [11] $flatten\arm16_datapath_unit.\barrel_shifter_unit.$procmux$1218_CMP $flatten\arm16_datapath_unit.\barrel_shifter_unit.$eq$src/barrel_shifter.v:49$174_Y } = 6'100010
      Activation pattern for cell $flatten\arm16_datapath_unit.\barrel_shifter_unit.$shr$src/barrel_shifter.v:35$167: { \arm16_datapath_unit.ex_command [3] \arm16_datapath_unit.ex_immediate \arm16_datapath_unit.ex_memory \arm16_datapath_unit.ex_operand2 [11] $flatten\arm16_datapath_unit.\barrel_shifter_unit.$procmux$1218_CMP $flatten\arm16_datapath_unit.\barrel_shifter_unit.$eq$src/barrel_shifter.v:49$174_Y } = 6'100010
      Activation pattern for cell $flatten\arm16_datapath_unit.\barrel_shifter_unit.$shr$src/barrel_shifter.v:35$167: { \arm16_datapath_unit.ex_command [7] \arm16_datapath_unit.ex_immediate \arm16_datapath_unit.ex_memory \arm16_datapath_unit.ex_operand2 [11] $flatten\arm16_datapath_unit.\barrel_shifter_unit.$procmux$1218_CMP $flatten\arm16_datapath_unit.\barrel_shifter_unit.$eq$src/barrel_shifter.v:49$174_Y } = 6'100010
      Activation pattern for cell $flatten\arm16_datapath_unit.\barrel_shifter_unit.$shr$src/barrel_shifter.v:35$167: { \arm16_datapath_unit.ex_command [2] \arm16_datapath_unit.ex_immediate \arm16_datapath_unit.ex_memory \arm16_datapath_unit.ex_operand2 [11] $flatten\arm16_datapath_unit.\barrel_shifter_unit.$procmux$1218_CMP $flatten\arm16_datapath_unit.\barrel_shifter_unit.$eq$src/barrel_shifter.v:49$174_Y } = 6'100010
      Activation pattern for cell $flatten\arm16_datapath_unit.\barrel_shifter_unit.$shr$src/barrel_shifter.v:35$167: { \arm16_datapath_unit.ex_command [6] \arm16_datapath_unit.ex_immediate \arm16_datapath_unit.ex_memory \arm16_datapath_unit.ex_operand2 [11] $flatten\arm16_datapath_unit.\barrel_shifter_unit.$procmux$1218_CMP $flatten\arm16_datapath_unit.\barrel_shifter_unit.$eq$src/barrel_shifter.v:49$174_Y } = 6'100010
      According to the SAT solver this pair of cells can be shared. (Pattern only case)
      Simplified activation pattern for cell $flatten\arm16_datapath_unit.\barrel_shifter_unit.$shr$src/barrel_shifter.v:32$165: { $flatten\arm16_datapath_unit.\barrel_shifter_unit.$procmux$1219_CMP $flatten\arm16_datapath_unit.\barrel_shifter_unit.$procmux$1218_CMP } = 2'00
      Simplified activation pattern for cell $flatten\arm16_datapath_unit.\barrel_shifter_unit.$shr$src/barrel_shifter.v:35$167: $flatten\arm16_datapath_unit.\barrel_shifter_unit.$procmux$1218_CMP = 1'1
      Simplified activation pattern for cell $flatten\arm16_datapath_unit.\barrel_shifter_unit.$shr$src/barrel_shifter.v:35$167: $flatten\arm16_datapath_unit.\barrel_shifter_unit.$procmux$1219_CMP = 1'1
      Activation signal for $flatten\arm16_datapath_unit.\barrel_shifter_unit.$shr$src/barrel_shifter.v:32$165: $auto$share.cc:1062:make_cell_activation_logic$2528
      New cell: $auto$share.cc:663:make_supercell$2535 ($shr)
  Analyzing resource sharing options for $auto$share.cc:663:make_supercell$2535 ($shr):
    Found 39 activation_patterns using ctrl signal { \arm16_datapath_unit.alu_arith \arm16_datapath_unit.ex_command [9:1] \arm16_datapath_unit.ex_immediate \arm16_datapath_unit.ex_memory \arm16_datapath_unit.ex_operand2 [11] $flatten\arm16_datapath_unit.\barrel_shifter_unit.$procmux$1220_CMP $flatten\arm16_datapath_unit.\barrel_shifter_unit.$procmux$1219_CMP $flatten\arm16_datapath_unit.\barrel_shifter_unit.$procmux$1218_CMP $flatten\arm16_datapath_unit.\barrel_shifter_unit.$eq$src/barrel_shifter.v:49$174_Y }.
    Found 1 candidates: $flatten\arm16_datapath_unit.\barrel_shifter_unit.$shr$src/barrel_shifter.v:30$164
    Analyzing resource sharing with $flatten\arm16_datapath_unit.\barrel_shifter_unit.$shr$src/barrel_shifter.v:30$164 ($shr):
      Found 13 activation_patterns using ctrl signal { \arm16_datapath_unit.alu_arith \arm16_datapath_unit.ex_command [9:1] \arm16_datapath_unit.ex_immediate \arm16_datapath_unit.ex_memory }.
      Activation pattern for cell $auto$share.cc:663:make_supercell$2535: { \arm16_datapath_unit.ex_command [6] \arm16_datapath_unit.ex_immediate \arm16_datapath_unit.ex_memory $flatten\arm16_datapath_unit.\barrel_shifter_unit.$procmux$1220_CMP $flatten\arm16_datapath_unit.\barrel_shifter_unit.$procmux$1219_CMP $flatten\arm16_datapath_unit.\barrel_shifter_unit.$procmux$1218_CMP } = 6'100000
      Activation pattern for cell $auto$share.cc:663:make_supercell$2535: { \arm16_datapath_unit.ex_command [2] \arm16_datapath_unit.ex_immediate \arm16_datapath_unit.ex_memory $flatten\arm16_datapath_unit.\barrel_shifter_unit.$procmux$1220_CMP $flatten\arm16_datapath_unit.\barrel_shifter_unit.$procmux$1219_CMP $flatten\arm16_datapath_unit.\barrel_shifter_unit.$procmux$1218_CMP } = 6'100000
      Activation pattern for cell $auto$share.cc:663:make_supercell$2535: { \arm16_datapath_unit.ex_command [7] \arm16_datapath_unit.ex_immediate \arm16_datapath_unit.ex_memory $flatten\arm16_datapath_unit.\barrel_shifter_unit.$procmux$1220_CMP $flatten\arm16_datapath_unit.\barrel_shifter_unit.$procmux$1219_CMP $flatten\arm16_datapath_unit.\barrel_shifter_unit.$procmux$1218_CMP } = 6'100000
      Activation pattern for cell $auto$share.cc:663:make_supercell$2535: { \arm16_datapath_unit.ex_command [3] \arm16_datapath_unit.ex_immediate \arm16_datapath_unit.ex_memory $flatten\arm16_datapath_unit.\barrel_shifter_unit.$procmux$1220_CMP $flatten\arm16_datapath_unit.\barrel_shifter_unit.$procmux$1219_CMP $flatten\arm16_datapath_unit.\barrel_shifter_unit.$procmux$1218_CMP } = 6'100000
      Activation pattern for cell $auto$share.cc:663:make_supercell$2535: { \arm16_datapath_unit.ex_command [8] \arm16_datapath_unit.ex_immediate \arm16_datapath_unit.ex_memory $flatten\arm16_datapath_unit.\barrel_shifter_unit.$procmux$1220_CMP $flatten\arm16_datapath_unit.\barrel_shifter_unit.$procmux$1219_CMP $flatten\arm16_datapath_unit.\barrel_shifter_unit.$procmux$1218_CMP } = 6'100000
      Activation pattern for cell $auto$share.cc:663:make_supercell$2535: { \arm16_datapath_unit.ex_command [4] \arm16_datapath_unit.ex_immediate \arm16_datapath_unit.ex_memory $flatten\arm16_datapath_unit.\barrel_shifter_unit.$procmux$1220_CMP $flatten\arm16_datapath_unit.\barrel_shifter_unit.$procmux$1219_CMP $flatten\arm16_datapath_unit.\barrel_shifter_unit.$procmux$1218_CMP } = 6'100000
      Activation pattern for cell $auto$share.cc:663:make_supercell$2535: { \arm16_datapath_unit.ex_command [9] \arm16_datapath_unit.ex_immediate \arm16_datapath_unit.ex_memory $flatten\arm16_datapath_unit.\barrel_shifter_unit.$procmux$1220_CMP $flatten\arm16_datapath_unit.\barrel_shifter_unit.$procmux$1219_CMP $flatten\arm16_datapath_unit.\barrel_shifter_unit.$procmux$1218_CMP } = 6'100000
      Activation pattern for cell $auto$share.cc:663:make_supercell$2535: { \arm16_datapath_unit.ex_command [1] \arm16_datapath_unit.ex_immediate \arm16_datapath_unit.ex_memory $flatten\arm16_datapath_unit.\barrel_shifter_unit.$procmux$1220_CMP $flatten\arm16_datapath_unit.\barrel_shifter_unit.$procmux$1219_CMP $flatten\arm16_datapath_unit.\barrel_shifter_unit.$procmux$1218_CMP } = 6'100000
      Activation pattern for cell $auto$share.cc:663:make_supercell$2535: { \arm16_datapath_unit.alu_arith \arm16_datapath_unit.ex_command [8] \arm16_datapath_unit.ex_immediate \arm16_datapath_unit.ex_memory $flatten\arm16_datapath_unit.\barrel_shifter_unit.$procmux$1220_CMP $flatten\arm16_datapath_unit.\barrel_shifter_unit.$procmux$1219_CMP $flatten\arm16_datapath_unit.\barrel_shifter_unit.$procmux$1218_CMP } = 7'1100000
      Activation pattern for cell $auto$share.cc:663:make_supercell$2535: { \arm16_datapath_unit.alu_arith \arm16_datapath_unit.ex_command [3] \arm16_datapath_unit.ex_immediate \arm16_datapath_unit.ex_memory $flatten\arm16_datapath_unit.\barrel_shifter_unit.$procmux$1220_CMP $flatten\arm16_datapath_unit.\barrel_shifter_unit.$procmux$1219_CMP $flatten\arm16_datapath_unit.\barrel_shifter_unit.$procmux$1218_CMP } = 7'1100000
      Activation pattern for cell $auto$share.cc:663:make_supercell$2535: { \arm16_datapath_unit.alu_arith \arm16_datapath_unit.ex_command [7] \arm16_datapath_unit.ex_immediate \arm16_datapath_unit.ex_memory $flatten\arm16_datapath_unit.\barrel_shifter_unit.$procmux$1220_CMP $flatten\arm16_datapath_unit.\barrel_shifter_unit.$procmux$1219_CMP $flatten\arm16_datapath_unit.\barrel_shifter_unit.$procmux$1218_CMP } = 7'1100000
      Activation pattern for cell $auto$share.cc:663:make_supercell$2535: { \arm16_datapath_unit.alu_arith \arm16_datapath_unit.ex_command [2] \arm16_datapath_unit.ex_immediate \arm16_datapath_unit.ex_memory $flatten\arm16_datapath_unit.\barrel_shifter_unit.$procmux$1220_CMP $flatten\arm16_datapath_unit.\barrel_shifter_unit.$procmux$1219_CMP $flatten\arm16_datapath_unit.\barrel_shifter_unit.$procmux$1218_CMP } = 7'1100000
      Activation pattern for cell $auto$share.cc:663:make_supercell$2535: { \arm16_datapath_unit.ex_command [5] \arm16_datapath_unit.ex_immediate \arm16_datapath_unit.ex_memory $flatten\arm16_datapath_unit.\barrel_shifter_unit.$procmux$1220_CMP $flatten\arm16_datapath_unit.\barrel_shifter_unit.$procmux$1219_CMP $flatten\arm16_datapath_unit.\barrel_shifter_unit.$procmux$1218_CMP } = 6'100000
      Activation pattern for cell $auto$share.cc:663:make_supercell$2535: { \arm16_datapath_unit.ex_command [5] \arm16_datapath_unit.ex_immediate \arm16_datapath_unit.ex_memory \arm16_datapath_unit.ex_operand2 [11] $flatten\arm16_datapath_unit.\barrel_shifter_unit.$procmux$1219_CMP } = 5'10001
      Activation pattern for cell $auto$share.cc:663:make_supercell$2535: { \arm16_datapath_unit.alu_arith \arm16_datapath_unit.ex_command [2] \arm16_datapath_unit.ex_immediate \arm16_datapath_unit.ex_memory \arm16_datapath_unit.ex_operand2 [11] $flatten\arm16_datapath_unit.\barrel_shifter_unit.$procmux$1219_CMP } = 6'110001
      Activation pattern for cell $auto$share.cc:663:make_supercell$2535: { \arm16_datapath_unit.alu_arith \arm16_datapath_unit.ex_command [7] \arm16_datapath_unit.ex_immediate \arm16_datapath_unit.ex_memory \arm16_datapath_unit.ex_operand2 [11] $flatten\arm16_datapath_unit.\barrel_shifter_unit.$procmux$1219_CMP } = 6'110001
      Activation pattern for cell $auto$share.cc:663:make_supercell$2535: { \arm16_datapath_unit.alu_arith \arm16_datapath_unit.ex_command [3] \arm16_datapath_unit.ex_immediate \arm16_datapath_unit.ex_memory \arm16_datapath_unit.ex_operand2 [11] $flatten\arm16_datapath_unit.\barrel_shifter_unit.$procmux$1219_CMP } = 6'110001
      Activation pattern for cell $auto$share.cc:663:make_supercell$2535: { \arm16_datapath_unit.alu_arith \arm16_datapath_unit.ex_command [8] \arm16_datapath_unit.ex_immediate \arm16_datapath_unit.ex_memory \arm16_datapath_unit.ex_operand2 [11] $flatten\arm16_datapath_unit.\barrel_shifter_unit.$procmux$1219_CMP } = 6'110001
      Activation pattern for cell $auto$share.cc:663:make_supercell$2535: { \arm16_datapath_unit.ex_command [1] \arm16_datapath_unit.ex_immediate \arm16_datapath_unit.ex_memory \arm16_datapath_unit.ex_operand2 [11] $flatten\arm16_datapath_unit.\barrel_shifter_unit.$procmux$1219_CMP } = 5'10001
      Activation pattern for cell $auto$share.cc:663:make_supercell$2535: { \arm16_datapath_unit.ex_command [9] \arm16_datapath_unit.ex_immediate \arm16_datapath_unit.ex_memory \arm16_datapath_unit.ex_operand2 [11] $flatten\arm16_datapath_unit.\barrel_shifter_unit.$procmux$1219_CMP } = 5'10001
      Activation pattern for cell $auto$share.cc:663:make_supercell$2535: { \arm16_datapath_unit.ex_command [4] \arm16_datapath_unit.ex_immediate \arm16_datapath_unit.ex_memory \arm16_datapath_unit.ex_operand2 [11] $flatten\arm16_datapath_unit.\barrel_shifter_unit.$procmux$1219_CMP } = 5'10001
      Activation pattern for cell $auto$share.cc:663:make_supercell$2535: { \arm16_datapath_unit.ex_command [8] \arm16_datapath_unit.ex_immediate \arm16_datapath_unit.ex_memory \arm16_datapath_unit.ex_operand2 [11] $flatten\arm16_datapath_unit.\barrel_shifter_unit.$procmux$1219_CMP } = 5'10001
      Activation pattern for cell $auto$share.cc:663:make_supercell$2535: { \arm16_datapath_unit.ex_command [3] \arm16_datapath_unit.ex_immediate \arm16_datapath_unit.ex_memory \arm16_datapath_unit.ex_operand2 [11] $flatten\arm16_datapath_unit.\barrel_shifter_unit.$procmux$1219_CMP } = 5'10001
      Activation pattern for cell $auto$share.cc:663:make_supercell$2535: { \arm16_datapath_unit.ex_command [7] \arm16_datapath_unit.ex_immediate \arm16_datapath_unit.ex_memory \arm16_datapath_unit.ex_operand2 [11] $flatten\arm16_datapath_unit.\barrel_shifter_unit.$procmux$1219_CMP } = 5'10001
      Activation pattern for cell $auto$share.cc:663:make_supercell$2535: { \arm16_datapath_unit.ex_command [2] \arm16_datapath_unit.ex_immediate \arm16_datapath_unit.ex_memory \arm16_datapath_unit.ex_operand2 [11] $flatten\arm16_datapath_unit.\barrel_shifter_unit.$procmux$1219_CMP } = 5'10001
      Activation pattern for cell $auto$share.cc:663:make_supercell$2535: { \arm16_datapath_unit.ex_command [6] \arm16_datapath_unit.ex_immediate \arm16_datapath_unit.ex_memory \arm16_datapath_unit.ex_operand2 [11] $flatten\arm16_datapath_unit.\barrel_shifter_unit.$procmux$1219_CMP } = 5'10001
      Activation pattern for cell $auto$share.cc:663:make_supercell$2535: { \arm16_datapath_unit.ex_command [5] \arm16_datapath_unit.ex_immediate \arm16_datapath_unit.ex_memory \arm16_datapath_unit.ex_operand2 [11] $flatten\arm16_datapath_unit.\barrel_shifter_unit.$procmux$1218_CMP $flatten\arm16_datapath_unit.\barrel_shifter_unit.$eq$src/barrel_shifter.v:49$174_Y } = 6'100010
      Activation pattern for cell $auto$share.cc:663:make_supercell$2535: { \arm16_datapath_unit.alu_arith \arm16_datapath_unit.ex_command [2] \arm16_datapath_unit.ex_immediate \arm16_datapath_unit.ex_memory \arm16_datapath_unit.ex_operand2 [11] $flatten\arm16_datapath_unit.\barrel_shifter_unit.$procmux$1218_CMP $flatten\arm16_datapath_unit.\barrel_shifter_unit.$eq$src/barrel_shifter.v:49$174_Y } = 7'1100010
      Activation pattern for cell $auto$share.cc:663:make_supercell$2535: { \arm16_datapath_unit.alu_arith \arm16_datapath_unit.ex_command [7] \arm16_datapath_unit.ex_immediate \arm16_datapath_unit.ex_memory \arm16_datapath_unit.ex_operand2 [11] $flatten\arm16_datapath_unit.\barrel_shifter_unit.$procmux$1218_CMP $flatten\arm16_datapath_unit.\barrel_shifter_unit.$eq$src/barrel_shifter.v:49$174_Y } = 7'1100010
      Activation pattern for cell $auto$share.cc:663:make_supercell$2535: { \arm16_datapath_unit.alu_arith \arm16_datapath_unit.ex_command [3] \arm16_datapath_unit.ex_immediate \arm16_datapath_unit.ex_memory \arm16_datapath_unit.ex_operand2 [11] $flatten\arm16_datapath_unit.\barrel_shifter_unit.$procmux$1218_CMP $flatten\arm16_datapath_unit.\barrel_shifter_unit.$eq$src/barrel_shifter.v:49$174_Y } = 7'1100010
      Activation pattern for cell $auto$share.cc:663:make_supercell$2535: { \arm16_datapath_unit.alu_arith \arm16_datapath_unit.ex_command [8] \arm16_datapath_unit.ex_immediate \arm16_datapath_unit.ex_memory \arm16_datapath_unit.ex_operand2 [11] $flatten\arm16_datapath_unit.\barrel_shifter_unit.$procmux$1218_CMP $flatten\arm16_datapath_unit.\barrel_shifter_unit.$eq$src/barrel_shifter.v:49$174_Y } = 7'1100010
      Activation pattern for cell $auto$share.cc:663:make_supercell$2535: { \arm16_datapath_unit.ex_command [1] \arm16_datapath_unit.ex_immediate \arm16_datapath_unit.ex_memory \arm16_datapath_unit.ex_operand2 [11] $flatten\arm16_datapath_unit.\barrel_shifter_unit.$procmux$1218_CMP $flatten\arm16_datapath_unit.\barrel_shifter_unit.$eq$src/barrel_shifter.v:49$174_Y } = 6'100010
      Activation pattern for cell $auto$share.cc:663:make_supercell$2535: { \arm16_datapath_unit.ex_command [9] \arm16_datapath_unit.ex_immediate \arm16_datapath_unit.ex_memory \arm16_datapath_unit.ex_operand2 [11] $flatten\arm16_datapath_unit.\barrel_shifter_unit.$procmux$1218_CMP $flatten\arm16_datapath_unit.\barrel_shifter_unit.$eq$src/barrel_shifter.v:49$174_Y } = 6'100010
      Activation pattern for cell $auto$share.cc:663:make_supercell$2535: { \arm16_datapath_unit.ex_command [4] \arm16_datapath_unit.ex_immediate \arm16_datapath_unit.ex_memory \arm16_datapath_unit.ex_operand2 [11] $flatten\arm16_datapath_unit.\barrel_shifter_unit.$procmux$1218_CMP $flatten\arm16_datapath_unit.\barrel_shifter_unit.$eq$src/barrel_shifter.v:49$174_Y } = 6'100010
      Activation pattern for cell $auto$share.cc:663:make_supercell$2535: { \arm16_datapath_unit.ex_command [8] \arm16_datapath_unit.ex_immediate \arm16_datapath_unit.ex_memory \arm16_datapath_unit.ex_operand2 [11] $flatten\arm16_datapath_unit.\barrel_shifter_unit.$procmux$1218_CMP $flatten\arm16_datapath_unit.\barrel_shifter_unit.$eq$src/barrel_shifter.v:49$174_Y } = 6'100010
      Activation pattern for cell $auto$share.cc:663:make_supercell$2535: { \arm16_datapath_unit.ex_command [3] \arm16_datapath_unit.ex_immediate \arm16_datapath_unit.ex_memory \arm16_datapath_unit.ex_operand2 [11] $flatten\arm16_datapath_unit.\barrel_shifter_unit.$procmux$1218_CMP $flatten\arm16_datapath_unit.\barrel_shifter_unit.$eq$src/barrel_shifter.v:49$174_Y } = 6'100010
      Activation pattern for cell $auto$share.cc:663:make_supercell$2535: { \arm16_datapath_unit.ex_command [7] \arm16_datapath_unit.ex_immediate \arm16_datapath_unit.ex_memory \arm16_datapath_unit.ex_operand2 [11] $flatten\arm16_datapath_unit.\barrel_shifter_unit.$procmux$1218_CMP $flatten\arm16_datapath_unit.\barrel_shifter_unit.$eq$src/barrel_shifter.v:49$174_Y } = 6'100010
      Activation pattern for cell $auto$share.cc:663:make_supercell$2535: { \arm16_datapath_unit.ex_command [2] \arm16_datapath_unit.ex_immediate \arm16_datapath_unit.ex_memory \arm16_datapath_unit.ex_operand2 [11] $flatten\arm16_datapath_unit.\barrel_shifter_unit.$procmux$1218_CMP $flatten\arm16_datapath_unit.\barrel_shifter_unit.$eq$src/barrel_shifter.v:49$174_Y } = 6'100010
      Activation pattern for cell $auto$share.cc:663:make_supercell$2535: { \arm16_datapath_unit.ex_command [6] \arm16_datapath_unit.ex_immediate \arm16_datapath_unit.ex_memory \arm16_datapath_unit.ex_operand2 [11] $flatten\arm16_datapath_unit.\barrel_shifter_unit.$procmux$1218_CMP $flatten\arm16_datapath_unit.\barrel_shifter_unit.$eq$src/barrel_shifter.v:49$174_Y } = 6'100010
      Activation pattern for cell $flatten\arm16_datapath_unit.\barrel_shifter_unit.$shr$src/barrel_shifter.v:30$164: { \arm16_datapath_unit.ex_command [5] \arm16_datapath_unit.ex_immediate \arm16_datapath_unit.ex_memory } = 3'110
      Activation pattern for cell $flatten\arm16_datapath_unit.\barrel_shifter_unit.$shr$src/barrel_shifter.v:30$164: { \arm16_datapath_unit.alu_arith \arm16_datapath_unit.ex_command [2] \arm16_datapath_unit.ex_immediate \arm16_datapath_unit.ex_memory } = 4'1110
      Activation pattern for cell $flatten\arm16_datapath_unit.\barrel_shifter_unit.$shr$src/barrel_shifter.v:30$164: { \arm16_datapath_unit.alu_arith \arm16_datapath_unit.ex_command [7] \arm16_datapath_unit.ex_immediate \arm16_datapath_unit.ex_memory } = 4'1110
      Activation pattern for cell $flatten\arm16_datapath_unit.\barrel_shifter_unit.$shr$src/barrel_shifter.v:30$164: { \arm16_datapath_unit.alu_arith \arm16_datapath_unit.ex_command [3] \arm16_datapath_unit.ex_immediate \arm16_datapath_unit.ex_memory } = 4'1110
      Activation pattern for cell $flatten\arm16_datapath_unit.\barrel_shifter_unit.$shr$src/barrel_shifter.v:30$164: { \arm16_datapath_unit.alu_arith \arm16_datapath_unit.ex_command [8] \arm16_datapath_unit.ex_immediate \arm16_datapath_unit.ex_memory } = 4'1110
      Activation pattern for cell $flatten\arm16_datapath_unit.\barrel_shifter_unit.$shr$src/barrel_shifter.v:30$164: { \arm16_datapath_unit.ex_command [1] \arm16_datapath_unit.ex_immediate \arm16_datapath_unit.ex_memory } = 3'110
      Activation pattern for cell $flatten\arm16_datapath_unit.\barrel_shifter_unit.$shr$src/barrel_shifter.v:30$164: { \arm16_datapath_unit.ex_command [9] \arm16_datapath_unit.ex_immediate \arm16_datapath_unit.ex_memory } = 3'110
      Activation pattern for cell $flatten\arm16_datapath_unit.\barrel_shifter_unit.$shr$src/barrel_shifter.v:30$164: { \arm16_datapath_unit.ex_command [4] \arm16_datapath_unit.ex_immediate \arm16_datapath_unit.ex_memory } = 3'110
      Activation pattern for cell $flatten\arm16_datapath_unit.\barrel_shifter_unit.$shr$src/barrel_shifter.v:30$164: { \arm16_datapath_unit.ex_command [8] \arm16_datapath_unit.ex_immediate \arm16_datapath_unit.ex_memory } = 3'110
      Activation pattern for cell $flatten\arm16_datapath_unit.\barrel_shifter_unit.$shr$src/barrel_shifter.v:30$164: { \arm16_datapath_unit.ex_command [3] \arm16_datapath_unit.ex_immediate \arm16_datapath_unit.ex_memory } = 3'110
      Activation pattern for cell $flatten\arm16_datapath_unit.\barrel_shifter_unit.$shr$src/barrel_shifter.v:30$164: { \arm16_datapath_unit.ex_command [7] \arm16_datapath_unit.ex_immediate \arm16_datapath_unit.ex_memory } = 3'110
      Activation pattern for cell $flatten\arm16_datapath_unit.\barrel_shifter_unit.$shr$src/barrel_shifter.v:30$164: { \arm16_datapath_unit.ex_command [2] \arm16_datapath_unit.ex_immediate \arm16_datapath_unit.ex_memory } = 3'110
      Activation pattern for cell $flatten\arm16_datapath_unit.\barrel_shifter_unit.$shr$src/barrel_shifter.v:30$164: { \arm16_datapath_unit.ex_command [6] \arm16_datapath_unit.ex_immediate \arm16_datapath_unit.ex_memory } = 3'110
      According to the SAT solver this pair of cells can be shared. (Pattern only case)
      Simplified activation pattern for cell $auto$share.cc:663:make_supercell$2535: \arm16_datapath_unit.ex_immediate = 1'0
      Simplified activation pattern for cell $flatten\arm16_datapath_unit.\barrel_shifter_unit.$shr$src/barrel_shifter.v:30$164: \arm16_datapath_unit.ex_immediate = 1'1
      Activation signal for $auto$share.cc:663:make_supercell$2535: $auto$share.cc:1062:make_cell_activation_logic$2538
      New cell: $auto$share.cc:663:make_supercell$2545 ($shr)
  Analyzing resource sharing options for $auto$share.cc:663:make_supercell$2545 ($shr):
    Found 52 activation_patterns using ctrl signal { \arm16_datapath_unit.alu_arith \arm16_datapath_unit.ex_command [9:1] \arm16_datapath_unit.ex_immediate \arm16_datapath_unit.ex_memory \arm16_datapath_unit.ex_operand2 [11] $flatten\arm16_datapath_unit.\barrel_shifter_unit.$procmux$1220_CMP $flatten\arm16_datapath_unit.\barrel_shifter_unit.$procmux$1219_CMP $flatten\arm16_datapath_unit.\barrel_shifter_unit.$procmux$1218_CMP $flatten\arm16_datapath_unit.\barrel_shifter_unit.$eq$src/barrel_shifter.v:49$174_Y }.
    No candidates found.
  Analyzing resource sharing options for $flatten\arm16_datapath_unit.\barrel_shifter_unit.$shl$src/barrel_shifter.v:37$169 ($shl):
    Found 13 activation_patterns using ctrl signal { \arm16_datapath_unit.alu_arith \arm16_datapath_unit.ex_command [9:1] \arm16_datapath_unit.ex_immediate \arm16_datapath_unit.ex_memory \arm16_datapath_unit.ex_operand2 [11] $flatten\arm16_datapath_unit.\barrel_shifter_unit.$procmux$1218_CMP $flatten\arm16_datapath_unit.\barrel_shifter_unit.$eq$src/barrel_shifter.v:49$174_Y }.
    Found 1 candidates: $flatten\arm16_datapath_unit.\barrel_shifter_unit.$shl$src/barrel_shifter.v:34$166
    Analyzing resource sharing with $flatten\arm16_datapath_unit.\barrel_shifter_unit.$shl$src/barrel_shifter.v:34$166 ($shl):
      Found 13 activation_patterns using ctrl signal { \arm16_datapath_unit.alu_arith \arm16_datapath_unit.ex_command [9:1] \arm16_datapath_unit.ex_immediate \arm16_datapath_unit.ex_memory \arm16_datapath_unit.ex_operand2 [11] $flatten\arm16_datapath_unit.\barrel_shifter_unit.$procmux$1220_CMP }.
      Activation pattern for cell $flatten\arm16_datapath_unit.\barrel_shifter_unit.$shl$src/barrel_shifter.v:37$169: { \arm16_datapath_unit.ex_command [5] \arm16_datapath_unit.ex_immediate \arm16_datapath_unit.ex_memory \arm16_datapath_unit.ex_operand2 [11] $flatten\arm16_datapath_unit.\barrel_shifter_unit.$procmux$1218_CMP $flatten\arm16_datapath_unit.\barrel_shifter_unit.$eq$src/barrel_shifter.v:49$174_Y } = 6'100010
      Activation pattern for cell $flatten\arm16_datapath_unit.\barrel_shifter_unit.$shl$src/barrel_shifter.v:37$169: { \arm16_datapath_unit.alu_arith \arm16_datapath_unit.ex_command [2] \arm16_datapath_unit.ex_immediate \arm16_datapath_unit.ex_memory \arm16_datapath_unit.ex_operand2 [11] $flatten\arm16_datapath_unit.\barrel_shifter_unit.$procmux$1218_CMP $flatten\arm16_datapath_unit.\barrel_shifter_unit.$eq$src/barrel_shifter.v:49$174_Y } = 7'1100010
      Activation pattern for cell $flatten\arm16_datapath_unit.\barrel_shifter_unit.$shl$src/barrel_shifter.v:37$169: { \arm16_datapath_unit.alu_arith \arm16_datapath_unit.ex_command [7] \arm16_datapath_unit.ex_immediate \arm16_datapath_unit.ex_memory \arm16_datapath_unit.ex_operand2 [11] $flatten\arm16_datapath_unit.\barrel_shifter_unit.$procmux$1218_CMP $flatten\arm16_datapath_unit.\barrel_shifter_unit.$eq$src/barrel_shifter.v:49$174_Y } = 7'1100010
      Activation pattern for cell $flatten\arm16_datapath_unit.\barrel_shifter_unit.$shl$src/barrel_shifter.v:37$169: { \arm16_datapath_unit.alu_arith \arm16_datapath_unit.ex_command [3] \arm16_datapath_unit.ex_immediate \arm16_datapath_unit.ex_memory \arm16_datapath_unit.ex_operand2 [11] $flatten\arm16_datapath_unit.\barrel_shifter_unit.$procmux$1218_CMP $flatten\arm16_datapath_unit.\barrel_shifter_unit.$eq$src/barrel_shifter.v:49$174_Y } = 7'1100010
      Activation pattern for cell $flatten\arm16_datapath_unit.\barrel_shifter_unit.$shl$src/barrel_shifter.v:37$169: { \arm16_datapath_unit.alu_arith \arm16_datapath_unit.ex_command [8] \arm16_datapath_unit.ex_immediate \arm16_datapath_unit.ex_memory \arm16_datapath_unit.ex_operand2 [11] $flatten\arm16_datapath_unit.\barrel_shifter_unit.$procmux$1218_CMP $flatten\arm16_datapath_unit.\barrel_shifter_unit.$eq$src/barrel_shifter.v:49$174_Y } = 7'1100010
      Activation pattern for cell $flatten\arm16_datapath_unit.\barrel_shifter_unit.$shl$src/barrel_shifter.v:37$169: { \arm16_datapath_unit.ex_command [1] \arm16_datapath_unit.ex_immediate \arm16_datapath_unit.ex_memory \arm16_datapath_unit.ex_operand2 [11] $flatten\arm16_datapath_unit.\barrel_shifter_unit.$procmux$1218_CMP $flatten\arm16_datapath_unit.\barrel_shifter_unit.$eq$src/barrel_shifter.v:49$174_Y } = 6'100010
      Activation pattern for cell $flatten\arm16_datapath_unit.\barrel_shifter_unit.$shl$src/barrel_shifter.v:37$169: { \arm16_datapath_unit.ex_command [9] \arm16_datapath_unit.ex_immediate \arm16_datapath_unit.ex_memory \arm16_datapath_unit.ex_operand2 [11] $flatten\arm16_datapath_unit.\barrel_shifter_unit.$procmux$1218_CMP $flatten\arm16_datapath_unit.\barrel_shifter_unit.$eq$src/barrel_shifter.v:49$174_Y } = 6'100010
      Activation pattern for cell $flatten\arm16_datapath_unit.\barrel_shifter_unit.$shl$src/barrel_shifter.v:37$169: { \arm16_datapath_unit.ex_command [4] \arm16_datapath_unit.ex_immediate \arm16_datapath_unit.ex_memory \arm16_datapath_unit.ex_operand2 [11] $flatten\arm16_datapath_unit.\barrel_shifter_unit.$procmux$1218_CMP $flatten\arm16_datapath_unit.\barrel_shifter_unit.$eq$src/barrel_shifter.v:49$174_Y } = 6'100010
      Activation pattern for cell $flatten\arm16_datapath_unit.\barrel_shifter_unit.$shl$src/barrel_shifter.v:37$169: { \arm16_datapath_unit.ex_command [8] \arm16_datapath_unit.ex_immediate \arm16_datapath_unit.ex_memory \arm16_datapath_unit.ex_operand2 [11] $flatten\arm16_datapath_unit.\barrel_shifter_unit.$procmux$1218_CMP $flatten\arm16_datapath_unit.\barrel_shifter_unit.$eq$src/barrel_shifter.v:49$174_Y } = 6'100010
      Activation pattern for cell $flatten\arm16_datapath_unit.\barrel_shifter_unit.$shl$src/barrel_shifter.v:37$169: { \arm16_datapath_unit.ex_command [3] \arm16_datapath_unit.ex_immediate \arm16_datapath_unit.ex_memory \arm16_datapath_unit.ex_operand2 [11] $flatten\arm16_datapath_unit.\barrel_shifter_unit.$procmux$1218_CMP $flatten\arm16_datapath_unit.\barrel_shifter_unit.$eq$src/barrel_shifter.v:49$174_Y } = 6'100010
      Activation pattern for cell $flatten\arm16_datapath_unit.\barrel_shifter_unit.$shl$src/barrel_shifter.v:37$169: { \arm16_datapath_unit.ex_command [7] \arm16_datapath_unit.ex_immediate \arm16_datapath_unit.ex_memory \arm16_datapath_unit.ex_operand2 [11] $flatten\arm16_datapath_unit.\barrel_shifter_unit.$procmux$1218_CMP $flatten\arm16_datapath_unit.\barrel_shifter_unit.$eq$src/barrel_shifter.v:49$174_Y } = 6'100010
      Activation pattern for cell $flatten\arm16_datapath_unit.\barrel_shifter_unit.$shl$src/barrel_shifter.v:37$169: { \arm16_datapath_unit.ex_command [2] \arm16_datapath_unit.ex_immediate \arm16_datapath_unit.ex_memory \arm16_datapath_unit.ex_operand2 [11] $flatten\arm16_datapath_unit.\barrel_shifter_unit.$procmux$1218_CMP $flatten\arm16_datapath_unit.\barrel_shifter_unit.$eq$src/barrel_shifter.v:49$174_Y } = 6'100010
      Activation pattern for cell $flatten\arm16_datapath_unit.\barrel_shifter_unit.$shl$src/barrel_shifter.v:37$169: { \arm16_datapath_unit.ex_command [6] \arm16_datapath_unit.ex_immediate \arm16_datapath_unit.ex_memory \arm16_datapath_unit.ex_operand2 [11] $flatten\arm16_datapath_unit.\barrel_shifter_unit.$procmux$1218_CMP $flatten\arm16_datapath_unit.\barrel_shifter_unit.$eq$src/barrel_shifter.v:49$174_Y } = 6'100010
      Activation pattern for cell $flatten\arm16_datapath_unit.\barrel_shifter_unit.$shl$src/barrel_shifter.v:34$166: { \arm16_datapath_unit.ex_command [5] \arm16_datapath_unit.ex_immediate \arm16_datapath_unit.ex_memory \arm16_datapath_unit.ex_operand2 [11] $flatten\arm16_datapath_unit.\barrel_shifter_unit.$procmux$1220_CMP } = 5'10001
      Activation pattern for cell $flatten\arm16_datapath_unit.\barrel_shifter_unit.$shl$src/barrel_shifter.v:34$166: { \arm16_datapath_unit.alu_arith \arm16_datapath_unit.ex_command [2] \arm16_datapath_unit.ex_immediate \arm16_datapath_unit.ex_memory \arm16_datapath_unit.ex_operand2 [11] $flatten\arm16_datapath_unit.\barrel_shifter_unit.$procmux$1220_CMP } = 6'110001
      Activation pattern for cell $flatten\arm16_datapath_unit.\barrel_shifter_unit.$shl$src/barrel_shifter.v:34$166: { \arm16_datapath_unit.alu_arith \arm16_datapath_unit.ex_command [7] \arm16_datapath_unit.ex_immediate \arm16_datapath_unit.ex_memory \arm16_datapath_unit.ex_operand2 [11] $flatten\arm16_datapath_unit.\barrel_shifter_unit.$procmux$1220_CMP } = 6'110001
      Activation pattern for cell $flatten\arm16_datapath_unit.\barrel_shifter_unit.$shl$src/barrel_shifter.v:34$166: { \arm16_datapath_unit.alu_arith \arm16_datapath_unit.ex_command [3] \arm16_datapath_unit.ex_immediate \arm16_datapath_unit.ex_memory \arm16_datapath_unit.ex_operand2 [11] $flatten\arm16_datapath_unit.\barrel_shifter_unit.$procmux$1220_CMP } = 6'110001
      Activation pattern for cell $flatten\arm16_datapath_unit.\barrel_shifter_unit.$shl$src/barrel_shifter.v:34$166: { \arm16_datapath_unit.alu_arith \arm16_datapath_unit.ex_command [8] \arm16_datapath_unit.ex_immediate \arm16_datapath_unit.ex_memory \arm16_datapath_unit.ex_operand2 [11] $flatten\arm16_datapath_unit.\barrel_shifter_unit.$procmux$1220_CMP } = 6'110001
      Activation pattern for cell $flatten\arm16_datapath_unit.\barrel_shifter_unit.$shl$src/barrel_shifter.v:34$166: { \arm16_datapath_unit.ex_command [1] \arm16_datapath_unit.ex_immediate \arm16_datapath_unit.ex_memory \arm16_datapath_unit.ex_operand2 [11] $flatten\arm16_datapath_unit.\barrel_shifter_unit.$procmux$1220_CMP } = 5'10001
      Activation pattern for cell $flatten\arm16_datapath_unit.\barrel_shifter_unit.$shl$src/barrel_shifter.v:34$166: { \arm16_datapath_unit.ex_command [9] \arm16_datapath_unit.ex_immediate \arm16_datapath_unit.ex_memory \arm16_datapath_unit.ex_operand2 [11] $flatten\arm16_datapath_unit.\barrel_shifter_unit.$procmux$1220_CMP } = 5'10001
      Activation pattern for cell $flatten\arm16_datapath_unit.\barrel_shifter_unit.$shl$src/barrel_shifter.v:34$166: { \arm16_datapath_unit.ex_command [4] \arm16_datapath_unit.ex_immediate \arm16_datapath_unit.ex_memory \arm16_datapath_unit.ex_operand2 [11] $flatten\arm16_datapath_unit.\barrel_shifter_unit.$procmux$1220_CMP } = 5'10001
      Activation pattern for cell $flatten\arm16_datapath_unit.\barrel_shifter_unit.$shl$src/barrel_shifter.v:34$166: { \arm16_datapath_unit.ex_command [8] \arm16_datapath_unit.ex_immediate \arm16_datapath_unit.ex_memory \arm16_datapath_unit.ex_operand2 [11] $flatten\arm16_datapath_unit.\barrel_shifter_unit.$procmux$1220_CMP } = 5'10001
      Activation pattern for cell $flatten\arm16_datapath_unit.\barrel_shifter_unit.$shl$src/barrel_shifter.v:34$166: { \arm16_datapath_unit.ex_command [3] \arm16_datapath_unit.ex_immediate \arm16_datapath_unit.ex_memory \arm16_datapath_unit.ex_operand2 [11] $flatten\arm16_datapath_unit.\barrel_shifter_unit.$procmux$1220_CMP } = 5'10001
      Activation pattern for cell $flatten\arm16_datapath_unit.\barrel_shifter_unit.$shl$src/barrel_shifter.v:34$166: { \arm16_datapath_unit.ex_command [7] \arm16_datapath_unit.ex_immediate \arm16_datapath_unit.ex_memory \arm16_datapath_unit.ex_operand2 [11] $flatten\arm16_datapath_unit.\barrel_shifter_unit.$procmux$1220_CMP } = 5'10001
      Activation pattern for cell $flatten\arm16_datapath_unit.\barrel_shifter_unit.$shl$src/barrel_shifter.v:34$166: { \arm16_datapath_unit.ex_command [2] \arm16_datapath_unit.ex_immediate \arm16_datapath_unit.ex_memory \arm16_datapath_unit.ex_operand2 [11] $flatten\arm16_datapath_unit.\barrel_shifter_unit.$procmux$1220_CMP } = 5'10001
      Activation pattern for cell $flatten\arm16_datapath_unit.\barrel_shifter_unit.$shl$src/barrel_shifter.v:34$166: { \arm16_datapath_unit.ex_command [6] \arm16_datapath_unit.ex_immediate \arm16_datapath_unit.ex_memory \arm16_datapath_unit.ex_operand2 [11] $flatten\arm16_datapath_unit.\barrel_shifter_unit.$procmux$1220_CMP } = 5'10001
      Size of SAT problem: 5 cells, 124 variables, 556 clauses
      According to the SAT solver this pair of cells can be shared.
      Activation signal for $flatten\arm16_datapath_unit.\barrel_shifter_unit.$shl$src/barrel_shifter.v:34$166: $auto$share.cc:1072:make_cell_activation_logic$2562
      New cell: $auto$share.cc:663:make_supercell$2569 ($shl)
  Analyzing resource sharing options for $auto$share.cc:663:make_supercell$2569 ($shl):
    Found 26 activation_patterns using ctrl signal { \arm16_datapath_unit.alu_arith \arm16_datapath_unit.ex_command [9:1] \arm16_datapath_unit.ex_immediate \arm16_datapath_unit.ex_memory \arm16_datapath_unit.ex_operand2 [11] $flatten\arm16_datapath_unit.\barrel_shifter_unit.$procmux$1220_CMP $flatten\arm16_datapath_unit.\barrel_shifter_unit.$procmux$1218_CMP $flatten\arm16_datapath_unit.\barrel_shifter_unit.$eq$src/barrel_shifter.v:49$174_Y }.
    No candidates found.
  Analyzing resource sharing options for $flatten\arm16_datapath_unit.\register_file_unit.$memrd$\regs$src/register_file.v:18$380 ($memrd):
    Found 1 activation_patterns using ctrl signal $flatten\arm16_datapath_unit.$eq$src/arm16_datapath.v:194$84_Y.
    Found 1 candidates: $flatten\arm16_datapath_unit.\register_file_unit.$memrd$\regs$src/register_file.v:17$379
    Analyzing resource sharing with $flatten\arm16_datapath_unit.\register_file_unit.$memrd$\regs$src/register_file.v:17$379 ($memrd):
      Found 1 activation_patterns using ctrl signal $flatten\arm16_datapath_unit.$eq$src/arm16_datapath.v:193$82_Y.
      Activation pattern for cell $flatten\arm16_datapath_unit.\register_file_unit.$memrd$\regs$src/register_file.v:18$380: $flatten\arm16_datapath_unit.$eq$src/arm16_datapath.v:194$84_Y = 1'0
      Activation pattern for cell $flatten\arm16_datapath_unit.\register_file_unit.$memrd$\regs$src/register_file.v:17$379: $flatten\arm16_datapath_unit.$eq$src/arm16_datapath.v:193$82_Y = 1'0
      Size of SAT problem: 23 cells, 218 variables, 536 clauses
      According to the SAT solver this pair of cells can not be shared.
      Model from SAT solver: { $flatten\arm16_datapath_unit.$eq$src/arm16_datapath.v:193$82_Y $flatten\arm16_datapath_unit.$eq$src/arm16_datapath.v:194$84_Y } = 2'00
  Analyzing resource sharing options for $flatten\arm16_datapath_unit.\register_file_unit.$memrd$\regs$src/register_file.v:17$379 ($memrd):
    Found 1 activation_patterns using ctrl signal $flatten\arm16_datapath_unit.$eq$src/arm16_datapath.v:193$82_Y.
    No candidates found.
Removing 6 cells in module tt_um_moein_maleki_arm16:
  Removing cell $flatten\arm16_datapath_unit.\barrel_shifter_unit.$shl$src/barrel_shifter.v:34$166 ($shl).
  Removing cell $flatten\arm16_datapath_unit.\barrel_shifter_unit.$shl$src/barrel_shifter.v:37$169 ($shl).
  Removing cell $flatten\arm16_datapath_unit.\barrel_shifter_unit.$shr$src/barrel_shifter.v:30$164 ($shr).
  Removing cell $auto$share.cc:663:make_supercell$2535 ($shr).
  Removing cell $flatten\arm16_datapath_unit.\barrel_shifter_unit.$shr$src/barrel_shifter.v:35$167 ($shr).
  Removing cell $flatten\arm16_datapath_unit.\barrel_shifter_unit.$shr$src/barrel_shifter.v:32$165 ($shr).

15.16. Executing OPT pass (performing simple optimizations).

15.16.1. Executing OPT_EXPR pass (perform const folding).
Optimizing module tt_um_moein_maleki_arm16.
<suppressed ~9 debug messages>

15.16.2. Executing OPT_MERGE pass (detect identical cells).
Finding identical cells in module `\tt_um_moein_maleki_arm16'.
Computing hashes of 778 cells of `\tt_um_moein_maleki_arm16'.
Finding duplicate cells in `\tt_um_moein_maleki_arm16'.
Computing hashes of 775 cells of `\tt_um_moein_maleki_arm16'.
Finding duplicate cells in `\tt_um_moein_maleki_arm16'.
<suppressed ~9 debug messages>
Removed a total of 3 cells.

15.16.3. Executing OPT_MUXTREE pass (detect dead branches in mux trees).
Running muxtree optimizer on module \tt_um_moein_maleki_arm16..
  Creating internal representation of mux trees.
  Evaluating internal representation of mux trees.
  Analyzing evaluation results.
Removed 0 multiplexer ports.
<suppressed ~265 debug messages>

15.16.4. Executing OPT_REDUCE pass (consolidate $*mux and $reduce_* inputs).
  Optimizing cells in module \tt_um_moein_maleki_arm16.
    New input vector for $reduce_or cell $auto$opt_dff.cc:362:combine_resets$2171: { \reset_synchronizer_unit.sync_second $auto$rtlil.cc:3270:ReduceAnd$2419 $auto$rtlil.cc:3267:Not$2423 }
  Optimizing cells in module \tt_um_moein_maleki_arm16.
Performed a total of 1 changes.

15.16.5. Executing OPT_MERGE pass (detect identical cells).
Finding identical cells in module `\tt_um_moein_maleki_arm16'.
Computing hashes of 775 cells of `\tt_um_moein_maleki_arm16'.
Finding duplicate cells in `\tt_um_moein_maleki_arm16'.
Removed a total of 0 cells.

15.16.6. Executing OPT_DFF pass (perform DFF optimizations).

15.16.7. Executing OPT_CLEAN pass (remove unused cells and wires).
Finding unused cells or wires in module \tt_um_moein_maleki_arm16..
Removed 4 unused cells and 28 unused wires.
<suppressed ~9 debug messages>

15.16.8. Executing OPT_EXPR pass (perform const folding).
Optimizing module tt_um_moein_maleki_arm16.

15.16.9. Rerunning OPT passes. (Maybe there is more to do..)

15.16.10. Executing OPT_MUXTREE pass (detect dead branches in mux trees).
Running muxtree optimizer on module \tt_um_moein_maleki_arm16..
  Creating internal representation of mux trees.
  Evaluating internal representation of mux trees.
  Analyzing evaluation results.
Removed 0 multiplexer ports.
<suppressed ~265 debug messages>

15.16.11. Executing OPT_REDUCE pass (consolidate $*mux and $reduce_* inputs).
  Optimizing cells in module \tt_um_moein_maleki_arm16.
Performed a total of 0 changes.

15.16.12. Executing OPT_MERGE pass (detect identical cells).
Finding identical cells in module `\tt_um_moein_maleki_arm16'.
Computing hashes of 768 cells of `\tt_um_moein_maleki_arm16'.
Finding duplicate cells in `\tt_um_moein_maleki_arm16'.
Removed a total of 0 cells.

15.16.13. Executing OPT_DFF pass (perform DFF optimizations).

15.16.14. Executing OPT_CLEAN pass (remove unused cells and wires).
Finding unused cells or wires in module \tt_um_moein_maleki_arm16..

15.16.15. Executing OPT_EXPR pass (perform const folding).
Optimizing module tt_um_moein_maleki_arm16.

15.16.16. Finished fast OPT passes. (There is nothing left to do.)

15.17. Executing MEMORY pass.

15.17.1. Executing OPT_MEM pass (optimize memories).
tt_um_moein_maleki_arm16.$flatten\arm16_datapath_unit.\demo_rom_unit.$auto$proc_rom.cc:155:do_switch$445: removing const-0 lane 28
Performed a total of 1 transformations.

15.17.2. Executing OPT_MEM_PRIORITY pass (removing unnecessary memory write priority relations).
Performed a total of 0 transformations.

15.17.3. Executing OPT_MEM_FEEDBACK pass (finding memory read-to-write feedback paths).
  Analyzing tt_um_moein_maleki_arm16.arm16_datapath_unit.register_file_unit.regs write port 0.

15.17.4. Executing MEMORY_BMUX2ROM pass (converting muxes to ROMs).

15.17.5. Executing MEMORY_DFF pass (merging $dff cells to $memrd).
Checking read port `$flatten\arm16_datapath_unit.\demo_rom_unit.$auto$proc_rom.cc:155:do_switch$445'[0] in module `\tt_um_moein_maleki_arm16': no output FF found.
Checking read port `\arm16_datapath_unit.register_file_unit.regs'[0] in module `\tt_um_moein_maleki_arm16': FF found, but with a mux select that doesn't seem to correspond to transparency logic.
Checking read port `\arm16_datapath_unit.register_file_unit.regs'[1] in module `\tt_um_moein_maleki_arm16': FF found, but with a mux select that doesn't seem to correspond to transparency logic.
Checking read port `$flatten\arm16_datapath_unit.\vga_renderer_unit.$auto$proc_rom.cc:155:do_switch$441'[0] in module `\tt_um_moein_maleki_arm16': no output FF found.
Checking read port address `$flatten\arm16_datapath_unit.\demo_rom_unit.$auto$proc_rom.cc:155:do_switch$445'[0] in module `\tt_um_moein_maleki_arm16': merged address FF to cell.
Checking read port address `\arm16_datapath_unit.register_file_unit.regs'[0] in module `\tt_um_moein_maleki_arm16': no address FF found.
Checking read port address `\arm16_datapath_unit.register_file_unit.regs'[1] in module `\tt_um_moein_maleki_arm16': address FF clock is not compatible with write clock.
Checking read port address `$flatten\arm16_datapath_unit.\vga_renderer_unit.$auto$proc_rom.cc:155:do_switch$441'[0] in module `\tt_um_moein_maleki_arm16': no address FF found.

15.17.6. Executing OPT_CLEAN pass (remove unused cells and wires).
Finding unused cells or wires in module \tt_um_moein_maleki_arm16..

15.17.7. Executing MEMORY_SHARE pass (consolidating $memrd/$memwr cells).
Consolidating read ports of memory tt_um_moein_maleki_arm16.arm16_datapath_unit.register_file_unit.regs by address:

15.17.8. Executing OPT_MEM_WIDEN pass (optimize memories where all ports are wide).
Performed a total of 0 transformations.

15.17.9. Executing OPT_CLEAN pass (remove unused cells and wires).
Finding unused cells or wires in module \tt_um_moein_maleki_arm16..

15.17.10. Executing MEMORY_COLLECT pass (generating $mem cells).

15.18. Executing OPT_CLEAN pass (remove unused cells and wires).
Finding unused cells or wires in module \tt_um_moein_maleki_arm16..

15.19. Executing OPT pass (performing simple optimizations).

15.19.1. Executing OPT_EXPR pass (perform const folding).
Optimizing module tt_um_moein_maleki_arm16.
<suppressed ~138 debug messages>

15.19.2. Executing OPT_MERGE pass (detect identical cells).
Finding identical cells in module `\tt_um_moein_maleki_arm16'.
Computing hashes of 793 cells of `\tt_um_moein_maleki_arm16'.
Finding duplicate cells in `\tt_um_moein_maleki_arm16'.
Computing hashes of 740 cells of `\tt_um_moein_maleki_arm16'.
Finding duplicate cells in `\tt_um_moein_maleki_arm16'.
<suppressed ~159 debug messages>
Removed a total of 53 cells.

15.19.3. Executing OPT_DFF pass (perform DFF optimizations).
Adding EN signal on $auto$ff.cc:337:slice$2295 ($sdffe) from module tt_um_moein_maleki_arm16 (D = $flatten\arm16_datapath_unit.$procmux$1497_Y [1:0], Q = \arm16_datapath_unit.fetch_addr [1:0]).

15.19.4. Executing OPT_CLEAN pass (remove unused cells and wires).
Finding unused cells or wires in module \tt_um_moein_maleki_arm16..
Removed 2 unused cells and 117 unused wires.
<suppressed ~3 debug messages>

15.19.5. Rerunning OPT passes. (Removed registers in this run.)

15.19.6. Executing OPT_EXPR pass (perform const folding).
Optimizing module tt_um_moein_maleki_arm16.
<suppressed ~2 debug messages>

15.19.7. Executing OPT_MERGE pass (detect identical cells).
Finding identical cells in module `\tt_um_moein_maleki_arm16'.
Computing hashes of 739 cells of `\tt_um_moein_maleki_arm16'.
Finding duplicate cells in `\tt_um_moein_maleki_arm16'.
Removed a total of 0 cells.

15.19.8. Executing OPT_DFF pass (perform DFF optimizations).

15.19.9. Executing OPT_CLEAN pass (remove unused cells and wires).
Finding unused cells or wires in module \tt_um_moein_maleki_arm16..
Removed 0 unused cells and 2 unused wires.
<suppressed ~1 debug messages>

15.19.10. Finished fast OPT passes.

15.20. Executing MEMORY_MAP pass (converting memories to logic and flip-flops).
Mapping memory \arm16_datapath_unit.register_file_unit.regs in module \tt_um_moein_maleki_arm16:
  created 15 $dff cells and 0 static cells of width 16.
  read interface: 0 $dff and 30 $mux cells.
  write interface: 15 write mux blocks.
Mapping memory $flatten\arm16_datapath_unit.\demo_rom_unit.$auto$proc_rom.cc:155:do_switch$445 in module \tt_um_moein_maleki_arm16:
  created 16 $dff cells and 0 static cells of width 31.
Extracted data FF from read port 0 of tt_um_moein_maleki_arm16.$flatten\arm16_datapath_unit.\demo_rom_unit.$auto$proc_rom.cc:155:do_switch$445: $$flatten\arm16_datapath_unit.\demo_rom_unit.$auto$proc_rom.cc:155:do_switch$445$rdreg[0]
  read interface: 1 $dff and 15 $mux cells.
  write interface: 0 write mux blocks.
Mapping memory $flatten\arm16_datapath_unit.\vga_renderer_unit.$auto$proc_rom.cc:155:do_switch$441 in module \tt_um_moein_maleki_arm16:
  created 16 $dff cells and 0 static cells of width 7.
  read interface: 0 $dff and 15 $mux cells.
  write interface: 0 write mux blocks.

15.21. Executing OPT pass (performing simple optimizations).

15.21.1. Executing OPT_EXPR pass (perform const folding).
Optimizing module tt_um_moein_maleki_arm16.
<suppressed ~40 debug messages>

15.21.2. Executing OPT_MERGE pass (detect identical cells).
Finding identical cells in module `\tt_um_moein_maleki_arm16'.
Computing hashes of 869 cells of `\tt_um_moein_maleki_arm16'.
Finding duplicate cells in `\tt_um_moein_maleki_arm16'.
Removed a total of 0 cells.

15.21.3. Executing OPT_MUXTREE pass (detect dead branches in mux trees).
Running muxtree optimizer on module \tt_um_moein_maleki_arm16..
  Creating internal representation of mux trees.
  Evaluating internal representation of mux trees.
  Analyzing evaluation results.
Removed 0 multiplexer ports.
<suppressed ~278 debug messages>

15.21.4. Executing OPT_REDUCE pass (consolidate $*mux and $reduce_* inputs).
  Optimizing cells in module \tt_um_moein_maleki_arm16.
    Consolidated identical input bits for $mux cell $memory$flatten\arm16_datapath_unit.\vga_renderer_unit.$auto$proc_rom.cc:155:do_switch$441$rdmux[0][3][2]$3048:
      Old ports: A=7'1100110, B=7'1101101, Y=$memory$flatten\arm16_datapath_unit.\vga_renderer_unit.$auto$proc_rom.cc:155:do_switch$441$rdmux[0][2][1]$a$3034
      New ports: A=2'10, B=2'01, Y=$memory$flatten\arm16_datapath_unit.\vga_renderer_unit.$auto$proc_rom.cc:155:do_switch$441$rdmux[0][2][1]$a$3034 [1:0]
      New connections: $memory$flatten\arm16_datapath_unit.\vga_renderer_unit.$auto$proc_rom.cc:155:do_switch$441$rdmux[0][2][1]$a$3034 [6:2] = { 3'110 $memory$flatten\arm16_datapath_unit.\vga_renderer_unit.$auto$proc_rom.cc:155:do_switch$441$rdmux[0][2][1]$a$3034 [0] 1'1 }
    Consolidated identical input bits for $mux cell $memory$flatten\arm16_datapath_unit.\vga_renderer_unit.$auto$proc_rom.cc:155:do_switch$441$rdmux[0][3][1]$3045:
      Old ports: A=7'1011011, B=7'1001111, Y=$memory$flatten\arm16_datapath_unit.\vga_renderer_unit.$auto$proc_rom.cc:155:do_switch$441$rdmux[0][2][0]$b$3032
      New ports: A=2'10, B=2'01, Y={ $memory$flatten\arm16_datapath_unit.\vga_renderer_unit.$auto$proc_rom.cc:155:do_switch$441$rdmux[0][2][0]$b$3032 [4] $memory$flatten\arm16_datapath_unit.\vga_renderer_unit.$auto$proc_rom.cc:155:do_switch$441$rdmux[0][2][0]$b$3032 [2] }
      New connections: { $memory$flatten\arm16_datapath_unit.\vga_renderer_unit.$auto$proc_rom.cc:155:do_switch$441$rdmux[0][2][0]$b$3032 [6:5] $memory$flatten\arm16_datapath_unit.\vga_renderer_unit.$auto$proc_rom.cc:155:do_switch$441$rdmux[0][2][0]$b$3032 [3] $memory$flatten\arm16_datapath_unit.\vga_renderer_unit.$auto$proc_rom.cc:155:do_switch$441$rdmux[0][2][0]$b$3032 [1:0] } = 5'10111
    Consolidated identical input bits for $mux cell $memory$flatten\arm16_datapath_unit.\vga_renderer_unit.$auto$proc_rom.cc:155:do_switch$441$rdmux[0][3][0]$3042:
      Old ports: A=7'0111111, B=7'0000110, Y=$memory$flatten\arm16_datapath_unit.\vga_renderer_unit.$auto$proc_rom.cc:155:do_switch$441$rdmux[0][2][0]$a$3031
      New ports: A=1'1, B=1'0, Y=$memory$flatten\arm16_datapath_unit.\vga_renderer_unit.$auto$proc_rom.cc:155:do_switch$441$rdmux[0][2][0]$a$3031 [0]
      New connections: $memory$flatten\arm16_datapath_unit.\vga_renderer_unit.$auto$proc_rom.cc:155:do_switch$441$rdmux[0][2][0]$a$3031 [6:1] = { 1'0 $memory$flatten\arm16_datapath_unit.\vga_renderer_unit.$auto$proc_rom.cc:155:do_switch$441$rdmux[0][2][0]$a$3031 [0] $memory$flatten\arm16_datapath_unit.\vga_renderer_unit.$auto$proc_rom.cc:155:do_switch$441$rdmux[0][2][0]$a$3031 [0] $memory$flatten\arm16_datapath_unit.\vga_renderer_unit.$auto$proc_rom.cc:155:do_switch$441$rdmux[0][2][0]$a$3031 [0] 2'11 }
    Consolidated identical input bits for $mux cell $memory$flatten\arm16_datapath_unit.\demo_rom_unit.$auto$proc_rom.cc:155:do_switch$445$rdmux[0][3][6]$3015:
      Old ports: A=31'0000010100010101010000000000001, B=31'1110101100000011010000000000000, Y=$memory$flatten\arm16_datapath_unit.\demo_rom_unit.$auto$proc_rom.cc:155:do_switch$445$rdmux[0][2][3]$a$2995
      New ports: A=2'01, B=2'10, Y={ $memory$flatten\arm16_datapath_unit.\demo_rom_unit.$auto$proc_rom.cc:155:do_switch$445$rdmux[0][2][3]$a$2995 [16] $memory$flatten\arm16_datapath_unit.\demo_rom_unit.$auto$proc_rom.cc:155:do_switch$445$rdmux[0][2][3]$a$2995 [0] }
      New connections: { $memory$flatten\arm16_datapath_unit.\demo_rom_unit.$auto$proc_rom.cc:155:do_switch$445$rdmux[0][2][3]$a$2995 [30:17] $memory$flatten\arm16_datapath_unit.\demo_rom_unit.$auto$proc_rom.cc:155:do_switch$445$rdmux[0][2][3]$a$2995 [15:1] } = { $memory$flatten\arm16_datapath_unit.\demo_rom_unit.$auto$proc_rom.cc:155:do_switch$445$rdmux[0][2][3]$a$2995 [16] $memory$flatten\arm16_datapath_unit.\demo_rom_unit.$auto$proc_rom.cc:155:do_switch$445$rdmux[0][2][3]$a$2995 [16] $memory$flatten\arm16_datapath_unit.\demo_rom_unit.$auto$proc_rom.cc:155:do_switch$445$rdmux[0][2][3]$a$2995 [16] 1'0 $memory$flatten\arm16_datapath_unit.\demo_rom_unit.$auto$proc_rom.cc:155:do_switch$445$rdmux[0][2][3]$a$2995 [16] $memory$flatten\arm16_datapath_unit.\demo_rom_unit.$auto$proc_rom.cc:155:do_switch$445$rdmux[0][2][3]$a$2995 [0] $memory$flatten\arm16_datapath_unit.\demo_rom_unit.$auto$proc_rom.cc:155:do_switch$445$rdmux[0][2][3]$a$2995 [16] 4'1000 $memory$flatten\arm16_datapath_unit.\demo_rom_unit.$auto$proc_rom.cc:155:do_switch$445$rdmux[0][2][3]$a$2995 [0] 1'0 $memory$flatten\arm16_datapath_unit.\demo_rom_unit.$auto$proc_rom.cc:155:do_switch$445$rdmux[0][2][3]$a$2995 [0] 15'101000000000000 }
    Consolidated identical input bits for $mux cell $memory$flatten\arm16_datapath_unit.\demo_rom_unit.$auto$proc_rom.cc:155:do_switch$445$rdmux[0][3][5]$3012:
      Old ports: A=31'1110010010010000000000000000110, B=31'1110011010100000000000000000000, Y=$memory$flatten\arm16_datapath_unit.\demo_rom_unit.$auto$proc_rom.cc:155:do_switch$445$rdmux[0][2][2]$b$2993
      New ports: A=2'01, B=2'10, Y={ $memory$flatten\arm16_datapath_unit.\demo_rom_unit.$auto$proc_rom.cc:155:do_switch$445$rdmux[0][2][2]$b$2993 [20] $memory$flatten\arm16_datapath_unit.\demo_rom_unit.$auto$proc_rom.cc:155:do_switch$445$rdmux[0][2][2]$b$2993 [1] }
      New connections: { $memory$flatten\arm16_datapath_unit.\demo_rom_unit.$auto$proc_rom.cc:155:do_switch$445$rdmux[0][2][2]$b$2993 [30:21] $memory$flatten\arm16_datapath_unit.\demo_rom_unit.$auto$proc_rom.cc:155:do_switch$445$rdmux[0][2][2]$b$2993 [19:2] $memory$flatten\arm16_datapath_unit.\demo_rom_unit.$auto$proc_rom.cc:155:do_switch$445$rdmux[0][2][2]$b$2993 [0] } = { 6'111001 $memory$flatten\arm16_datapath_unit.\demo_rom_unit.$auto$proc_rom.cc:155:do_switch$445$rdmux[0][2][2]$b$2993 [20] 3'010 $memory$flatten\arm16_datapath_unit.\demo_rom_unit.$auto$proc_rom.cc:155:do_switch$445$rdmux[0][2][2]$b$2993 [1] 16'0000000000000000 $memory$flatten\arm16_datapath_unit.\demo_rom_unit.$auto$proc_rom.cc:155:do_switch$445$rdmux[0][2][2]$b$2993 [1] 1'0 }
    Consolidated identical input bits for $mux cell $memory$flatten\arm16_datapath_unit.\demo_rom_unit.$auto$proc_rom.cc:155:do_switch$445$rdmux[0][3][4]$3009:
      Old ports: A=31'1110010100001100111000000000001, B=31'1110010100001111000000000000001, Y=$memory$flatten\arm16_datapath_unit.\demo_rom_unit.$auto$proc_rom.cc:155:do_switch$445$rdmux[0][2][2]$a$2992
      New ports: A=2'01, B=2'10, Y={ $memory$flatten\arm16_datapath_unit.\demo_rom_unit.$auto$proc_rom.cc:155:do_switch$445$rdmux[0][2][2]$a$2992 [15] $memory$flatten\arm16_datapath_unit.\demo_rom_unit.$auto$proc_rom.cc:155:do_switch$445$rdmux[0][2][2]$a$2992 [12] }
      New connections: { $memory$flatten\arm16_datapath_unit.\demo_rom_unit.$auto$proc_rom.cc:155:do_switch$445$rdmux[0][2][2]$a$2992 [30:16] $memory$flatten\arm16_datapath_unit.\demo_rom_unit.$auto$proc_rom.cc:155:do_switch$445$rdmux[0][2][2]$a$2992 [14:13] $memory$flatten\arm16_datapath_unit.\demo_rom_unit.$auto$proc_rom.cc:155:do_switch$445$rdmux[0][2][2]$a$2992 [11:0] } = { 14'11100101000011 $memory$flatten\arm16_datapath_unit.\demo_rom_unit.$auto$proc_rom.cc:155:do_switch$445$rdmux[0][2][2]$a$2992 [15] $memory$flatten\arm16_datapath_unit.\demo_rom_unit.$auto$proc_rom.cc:155:do_switch$445$rdmux[0][2][2]$a$2992 [12] $memory$flatten\arm16_datapath_unit.\demo_rom_unit.$auto$proc_rom.cc:155:do_switch$445$rdmux[0][2][2]$a$2992 [12] 12'000000000001 }
    Consolidated identical input bits for $mux cell $memory$flatten\arm16_datapath_unit.\demo_rom_unit.$auto$proc_rom.cc:155:do_switch$445$rdmux[0][3][3]$3006:
      Old ports: A=31'1110010100001000101000000000001, B=31'1110010100001010110000000000001, Y=$memory$flatten\arm16_datapath_unit.\demo_rom_unit.$auto$proc_rom.cc:155:do_switch$445$rdmux[0][2][1]$b$2990
      New ports: A=2'01, B=2'10, Y=$memory$flatten\arm16_datapath_unit.\demo_rom_unit.$auto$proc_rom.cc:155:do_switch$445$rdmux[0][2][1]$b$2990 [13:12]
      New connections: { $memory$flatten\arm16_datapath_unit.\demo_rom_unit.$auto$proc_rom.cc:155:do_switch$445$rdmux[0][2][1]$b$2990 [30:14] $memory$flatten\arm16_datapath_unit.\demo_rom_unit.$auto$proc_rom.cc:155:do_switch$445$rdmux[0][2][1]$b$2990 [11:0] } = { 14'11100101000010 $memory$flatten\arm16_datapath_unit.\demo_rom_unit.$auto$proc_rom.cc:155:do_switch$445$rdmux[0][2][1]$b$2990 [13] 14'01000000000001 }
    Consolidated identical input bits for $mux cell $memory$flatten\arm16_datapath_unit.\demo_rom_unit.$auto$proc_rom.cc:155:do_switch$445$rdmux[0][3][2]$3003:
      Old ports: A=31'1110010100000100011000000000001, B=31'1110010100000110100000000000001, Y=$memory$flatten\arm16_datapath_unit.\demo_rom_unit.$auto$proc_rom.cc:155:do_switch$445$rdmux[0][2][1]$a$2989
      New ports: A=2'01, B=2'10, Y={ $memory$flatten\arm16_datapath_unit.\demo_rom_unit.$auto$proc_rom.cc:155:do_switch$445$rdmux[0][2][1]$a$2989 [14] $memory$flatten\arm16_datapath_unit.\demo_rom_unit.$auto$proc_rom.cc:155:do_switch$445$rdmux[0][2][1]$a$2989 [12] }
      New connections: { $memory$flatten\arm16_datapath_unit.\demo_rom_unit.$auto$proc_rom.cc:155:do_switch$445$rdmux[0][2][1]$a$2989 [30:15] $memory$flatten\arm16_datapath_unit.\demo_rom_unit.$auto$proc_rom.cc:155:do_switch$445$rdmux[0][2][1]$a$2989 [13] $memory$flatten\arm16_datapath_unit.\demo_rom_unit.$auto$proc_rom.cc:155:do_switch$445$rdmux[0][2][1]$a$2989 [11:0] } = { 14'11100101000001 $memory$flatten\arm16_datapath_unit.\demo_rom_unit.$auto$proc_rom.cc:155:do_switch$445$rdmux[0][2][1]$a$2989 [14] 1'0 $memory$flatten\arm16_datapath_unit.\demo_rom_unit.$auto$proc_rom.cc:155:do_switch$445$rdmux[0][2][1]$a$2989 [12] 12'000000000001 }
    Consolidated identical input bits for $mux cell $memory$flatten\arm16_datapath_unit.\demo_rom_unit.$auto$proc_rom.cc:155:do_switch$445$rdmux[0][3][1]$3000:
      Old ports: A=31'1110011101000000001110011111111, B=31'1110010100000000010000000000001, Y=$memory$flatten\arm16_datapath_unit.\demo_rom_unit.$auto$proc_rom.cc:155:do_switch$445$rdmux[0][2][0]$b$2987
      New ports: A=2'01, B=2'10, Y={ $memory$flatten\arm16_datapath_unit.\demo_rom_unit.$auto$proc_rom.cc:155:do_switch$445$rdmux[0][2][0]$b$2987 [13] $memory$flatten\arm16_datapath_unit.\demo_rom_unit.$auto$proc_rom.cc:155:do_switch$445$rdmux[0][2][0]$b$2987 [1] }
      New connections: { $memory$flatten\arm16_datapath_unit.\demo_rom_unit.$auto$proc_rom.cc:155:do_switch$445$rdmux[0][2][0]$b$2987 [30:14] $memory$flatten\arm16_datapath_unit.\demo_rom_unit.$auto$proc_rom.cc:155:do_switch$445$rdmux[0][2][0]$b$2987 [12:2] $memory$flatten\arm16_datapath_unit.\demo_rom_unit.$auto$proc_rom.cc:155:do_switch$445$rdmux[0][2][0]$b$2987 [0] } = { 6'111001 $memory$flatten\arm16_datapath_unit.\demo_rom_unit.$auto$proc_rom.cc:155:do_switch$445$rdmux[0][2][0]$b$2987 [1] 2'10 $memory$flatten\arm16_datapath_unit.\demo_rom_unit.$auto$proc_rom.cc:155:do_switch$445$rdmux[0][2][0]$b$2987 [1] 7'0000000 $memory$flatten\arm16_datapath_unit.\demo_rom_unit.$auto$proc_rom.cc:155:do_switch$445$rdmux[0][2][0]$b$2987 [1] $memory$flatten\arm16_datapath_unit.\demo_rom_unit.$auto$proc_rom.cc:155:do_switch$445$rdmux[0][2][0]$b$2987 [1] $memory$flatten\arm16_datapath_unit.\demo_rom_unit.$auto$proc_rom.cc:155:do_switch$445$rdmux[0][2][0]$b$2987 [1] 2'00 $memory$flatten\arm16_datapath_unit.\demo_rom_unit.$auto$proc_rom.cc:155:do_switch$445$rdmux[0][2][0]$b$2987 [1] $memory$flatten\arm16_datapath_unit.\demo_rom_unit.$auto$proc_rom.cc:155:do_switch$445$rdmux[0][2][0]$b$2987 [1] $memory$flatten\arm16_datapath_unit.\demo_rom_unit.$auto$proc_rom.cc:155:do_switch$445$rdmux[0][2][0]$b$2987 [1] $memory$flatten\arm16_datapath_unit.\demo_rom_unit.$auto$proc_rom.cc:155:do_switch$445$rdmux[0][2][0]$b$2987 [1] $memory$flatten\arm16_datapath_unit.\demo_rom_unit.$auto$proc_rom.cc:155:do_switch$445$rdmux[0][2][0]$b$2987 [1] $memory$flatten\arm16_datapath_unit.\demo_rom_unit.$auto$proc_rom.cc:155:do_switch$445$rdmux[0][2][0]$b$2987 [1] 1'1 }
    Consolidated identical input bits for $mux cell $memory$flatten\arm16_datapath_unit.\demo_rom_unit.$auto$proc_rom.cc:155:do_switch$445$rdmux[0][3][0]$2997:
      Old ports: A=31'1110011101000000000000000000000, B=31'1110011101000001010000000000000, Y=$memory$flatten\arm16_datapath_unit.\demo_rom_unit.$auto$proc_rom.cc:155:do_switch$445$rdmux[0][2][0]$a$2986
      New ports: A=1'0, B=1'1, Y=$memory$flatten\arm16_datapath_unit.\demo_rom_unit.$auto$proc_rom.cc:155:do_switch$445$rdmux[0][2][0]$a$2986 [13]
      New connections: { $memory$flatten\arm16_datapath_unit.\demo_rom_unit.$auto$proc_rom.cc:155:do_switch$445$rdmux[0][2][0]$a$2986 [30:14] $memory$flatten\arm16_datapath_unit.\demo_rom_unit.$auto$proc_rom.cc:155:do_switch$445$rdmux[0][2][0]$a$2986 [12:0] } = { 15'111001110100000 $memory$flatten\arm16_datapath_unit.\demo_rom_unit.$auto$proc_rom.cc:155:do_switch$445$rdmux[0][2][0]$a$2986 [13] 14'00000000000000 }
    Consolidated identical input bits for $mux cell $memory$flatten\arm16_datapath_unit.\vga_renderer_unit.$auto$proc_rom.cc:155:do_switch$441$rdmux[0][3][6]$3060:
      Old ports: A=7'0111001, B=7'1011110, Y=$memory$flatten\arm16_datapath_unit.\vga_renderer_unit.$auto$proc_rom.cc:155:do_switch$441$rdmux[0][2][3]$a$3040
      New ports: A=2'01, B=2'10, Y=$memory$flatten\arm16_datapath_unit.\vga_renderer_unit.$auto$proc_rom.cc:155:do_switch$441$rdmux[0][2][3]$a$3040 [1:0]
      New connections: $memory$flatten\arm16_datapath_unit.\vga_renderer_unit.$auto$proc_rom.cc:155:do_switch$441$rdmux[0][2][3]$a$3040 [6:2] = { $memory$flatten\arm16_datapath_unit.\vga_renderer_unit.$auto$proc_rom.cc:155:do_switch$441$rdmux[0][2][3]$a$3040 [1:0] 2'11 $memory$flatten\arm16_datapath_unit.\vga_renderer_unit.$auto$proc_rom.cc:155:do_switch$441$rdmux[0][2][3]$a$3040 [1] }
    Consolidated identical input bits for $mux cell $memory$flatten\arm16_datapath_unit.\vga_renderer_unit.$auto$proc_rom.cc:155:do_switch$441$rdmux[0][3][5]$3057:
      Old ports: A=7'1110111, B=7'1111100, Y=$memory$flatten\arm16_datapath_unit.\vga_renderer_unit.$auto$proc_rom.cc:155:do_switch$441$rdmux[0][2][2]$b$3038
      New ports: A=2'01, B=2'10, Y={ $memory$flatten\arm16_datapath_unit.\vga_renderer_unit.$auto$proc_rom.cc:155:do_switch$441$rdmux[0][2][2]$b$3038 [3] $memory$flatten\arm16_datapath_unit.\vga_renderer_unit.$auto$proc_rom.cc:155:do_switch$441$rdmux[0][2][2]$b$3038 [0] }
      New connections: { $memory$flatten\arm16_datapath_unit.\vga_renderer_unit.$auto$proc_rom.cc:155:do_switch$441$rdmux[0][2][2]$b$3038 [6:4] $memory$flatten\arm16_datapath_unit.\vga_renderer_unit.$auto$proc_rom.cc:155:do_switch$441$rdmux[0][2][2]$b$3038 [2:1] } = { 4'1111 $memory$flatten\arm16_datapath_unit.\vga_renderer_unit.$auto$proc_rom.cc:155:do_switch$441$rdmux[0][2][2]$b$3038 [0] }
    Consolidated identical input bits for $mux cell $memory$flatten\arm16_datapath_unit.\vga_renderer_unit.$auto$proc_rom.cc:155:do_switch$441$rdmux[0][3][4]$3054:
      Old ports: A=7'1111111, B=7'1101111, Y=$memory$flatten\arm16_datapath_unit.\vga_renderer_unit.$auto$proc_rom.cc:155:do_switch$441$rdmux[0][2][2]$a$3037
      New ports: A=1'1, B=1'0, Y=$memory$flatten\arm16_datapath_unit.\vga_renderer_unit.$auto$proc_rom.cc:155:do_switch$441$rdmux[0][2][2]$a$3037 [4]
      New connections: { $memory$flatten\arm16_datapath_unit.\vga_renderer_unit.$auto$proc_rom.cc:155:do_switch$441$rdmux[0][2][2]$a$3037 [6:5] $memory$flatten\arm16_datapath_unit.\vga_renderer_unit.$auto$proc_rom.cc:155:do_switch$441$rdmux[0][2][2]$a$3037 [3:0] } = 6'111111
    Consolidated identical input bits for $mux cell $memory$flatten\arm16_datapath_unit.\vga_renderer_unit.$auto$proc_rom.cc:155:do_switch$441$rdmux[0][3][3]$3051:
      Old ports: A=7'1111101, B=7'0000111, Y=$memory$flatten\arm16_datapath_unit.\vga_renderer_unit.$auto$proc_rom.cc:155:do_switch$441$rdmux[0][2][1]$b$3035
      New ports: A=2'10, B=2'01, Y={ $memory$flatten\arm16_datapath_unit.\vga_renderer_unit.$auto$proc_rom.cc:155:do_switch$441$rdmux[0][2][1]$b$3035 [3] $memory$flatten\arm16_datapath_unit.\vga_renderer_unit.$auto$proc_rom.cc:155:do_switch$441$rdmux[0][2][1]$b$3035 [1] }
      New connections: { $memory$flatten\arm16_datapath_unit.\vga_renderer_unit.$auto$proc_rom.cc:155:do_switch$441$rdmux[0][2][1]$b$3035 [6:4] $memory$flatten\arm16_datapath_unit.\vga_renderer_unit.$auto$proc_rom.cc:155:do_switch$441$rdmux[0][2][1]$b$3035 [2] $memory$flatten\arm16_datapath_unit.\vga_renderer_unit.$auto$proc_rom.cc:155:do_switch$441$rdmux[0][2][1]$b$3035 [0] } = { $memory$flatten\arm16_datapath_unit.\vga_renderer_unit.$auto$proc_rom.cc:155:do_switch$441$rdmux[0][2][1]$b$3035 [3] $memory$flatten\arm16_datapath_unit.\vga_renderer_unit.$auto$proc_rom.cc:155:do_switch$441$rdmux[0][2][1]$b$3035 [3] $memory$flatten\arm16_datapath_unit.\vga_renderer_unit.$auto$proc_rom.cc:155:do_switch$441$rdmux[0][2][1]$b$3035 [3] 2'11 }
    Consolidated identical input bits for $mux cell $flatten\arm16_datapath_unit.\forwarding_selector_unit.$procmux$1179:
      Old ports: A=2'00, B=2'10, Y=$flatten\arm16_datapath_unit.\forwarding_selector_unit.$3\sel1_out[1:0]
      New ports: A=1'0, B=1'1, Y=$flatten\arm16_datapath_unit.\forwarding_selector_unit.$3\sel1_out[1:0] [1]
      New connections: $flatten\arm16_datapath_unit.\forwarding_selector_unit.$3\sel1_out[1:0] [0] = 1'0
    Consolidated identical input bits for $mux cell $flatten\arm16_datapath_unit.\forwarding_selector_unit.$procmux$1164:
      Old ports: A=2'00, B=2'10, Y=$flatten\arm16_datapath_unit.\forwarding_selector_unit.$3\sel2_out[1:0]
      New ports: A=1'0, B=1'1, Y=$flatten\arm16_datapath_unit.\forwarding_selector_unit.$3\sel2_out[1:0] [1]
      New connections: $flatten\arm16_datapath_unit.\forwarding_selector_unit.$3\sel2_out[1:0] [0] = 1'0
    Consolidated identical input bits for $mux cell $auto$share.cc:656:make_supercell$2566:
      Old ports: A={ \arm16_datapath_unit.barrel_shifter_unit.value_in [15] \arm16_datapath_unit.barrel_shifter_unit.value_in [15] \arm16_datapath_unit.barrel_shifter_unit.value_in [15] \arm16_datapath_unit.barrel_shifter_unit.value_in [15] \arm16_datapath_unit.barrel_shifter_unit.value_in [15] \arm16_datapath_unit.barrel_shifter_unit.value_in [15] \arm16_datapath_unit.barrel_shifter_unit.value_in [15] \arm16_datapath_unit.barrel_shifter_unit.value_in [15] \arm16_datapath_unit.barrel_shifter_unit.value_in [15] \arm16_datapath_unit.barrel_shifter_unit.value_in [15] \arm16_datapath_unit.barrel_shifter_unit.value_in [15] \arm16_datapath_unit.barrel_shifter_unit.value_in [15] \arm16_datapath_unit.barrel_shifter_unit.value_in [15] \arm16_datapath_unit.barrel_shifter_unit.value_in [15] \arm16_datapath_unit.barrel_shifter_unit.value_in [15] \arm16_datapath_unit.barrel_shifter_unit.value_in [15] }, B=\arm16_datapath_unit.barrel_shifter_unit.value_in, Y=$auto$share.cc:653:make_supercell$2564
      New ports: A={ \arm16_datapath_unit.barrel_shifter_unit.value_in [15] \arm16_datapath_unit.barrel_shifter_unit.value_in [15] \arm16_datapath_unit.barrel_shifter_unit.value_in [15] \arm16_datapath_unit.barrel_shifter_unit.value_in [15] \arm16_datapath_unit.barrel_shifter_unit.value_in [15] \arm16_datapath_unit.barrel_shifter_unit.value_in [15] \arm16_datapath_unit.barrel_shifter_unit.value_in [15] \arm16_datapath_unit.barrel_shifter_unit.value_in [15] \arm16_datapath_unit.barrel_shifter_unit.value_in [15] \arm16_datapath_unit.barrel_shifter_unit.value_in [15] \arm16_datapath_unit.barrel_shifter_unit.value_in [15] \arm16_datapath_unit.barrel_shifter_unit.value_in [15] \arm16_datapath_unit.barrel_shifter_unit.value_in [15] \arm16_datapath_unit.barrel_shifter_unit.value_in [15] \arm16_datapath_unit.barrel_shifter_unit.value_in [15] }, B=\arm16_datapath_unit.barrel_shifter_unit.value_in [14:0], Y=$auto$share.cc:653:make_supercell$2564 [14:0]
      New connections: $auto$share.cc:653:make_supercell$2564 [15] = \arm16_datapath_unit.barrel_shifter_unit.value_in [15]
    Consolidated identical input bits for $mux cell $auto$share.cc:657:make_supercell$2543:
      Old ports: A=\arm16_datapath_unit.ex_operand2 [10:7], B={ \arm16_datapath_unit.ex_operand2 [10:8] 1'0 }, Y=$auto$share.cc:654:make_supercell$2541
      New ports: A=\arm16_datapath_unit.ex_operand2 [7], B=1'0, Y=$auto$share.cc:654:make_supercell$2541 [0]
      New connections: $auto$share.cc:654:make_supercell$2541 [3:1] = \arm16_datapath_unit.ex_operand2 [10:8]
    Consolidated identical input bits for $mux cell $memory$flatten\arm16_datapath_unit.\demo_rom_unit.$auto$proc_rom.cc:155:do_switch$445$rdmux[0][3][7]$3018:
      Old ports: A=31'1111010111111111111111111110011, B=31'1111010111111111111111111111110, Y=$memory$flatten\arm16_datapath_unit.\demo_rom_unit.$auto$proc_rom.cc:155:do_switch$445$rdmux[0][2][3]$b$2996
      New ports: A=2'01, B=2'10, Y={ $memory$flatten\arm16_datapath_unit.\demo_rom_unit.$auto$proc_rom.cc:155:do_switch$445$rdmux[0][2][3]$b$2996 [2] $memory$flatten\arm16_datapath_unit.\demo_rom_unit.$auto$proc_rom.cc:155:do_switch$445$rdmux[0][2][3]$b$2996 [0] }
      New connections: { $memory$flatten\arm16_datapath_unit.\demo_rom_unit.$auto$proc_rom.cc:155:do_switch$445$rdmux[0][2][3]$b$2996 [30:3] $memory$flatten\arm16_datapath_unit.\demo_rom_unit.$auto$proc_rom.cc:155:do_switch$445$rdmux[0][2][3]$b$2996 [1] } = { 27'111101011111111111111111111 $memory$flatten\arm16_datapath_unit.\demo_rom_unit.$auto$proc_rom.cc:155:do_switch$445$rdmux[0][2][3]$b$2996 [2] 1'1 }
    Consolidated identical input bits for $mux cell $auto$share.cc:656:make_supercell$2532:
      Old ports: A={ 16'0000000000000000 \arm16_datapath_unit.barrel_shifter_unit.value_in }, B={ \arm16_datapath_unit.barrel_shifter_unit.value_in \arm16_datapath_unit.barrel_shifter_unit.value_in }, Y=$auto$share.cc:653:make_supercell$2530
      New ports: A=16'0000000000000000, B=\arm16_datapath_unit.barrel_shifter_unit.value_in, Y=$auto$share.cc:653:make_supercell$2530 [31:16]
      New connections: $auto$share.cc:653:make_supercell$2530 [15:0] = \arm16_datapath_unit.barrel_shifter_unit.value_in
    New ctrl vector for $pmux cell $flatten\arm16_datapath_unit.\qspi_master_unit.$procmux$647: { $flatten\arm16_datapath_unit.\qspi_master_unit.$eq$src/qspi_master.v:267$341_Y $flatten\arm16_datapath_unit.\qspi_master_unit.$eq$src/qspi_master.v:104$273_Y $flatten\arm16_datapath_unit.\qspi_master_unit.$eq$src/qspi_master.v:180$293_Y $flatten\arm16_datapath_unit.\qspi_master_unit.$eq$src/qspi_master.v:235$321_Y }
    Consolidated identical input bits for $mux cell $flatten\arm16_datapath_unit.\qspi_master_unit.$procmux$620:
      Old ports: A=3'010, B=3'011, Y=$flatten\arm16_datapath_unit.\qspi_master_unit.$4\next_state[2:0]
      New ports: A=1'0, B=1'1, Y=$flatten\arm16_datapath_unit.\qspi_master_unit.$4\next_state[2:0] [0]
      New connections: $flatten\arm16_datapath_unit.\qspi_master_unit.$4\next_state[2:0] [2:1] = 2'01
    Consolidated identical input bits for $mux cell $flatten\arm16_datapath_unit.\qspi_master_unit.$procmux$491:
      Old ports: A=4'0000, B=4'1111, Y=$flatten\arm16_datapath_unit.\qspi_master_unit.$4\tx_oe[3:0]
      New ports: A=1'0, B=1'1, Y=$flatten\arm16_datapath_unit.\qspi_master_unit.$4\tx_oe[3:0] [0]
      New connections: $flatten\arm16_datapath_unit.\qspi_master_unit.$4\tx_oe[3:0] [3:1] = { $flatten\arm16_datapath_unit.\qspi_master_unit.$4\tx_oe[3:0] [0] $flatten\arm16_datapath_unit.\qspi_master_unit.$4\tx_oe[3:0] [0] $flatten\arm16_datapath_unit.\qspi_master_unit.$4\tx_oe[3:0] [0] }
    Consolidated identical input bits for $mux cell $flatten\arm16_datapath_unit.\qspi_master_unit.$ternary$src/qspi_master.v:160$288:
      Old ports: A=8'11101011, B=8'00111000, Y=$flatten\arm16_datapath_unit.\qspi_master_unit.$ternary$src/qspi_master.v:160$288_Y
      New ports: A=2'01, B=2'10, Y={ $flatten\arm16_datapath_unit.\qspi_master_unit.$ternary$src/qspi_master.v:160$288_Y [4] $flatten\arm16_datapath_unit.\qspi_master_unit.$ternary$src/qspi_master.v:160$288_Y [0] }
      New connections: { $flatten\arm16_datapath_unit.\qspi_master_unit.$ternary$src/qspi_master.v:160$288_Y [7:5] $flatten\arm16_datapath_unit.\qspi_master_unit.$ternary$src/qspi_master.v:160$288_Y [3:1] } = { $flatten\arm16_datapath_unit.\qspi_master_unit.$ternary$src/qspi_master.v:160$288_Y [0] $flatten\arm16_datapath_unit.\qspi_master_unit.$ternary$src/qspi_master.v:160$288_Y [0] 3'110 $flatten\arm16_datapath_unit.\qspi_master_unit.$ternary$src/qspi_master.v:160$288_Y [0] }
    Consolidated identical input bits for $mux cell $memory$flatten\arm16_datapath_unit.\vga_renderer_unit.$auto$proc_rom.cc:155:do_switch$441$rdmux[0][3][7]$3063:
      Old ports: A=7'1111001, B=7'1110001, Y=$memory$flatten\arm16_datapath_unit.\vga_renderer_unit.$auto$proc_rom.cc:155:do_switch$441$rdmux[0][2][3]$b$3041
      New ports: A=1'1, B=1'0, Y=$memory$flatten\arm16_datapath_unit.\vga_renderer_unit.$auto$proc_rom.cc:155:do_switch$441$rdmux[0][2][3]$b$3041 [3]
      New connections: { $memory$flatten\arm16_datapath_unit.\vga_renderer_unit.$auto$proc_rom.cc:155:do_switch$441$rdmux[0][2][3]$b$3041 [6:4] $memory$flatten\arm16_datapath_unit.\vga_renderer_unit.$auto$proc_rom.cc:155:do_switch$441$rdmux[0][2][3]$b$3041 [2:0] } = 6'111001
  Optimizing cells in module \tt_um_moein_maleki_arm16.
    Consolidated identical input bits for $mux cell $memory$flatten\arm16_datapath_unit.\vga_renderer_unit.$auto$proc_rom.cc:155:do_switch$441$rdmux[0][2][3]$3039:
      Old ports: A=$memory$flatten\arm16_datapath_unit.\vga_renderer_unit.$auto$proc_rom.cc:155:do_switch$441$rdmux[0][2][3]$a$3040, B=$memory$flatten\arm16_datapath_unit.\vga_renderer_unit.$auto$proc_rom.cc:155:do_switch$441$rdmux[0][2][3]$b$3041, Y=$memory$flatten\arm16_datapath_unit.\vga_renderer_unit.$auto$proc_rom.cc:155:do_switch$441$rdmux[0][1][1]$b$3029
      New ports: A={ $memory$flatten\arm16_datapath_unit.\vga_renderer_unit.$auto$proc_rom.cc:155:do_switch$441$rdmux[0][2][3]$a$3040 [1] 1'1 $memory$flatten\arm16_datapath_unit.\vga_renderer_unit.$auto$proc_rom.cc:155:do_switch$441$rdmux[0][2][3]$a$3040 [1:0] }, B={ 1'1 $memory$flatten\arm16_datapath_unit.\vga_renderer_unit.$auto$proc_rom.cc:155:do_switch$441$rdmux[0][2][3]$b$3041 [3] 2'01 }, Y={ $memory$flatten\arm16_datapath_unit.\vga_renderer_unit.$auto$proc_rom.cc:155:do_switch$441$rdmux[0][1][1]$b$3029 [6] $memory$flatten\arm16_datapath_unit.\vga_renderer_unit.$auto$proc_rom.cc:155:do_switch$441$rdmux[0][1][1]$b$3029 [3] $memory$flatten\arm16_datapath_unit.\vga_renderer_unit.$auto$proc_rom.cc:155:do_switch$441$rdmux[0][1][1]$b$3029 [1:0] }
      New connections: { $memory$flatten\arm16_datapath_unit.\vga_renderer_unit.$auto$proc_rom.cc:155:do_switch$441$rdmux[0][1][1]$b$3029 [5:4] $memory$flatten\arm16_datapath_unit.\vga_renderer_unit.$auto$proc_rom.cc:155:do_switch$441$rdmux[0][1][1]$b$3029 [2] } = { $memory$flatten\arm16_datapath_unit.\vga_renderer_unit.$auto$proc_rom.cc:155:do_switch$441$rdmux[0][1][1]$b$3029 [0] 1'1 $memory$flatten\arm16_datapath_unit.\vga_renderer_unit.$auto$proc_rom.cc:155:do_switch$441$rdmux[0][1][1]$b$3029 [1] }
    Consolidated identical input bits for $mux cell $memory$flatten\arm16_datapath_unit.\vga_renderer_unit.$auto$proc_rom.cc:155:do_switch$441$rdmux[0][2][2]$3036:
      Old ports: A=$memory$flatten\arm16_datapath_unit.\vga_renderer_unit.$auto$proc_rom.cc:155:do_switch$441$rdmux[0][2][2]$a$3037, B=$memory$flatten\arm16_datapath_unit.\vga_renderer_unit.$auto$proc_rom.cc:155:do_switch$441$rdmux[0][2][2]$b$3038, Y=$memory$flatten\arm16_datapath_unit.\vga_renderer_unit.$auto$proc_rom.cc:155:do_switch$441$rdmux[0][1][1]$a$3028
      New ports: A={ $memory$flatten\arm16_datapath_unit.\vga_renderer_unit.$auto$proc_rom.cc:155:do_switch$441$rdmux[0][2][2]$a$3037 [4] 2'11 }, B={ 1'1 $memory$flatten\arm16_datapath_unit.\vga_renderer_unit.$auto$proc_rom.cc:155:do_switch$441$rdmux[0][2][2]$b$3038 [3] $memory$flatten\arm16_datapath_unit.\vga_renderer_unit.$auto$proc_rom.cc:155:do_switch$441$rdmux[0][2][2]$b$3038 [0] }, Y={ $memory$flatten\arm16_datapath_unit.\vga_renderer_unit.$auto$proc_rom.cc:155:do_switch$441$rdmux[0][1][1]$a$3028 [4:3] $memory$flatten\arm16_datapath_unit.\vga_renderer_unit.$auto$proc_rom.cc:155:do_switch$441$rdmux[0][1][1]$a$3028 [0] }
      New connections: { $memory$flatten\arm16_datapath_unit.\vga_renderer_unit.$auto$proc_rom.cc:155:do_switch$441$rdmux[0][1][1]$a$3028 [6:5] $memory$flatten\arm16_datapath_unit.\vga_renderer_unit.$auto$proc_rom.cc:155:do_switch$441$rdmux[0][1][1]$a$3028 [2:1] } = { 3'111 $memory$flatten\arm16_datapath_unit.\vga_renderer_unit.$auto$proc_rom.cc:155:do_switch$441$rdmux[0][1][1]$a$3028 [0] }
    Consolidated identical input bits for $mux cell $memory$flatten\arm16_datapath_unit.\vga_renderer_unit.$auto$proc_rom.cc:155:do_switch$441$rdmux[0][2][1]$3033:
      Old ports: A=$memory$flatten\arm16_datapath_unit.\vga_renderer_unit.$auto$proc_rom.cc:155:do_switch$441$rdmux[0][2][1]$a$3034, B=$memory$flatten\arm16_datapath_unit.\vga_renderer_unit.$auto$proc_rom.cc:155:do_switch$441$rdmux[0][2][1]$b$3035, Y=$memory$flatten\arm16_datapath_unit.\vga_renderer_unit.$auto$proc_rom.cc:155:do_switch$441$rdmux[0][1][0]$b$3026
      New ports: A={ 2'10 $memory$flatten\arm16_datapath_unit.\vga_renderer_unit.$auto$proc_rom.cc:155:do_switch$441$rdmux[0][2][1]$a$3034 [0] $memory$flatten\arm16_datapath_unit.\vga_renderer_unit.$auto$proc_rom.cc:155:do_switch$441$rdmux[0][2][1]$a$3034 [1:0] }, B={ $memory$flatten\arm16_datapath_unit.\vga_renderer_unit.$auto$proc_rom.cc:155:do_switch$441$rdmux[0][2][1]$b$3035 [3] $memory$flatten\arm16_datapath_unit.\vga_renderer_unit.$auto$proc_rom.cc:155:do_switch$441$rdmux[0][2][1]$b$3035 [3] $memory$flatten\arm16_datapath_unit.\vga_renderer_unit.$auto$proc_rom.cc:155:do_switch$441$rdmux[0][2][1]$b$3035 [3] $memory$flatten\arm16_datapath_unit.\vga_renderer_unit.$auto$proc_rom.cc:155:do_switch$441$rdmux[0][2][1]$b$3035 [1] 1'1 }, Y={ $memory$flatten\arm16_datapath_unit.\vga_renderer_unit.$auto$proc_rom.cc:155:do_switch$441$rdmux[0][1][0]$b$3026 [5:3] $memory$flatten\arm16_datapath_unit.\vga_renderer_unit.$auto$proc_rom.cc:155:do_switch$441$rdmux[0][1][0]$b$3026 [1:0] }
      New connections: { $memory$flatten\arm16_datapath_unit.\vga_renderer_unit.$auto$proc_rom.cc:155:do_switch$441$rdmux[0][1][0]$b$3026 [6] $memory$flatten\arm16_datapath_unit.\vga_renderer_unit.$auto$proc_rom.cc:155:do_switch$441$rdmux[0][1][0]$b$3026 [2] } = { $memory$flatten\arm16_datapath_unit.\vga_renderer_unit.$auto$proc_rom.cc:155:do_switch$441$rdmux[0][1][0]$b$3026 [5] 1'1 }
    Consolidated identical input bits for $mux cell $memory$flatten\arm16_datapath_unit.\vga_renderer_unit.$auto$proc_rom.cc:155:do_switch$441$rdmux[0][2][0]$3030:
      Old ports: A=$memory$flatten\arm16_datapath_unit.\vga_renderer_unit.$auto$proc_rom.cc:155:do_switch$441$rdmux[0][2][0]$a$3031, B=$memory$flatten\arm16_datapath_unit.\vga_renderer_unit.$auto$proc_rom.cc:155:do_switch$441$rdmux[0][2][0]$b$3032, Y=$memory$flatten\arm16_datapath_unit.\vga_renderer_unit.$auto$proc_rom.cc:155:do_switch$441$rdmux[0][1][0]$a$3025
      New ports: A={ 1'0 $memory$flatten\arm16_datapath_unit.\vga_renderer_unit.$auto$proc_rom.cc:155:do_switch$441$rdmux[0][2][0]$a$3031 [0] $memory$flatten\arm16_datapath_unit.\vga_renderer_unit.$auto$proc_rom.cc:155:do_switch$441$rdmux[0][2][0]$a$3031 [0] 1'1 $memory$flatten\arm16_datapath_unit.\vga_renderer_unit.$auto$proc_rom.cc:155:do_switch$441$rdmux[0][2][0]$a$3031 [0] }, B={ 2'10 $memory$flatten\arm16_datapath_unit.\vga_renderer_unit.$auto$proc_rom.cc:155:do_switch$441$rdmux[0][2][0]$b$3032 [4] $memory$flatten\arm16_datapath_unit.\vga_renderer_unit.$auto$proc_rom.cc:155:do_switch$441$rdmux[0][2][0]$b$3032 [2] 1'1 }, Y={ $memory$flatten\arm16_datapath_unit.\vga_renderer_unit.$auto$proc_rom.cc:155:do_switch$441$rdmux[0][1][0]$a$3025 [6:4] $memory$flatten\arm16_datapath_unit.\vga_renderer_unit.$auto$proc_rom.cc:155:do_switch$441$rdmux[0][1][0]$a$3025 [2] $memory$flatten\arm16_datapath_unit.\vga_renderer_unit.$auto$proc_rom.cc:155:do_switch$441$rdmux[0][1][0]$a$3025 [0] }
      New connections: { $memory$flatten\arm16_datapath_unit.\vga_renderer_unit.$auto$proc_rom.cc:155:do_switch$441$rdmux[0][1][0]$a$3025 [3] $memory$flatten\arm16_datapath_unit.\vga_renderer_unit.$auto$proc_rom.cc:155:do_switch$441$rdmux[0][1][0]$a$3025 [1] } = { $memory$flatten\arm16_datapath_unit.\vga_renderer_unit.$auto$proc_rom.cc:155:do_switch$441$rdmux[0][1][0]$a$3025 [0] 1'1 }
    Consolidated identical input bits for $mux cell $memory$flatten\arm16_datapath_unit.\demo_rom_unit.$auto$proc_rom.cc:155:do_switch$445$rdmux[0][2][3]$2994:
      Old ports: A=$memory$flatten\arm16_datapath_unit.\demo_rom_unit.$auto$proc_rom.cc:155:do_switch$445$rdmux[0][2][3]$a$2995, B=$memory$flatten\arm16_datapath_unit.\demo_rom_unit.$auto$proc_rom.cc:155:do_switch$445$rdmux[0][2][3]$b$2996, Y=$memory$flatten\arm16_datapath_unit.\demo_rom_unit.$auto$proc_rom.cc:155:do_switch$445$rdmux[0][1][1]$b$2984
      New ports: A={ $memory$flatten\arm16_datapath_unit.\demo_rom_unit.$auto$proc_rom.cc:155:do_switch$445$rdmux[0][2][3]$a$2995 [16] $memory$flatten\arm16_datapath_unit.\demo_rom_unit.$auto$proc_rom.cc:155:do_switch$445$rdmux[0][2][3]$a$2995 [0] $memory$flatten\arm16_datapath_unit.\demo_rom_unit.$auto$proc_rom.cc:155:do_switch$445$rdmux[0][2][3]$a$2995 [16] 2'00 $memory$flatten\arm16_datapath_unit.\demo_rom_unit.$auto$proc_rom.cc:155:do_switch$445$rdmux[0][2][3]$a$2995 [0] }, B={ 3'011 $memory$flatten\arm16_datapath_unit.\demo_rom_unit.$auto$proc_rom.cc:155:do_switch$445$rdmux[0][2][3]$b$2996 [2] 1'1 $memory$flatten\arm16_datapath_unit.\demo_rom_unit.$auto$proc_rom.cc:155:do_switch$445$rdmux[0][2][3]$b$2996 [0] }, Y={ $memory$flatten\arm16_datapath_unit.\demo_rom_unit.$auto$proc_rom.cc:155:do_switch$445$rdmux[0][1][1]$b$2984 [24] $memory$flatten\arm16_datapath_unit.\demo_rom_unit.$auto$proc_rom.cc:155:do_switch$445$rdmux[0][1][1]$b$2984 [17:16] $memory$flatten\arm16_datapath_unit.\demo_rom_unit.$auto$proc_rom.cc:155:do_switch$445$rdmux[0][1][1]$b$2984 [2:0] }
      New connections: { $memory$flatten\arm16_datapath_unit.\demo_rom_unit.$auto$proc_rom.cc:155:do_switch$445$rdmux[0][1][1]$b$2984 [30:25] $memory$flatten\arm16_datapath_unit.\demo_rom_unit.$auto$proc_rom.cc:155:do_switch$445$rdmux[0][1][1]$b$2984 [23:18] $memory$flatten\arm16_datapath_unit.\demo_rom_unit.$auto$proc_rom.cc:155:do_switch$445$rdmux[0][1][1]$b$2984 [15:3] } = { $memory$flatten\arm16_datapath_unit.\demo_rom_unit.$auto$proc_rom.cc:155:do_switch$445$rdmux[0][1][1]$b$2984 [16] $memory$flatten\arm16_datapath_unit.\demo_rom_unit.$auto$proc_rom.cc:155:do_switch$445$rdmux[0][1][1]$b$2984 [16] $memory$flatten\arm16_datapath_unit.\demo_rom_unit.$auto$proc_rom.cc:155:do_switch$445$rdmux[0][1][1]$b$2984 [16] $memory$flatten\arm16_datapath_unit.\demo_rom_unit.$auto$proc_rom.cc:155:do_switch$445$rdmux[0][1][1]$b$2984 [1] $memory$flatten\arm16_datapath_unit.\demo_rom_unit.$auto$proc_rom.cc:155:do_switch$445$rdmux[0][1][1]$b$2984 [24] $memory$flatten\arm16_datapath_unit.\demo_rom_unit.$auto$proc_rom.cc:155:do_switch$445$rdmux[0][1][1]$b$2984 [17] 1'1 $memory$flatten\arm16_datapath_unit.\demo_rom_unit.$auto$proc_rom.cc:155:do_switch$445$rdmux[0][1][1]$b$2984 [1] $memory$flatten\arm16_datapath_unit.\demo_rom_unit.$auto$proc_rom.cc:155:do_switch$445$rdmux[0][1][1]$b$2984 [1] $memory$flatten\arm16_datapath_unit.\demo_rom_unit.$auto$proc_rom.cc:155:do_switch$445$rdmux[0][1][1]$b$2984 [1] $memory$flatten\arm16_datapath_unit.\demo_rom_unit.$auto$proc_rom.cc:155:do_switch$445$rdmux[0][1][1]$b$2984 [17] $memory$flatten\arm16_datapath_unit.\demo_rom_unit.$auto$proc_rom.cc:155:do_switch$445$rdmux[0][1][1]$b$2984 [1] 1'1 $memory$flatten\arm16_datapath_unit.\demo_rom_unit.$auto$proc_rom.cc:155:do_switch$445$rdmux[0][1][1]$b$2984 [1] 1'1 $memory$flatten\arm16_datapath_unit.\demo_rom_unit.$auto$proc_rom.cc:155:do_switch$445$rdmux[0][1][1]$b$2984 [1] $memory$flatten\arm16_datapath_unit.\demo_rom_unit.$auto$proc_rom.cc:155:do_switch$445$rdmux[0][1][1]$b$2984 [1] $memory$flatten\arm16_datapath_unit.\demo_rom_unit.$auto$proc_rom.cc:155:do_switch$445$rdmux[0][1][1]$b$2984 [1] $memory$flatten\arm16_datapath_unit.\demo_rom_unit.$auto$proc_rom.cc:155:do_switch$445$rdmux[0][1][1]$b$2984 [1] $memory$flatten\arm16_datapath_unit.\demo_rom_unit.$auto$proc_rom.cc:155:do_switch$445$rdmux[0][1][1]$b$2984 [1] $memory$flatten\arm16_datapath_unit.\demo_rom_unit.$auto$proc_rom.cc:155:do_switch$445$rdmux[0][1][1]$b$2984 [1] $memory$flatten\arm16_datapath_unit.\demo_rom_unit.$auto$proc_rom.cc:155:do_switch$445$rdmux[0][1][1]$b$2984 [1] $memory$flatten\arm16_datapath_unit.\demo_rom_unit.$auto$proc_rom.cc:155:do_switch$445$rdmux[0][1][1]$b$2984 [1] $memory$flatten\arm16_datapath_unit.\demo_rom_unit.$auto$proc_rom.cc:155:do_switch$445$rdmux[0][1][1]$b$2984 [1] $memory$flatten\arm16_datapath_unit.\demo_rom_unit.$auto$proc_rom.cc:155:do_switch$445$rdmux[0][1][1]$b$2984 [2] }
    Consolidated identical input bits for $mux cell $memory$flatten\arm16_datapath_unit.\demo_rom_unit.$auto$proc_rom.cc:155:do_switch$445$rdmux[0][2][2]$2991:
      Old ports: A=$memory$flatten\arm16_datapath_unit.\demo_rom_unit.$auto$proc_rom.cc:155:do_switch$445$rdmux[0][2][2]$a$2992, B=$memory$flatten\arm16_datapath_unit.\demo_rom_unit.$auto$proc_rom.cc:155:do_switch$445$rdmux[0][2][2]$b$2993, Y=$memory$flatten\arm16_datapath_unit.\demo_rom_unit.$auto$proc_rom.cc:155:do_switch$445$rdmux[0][1][1]$a$2983
      New ports: A={ 2'00 $memory$flatten\arm16_datapath_unit.\demo_rom_unit.$auto$proc_rom.cc:155:do_switch$445$rdmux[0][2][2]$a$2992 [15] $memory$flatten\arm16_datapath_unit.\demo_rom_unit.$auto$proc_rom.cc:155:do_switch$445$rdmux[0][2][2]$a$2992 [12] 2'01 }, B={ 1'1 $memory$flatten\arm16_datapath_unit.\demo_rom_unit.$auto$proc_rom.cc:155:do_switch$445$rdmux[0][2][2]$b$2993 [20] 2'00 $memory$flatten\arm16_datapath_unit.\demo_rom_unit.$auto$proc_rom.cc:155:do_switch$445$rdmux[0][2][2]$b$2993 [1] 1'0 }, Y={ $memory$flatten\arm16_datapath_unit.\demo_rom_unit.$auto$proc_rom.cc:155:do_switch$445$rdmux[0][1][1]$a$2983 [22] $memory$flatten\arm16_datapath_unit.\demo_rom_unit.$auto$proc_rom.cc:155:do_switch$445$rdmux[0][1][1]$a$2983 [20] $memory$flatten\arm16_datapath_unit.\demo_rom_unit.$auto$proc_rom.cc:155:do_switch$445$rdmux[0][1][1]$a$2983 [15] $memory$flatten\arm16_datapath_unit.\demo_rom_unit.$auto$proc_rom.cc:155:do_switch$445$rdmux[0][1][1]$a$2983 [12] $memory$flatten\arm16_datapath_unit.\demo_rom_unit.$auto$proc_rom.cc:155:do_switch$445$rdmux[0][1][1]$a$2983 [1:0] }
      New connections: { $memory$flatten\arm16_datapath_unit.\demo_rom_unit.$auto$proc_rom.cc:155:do_switch$445$rdmux[0][1][1]$a$2983 [30:23] $memory$flatten\arm16_datapath_unit.\demo_rom_unit.$auto$proc_rom.cc:155:do_switch$445$rdmux[0][1][1]$a$2983 [21] $memory$flatten\arm16_datapath_unit.\demo_rom_unit.$auto$proc_rom.cc:155:do_switch$445$rdmux[0][1][1]$a$2983 [19:16] $memory$flatten\arm16_datapath_unit.\demo_rom_unit.$auto$proc_rom.cc:155:do_switch$445$rdmux[0][1][1]$a$2983 [14:13] $memory$flatten\arm16_datapath_unit.\demo_rom_unit.$auto$proc_rom.cc:155:do_switch$445$rdmux[0][1][1]$a$2983 [11:2] } = { 6'111001 $memory$flatten\arm16_datapath_unit.\demo_rom_unit.$auto$proc_rom.cc:155:do_switch$445$rdmux[0][1][1]$a$2983 [20] $memory$flatten\arm16_datapath_unit.\demo_rom_unit.$auto$proc_rom.cc:155:do_switch$445$rdmux[0][1][1]$a$2983 [0] 1'0 $memory$flatten\arm16_datapath_unit.\demo_rom_unit.$auto$proc_rom.cc:155:do_switch$445$rdmux[0][1][1]$a$2983 [1:0] $memory$flatten\arm16_datapath_unit.\demo_rom_unit.$auto$proc_rom.cc:155:do_switch$445$rdmux[0][1][1]$a$2983 [0] $memory$flatten\arm16_datapath_unit.\demo_rom_unit.$auto$proc_rom.cc:155:do_switch$445$rdmux[0][1][1]$a$2983 [15] $memory$flatten\arm16_datapath_unit.\demo_rom_unit.$auto$proc_rom.cc:155:do_switch$445$rdmux[0][1][1]$a$2983 [12] $memory$flatten\arm16_datapath_unit.\demo_rom_unit.$auto$proc_rom.cc:155:do_switch$445$rdmux[0][1][1]$a$2983 [12] 9'000000000 $memory$flatten\arm16_datapath_unit.\demo_rom_unit.$auto$proc_rom.cc:155:do_switch$445$rdmux[0][1][1]$a$2983 [1] }
    Consolidated identical input bits for $mux cell $memory$flatten\arm16_datapath_unit.\demo_rom_unit.$auto$proc_rom.cc:155:do_switch$445$rdmux[0][2][1]$2988:
      Old ports: A=$memory$flatten\arm16_datapath_unit.\demo_rom_unit.$auto$proc_rom.cc:155:do_switch$445$rdmux[0][2][1]$a$2989, B=$memory$flatten\arm16_datapath_unit.\demo_rom_unit.$auto$proc_rom.cc:155:do_switch$445$rdmux[0][2][1]$b$2990, Y=$memory$flatten\arm16_datapath_unit.\demo_rom_unit.$auto$proc_rom.cc:155:do_switch$445$rdmux[0][1][0]$b$2981
      New ports: A={ 2'01 $memory$flatten\arm16_datapath_unit.\demo_rom_unit.$auto$proc_rom.cc:155:do_switch$445$rdmux[0][2][1]$a$2989 [14] $memory$flatten\arm16_datapath_unit.\demo_rom_unit.$auto$proc_rom.cc:155:do_switch$445$rdmux[0][2][1]$a$2989 [14] $memory$flatten\arm16_datapath_unit.\demo_rom_unit.$auto$proc_rom.cc:155:do_switch$445$rdmux[0][2][1]$a$2989 [12] $memory$flatten\arm16_datapath_unit.\demo_rom_unit.$auto$proc_rom.cc:155:do_switch$445$rdmux[0][2][1]$a$2989 [12] }, B={ 2'10 $memory$flatten\arm16_datapath_unit.\demo_rom_unit.$auto$proc_rom.cc:155:do_switch$445$rdmux[0][2][1]$b$2990 [13] 1'1 $memory$flatten\arm16_datapath_unit.\demo_rom_unit.$auto$proc_rom.cc:155:do_switch$445$rdmux[0][2][1]$b$2990 [13:12] }, Y={ $memory$flatten\arm16_datapath_unit.\demo_rom_unit.$auto$proc_rom.cc:155:do_switch$445$rdmux[0][1][0]$b$2981 [18:16] $memory$flatten\arm16_datapath_unit.\demo_rom_unit.$auto$proc_rom.cc:155:do_switch$445$rdmux[0][1][0]$b$2981 [14:12] }
      New connections: { $memory$flatten\arm16_datapath_unit.\demo_rom_unit.$auto$proc_rom.cc:155:do_switch$445$rdmux[0][1][0]$b$2981 [30:19] $memory$flatten\arm16_datapath_unit.\demo_rom_unit.$auto$proc_rom.cc:155:do_switch$445$rdmux[0][1][0]$b$2981 [15] $memory$flatten\arm16_datapath_unit.\demo_rom_unit.$auto$proc_rom.cc:155:do_switch$445$rdmux[0][1][0]$b$2981 [11:0] } = 25'1110010100000000000000001
    Consolidated identical input bits for $mux cell $memory$flatten\arm16_datapath_unit.\demo_rom_unit.$auto$proc_rom.cc:155:do_switch$445$rdmux[0][2][0]$2985:
      Old ports: A=$memory$flatten\arm16_datapath_unit.\demo_rom_unit.$auto$proc_rom.cc:155:do_switch$445$rdmux[0][2][0]$a$2986, B=$memory$flatten\arm16_datapath_unit.\demo_rom_unit.$auto$proc_rom.cc:155:do_switch$445$rdmux[0][2][0]$b$2987, Y=$memory$flatten\arm16_datapath_unit.\demo_rom_unit.$auto$proc_rom.cc:155:do_switch$445$rdmux[0][1][0]$a$2980
      New ports: A={ 1'1 $memory$flatten\arm16_datapath_unit.\demo_rom_unit.$auto$proc_rom.cc:155:do_switch$445$rdmux[0][2][0]$a$2986 [13] $memory$flatten\arm16_datapath_unit.\demo_rom_unit.$auto$proc_rom.cc:155:do_switch$445$rdmux[0][2][0]$a$2986 [13] 2'00 }, B={ $memory$flatten\arm16_datapath_unit.\demo_rom_unit.$auto$proc_rom.cc:155:do_switch$445$rdmux[0][2][0]$b$2987 [1] 1'0 $memory$flatten\arm16_datapath_unit.\demo_rom_unit.$auto$proc_rom.cc:155:do_switch$445$rdmux[0][2][0]$b$2987 [13] $memory$flatten\arm16_datapath_unit.\demo_rom_unit.$auto$proc_rom.cc:155:do_switch$445$rdmux[0][2][0]$b$2987 [1] 1'1 }, Y={ $memory$flatten\arm16_datapath_unit.\demo_rom_unit.$auto$proc_rom.cc:155:do_switch$445$rdmux[0][1][0]$a$2980 [21] $memory$flatten\arm16_datapath_unit.\demo_rom_unit.$auto$proc_rom.cc:155:do_switch$445$rdmux[0][1][0]$a$2980 [15] $memory$flatten\arm16_datapath_unit.\demo_rom_unit.$auto$proc_rom.cc:155:do_switch$445$rdmux[0][1][0]$a$2980 [13] $memory$flatten\arm16_datapath_unit.\demo_rom_unit.$auto$proc_rom.cc:155:do_switch$445$rdmux[0][1][0]$a$2980 [1:0] }
      New connections: { $memory$flatten\arm16_datapath_unit.\demo_rom_unit.$auto$proc_rom.cc:155:do_switch$445$rdmux[0][1][0]$a$2980 [30:22] $memory$flatten\arm16_datapath_unit.\demo_rom_unit.$auto$proc_rom.cc:155:do_switch$445$rdmux[0][1][0]$a$2980 [20:16] $memory$flatten\arm16_datapath_unit.\demo_rom_unit.$auto$proc_rom.cc:155:do_switch$445$rdmux[0][1][0]$a$2980 [14] $memory$flatten\arm16_datapath_unit.\demo_rom_unit.$auto$proc_rom.cc:155:do_switch$445$rdmux[0][1][0]$a$2980 [12:2] } = { 6'111001 $memory$flatten\arm16_datapath_unit.\demo_rom_unit.$auto$proc_rom.cc:155:do_switch$445$rdmux[0][1][0]$a$2980 [21] 8'10000000 $memory$flatten\arm16_datapath_unit.\demo_rom_unit.$auto$proc_rom.cc:155:do_switch$445$rdmux[0][1][0]$a$2980 [1] $memory$flatten\arm16_datapath_unit.\demo_rom_unit.$auto$proc_rom.cc:155:do_switch$445$rdmux[0][1][0]$a$2980 [1] $memory$flatten\arm16_datapath_unit.\demo_rom_unit.$auto$proc_rom.cc:155:do_switch$445$rdmux[0][1][0]$a$2980 [1] 2'00 $memory$flatten\arm16_datapath_unit.\demo_rom_unit.$auto$proc_rom.cc:155:do_switch$445$rdmux[0][1][0]$a$2980 [1] $memory$flatten\arm16_datapath_unit.\demo_rom_unit.$auto$proc_rom.cc:155:do_switch$445$rdmux[0][1][0]$a$2980 [1] $memory$flatten\arm16_datapath_unit.\demo_rom_unit.$auto$proc_rom.cc:155:do_switch$445$rdmux[0][1][0]$a$2980 [1] $memory$flatten\arm16_datapath_unit.\demo_rom_unit.$auto$proc_rom.cc:155:do_switch$445$rdmux[0][1][0]$a$2980 [1] $memory$flatten\arm16_datapath_unit.\demo_rom_unit.$auto$proc_rom.cc:155:do_switch$445$rdmux[0][1][0]$a$2980 [1] $memory$flatten\arm16_datapath_unit.\demo_rom_unit.$auto$proc_rom.cc:155:do_switch$445$rdmux[0][1][0]$a$2980 [1] }
    Consolidated identical input bits for $mux cell $flatten\arm16_datapath_unit.\qspi_master_unit.$procmux$632:
      Old ports: A=$flatten\arm16_datapath_unit.\qspi_master_unit.$4\next_state[2:0], B=3'011, Y=$flatten\arm16_datapath_unit.\qspi_master_unit.$3\next_state[2:0]
      New ports: A=$flatten\arm16_datapath_unit.\qspi_master_unit.$4\next_state[2:0] [0], B=1'1, Y=$flatten\arm16_datapath_unit.\qspi_master_unit.$3\next_state[2:0] [0]
      New connections: $flatten\arm16_datapath_unit.\qspi_master_unit.$3\next_state[2:0] [2:1] = 2'01
    Consolidated identical input bits for $mux cell $flatten\arm16_datapath_unit.\qspi_master_unit.$procmux$517:
      Old ports: A=$flatten\arm16_datapath_unit.\qspi_master_unit.$4\tx_oe[3:0], B=4'1111, Y=$flatten\arm16_datapath_unit.\qspi_master_unit.$3\tx_oe[3:0]
      New ports: A=$flatten\arm16_datapath_unit.\qspi_master_unit.$4\tx_oe[3:0] [0], B=1'1, Y=$flatten\arm16_datapath_unit.\qspi_master_unit.$3\tx_oe[3:0] [0]
      New connections: $flatten\arm16_datapath_unit.\qspi_master_unit.$3\tx_oe[3:0] [3:1] = { $flatten\arm16_datapath_unit.\qspi_master_unit.$3\tx_oe[3:0] [0] $flatten\arm16_datapath_unit.\qspi_master_unit.$3\tx_oe[3:0] [0] $flatten\arm16_datapath_unit.\qspi_master_unit.$3\tx_oe[3:0] [0] }
  Optimizing cells in module \tt_um_moein_maleki_arm16.
    Consolidated identical input bits for $mux cell $memory$flatten\arm16_datapath_unit.\demo_rom_unit.$auto$proc_rom.cc:155:do_switch$445$rdmux[0][1][1]$2982:
      Old ports: A=$memory$flatten\arm16_datapath_unit.\demo_rom_unit.$auto$proc_rom.cc:155:do_switch$445$rdmux[0][1][1]$a$2983, B=$memory$flatten\arm16_datapath_unit.\demo_rom_unit.$auto$proc_rom.cc:155:do_switch$445$rdmux[0][1][1]$b$2984, Y=$memory$flatten\arm16_datapath_unit.\demo_rom_unit.$auto$proc_rom.cc:155:do_switch$445$rdmux[0][0][0]$b$2978
      New ports: A={ 3'101 $memory$flatten\arm16_datapath_unit.\demo_rom_unit.$auto$proc_rom.cc:155:do_switch$445$rdmux[0][1][1]$a$2983 [20] $memory$flatten\arm16_datapath_unit.\demo_rom_unit.$auto$proc_rom.cc:155:do_switch$445$rdmux[0][1][1]$a$2983 [0] $memory$flatten\arm16_datapath_unit.\demo_rom_unit.$auto$proc_rom.cc:155:do_switch$445$rdmux[0][1][1]$a$2983 [22] $memory$flatten\arm16_datapath_unit.\demo_rom_unit.$auto$proc_rom.cc:155:do_switch$445$rdmux[0][1][1]$a$2983 [20] $memory$flatten\arm16_datapath_unit.\demo_rom_unit.$auto$proc_rom.cc:155:do_switch$445$rdmux[0][1][1]$a$2983 [1:0] $memory$flatten\arm16_datapath_unit.\demo_rom_unit.$auto$proc_rom.cc:155:do_switch$445$rdmux[0][1][1]$a$2983 [0] $memory$flatten\arm16_datapath_unit.\demo_rom_unit.$auto$proc_rom.cc:155:do_switch$445$rdmux[0][1][1]$a$2983 [15] $memory$flatten\arm16_datapath_unit.\demo_rom_unit.$auto$proc_rom.cc:155:do_switch$445$rdmux[0][1][1]$a$2983 [15] $memory$flatten\arm16_datapath_unit.\demo_rom_unit.$auto$proc_rom.cc:155:do_switch$445$rdmux[0][1][1]$a$2983 [12] $memory$flatten\arm16_datapath_unit.\demo_rom_unit.$auto$proc_rom.cc:155:do_switch$445$rdmux[0][1][1]$a$2983 [12] 2'00 $memory$flatten\arm16_datapath_unit.\demo_rom_unit.$auto$proc_rom.cc:155:do_switch$445$rdmux[0][1][1]$a$2983 [1] $memory$flatten\arm16_datapath_unit.\demo_rom_unit.$auto$proc_rom.cc:155:do_switch$445$rdmux[0][1][1]$a$2983 [1:0] }, B={ $memory$flatten\arm16_datapath_unit.\demo_rom_unit.$auto$proc_rom.cc:155:do_switch$445$rdmux[0][1][1]$b$2984 [16] $memory$flatten\arm16_datapath_unit.\demo_rom_unit.$auto$proc_rom.cc:155:do_switch$445$rdmux[0][1][1]$b$2984 [24] $memory$flatten\arm16_datapath_unit.\demo_rom_unit.$auto$proc_rom.cc:155:do_switch$445$rdmux[0][1][1]$b$2984 [17] $memory$flatten\arm16_datapath_unit.\demo_rom_unit.$auto$proc_rom.cc:155:do_switch$445$rdmux[0][1][1]$b$2984 [24] 1'1 $memory$flatten\arm16_datapath_unit.\demo_rom_unit.$auto$proc_rom.cc:155:do_switch$445$rdmux[0][1][1]$b$2984 [1] $memory$flatten\arm16_datapath_unit.\demo_rom_unit.$auto$proc_rom.cc:155:do_switch$445$rdmux[0][1][1]$b$2984 [1] $memory$flatten\arm16_datapath_unit.\demo_rom_unit.$auto$proc_rom.cc:155:do_switch$445$rdmux[0][1][1]$b$2984 [17] $memory$flatten\arm16_datapath_unit.\demo_rom_unit.$auto$proc_rom.cc:155:do_switch$445$rdmux[0][1][1]$b$2984 [1] $memory$flatten\arm16_datapath_unit.\demo_rom_unit.$auto$proc_rom.cc:155:do_switch$445$rdmux[0][1][1]$b$2984 [17:16] 2'11 $memory$flatten\arm16_datapath_unit.\demo_rom_unit.$auto$proc_rom.cc:155:do_switch$445$rdmux[0][1][1]$b$2984 [1] $memory$flatten\arm16_datapath_unit.\demo_rom_unit.$auto$proc_rom.cc:155:do_switch$445$rdmux[0][1][1]$b$2984 [1] $memory$flatten\arm16_datapath_unit.\demo_rom_unit.$auto$proc_rom.cc:155:do_switch$445$rdmux[0][1][1]$b$2984 [2] $memory$flatten\arm16_datapath_unit.\demo_rom_unit.$auto$proc_rom.cc:155:do_switch$445$rdmux[0][1][1]$b$2984 [2:0] }, Y={ $memory$flatten\arm16_datapath_unit.\demo_rom_unit.$auto$proc_rom.cc:155:do_switch$445$rdmux[0][0][0]$b$2978 [28] $memory$flatten\arm16_datapath_unit.\demo_rom_unit.$auto$proc_rom.cc:155:do_switch$445$rdmux[0][0][0]$b$2978 [26:22] $memory$flatten\arm16_datapath_unit.\demo_rom_unit.$auto$proc_rom.cc:155:do_switch$445$rdmux[0][0][0]$b$2978 [20:15] $memory$flatten\arm16_datapath_unit.\demo_rom_unit.$auto$proc_rom.cc:155:do_switch$445$rdmux[0][0][0]$b$2978 [13:12] $memory$flatten\arm16_datapath_unit.\demo_rom_unit.$auto$proc_rom.cc:155:do_switch$445$rdmux[0][0][0]$b$2978 [4:0] }
      New connections: { $memory$flatten\arm16_datapath_unit.\demo_rom_unit.$auto$proc_rom.cc:155:do_switch$445$rdmux[0][0][0]$b$2978 [30:29] $memory$flatten\arm16_datapath_unit.\demo_rom_unit.$auto$proc_rom.cc:155:do_switch$445$rdmux[0][0][0]$b$2978 [27] $memory$flatten\arm16_datapath_unit.\demo_rom_unit.$auto$proc_rom.cc:155:do_switch$445$rdmux[0][0][0]$b$2978 [21] $memory$flatten\arm16_datapath_unit.\demo_rom_unit.$auto$proc_rom.cc:155:do_switch$445$rdmux[0][0][0]$b$2978 [14] $memory$flatten\arm16_datapath_unit.\demo_rom_unit.$auto$proc_rom.cc:155:do_switch$445$rdmux[0][0][0]$b$2978 [11:5] } = { $memory$flatten\arm16_datapath_unit.\demo_rom_unit.$auto$proc_rom.cc:155:do_switch$445$rdmux[0][0][0]$b$2978 [28] $memory$flatten\arm16_datapath_unit.\demo_rom_unit.$auto$proc_rom.cc:155:do_switch$445$rdmux[0][0][0]$b$2978 [28] $memory$flatten\arm16_datapath_unit.\demo_rom_unit.$auto$proc_rom.cc:155:do_switch$445$rdmux[0][0][0]$b$2978 [4] $memory$flatten\arm16_datapath_unit.\demo_rom_unit.$auto$proc_rom.cc:155:do_switch$445$rdmux[0][0][0]$b$2978 [4] $memory$flatten\arm16_datapath_unit.\demo_rom_unit.$auto$proc_rom.cc:155:do_switch$445$rdmux[0][0][0]$b$2978 [12] $memory$flatten\arm16_datapath_unit.\demo_rom_unit.$auto$proc_rom.cc:155:do_switch$445$rdmux[0][0][0]$b$2978 [4] $memory$flatten\arm16_datapath_unit.\demo_rom_unit.$auto$proc_rom.cc:155:do_switch$445$rdmux[0][0][0]$b$2978 [4] $memory$flatten\arm16_datapath_unit.\demo_rom_unit.$auto$proc_rom.cc:155:do_switch$445$rdmux[0][0][0]$b$2978 [4] $memory$flatten\arm16_datapath_unit.\demo_rom_unit.$auto$proc_rom.cc:155:do_switch$445$rdmux[0][0][0]$b$2978 [4] $memory$flatten\arm16_datapath_unit.\demo_rom_unit.$auto$proc_rom.cc:155:do_switch$445$rdmux[0][0][0]$b$2978 [4] $memory$flatten\arm16_datapath_unit.\demo_rom_unit.$auto$proc_rom.cc:155:do_switch$445$rdmux[0][0][0]$b$2978 [4] $memory$flatten\arm16_datapath_unit.\demo_rom_unit.$auto$proc_rom.cc:155:do_switch$445$rdmux[0][0][0]$b$2978 [4] }
    Consolidated identical input bits for $mux cell $memory$flatten\arm16_datapath_unit.\demo_rom_unit.$auto$proc_rom.cc:155:do_switch$445$rdmux[0][1][0]$2979:
      Old ports: A=$memory$flatten\arm16_datapath_unit.\demo_rom_unit.$auto$proc_rom.cc:155:do_switch$445$rdmux[0][1][0]$a$2980, B=$memory$flatten\arm16_datapath_unit.\demo_rom_unit.$auto$proc_rom.cc:155:do_switch$445$rdmux[0][1][0]$b$2981, Y=$memory$flatten\arm16_datapath_unit.\demo_rom_unit.$auto$proc_rom.cc:155:do_switch$445$rdmux[0][0][0]$a$2977
      New ports: A={ $memory$flatten\arm16_datapath_unit.\demo_rom_unit.$auto$proc_rom.cc:155:do_switch$445$rdmux[0][1][0]$a$2980 [21] 3'000 $memory$flatten\arm16_datapath_unit.\demo_rom_unit.$auto$proc_rom.cc:155:do_switch$445$rdmux[0][1][0]$a$2980 [15] 1'0 $memory$flatten\arm16_datapath_unit.\demo_rom_unit.$auto$proc_rom.cc:155:do_switch$445$rdmux[0][1][0]$a$2980 [13] $memory$flatten\arm16_datapath_unit.\demo_rom_unit.$auto$proc_rom.cc:155:do_switch$445$rdmux[0][1][0]$a$2980 [1] $memory$flatten\arm16_datapath_unit.\demo_rom_unit.$auto$proc_rom.cc:155:do_switch$445$rdmux[0][1][0]$a$2980 [1:0] }, B={ 1'0 $memory$flatten\arm16_datapath_unit.\demo_rom_unit.$auto$proc_rom.cc:155:do_switch$445$rdmux[0][1][0]$b$2981 [18:16] 1'0 $memory$flatten\arm16_datapath_unit.\demo_rom_unit.$auto$proc_rom.cc:155:do_switch$445$rdmux[0][1][0]$b$2981 [14:12] 2'01 }, Y={ $memory$flatten\arm16_datapath_unit.\demo_rom_unit.$auto$proc_rom.cc:155:do_switch$445$rdmux[0][0][0]$a$2977 [21] $memory$flatten\arm16_datapath_unit.\demo_rom_unit.$auto$proc_rom.cc:155:do_switch$445$rdmux[0][0][0]$a$2977 [18:12] $memory$flatten\arm16_datapath_unit.\demo_rom_unit.$auto$proc_rom.cc:155:do_switch$445$rdmux[0][0][0]$a$2977 [1:0] }
      New connections: { $memory$flatten\arm16_datapath_unit.\demo_rom_unit.$auto$proc_rom.cc:155:do_switch$445$rdmux[0][0][0]$a$2977 [30:22] $memory$flatten\arm16_datapath_unit.\demo_rom_unit.$auto$proc_rom.cc:155:do_switch$445$rdmux[0][0][0]$a$2977 [20:19] $memory$flatten\arm16_datapath_unit.\demo_rom_unit.$auto$proc_rom.cc:155:do_switch$445$rdmux[0][0][0]$a$2977 [11:2] } = { 6'111001 $memory$flatten\arm16_datapath_unit.\demo_rom_unit.$auto$proc_rom.cc:155:do_switch$445$rdmux[0][0][0]$a$2977 [21] 4'1000 $memory$flatten\arm16_datapath_unit.\demo_rom_unit.$auto$proc_rom.cc:155:do_switch$445$rdmux[0][0][0]$a$2977 [1] $memory$flatten\arm16_datapath_unit.\demo_rom_unit.$auto$proc_rom.cc:155:do_switch$445$rdmux[0][0][0]$a$2977 [1] 2'00 $memory$flatten\arm16_datapath_unit.\demo_rom_unit.$auto$proc_rom.cc:155:do_switch$445$rdmux[0][0][0]$a$2977 [1] $memory$flatten\arm16_datapath_unit.\demo_rom_unit.$auto$proc_rom.cc:155:do_switch$445$rdmux[0][0][0]$a$2977 [1] $memory$flatten\arm16_datapath_unit.\demo_rom_unit.$auto$proc_rom.cc:155:do_switch$445$rdmux[0][0][0]$a$2977 [1] $memory$flatten\arm16_datapath_unit.\demo_rom_unit.$auto$proc_rom.cc:155:do_switch$445$rdmux[0][0][0]$a$2977 [1] $memory$flatten\arm16_datapath_unit.\demo_rom_unit.$auto$proc_rom.cc:155:do_switch$445$rdmux[0][0][0]$a$2977 [1] $memory$flatten\arm16_datapath_unit.\demo_rom_unit.$auto$proc_rom.cc:155:do_switch$445$rdmux[0][0][0]$a$2977 [1] }
    Consolidated identical input bits for $mux cell $flatten\arm16_datapath_unit.\qspi_master_unit.$procmux$548:
      Old ports: A=4'1111, B=$flatten\arm16_datapath_unit.\qspi_master_unit.$3\tx_oe[3:0], Y=$flatten\arm16_datapath_unit.\qspi_master_unit.$2\tx_oe[3:0]
      New ports: A=1'1, B=$flatten\arm16_datapath_unit.\qspi_master_unit.$3\tx_oe[3:0] [0], Y=$flatten\arm16_datapath_unit.\qspi_master_unit.$2\tx_oe[3:0] [0]
      New connections: $flatten\arm16_datapath_unit.\qspi_master_unit.$2\tx_oe[3:0] [3:1] = { $flatten\arm16_datapath_unit.\qspi_master_unit.$2\tx_oe[3:0] [0] $flatten\arm16_datapath_unit.\qspi_master_unit.$2\tx_oe[3:0] [0] $flatten\arm16_datapath_unit.\qspi_master_unit.$2\tx_oe[3:0] [0] }
  Optimizing cells in module \tt_um_moein_maleki_arm16.
    Consolidated identical input bits for $mux cell $memory$flatten\arm16_datapath_unit.\demo_rom_unit.$auto$proc_rom.cc:155:do_switch$445$rdmux[0][0][0]$2976:
      Old ports: A=$memory$flatten\arm16_datapath_unit.\demo_rom_unit.$auto$proc_rom.cc:155:do_switch$445$rdmux[0][0][0]$a$2977, B=$memory$flatten\arm16_datapath_unit.\demo_rom_unit.$auto$proc_rom.cc:155:do_switch$445$rdmux[0][0][0]$b$2978, Y=$$flatten\arm16_datapath_unit.\demo_rom_unit.$auto$proc_rom.cc:155:do_switch$445$rdreg[0]$d
      New ports: A={ 3'101 $memory$flatten\arm16_datapath_unit.\demo_rom_unit.$auto$proc_rom.cc:155:do_switch$445$rdmux[0][0][0]$a$2977 [21] 2'10 $memory$flatten\arm16_datapath_unit.\demo_rom_unit.$auto$proc_rom.cc:155:do_switch$445$rdmux[0][0][0]$a$2977 [21] 2'00 $memory$flatten\arm16_datapath_unit.\demo_rom_unit.$auto$proc_rom.cc:155:do_switch$445$rdmux[0][0][0]$a$2977 [18:12] 1'0 $memory$flatten\arm16_datapath_unit.\demo_rom_unit.$auto$proc_rom.cc:155:do_switch$445$rdmux[0][0][0]$a$2977 [1] $memory$flatten\arm16_datapath_unit.\demo_rom_unit.$auto$proc_rom.cc:155:do_switch$445$rdmux[0][0][0]$a$2977 [1] $memory$flatten\arm16_datapath_unit.\demo_rom_unit.$auto$proc_rom.cc:155:do_switch$445$rdmux[0][0][0]$a$2977 [1] $memory$flatten\arm16_datapath_unit.\demo_rom_unit.$auto$proc_rom.cc:155:do_switch$445$rdmux[0][0][0]$a$2977 [1:0] }, B={ $memory$flatten\arm16_datapath_unit.\demo_rom_unit.$auto$proc_rom.cc:155:do_switch$445$rdmux[0][0][0]$b$2978 [28] $memory$flatten\arm16_datapath_unit.\demo_rom_unit.$auto$proc_rom.cc:155:do_switch$445$rdmux[0][0][0]$b$2978 [26:22] $memory$flatten\arm16_datapath_unit.\demo_rom_unit.$auto$proc_rom.cc:155:do_switch$445$rdmux[0][0][0]$b$2978 [4] $memory$flatten\arm16_datapath_unit.\demo_rom_unit.$auto$proc_rom.cc:155:do_switch$445$rdmux[0][0][0]$b$2978 [20:15] $memory$flatten\arm16_datapath_unit.\demo_rom_unit.$auto$proc_rom.cc:155:do_switch$445$rdmux[0][0][0]$b$2978 [12] $memory$flatten\arm16_datapath_unit.\demo_rom_unit.$auto$proc_rom.cc:155:do_switch$445$rdmux[0][0][0]$b$2978 [13:12] $memory$flatten\arm16_datapath_unit.\demo_rom_unit.$auto$proc_rom.cc:155:do_switch$445$rdmux[0][0][0]$b$2978 [4] $memory$flatten\arm16_datapath_unit.\demo_rom_unit.$auto$proc_rom.cc:155:do_switch$445$rdmux[0][0][0]$b$2978 [4:0] }, Y={ $$flatten\arm16_datapath_unit.\demo_rom_unit.$auto$proc_rom.cc:155:do_switch$445$rdreg[0]$d [28] $$flatten\arm16_datapath_unit.\demo_rom_unit.$auto$proc_rom.cc:155:do_switch$445$rdreg[0]$d [26:12] $$flatten\arm16_datapath_unit.\demo_rom_unit.$auto$proc_rom.cc:155:do_switch$445$rdreg[0]$d [8] $$flatten\arm16_datapath_unit.\demo_rom_unit.$auto$proc_rom.cc:155:do_switch$445$rdreg[0]$d [4:0] }
      New connections: { $$flatten\arm16_datapath_unit.\demo_rom_unit.$auto$proc_rom.cc:155:do_switch$445$rdreg[0]$d [30:29] $$flatten\arm16_datapath_unit.\demo_rom_unit.$auto$proc_rom.cc:155:do_switch$445$rdreg[0]$d [27] $$flatten\arm16_datapath_unit.\demo_rom_unit.$auto$proc_rom.cc:155:do_switch$445$rdreg[0]$d [11:9] $$flatten\arm16_datapath_unit.\demo_rom_unit.$auto$proc_rom.cc:155:do_switch$445$rdreg[0]$d [7:5] } = { $$flatten\arm16_datapath_unit.\demo_rom_unit.$auto$proc_rom.cc:155:do_switch$445$rdreg[0]$d [28] $$flatten\arm16_datapath_unit.\demo_rom_unit.$auto$proc_rom.cc:155:do_switch$445$rdreg[0]$d [28] $$flatten\arm16_datapath_unit.\demo_rom_unit.$auto$proc_rom.cc:155:do_switch$445$rdreg[0]$d [8] $$flatten\arm16_datapath_unit.\demo_rom_unit.$auto$proc_rom.cc:155:do_switch$445$rdreg[0]$d [4] $$flatten\arm16_datapath_unit.\demo_rom_unit.$auto$proc_rom.cc:155:do_switch$445$rdreg[0]$d [4] $$flatten\arm16_datapath_unit.\demo_rom_unit.$auto$proc_rom.cc:155:do_switch$445$rdreg[0]$d [8] $$flatten\arm16_datapath_unit.\demo_rom_unit.$auto$proc_rom.cc:155:do_switch$445$rdreg[0]$d [4] $$flatten\arm16_datapath_unit.\demo_rom_unit.$auto$proc_rom.cc:155:do_switch$445$rdreg[0]$d [4] $$flatten\arm16_datapath_unit.\demo_rom_unit.$auto$proc_rom.cc:155:do_switch$445$rdreg[0]$d [4] }
    Consolidated identical input bits for $mux cell $flatten\arm16_datapath_unit.\qspi_master_unit.$procmux$560:
      Old ports: A=4'0001, B=$flatten\arm16_datapath_unit.\qspi_master_unit.$2\tx_oe[3:0], Y=\arm16_datapath_unit.qspi_master_unit.tx_oe
      New ports: A=2'01, B={ $flatten\arm16_datapath_unit.\qspi_master_unit.$2\tx_oe[3:0] [0] $flatten\arm16_datapath_unit.\qspi_master_unit.$2\tx_oe[3:0] [0] }, Y=\arm16_datapath_unit.qspi_master_unit.tx_oe [1:0]
      New connections: \arm16_datapath_unit.qspi_master_unit.tx_oe [3:2] = { \arm16_datapath_unit.qspi_master_unit.tx_oe [1] \arm16_datapath_unit.qspi_master_unit.tx_oe [1] }
  Optimizing cells in module \tt_um_moein_maleki_arm16.
    Consolidated identical input bits for $pmux cell $flatten\arm16_datapath_unit.\qspi_master_unit.$procmux$818:
      Old ports: A=4'0001, B={ \arm16_datapath_unit.qspi_master_unit.tx_oe 4'0000 }, Y=$flatten\arm16_datapath_unit.\qspi_master_unit.$procmux$818_Y
      New ports: A=2'01, B={ \arm16_datapath_unit.qspi_master_unit.tx_oe [1:0] 2'00 }, Y=$flatten\arm16_datapath_unit.\qspi_master_unit.$procmux$818_Y [1:0]
      New connections: $flatten\arm16_datapath_unit.\qspi_master_unit.$procmux$818_Y [3:2] = { $flatten\arm16_datapath_unit.\qspi_master_unit.$procmux$818_Y [1] $flatten\arm16_datapath_unit.\qspi_master_unit.$procmux$818_Y [1] }
  Optimizing cells in module \tt_um_moein_maleki_arm16.
Performed a total of 41 changes.

15.21.5. Executing OPT_MERGE pass (detect identical cells).
Finding identical cells in module `\tt_um_moein_maleki_arm16'.
Computing hashes of 869 cells of `\tt_um_moein_maleki_arm16'.
Finding duplicate cells in `\tt_um_moein_maleki_arm16'.
Computing hashes of 858 cells of `\tt_um_moein_maleki_arm16'.
Finding duplicate cells in `\tt_um_moein_maleki_arm16'.
<suppressed ~33 debug messages>
Removed a total of 11 cells.

15.21.6. Executing OPT_SHARE pass.
    Found cells that share an operand and can be merged by moving the $pmux $flatten\arm16_datapath_unit.\condition_checker_unit.$procmux$1200 in front of them:
        $flatten\arm16_datapath_unit.\condition_checker_unit.$or$src/condition_checker.v:34$192
        $flatten\arm16_datapath_unit.\condition_checker_unit.$or$src/condition_checker.v:30$185

    Found cells that share an operand and can be merged by moving the $pmux $flatten\arm16_datapath_unit.\condition_checker_unit.$procmux$1200 in front of them:
        $flatten\arm16_datapath_unit.\condition_checker_unit.$and$src/condition_checker.v:33$190
        $flatten\arm16_datapath_unit.\condition_checker_unit.$and$src/condition_checker.v:29$183

    Found cells that share an operand and can be merged by moving the $pmux $flatten\arm16_datapath_unit.\alu_unit.$procmux$1719 in front of them:
        $flatten\arm16_datapath_unit.\alu_unit.$and$src/alu.v:74$25
        $flatten\arm16_datapath_unit.\alu_unit.$and$src/alu.v:68$22

    Found cells that share an operand and can be merged by moving the $pmux $flatten\arm16_datapath_unit.\alu_unit.$procmux$1719 in front of them:
        $flatten\arm16_datapath_unit.\alu_unit.$and$src/alu.v:62$19
        $flatten\arm16_datapath_unit.\alu_unit.$and$src/alu.v:56$16

    Found cells that share an operand and can be merged by moving the $pmux $flatten\arm16_datapath_unit.\vga_renderer_unit.$procmux$449 in front of them:
        $flatten\arm16_datapath_unit.\vga_renderer_unit.$and$src/vga_renderer.v:108$439
        $flatten\arm16_datapath_unit.\vga_renderer_unit.$and$src/vga_renderer.v:106$432
        $flatten\arm16_datapath_unit.\vga_renderer_unit.$and$src/vga_renderer.v:104$425

    Found cells that share an operand and can be merged by moving the $pmux $flatten\arm16_controller_unit.$procmux$1587 in front of them:
        $flatten\arm16_controller_unit.$and$src/arm16_controller.v:142$70
        $flatten\arm16_controller_unit.$and$src/arm16_controller.v:136$63

15.21.7. Executing OPT_DFF pass (perform DFF optimizations).
Adding SRST signal on $$flatten\arm16_datapath_unit.\demo_rom_unit.$auto$proc_rom.cc:155:do_switch$445$rdreg[0] ($dff) from module tt_um_moein_maleki_arm16 (D = { $memory$flatten\arm16_datapath_unit.\demo_rom_unit.$auto$proc_rom.cc:155:do_switch$445$rdmux[0][1][1]$b$2984 [24] $memory$flatten\arm16_datapath_unit.\demo_rom_unit.$auto$proc_rom.cc:155:do_switch$445$rdmux[0][1][1]$b$2984 [17] }, Q = \arm16_datapath_unit.rom_word [26:25], rval = 2'01).
Adding SRST signal on $$flatten\arm16_datapath_unit.\demo_rom_unit.$auto$proc_rom.cc:155:do_switch$445$rdreg[0] ($dff) from module tt_um_moein_maleki_arm16 (D = $memory$flatten\arm16_datapath_unit.\demo_rom_unit.$auto$proc_rom.cc:155:do_switch$445$rdmux[0][1][1]$a$2983 [0], Q = \arm16_datapath_unit.rom_word [23], rval = 1'1).
Adding SRST signal on $$flatten\arm16_datapath_unit.\demo_rom_unit.$auto$proc_rom.cc:155:do_switch$445$rdreg[0] ($dff) from module tt_um_moein_maleki_arm16 (D = { $memory$flatten\arm16_datapath_unit.\demo_rom_unit.$auto$proc_rom.cc:155:do_switch$445$rdmux[0][0][0]$b$2978 [22] $memory$flatten\arm16_datapath_unit.\demo_rom_unit.$auto$proc_rom.cc:155:do_switch$445$rdmux[0][0][0]$b$2978 [20:19] }, Q = { \arm16_datapath_unit.rom_word [22] \arm16_datapath_unit.rom_word [20:19] }, rval = 3'000).

15.21.8. Executing OPT_CLEAN pass (remove unused cells and wires).
Finding unused cells or wires in module \tt_um_moein_maleki_arm16..
Removed 0 unused cells and 107 unused wires.
<suppressed ~1 debug messages>

15.21.9. Executing OPT_EXPR pass (perform const folding).
Optimizing module tt_um_moein_maleki_arm16.
<suppressed ~16 debug messages>

15.21.10. Rerunning OPT passes. (Maybe there is more to do..)

15.21.11. Executing OPT_MUXTREE pass (detect dead branches in mux trees).
Running muxtree optimizer on module \tt_um_moein_maleki_arm16..
  Creating internal representation of mux trees.
  Evaluating internal representation of mux trees.
  Analyzing evaluation results.
Removed 0 multiplexer ports.
<suppressed ~284 debug messages>

15.21.12. Executing OPT_REDUCE pass (consolidate $*mux and $reduce_* inputs).
  Optimizing cells in module \tt_um_moein_maleki_arm16.
    Consolidated identical input bits for $mux cell $memory$flatten\arm16_datapath_unit.\demo_rom_unit.$auto$proc_rom.cc:155:do_switch$445$rdmux[0][2][3]$2994:
      Old ports: A={ $memory$flatten\arm16_datapath_unit.\demo_rom_unit.$auto$proc_rom.cc:155:do_switch$445$rdmux[0][2][0]$b$2987 [13] $memory$flatten\arm16_datapath_unit.\demo_rom_unit.$auto$proc_rom.cc:155:do_switch$445$rdmux[0][2][0]$b$2987 [1] $memory$flatten\arm16_datapath_unit.\demo_rom_unit.$auto$proc_rom.cc:155:do_switch$445$rdmux[0][2][0]$b$2987 [13] 2'00 $memory$flatten\arm16_datapath_unit.\demo_rom_unit.$auto$proc_rom.cc:155:do_switch$445$rdmux[0][2][0]$b$2987 [1] }, B={ 3'011 $memory$flatten\arm16_datapath_unit.\demo_rom_unit.$auto$proc_rom.cc:155:do_switch$445$rdmux[0][2][0]$b$2987 [13] 1'1 $memory$flatten\arm16_datapath_unit.\demo_rom_unit.$auto$proc_rom.cc:155:do_switch$445$rdmux[0][2][0]$b$2987 [1] }, Y={ $memory$flatten\arm16_datapath_unit.\demo_rom_unit.$auto$proc_rom.cc:155:do_switch$445$rdmux[0][1][1]$b$2984 [24] $memory$flatten\arm16_datapath_unit.\demo_rom_unit.$auto$proc_rom.cc:155:do_switch$445$rdmux[0][1][1]$b$2984 [17:16] $memory$flatten\arm16_datapath_unit.\demo_rom_unit.$auto$proc_rom.cc:155:do_switch$445$rdmux[0][1][1]$b$2984 [2:0] }
      New ports: A={ $memory$flatten\arm16_datapath_unit.\demo_rom_unit.$auto$proc_rom.cc:155:do_switch$445$rdmux[0][2][0]$b$2987 [13] $memory$flatten\arm16_datapath_unit.\demo_rom_unit.$auto$proc_rom.cc:155:do_switch$445$rdmux[0][2][0]$b$2987 [1] $memory$flatten\arm16_datapath_unit.\demo_rom_unit.$auto$proc_rom.cc:155:do_switch$445$rdmux[0][2][0]$b$2987 [13] 2'00 }, B={ 3'011 $memory$flatten\arm16_datapath_unit.\demo_rom_unit.$auto$proc_rom.cc:155:do_switch$445$rdmux[0][2][0]$b$2987 [13] 1'1 }, Y={ $memory$flatten\arm16_datapath_unit.\demo_rom_unit.$auto$proc_rom.cc:155:do_switch$445$rdmux[0][1][1]$b$2984 [24] $memory$flatten\arm16_datapath_unit.\demo_rom_unit.$auto$proc_rom.cc:155:do_switch$445$rdmux[0][1][1]$b$2984 [17:16] $memory$flatten\arm16_datapath_unit.\demo_rom_unit.$auto$proc_rom.cc:155:do_switch$445$rdmux[0][1][1]$b$2984 [2:1] }
      New connections: $memory$flatten\arm16_datapath_unit.\demo_rom_unit.$auto$proc_rom.cc:155:do_switch$445$rdmux[0][1][1]$b$2984 [0] = $memory$flatten\arm16_datapath_unit.\demo_rom_unit.$auto$proc_rom.cc:155:do_switch$445$rdmux[0][2][0]$b$2987 [1]
    Consolidated identical input bits for $mux cell $memory$flatten\arm16_datapath_unit.\demo_rom_unit.$auto$proc_rom.cc:155:do_switch$445$rdmux[0][2][1]$2988:
      Old ports: A={ 2'01 $memory$flatten\arm16_datapath_unit.\demo_rom_unit.$auto$proc_rom.cc:155:do_switch$445$rdmux[0][2][0]$b$2987 [13] $memory$flatten\arm16_datapath_unit.\demo_rom_unit.$auto$proc_rom.cc:155:do_switch$445$rdmux[0][2][0]$b$2987 [13] $memory$flatten\arm16_datapath_unit.\demo_rom_unit.$auto$proc_rom.cc:155:do_switch$445$rdmux[0][2][0]$b$2987 [1] $memory$flatten\arm16_datapath_unit.\demo_rom_unit.$auto$proc_rom.cc:155:do_switch$445$rdmux[0][2][0]$b$2987 [1] }, B={ 2'10 $memory$flatten\arm16_datapath_unit.\demo_rom_unit.$auto$proc_rom.cc:155:do_switch$445$rdmux[0][2][0]$b$2987 [13] 1'1 $memory$flatten\arm16_datapath_unit.\demo_rom_unit.$auto$proc_rom.cc:155:do_switch$445$rdmux[0][2][0]$b$2987 [13] $memory$flatten\arm16_datapath_unit.\demo_rom_unit.$auto$proc_rom.cc:155:do_switch$445$rdmux[0][2][0]$b$2987 [1] }, Y={ $memory$flatten\arm16_datapath_unit.\demo_rom_unit.$auto$proc_rom.cc:155:do_switch$445$rdmux[0][1][0]$b$2981 [18:16] $memory$flatten\arm16_datapath_unit.\demo_rom_unit.$auto$proc_rom.cc:155:do_switch$445$rdmux[0][1][0]$b$2981 [14:12] }
      New ports: A={ 2'01 $memory$flatten\arm16_datapath_unit.\demo_rom_unit.$auto$proc_rom.cc:155:do_switch$445$rdmux[0][2][0]$b$2987 [13] $memory$flatten\arm16_datapath_unit.\demo_rom_unit.$auto$proc_rom.cc:155:do_switch$445$rdmux[0][2][0]$b$2987 [1] }, B={ 3'101 $memory$flatten\arm16_datapath_unit.\demo_rom_unit.$auto$proc_rom.cc:155:do_switch$445$rdmux[0][2][0]$b$2987 [13] }, Y={ $memory$flatten\arm16_datapath_unit.\demo_rom_unit.$auto$proc_rom.cc:155:do_switch$445$rdmux[0][1][0]$b$2981 [18:17] $memory$flatten\arm16_datapath_unit.\demo_rom_unit.$auto$proc_rom.cc:155:do_switch$445$rdmux[0][1][0]$b$2981 [14:13] }
      New connections: { $memory$flatten\arm16_datapath_unit.\demo_rom_unit.$auto$proc_rom.cc:155:do_switch$445$rdmux[0][1][0]$b$2981 [16] $memory$flatten\arm16_datapath_unit.\demo_rom_unit.$auto$proc_rom.cc:155:do_switch$445$rdmux[0][1][0]$b$2981 [12] } = { $memory$flatten\arm16_datapath_unit.\demo_rom_unit.$auto$proc_rom.cc:155:do_switch$445$rdmux[0][2][0]$b$2987 [13] $memory$flatten\arm16_datapath_unit.\demo_rom_unit.$auto$proc_rom.cc:155:do_switch$445$rdmux[0][2][0]$b$2987 [1] }
    New ctrl vector for $pmux cell $flatten\arm16_datapath_unit.\condition_checker_unit.$procmux$1200: { $flatten\arm16_datapath_unit.\condition_checker_unit.$procmux$1201_CMP $auto$opt_reduce.cc:137:opt_pmux$3097 $auto$opt_reduce.cc:137:opt_pmux$3095 $flatten\arm16_datapath_unit.\condition_checker_unit.$procmux$1204_CMP $flatten\arm16_datapath_unit.\condition_checker_unit.$procmux$1205_CMP $flatten\arm16_datapath_unit.\condition_checker_unit.$procmux$1208_CMP $flatten\arm16_datapath_unit.\condition_checker_unit.$procmux$1209_CMP $flatten\arm16_datapath_unit.\condition_checker_unit.$procmux$1210_CMP $flatten\arm16_datapath_unit.\condition_checker_unit.$procmux$1211_CMP $flatten\arm16_datapath_unit.\condition_checker_unit.$procmux$1212_CMP $flatten\arm16_datapath_unit.\condition_checker_unit.$procmux$1213_CMP $flatten\arm16_datapath_unit.\condition_checker_unit.$procmux$1214_CMP $flatten\arm16_datapath_unit.\condition_checker_unit.$procmux$1215_CMP }
    New ctrl vector for $pmux cell $flatten\arm16_datapath_unit.\alu_unit.$procmux$1719: { $auto$opt_reduce.cc:137:opt_pmux$3101 $auto$opt_reduce.cc:137:opt_pmux$3099 }
    New ctrl vector for $pmux cell $flatten\arm16_datapath_unit.\vga_renderer_unit.$procmux$449: { $auto$opt_reduce.cc:137:opt_pmux$3103 $flatten\arm16_datapath_unit.\vga_renderer_unit.$procmux$451_CMP $flatten\arm16_datapath_unit.\vga_renderer_unit.$procmux$453_CMP }
    New ctrl vector for $pmux cell $flatten\arm16_controller_unit.$procmux$1587: $auto$opt_reduce.cc:137:opt_pmux$3105
  Optimizing cells in module \tt_um_moein_maleki_arm16.
Performed a total of 6 changes.

15.21.13. Executing OPT_MERGE pass (detect identical cells).
Finding identical cells in module `\tt_um_moein_maleki_arm16'.
Computing hashes of 862 cells of `\tt_um_moein_maleki_arm16'.
Finding duplicate cells in `\tt_um_moein_maleki_arm16'.
Computing hashes of 861 cells of `\tt_um_moein_maleki_arm16'.
Finding duplicate cells in `\tt_um_moein_maleki_arm16'.
<suppressed ~3 debug messages>
Removed a total of 1 cells.

15.21.14. Executing OPT_SHARE pass.
    Found cells that share an operand and can be merged by moving the $mux $auto$opt_share.cc:246:merge_operators$3073 in front of them:
        $flatten\arm16_datapath_unit.\alu_unit.$ne$src/alu.v:74$24
        $flatten\arm16_datapath_unit.\alu_unit.$ne$src/alu.v:68$21

    Found cells that share an operand and can be merged by moving the $mux $auto$opt_share.cc:246:merge_operators$3076 in front of them:
        $flatten\arm16_datapath_unit.\alu_unit.$ne$src/alu.v:62$18
        $flatten\arm16_datapath_unit.\alu_unit.$ne$src/alu.v:56$15

15.21.15. Executing OPT_DFF pass (perform DFF optimizations).
Adding EN signal on $memory\arm16_datapath_unit.register_file_unit.regs[0]$2734 ($dff) from module tt_um_moein_maleki_arm16 (D = \arm16_datapath_unit.register_file_unit.write_data_in, Q = \arm16_datapath_unit.register_file_unit.regs[0]).
Adding EN signal on $memory\arm16_datapath_unit.register_file_unit.regs[1]$2736 ($dff) from module tt_um_moein_maleki_arm16 (D = \arm16_datapath_unit.register_file_unit.write_data_in, Q = \arm16_datapath_unit.register_file_unit.regs[1]).
Adding EN signal on $memory\arm16_datapath_unit.register_file_unit.regs[2]$2738 ($dff) from module tt_um_moein_maleki_arm16 (D = \arm16_datapath_unit.register_file_unit.write_data_in, Q = \arm16_datapath_unit.register_file_unit.regs[2]).
Adding EN signal on $memory\arm16_datapath_unit.register_file_unit.regs[3]$2740 ($dff) from module tt_um_moein_maleki_arm16 (D = \arm16_datapath_unit.register_file_unit.write_data_in, Q = \arm16_datapath_unit.register_file_unit.regs[3]).
Adding EN signal on $memory\arm16_datapath_unit.register_file_unit.regs[4]$2742 ($dff) from module tt_um_moein_maleki_arm16 (D = \arm16_datapath_unit.register_file_unit.write_data_in, Q = \arm16_datapath_unit.register_file_unit.regs[4]).
Adding EN signal on $memory\arm16_datapath_unit.register_file_unit.regs[5]$2744 ($dff) from module tt_um_moein_maleki_arm16 (D = \arm16_datapath_unit.register_file_unit.write_data_in, Q = \arm16_datapath_unit.register_file_unit.regs[5]).
Adding EN signal on $memory\arm16_datapath_unit.register_file_unit.regs[6]$2746 ($dff) from module tt_um_moein_maleki_arm16 (D = \arm16_datapath_unit.register_file_unit.write_data_in, Q = \arm16_datapath_unit.register_file_unit.regs[6]).
Adding EN signal on $memory\arm16_datapath_unit.register_file_unit.regs[7]$2748 ($dff) from module tt_um_moein_maleki_arm16 (D = \arm16_datapath_unit.register_file_unit.write_data_in, Q = \arm16_datapath_unit.register_file_unit.regs[7]).
Adding EN signal on $memory\arm16_datapath_unit.register_file_unit.regs[8]$2750 ($dff) from module tt_um_moein_maleki_arm16 (D = \arm16_datapath_unit.register_file_unit.write_data_in, Q = \arm16_datapath_unit.register_file_unit.regs[8]).
Adding EN signal on $memory\arm16_datapath_unit.register_file_unit.regs[9]$2752 ($dff) from module tt_um_moein_maleki_arm16 (D = \arm16_datapath_unit.register_file_unit.write_data_in, Q = \arm16_datapath_unit.register_file_unit.regs[9]).
Adding EN signal on $memory\arm16_datapath_unit.register_file_unit.regs[10]$2754 ($dff) from module tt_um_moein_maleki_arm16 (D = \arm16_datapath_unit.register_file_unit.write_data_in, Q = \arm16_datapath_unit.register_file_unit.regs[10]).
Adding EN signal on $memory\arm16_datapath_unit.register_file_unit.regs[11]$2756 ($dff) from module tt_um_moein_maleki_arm16 (D = \arm16_datapath_unit.register_file_unit.write_data_in, Q = \arm16_datapath_unit.register_file_unit.regs[11]).
Adding EN signal on $memory\arm16_datapath_unit.register_file_unit.regs[12]$2758 ($dff) from module tt_um_moein_maleki_arm16 (D = \arm16_datapath_unit.register_file_unit.write_data_in, Q = \arm16_datapath_unit.register_file_unit.regs[12]).
Adding EN signal on $memory\arm16_datapath_unit.register_file_unit.regs[13]$2760 ($dff) from module tt_um_moein_maleki_arm16 (D = \arm16_datapath_unit.register_file_unit.write_data_in, Q = \arm16_datapath_unit.register_file_unit.regs[13]).
Adding EN signal on $memory\arm16_datapath_unit.register_file_unit.regs[14]$2762 ($dff) from module tt_um_moein_maleki_arm16 (D = \arm16_datapath_unit.register_file_unit.write_data_in, Q = \arm16_datapath_unit.register_file_unit.regs[14]).
Setting constant 0-bit at position 2 on $auto$ff.cc:337:slice$2210 ($sdffe) from module tt_um_moein_maleki_arm16.
Setting constant 1-bit at position 3 on $auto$ff.cc:337:slice$2210 ($sdffe) from module tt_um_moein_maleki_arm16.
Setting constant 1-bit at position 5 on $auto$ff.cc:337:slice$2210 ($sdffe) from module tt_um_moein_maleki_arm16.

15.21.16. Executing OPT_CLEAN pass (remove unused cells and wires).
Finding unused cells or wires in module \tt_um_moein_maleki_arm16..
Removed 15 unused cells and 28 unused wires.
<suppressed ~16 debug messages>

15.21.17. Executing OPT_EXPR pass (perform const folding).
Optimizing module tt_um_moein_maleki_arm16.
<suppressed ~3 debug messages>

15.21.18. Rerunning OPT passes. (Maybe there is more to do..)

15.21.19. Executing OPT_MUXTREE pass (detect dead branches in mux trees).
Running muxtree optimizer on module \tt_um_moein_maleki_arm16..
  Creating internal representation of mux trees.
  Evaluating internal representation of mux trees.
  Analyzing evaluation results.
Removed 0 multiplexer ports.
<suppressed ~235 debug messages>

15.21.20. Executing OPT_REDUCE pass (consolidate $*mux and $reduce_* inputs).
  Optimizing cells in module \tt_um_moein_maleki_arm16.
Performed a total of 0 changes.

15.21.21. Executing OPT_MERGE pass (detect identical cells).
Finding identical cells in module `\tt_um_moein_maleki_arm16'.
Computing hashes of 844 cells of `\tt_um_moein_maleki_arm16'.
Finding duplicate cells in `\tt_um_moein_maleki_arm16'.
Removed a total of 0 cells.

15.21.22. Executing OPT_SHARE pass.

15.21.23. Executing OPT_DFF pass (perform DFF optimizations).

15.21.24. Executing OPT_CLEAN pass (remove unused cells and wires).
Finding unused cells or wires in module \tt_um_moein_maleki_arm16..
Removed 0 unused cells and 2 unused wires.
<suppressed ~1 debug messages>

15.21.25. Executing OPT_EXPR pass (perform const folding).
Optimizing module tt_um_moein_maleki_arm16.

15.21.26. Rerunning OPT passes. (Maybe there is more to do..)

15.21.27. Executing OPT_MUXTREE pass (detect dead branches in mux trees).
Running muxtree optimizer on module \tt_um_moein_maleki_arm16..
  Creating internal representation of mux trees.
  Evaluating internal representation of mux trees.
  Analyzing evaluation results.
Removed 0 multiplexer ports.
<suppressed ~235 debug messages>

15.21.28. Executing OPT_REDUCE pass (consolidate $*mux and $reduce_* inputs).
  Optimizing cells in module \tt_um_moein_maleki_arm16.
Performed a total of 0 changes.

15.21.29. Executing OPT_MERGE pass (detect identical cells).
Finding identical cells in module `\tt_um_moein_maleki_arm16'.
Computing hashes of 844 cells of `\tt_um_moein_maleki_arm16'.
Finding duplicate cells in `\tt_um_moein_maleki_arm16'.
Removed a total of 0 cells.

15.21.30. Executing OPT_SHARE pass.

15.21.31. Executing OPT_DFF pass (perform DFF optimizations).

15.21.32. Executing OPT_CLEAN pass (remove unused cells and wires).
Finding unused cells or wires in module \tt_um_moein_maleki_arm16..

15.21.33. Executing OPT_EXPR pass (perform const folding).
Optimizing module tt_um_moein_maleki_arm16.

15.21.34. Finished fast OPT passes. (There is nothing left to do.)

15.22. Executing TECHMAP pass (map to technology primitives).

15.22.1. Executing Verilog-2005 frontend: /home/moein/oss-cad-suite/lib/../share/yosys/techmap.v
Parsing Verilog input from `/home/moein/oss-cad-suite/lib/../share/yosys/techmap.v' to AST representation.
Generating RTLIL representation for module `\_90_simplemap_bool_ops'.
Generating RTLIL representation for module `\_90_simplemap_reduce_ops'.
Generating RTLIL representation for module `\_90_simplemap_logic_ops'.
Generating RTLIL representation for module `\_90_simplemap_compare_ops'.
Generating RTLIL representation for module `\_90_simplemap_various'.
Generating RTLIL representation for module `\_90_simplemap_registers'.
Generating RTLIL representation for module `\_90_shift_ops_shr_shl_sshl_sshr'.
Generating RTLIL representation for module `\_90_shift_shiftx'.
Generating RTLIL representation for module `\_90_fa'.
Generating RTLIL representation for module `\_90_lcu_brent_kung'.
Generating RTLIL representation for module `\_90_alu'.
Generating RTLIL representation for module `\_90_macc'.
Generating RTLIL representation for module `\_90_alumacc'.
Generating RTLIL representation for module `$__div_mod_u'.
Generating RTLIL representation for module `$__div_mod_trunc'.
Generating RTLIL representation for module `\_90_div'.
Generating RTLIL representation for module `\_90_mod'.
Generating RTLIL representation for module `$__div_mod_floor'.
Generating RTLIL representation for module `\_90_divfloor'.
Generating RTLIL representation for module `\_90_modfloor'.
Generating RTLIL representation for module `\_90_pow'.
Generating RTLIL representation for module `\_90_demux'.
Generating RTLIL representation for module `\_90_lut'.
Generating RTLIL representation for module `$connect'.
Generating RTLIL representation for module `$input_port'.
Successfully finished Verilog frontend.

15.22.2. Continuing TECHMAP pass.
Using extmapper simplemap for cells of type $sdffe.
Using extmapper simplemap for cells of type $dffe.
Using extmapper simplemap for cells of type $mux.
Using extmapper simplemap for cells of type $reduce_or.
Using extmapper simplemap for cells of type $dff.
Using extmapper simplemap for cells of type $sdff.
Using extmapper simplemap for cells of type $not.
Using extmapper simplemap for cells of type $reduce_and.
Using extmapper simplemap for cells of type $pmux.
Using extmapper simplemap for cells of type $and.
Using template $paramod$constmap:c3f9db2ed086131a46ea635902d682d06f2a96c0$paramod$7354c247b305eda7a69b0d7d9e3b06c015b65190\_90_shift_ops_shr_shl_sshl_sshr for cells of type $shl.
Using extmapper simplemap for cells of type $eq.
Using template $paramod$constmap:4cec2553f7c03927bb859f413bbb2aa3a8ff75f7$paramod$fb9d380efec7abdcae0fb1c8e312791feef7c95c\_90_shift_ops_shr_shl_sshl_sshr for cells of type $shr.
Using extmapper simplemap for cells of type $logic_not.
Using template $paramod$b8c0a997bce700f23568a5ada79cc6781d1f5ca0\_90_alu for cells of type $alu.
Using template $paramod$78e969f2586efcf3a5b0b0440bcca0db83d5cca2\_90_alu for cells of type $alu.
Using template $paramod$754650b284649a026620fc6856e5b6886cbfe794\_90_alu for cells of type $alu.
Using template $paramod$672a140277c71df8314410f22acc08d55222c3c7\_90_alu for cells of type $alu.
Using template $paramod$32a7b7b86c07519b7537abc18e96f0331f97914d\_90_alu for cells of type $alu.
Using template $paramod$98fdd47e93ebd6ee7b239851ea6e44b4909054e6\_90_alu for cells of type $alu.
Using template $paramod$3ef7d3dd227da7627a99c5e5a6a4deb817573e39\_90_alu for cells of type $alu.
Using template $paramod$c3cd1564c35d873179656addd6052d7ea8b6d991\_90_alu for cells of type $alu.
Using template $paramod$215440792383f7884e57d9c95f84e9552d0bf4ac\_90_alu for cells of type $alu.
Using template $paramod$713617589782cfade849bb573b5c36106c4b708f\_90_alu for cells of type $alu.
Using template $paramod$081ba1a4a7201ecdb44563d3c3bd7013d1ebf4eb\_90_alu for cells of type $alu.
Using template $paramod$18205a5da979f93ffab44671dcc4a48cf14e25e2\_90_alu for cells of type $alu.
Using template $paramod$ce0ec84be7047712840b0952f343ee9e63ef75d1\_90_alu for cells of type $alu.
Using template $paramod$dad13a281fa6a9ffd6dd427a87dc9a952e80e9ea\_90_alu for cells of type $alu.
Using template $paramod$fc972a7a46956c1788f3cb5257b53c8f1df2d0cc\_90_alu for cells of type $alu.
Using template $paramod$740b056ede97228d3eae64ea2fdc81f0a33e0fe7\_90_alu for cells of type $alu.
Using template $paramod$f956edc9fe4df758d9fdb10bfc518a364c99e75e\_90_alu for cells of type $alu.
Using template $paramod$ba698a254f9a5947e85cbe7beae6b161eefc5386\_90_alu for cells of type $alu.
Using extmapper simplemap for cells of type $or.
Using template $paramod$dbcdc7e8aa1a4080cea2deda6fdc8772064f4d90\_90_alu for cells of type $alu.
Using template $paramod$befd47b1c77b68561d11d0cb61a0fae29b79f34c\_90_alu for cells of type $alu.
Using template $paramod$cd54e322aa4265ca236096fe4bb634aaec4e39b4\_90_alu for cells of type $alu.
Using template $paramod$00298f3f8094950cb9a5ff2fda48d0d8bde8806c\_90_alu for cells of type $alu.
Using template $paramod$8b1a36ab2238111d2a0f4cb4ef2e14f2a55fc1f9\_90_alu for cells of type $alu.
Using template $paramod$8742280fdebca84e1c87f2a86ed84f62d558f4cc\_90_alu for cells of type $alu.
Using extmapper maccmap for cells of type $macc_v2.
  add \arm16_datapath_unit.ex_pc (16 bits, unsigned)
  add { \arm16_datapath_unit.ex_branch_imm [13:0] 2'00 } (16 bits, unsigned)
  add 16'0000000000001000 (16 bits, unsigned)
Using extmapper simplemap for cells of type $reduce_bool.
Using extmapper simplemap for cells of type $ne.
Using template $paramod$constmap:88952c1ff051e75f3f1c8b84865a914790fe4508$paramod$d26ceb004b1c92f0df605bf9b3fc829369ac4a34\_90_shift_shiftx for cells of type $shift.
Analyzing pattern of constant bits for this cell:
Creating constmapped module `$paramod$constmap:46d59c0e1e31d2a2b4d2d477e1d35763dea5517b$paramod$d26ceb004b1c92f0df605bf9b3fc829369ac4a34\_90_shift_shiftx'.

15.22.66. Executing OPT_MUXTREE pass (detect dead branches in mux trees).
Running muxtree optimizer on module $paramod$constmap:46d59c0e1e31d2a2b4d2d477e1d35763dea5517b$paramod$d26ceb004b1c92f0df605bf9b3fc829369ac4a34\_90_shift_shiftx..
  Creating internal representation of mux trees.
  Evaluating internal representation of mux trees.
  Analyzing evaluation results.
    dead port 2/2 on $mux $procmux$6687.
    dead port 2/2 on $mux $procmux$6693.
    dead port 2/2 on $mux $procmux$6699.
    dead port 2/2 on $mux $procmux$6705.
    dead port 2/2 on $mux $procmux$6711.
    dead port 2/2 on $mux $procmux$6717.
Removed 6 multiplexer ports.
<suppressed ~2101 debug messages>

15.22.67. Executing OPT_EXPR pass (perform const folding).
Optimizing module $paramod$constmap:46d59c0e1e31d2a2b4d2d477e1d35763dea5517b$paramod$d26ceb004b1c92f0df605bf9b3fc829369ac4a34\_90_shift_shiftx.
<suppressed ~28 debug messages>
Removed 0 unused cells and 11 unused wires.
Using template $paramod$constmap:46d59c0e1e31d2a2b4d2d477e1d35763dea5517b$paramod$d26ceb004b1c92f0df605bf9b3fc829369ac4a34\_90_shift_shiftx for cells of type $shift.
Using template $paramod$constmap:48bd907a25bc0baededfa5faa1978d2d62b01be4$paramod$92adee9538f2381d8e5006822c900eb986d754e8\_90_shift_shiftx for cells of type $shiftx.
Using extmapper simplemap for cells of type $xor.
Using extmapper simplemap for cells of type $adff.
Using template $paramod\_90_fa\WIDTH=32'00000000000000000000000000010000 for cells of type $fa.
Using template $paramod$6df0329addda9228fcc2546de2aaf14ad26c98e1\_90_alu for cells of type $alu.
Using extmapper simplemap for cells of type $pos.
Using template $paramod\_90_fa\WIDTH=32'00000000000000000000000000000101 for cells of type $fa.
Using template $paramod\_90_lcu_brent_kung\WIDTH=32'00000000000000000000000000000101 for cells of type $lcu.
Using template $paramod\_90_fa\WIDTH=32'00000000000000000000000000010100 for cells of type $fa.
Using template $paramod\_90_lcu_brent_kung\WIDTH=32'00000000000000000000000000010100 for cells of type $lcu.
Using template $paramod\_90_fa\WIDTH=32'00000000000000000000000000010001 for cells of type $fa.
Using template $paramod\_90_lcu_brent_kung\WIDTH=32'00000000000000000000000000010001 for cells of type $lcu.
Using template $paramod\_90_fa\WIDTH=32'00000000000000000000000000001110 for cells of type $fa.
Using template $paramod\_90_lcu_brent_kung\WIDTH=32'00000000000000000000000000001110 for cells of type $lcu.
Using template $paramod\_90_fa\WIDTH=32'00000000000000000000000000000100 for cells of type $fa.
Using template $paramod\_90_lcu_brent_kung\WIDTH=32'00000000000000000000000000000100 for cells of type $lcu.
Using template $paramod\_90_fa\WIDTH=32'00000000000000000000000000001101 for cells of type $fa.
Using template $paramod\_90_lcu_brent_kung\WIDTH=32'00000000000000000000000000001101 for cells of type $lcu.
Using template $paramod\_90_fa\WIDTH=32'00000000000000000000000000000011 for cells of type $fa.
Using template $paramod\_90_lcu_brent_kung\WIDTH=32'00000000000000000000000000000011 for cells of type $lcu.
Using template $paramod\_90_fa\WIDTH=32'00000000000000000000000000001000 for cells of type $fa.
Using template $paramod\_90_lcu_brent_kung\WIDTH=32'00000000000000000000000000001000 for cells of type $lcu.
Using template $paramod\_90_fa\WIDTH=32'00000000000000000000000000000110 for cells of type $fa.
Using template $paramod\_90_lcu_brent_kung\WIDTH=32'00000000000000000000000000000110 for cells of type $lcu.
Using template $paramod\_90_fa\WIDTH=32'00000000000000000000000000100001 for cells of type $fa.
Using template $paramod\_90_lcu_brent_kung\WIDTH=32'00000000000000000000000000100001 for cells of type $lcu.
Using template $paramod\_90_fa\WIDTH=32'00000000000000000000000000001001 for cells of type $fa.
Using template $paramod\_90_lcu_brent_kung\WIDTH=32'00000000000000000000000000001001 for cells of type $lcu.
Using template $paramod\_90_fa\WIDTH=32'00000000000000000000000000000111 for cells of type $fa.
Using template $paramod\_90_lcu_brent_kung\WIDTH=32'00000000000000000000000000000111 for cells of type $lcu.
Using template $paramod\_90_fa\WIDTH=32'00000000000000000000000000000010 for cells of type $fa.
Using template $paramod\_90_lcu_brent_kung\WIDTH=32'00000000000000000000000000000010 for cells of type $lcu.
Using template $paramod\_90_fa\WIDTH=32'00000000000000000000000000000001 for cells of type $fa.
Using template $paramod\_90_lcu_brent_kung\WIDTH=32'00000000000000000000000000000001 for cells of type $lcu.
Using template $paramod\_90_fa\WIDTH=32'00000000000000000000000000001010 for cells of type $fa.
Using template $paramod\_90_lcu_brent_kung\WIDTH=32'00000000000000000000000000001010 for cells of type $lcu.
Using template $paramod\_90_lcu_brent_kung\WIDTH=32'00000000000000000000000000010000 for cells of type $lcu.
No more expansions possible.
<suppressed ~4288 debug messages>

15.23. Executing OPT pass (performing simple optimizations).

15.23.1. Executing OPT_EXPR pass (perform const folding).
Optimizing module tt_um_moein_maleki_arm16.
<suppressed ~4986 debug messages>

15.23.2. Executing OPT_MERGE pass (detect identical cells).
Finding identical cells in module `\tt_um_moein_maleki_arm16'.
Computing hashes of 6017 cells of `\tt_um_moein_maleki_arm16'.
Finding duplicate cells in `\tt_um_moein_maleki_arm16'.
Computing hashes of 5529 cells of `\tt_um_moein_maleki_arm16'.
Finding duplicate cells in `\tt_um_moein_maleki_arm16'.
Computing hashes of 5404 cells of `\tt_um_moein_maleki_arm16'.
Finding duplicate cells in `\tt_um_moein_maleki_arm16'.
Computing hashes of 5386 cells of `\tt_um_moein_maleki_arm16'.
Finding duplicate cells in `\tt_um_moein_maleki_arm16'.
Computing hashes of 5364 cells of `\tt_um_moein_maleki_arm16'.
Finding duplicate cells in `\tt_um_moein_maleki_arm16'.
Computing hashes of 5334 cells of `\tt_um_moein_maleki_arm16'.
Finding duplicate cells in `\tt_um_moein_maleki_arm16'.
Computing hashes of 5282 cells of `\tt_um_moein_maleki_arm16'.
Finding duplicate cells in `\tt_um_moein_maleki_arm16'.
Computing hashes of 5257 cells of `\tt_um_moein_maleki_arm16'.
Finding duplicate cells in `\tt_um_moein_maleki_arm16'.
Computing hashes of 5256 cells of `\tt_um_moein_maleki_arm16'.
Finding duplicate cells in `\tt_um_moein_maleki_arm16'.
Computing hashes of 5255 cells of `\tt_um_moein_maleki_arm16'.
Finding duplicate cells in `\tt_um_moein_maleki_arm16'.
Computing hashes of 5254 cells of `\tt_um_moein_maleki_arm16'.
Finding duplicate cells in `\tt_um_moein_maleki_arm16'.
Computing hashes of 5253 cells of `\tt_um_moein_maleki_arm16'.
Finding duplicate cells in `\tt_um_moein_maleki_arm16'.
Computing hashes of 5252 cells of `\tt_um_moein_maleki_arm16'.
Finding duplicate cells in `\tt_um_moein_maleki_arm16'.
Computing hashes of 5251 cells of `\tt_um_moein_maleki_arm16'.
Finding duplicate cells in `\tt_um_moein_maleki_arm16'.
Computing hashes of 5250 cells of `\tt_um_moein_maleki_arm16'.
Finding duplicate cells in `\tt_um_moein_maleki_arm16'.
Computing hashes of 5249 cells of `\tt_um_moein_maleki_arm16'.
Finding duplicate cells in `\tt_um_moein_maleki_arm16'.
Computing hashes of 5248 cells of `\tt_um_moein_maleki_arm16'.
Finding duplicate cells in `\tt_um_moein_maleki_arm16'.
Computing hashes of 5247 cells of `\tt_um_moein_maleki_arm16'.
Finding duplicate cells in `\tt_um_moein_maleki_arm16'.
Computing hashes of 5246 cells of `\tt_um_moein_maleki_arm16'.
Finding duplicate cells in `\tt_um_moein_maleki_arm16'.
Computing hashes of 5245 cells of `\tt_um_moein_maleki_arm16'.
Finding duplicate cells in `\tt_um_moein_maleki_arm16'.
Computing hashes of 5244 cells of `\tt_um_moein_maleki_arm16'.
Finding duplicate cells in `\tt_um_moein_maleki_arm16'.
Computing hashes of 5243 cells of `\tt_um_moein_maleki_arm16'.
Finding duplicate cells in `\tt_um_moein_maleki_arm16'.
Computing hashes of 5242 cells of `\tt_um_moein_maleki_arm16'.
Finding duplicate cells in `\tt_um_moein_maleki_arm16'.
Computing hashes of 5241 cells of `\tt_um_moein_maleki_arm16'.
Finding duplicate cells in `\tt_um_moein_maleki_arm16'.
Computing hashes of 5240 cells of `\tt_um_moein_maleki_arm16'.
Finding duplicate cells in `\tt_um_moein_maleki_arm16'.
Computing hashes of 5239 cells of `\tt_um_moein_maleki_arm16'.
Finding duplicate cells in `\tt_um_moein_maleki_arm16'.
Computing hashes of 5238 cells of `\tt_um_moein_maleki_arm16'.
Finding duplicate cells in `\tt_um_moein_maleki_arm16'.
<suppressed ~2337 debug messages>
Removed a total of 779 cells.

15.23.3. Executing OPT_DFF pass (perform DFF optimizations).
Adding SRST signal on $auto$ff.cc:337:slice$3481 ($_DFF_P_) from module tt_um_moein_maleki_arm16 (D = $memory$flatten\arm16_datapath_unit.\demo_rom_unit.$auto$proc_rom.cc:155:do_switch$445$rdmux[0][0][0]$b$2978 [4], Q = \arm16_datapath_unit.rom_word [27], rval = 1'0).
Adding SRST signal on $auto$ff.cc:337:slice$3483 ($_DFF_P_) from module tt_um_moein_maleki_arm16 (D = $memory$flatten\arm16_datapath_unit.\demo_rom_unit.$auto$proc_rom.cc:155:do_switch$445$rdmux[0][1][1]$b$2984 [16], Q = \arm16_datapath_unit.rom_word [30], rval = 1'1).

15.23.4. Executing OPT_CLEAN pass (remove unused cells and wires).
Finding unused cells or wires in module \tt_um_moein_maleki_arm16..
Removed 340 unused cells and 3067 unused wires.
<suppressed ~342 debug messages>

15.23.5. Rerunning OPT passes. (Removed registers in this run.)

15.23.6. Executing OPT_EXPR pass (perform const folding).
Optimizing module tt_um_moein_maleki_arm16.
<suppressed ~34 debug messages>

15.23.7. Executing OPT_MERGE pass (detect identical cells).
Finding identical cells in module `\tt_um_moein_maleki_arm16'.
Computing hashes of 4865 cells of `\tt_um_moein_maleki_arm16'.
Finding duplicate cells in `\tt_um_moein_maleki_arm16'.
Computing hashes of 4863 cells of `\tt_um_moein_maleki_arm16'.
Finding duplicate cells in `\tt_um_moein_maleki_arm16'.
<suppressed ~6 debug messages>
Removed a total of 2 cells.

15.23.8. Executing OPT_DFF pass (perform DFF optimizations).

15.23.9. Executing OPT_CLEAN pass (remove unused cells and wires).
Finding unused cells or wires in module \tt_um_moein_maleki_arm16..
Removed 0 unused cells and 31 unused wires.
<suppressed ~1 debug messages>

15.23.10. Finished fast OPT passes.

15.24. Executing ABC pass (technology mapping using ABC).

15.24.1. Extracting gate netlist of module `\tt_um_moein_maleki_arm16' to `<abc-temp-dir>/input.blif'..
Replacing 2 occurrences of constant undef bits with constant zero bits

15.24.1.1. Executed ABC.
Extracted 4076 gates and 4831 wires to a netlist network with 752 inputs and 410 outputs.
Running ABC script: <abc-temp-dir>/abc.script
ABC: UC Berkeley, ABC 1.01 (compiled Jul 16 2026 03:52:11)
ABC: abc 01> empty
ABC: abc 01> source <abc-temp-dir>/abc.script
ABC: + read_blif <abc-temp-dir>/input.blif 
ABC: + read_library <abc-temp-dir>/stdcells.genlib 
ABC: + strash 
ABC: + &get -n 
ABC: + &fraig -x 
ABC: + &put 
ABC: + scorr 
ABC: Warning: The network is combinational (run "fraig" or "fraig_sweep").
ABC: + dc2 
ABC: + dretime 
ABC: + strash 
ABC: + &get -n 
ABC: + &dch -f 
ABC: + &nf 
ABC: + &put 
ABC: + write_blif <abc-temp-dir>/output.blif 
ABC: 
ABC: YOSYS_ABC_DONE 

15.24.1.2. Re-integrating ABC results.
ABC RESULTS:               AND cells:      811
ABC RESULTS:            ANDNOT cells:      221
ABC RESULTS:               MUX cells:      605
ABC RESULTS:              NAND cells:     1187
ABC RESULTS:               NOR cells:      138
ABC RESULTS:               NOT cells:       61
ABC RESULTS:                OR cells:      280
ABC RESULTS:             ORNOT cells:      176
ABC RESULTS:              XNOR cells:      103
ABC RESULTS:               XOR cells:      119
ABC RESULTS:        internal signals:     3669
ABC RESULTS:           input signals:      752
ABC RESULTS:          output signals:      410
Removing temp directory.
Removing global temp directory.

15.25. Executing OPT pass (performing simple optimizations).

15.25.1. Executing OPT_EXPR pass (perform const folding).
Optimizing module tt_um_moein_maleki_arm16.
<suppressed ~14 debug messages>

15.25.2. Executing OPT_MERGE pass (detect identical cells).
Finding identical cells in module `\tt_um_moein_maleki_arm16'.
Computing hashes of 4488 cells of `\tt_um_moein_maleki_arm16'.
Finding duplicate cells in `\tt_um_moein_maleki_arm16'.
Computing hashes of 4487 cells of `\tt_um_moein_maleki_arm16'.
Finding duplicate cells in `\tt_um_moein_maleki_arm16'.
<suppressed ~3 debug messages>
Removed a total of 1 cells.

15.25.3. Executing OPT_DFF pass (perform DFF optimizations).

15.25.4. Executing OPT_CLEAN pass (remove unused cells and wires).
Finding unused cells or wires in module \tt_um_moein_maleki_arm16..
Removed 0 unused cells and 2939 unused wires.
<suppressed ~141 debug messages>

15.25.5. Finished fast OPT passes.

15.26. Executing HIERARCHY pass (managing design hierarchy).
Attribute `top' found on module `tt_um_moein_maleki_arm16'. Setting top module to tt_um_moein_maleki_arm16.

15.26.1. Analyzing design hierarchy..
Top module:  \tt_um_moein_maleki_arm16

15.26.2. Analyzing design hierarchy..
Top module:  \tt_um_moein_maleki_arm16
Removed 0 unused modules.

15.27. Printing statistics.

=== tt_um_moein_maleki_arm16 ===

        +----------Local Count, excluding submodules.
        | 
     3776 wires
     5401 wire bits
      301 public wires
     1843 public wire bits
        8 ports
       43 port bits
     4487 cells
      221   $_ANDNOT_
      810   $_AND_
      240   $_DFFE_NP_
       36   $_DFFE_PP_
        1   $_DFF_N_
        2   $_DFF_PN1_
       34   $_DFF_P_
      605   $_MUX_
     1187   $_NAND_
      138   $_NOR_
       61   $_NOT_
      176   $_ORNOT_
      280   $_OR_
      168   $_SDFFE_PP0N_
      237   $_SDFFE_PP0P_
       18   $_SDFFE_PP1P_
       11   $_SDFF_PN0_
        2   $_SDFF_PN1_
       23   $_SDFF_PP0_
        2   $_SDFF_PP1_
      103   $_XNOR_
      119   $_XOR_
       13   $scopeinfo

15.28. Executing CHECK pass (checking for obvious problems).
Checking module tt_um_moein_maleki_arm16...
Found and reported 0 problems.

16. Executing DFFLIBMAP pass (mapping DFF cells to sequential cells from liberty file).
  cell sky130_fd_sc_hd__dfxtp_1 (noninv, pins=3, area=20.02) is a direct match for cell type $_DFF_P_.
  cell sky130_fd_sc_hd__dfrtn_1 (noninv, pins=4, area=25.02) is a direct match for cell type $_DFF_NN0_.
  cell sky130_fd_sc_hd__dfrtp_1 (noninv, pins=4, area=25.02) is a direct match for cell type $_DFF_PN0_.
  cell sky130_fd_sc_hd__dfstp_2 (noninv, pins=4, area=26.28) is a direct match for cell type $_DFF_PN1_.
  cell sky130_fd_sc_hd__edfxtp_1 (noninv, pins=4, area=30.03) is a direct match for cell type $_DFFE_PP_.
  cell sky130_fd_sc_hd__dfbbn_1 (noninv, pins=6, area=32.53) is a direct match for cell type $_DFFSR_NNN_.
  cell sky130_fd_sc_hd__dfbbp_1 (noninv, pins=6, area=32.53) is a direct match for cell type $_DFFSR_PNN_.
  final dff cell mappings:
    unmapped dff cell: $_DFF_N_
    \sky130_fd_sc_hd__dfxtp_1 _DFF_P_ (.CLK( C), .D( D), .Q( Q));
    \sky130_fd_sc_hd__dfrtn_1 _DFF_NN0_ (.CLK_N( C), .D( D), .Q( Q), .RESET_B( R));
    unmapped dff cell: $_DFF_NN1_
    unmapped dff cell: $_DFF_NP0_
    unmapped dff cell: $_DFF_NP1_
    \sky130_fd_sc_hd__dfrtp_1 _DFF_PN0_ (.CLK( C), .D( D), .Q( Q), .RESET_B( R));
    \sky130_fd_sc_hd__dfstp_2 _DFF_PN1_ (.CLK( C), .D( D), .Q( Q), .SET_B( R));
    unmapped dff cell: $_DFF_PP0_
    unmapped dff cell: $_DFF_PP1_
    unmapped dff cell: $_DFFE_NN_
    unmapped dff cell: $_DFFE_NP_
    unmapped dff cell: $_DFFE_PN_
    \sky130_fd_sc_hd__edfxtp_1 _DFFE_PP_ (.CLK( C), .D( D), .DE( E), .Q( Q));
    \sky130_fd_sc_hd__dfbbn_1 _DFFSR_NNN_ (.CLK_N( C), .D( D), .Q( Q), .Q_N(~Q), .RESET_B( R), .SET_B( S));
    unmapped dff cell: $_DFFSR_NNP_
    unmapped dff cell: $_DFFSR_NPN_
    unmapped dff cell: $_DFFSR_NPP_
    \sky130_fd_sc_hd__dfbbp_1 _DFFSR_PNN_ (.CLK( C), .D( D), .Q( Q), .Q_N(~Q), .RESET_B( R), .SET_B( S));
    unmapped dff cell: $_DFFSR_PNP_
    unmapped dff cell: $_DFFSR_PPN_
    unmapped dff cell: $_DFFSR_PPP_

16.1. Executing DFFLEGALIZE pass (convert FFs to types supported by the target).
<suppressed ~24 debug messages>
Mapping DFF cells in module `\tt_um_moein_maleki_arm16':
  mapped 276 $_DFFE_PP_ cells to \sky130_fd_sc_hd__edfxtp_1 cells.
  mapped 2 $_DFF_PN1_ cells to \sky130_fd_sc_hd__dfstp_2 cells.
  mapped 496 $_DFF_P_ cells to \sky130_fd_sc_hd__dfxtp_1 cells.

17. Executing ABC pass (technology mapping using ABC).

17.1. Extracting gate netlist of module `\tt_um_moein_maleki_arm16' to `<abc-temp-dir>/input.blif'..
ABC: using cached merged SCL: /tmp/yosys-liberty-scl-cache/yosys_merged_26d78acf.scl (1 files)

17.1.1. Executed ABC.
Extracted 4825 gates and 5611 wires to a netlist network with 784 inputs and 774 outputs.
Running ABC script: <abc-temp-dir>/abc.script
ABC: UC Berkeley, ABC 1.01 (compiled Jul 16 2026 03:52:11)
ABC: abc 01> empty
ABC: abc 01> source <abc-temp-dir>/abc.script
ABC: + read_blif <abc-temp-dir>/input.blif 
ABC: + read_scl /tmp/yosys-liberty-scl-cache/yosys_merged_26d78acf.scl 
ABC: Warning: Detected 9 multi-output cells (for example, "sky130_fd_sc_hd__fa_1").
ABC: + strash 
ABC: + &get -n 
ABC: + &fraig -x 
ABC: + &put 
ABC: + scorr 
ABC: Warning: The network is combinational (run "fraig" or "fraig_sweep").
ABC: + dc2 
ABC: + dretime 
ABC: + strash 
ABC: + &get -n 
ABC: + &dch -f 
ABC: + &nf 
ABC: + &put 
ABC: + write_blif <abc-temp-dir>/output.blif 
ABC: 
ABC: YOSYS_ABC_DONE 

17.1.2. Re-integrating ABC results.
ABC RESULTS:   sky130_fd_sc_hd__a2111o_1 cells:        1
ABC RESULTS:   sky130_fd_sc_hd__a2111oi_0 cells:       10
ABC RESULTS:   sky130_fd_sc_hd__a211o_1 cells:        5
ABC RESULTS:   sky130_fd_sc_hd__a211oi_1 cells:       59
ABC RESULTS:   sky130_fd_sc_hd__a21boi_0 cells:        9
ABC RESULTS:   sky130_fd_sc_hd__a21o_1 cells:       21
ABC RESULTS:   sky130_fd_sc_hd__a21oi_1 cells:      431
ABC RESULTS:   sky130_fd_sc_hd__a221o_1 cells:       17
ABC RESULTS:   sky130_fd_sc_hd__a221oi_1 cells:       51
ABC RESULTS:   sky130_fd_sc_hd__a222oi_1 cells:       22
ABC RESULTS:   sky130_fd_sc_hd__a22o_1 cells:       58
ABC RESULTS:   sky130_fd_sc_hd__a22oi_1 cells:      114
ABC RESULTS:   sky130_fd_sc_hd__a2bb2oi_1 cells:        6
ABC RESULTS:   sky130_fd_sc_hd__a311oi_1 cells:       15
ABC RESULTS:   sky130_fd_sc_hd__a31o_1 cells:        4
ABC RESULTS:   sky130_fd_sc_hd__a31oi_1 cells:       35
ABC RESULTS:   sky130_fd_sc_hd__a32o_1 cells:        7
ABC RESULTS:   sky130_fd_sc_hd__a32oi_1 cells:       15
ABC RESULTS:   sky130_fd_sc_hd__a41o_1 cells:        1
ABC RESULTS:   sky130_fd_sc_hd__a41oi_1 cells:        4
ABC RESULTS:   sky130_fd_sc_hd__and2_0 cells:       57
ABC RESULTS:   sky130_fd_sc_hd__and3_1 cells:       42
ABC RESULTS:   sky130_fd_sc_hd__and3b_1 cells:        2
ABC RESULTS:   sky130_fd_sc_hd__and4_1 cells:        2
ABC RESULTS:   sky130_fd_sc_hd__and4b_1 cells:        1
ABC RESULTS:   sky130_fd_sc_hd__clkinv_1 cells:      298
ABC RESULTS:   sky130_fd_sc_hd__lpflow_inputiso1p_1 cells:       30
ABC RESULTS:   sky130_fd_sc_hd__lpflow_isobufsrc_1 cells:       35
ABC RESULTS:   sky130_fd_sc_hd__maj3_1 cells:        1
ABC RESULTS:   sky130_fd_sc_hd__mux2_1 cells:       38
ABC RESULTS:   sky130_fd_sc_hd__mux2i_1 cells:      110
ABC RESULTS:   sky130_fd_sc_hd__mux4_2 cells:       45
ABC RESULTS:   sky130_fd_sc_hd__nand2_1 cells:      568
ABC RESULTS:   sky130_fd_sc_hd__nand2b_1 cells:       25
ABC RESULTS:   sky130_fd_sc_hd__nand3_1 cells:       89
ABC RESULTS:   sky130_fd_sc_hd__nand3b_1 cells:       13
ABC RESULTS:   sky130_fd_sc_hd__nand4_1 cells:       34
ABC RESULTS:   sky130_fd_sc_hd__nand4b_1 cells:        2
ABC RESULTS:   sky130_fd_sc_hd__nand4bb_1 cells:        1
ABC RESULTS:   sky130_fd_sc_hd__nor2_1 cells:      511
ABC RESULTS:   sky130_fd_sc_hd__nor2b_1 cells:       12
ABC RESULTS:   sky130_fd_sc_hd__nor3_1 cells:      155
ABC RESULTS:   sky130_fd_sc_hd__nor3b_1 cells:        8
ABC RESULTS:   sky130_fd_sc_hd__nor4_1 cells:       21
ABC RESULTS:   sky130_fd_sc_hd__nor4b_1 cells:        5
ABC RESULTS:   sky130_fd_sc_hd__nor4bb_1 cells:        2
ABC RESULTS:   sky130_fd_sc_hd__o2111a_1 cells:        1
ABC RESULTS:   sky130_fd_sc_hd__o2111ai_1 cells:        5
ABC RESULTS:   sky130_fd_sc_hd__o211a_1 cells:        5
ABC RESULTS:   sky130_fd_sc_hd__o211ai_1 cells:       38
ABC RESULTS:   sky130_fd_sc_hd__o21a_1 cells:       15
ABC RESULTS:   sky130_fd_sc_hd__o21ai_0 cells:      298
ABC RESULTS:   sky130_fd_sc_hd__o21bai_1 cells:        6
ABC RESULTS:   sky130_fd_sc_hd__o221ai_1 cells:       28
ABC RESULTS:   sky130_fd_sc_hd__o22ai_1 cells:       52
ABC RESULTS:   sky130_fd_sc_hd__o2bb2ai_1 cells:        4
ABC RESULTS:   sky130_fd_sc_hd__o311a_1 cells:        1
ABC RESULTS:   sky130_fd_sc_hd__o311ai_0 cells:        8
ABC RESULTS:   sky130_fd_sc_hd__o31a_1 cells:        2
ABC RESULTS:   sky130_fd_sc_hd__o31ai_1 cells:       13
ABC RESULTS:   sky130_fd_sc_hd__o32a_1 cells:        1
ABC RESULTS:   sky130_fd_sc_hd__o32ai_1 cells:        7
ABC RESULTS:   sky130_fd_sc_hd__o41ai_1 cells:        5
ABC RESULTS:   sky130_fd_sc_hd__or3_1 cells:       24
ABC RESULTS:   sky130_fd_sc_hd__or3b_1 cells:        1
ABC RESULTS:   sky130_fd_sc_hd__or4_1 cells:        9
ABC RESULTS:   sky130_fd_sc_hd__xnor2_1 cells:       75
ABC RESULTS:   sky130_fd_sc_hd__xor2_1 cells:       52
ABC RESULTS:        internal signals:     4053
ABC RESULTS:           input signals:      784
ABC RESULTS:          output signals:      774
Removing temp directory.
Removing global temp directory.

18. Executing OPT_CLEAN pass (remove unused cells and wires).
Finding unused cells or wires in module \tt_um_moein_maleki_arm16..
Removed 13 unused cells and 5612 unused wires.
<suppressed ~203 debug messages>

19. Printing statistics.

=== tt_um_moein_maleki_arm16 ===

        +----------Local Count, excluding submodules.
        |        +-Local Area, excluding submodules.
        |        | 
     3715        - wires
     4581        - wire bits
      112        - public wires
      948        - public wire bits
        8        - ports
       43        - port bits
     4416  39256.4 cells
        1   11.261   sky130_fd_sc_hd__a2111o_1
       10   87.584   sky130_fd_sc_hd__a2111oi_0
        5   43.792   sky130_fd_sc_hd__a211o_1
       59  442.925   sky130_fd_sc_hd__a211oi_1
        9   67.565   sky130_fd_sc_hd__a21boi_0
       21  157.651   sky130_fd_sc_hd__a21o_1
      431 2.16E+03   sky130_fd_sc_hd__a21oi_1
       17  170.163   sky130_fd_sc_hd__a221o_1
       51  446.678   sky130_fd_sc_hd__a221oi_1
       22  220.211   sky130_fd_sc_hd__a222oi_1
       58  507.987   sky130_fd_sc_hd__a22o_1
      114  855.821   sky130_fd_sc_hd__a22oi_1
        6    52.55   sky130_fd_sc_hd__a2bb2oi_1
       15  131.376   sky130_fd_sc_hd__a311oi_1
        4   35.034   sky130_fd_sc_hd__a31o_1
       35   218.96   sky130_fd_sc_hd__a31oi_1
        7   70.067   sky130_fd_sc_hd__a32o_1
       15  131.376   sky130_fd_sc_hd__a32oi_1
        1    10.01   sky130_fd_sc_hd__a41o_1
        4   35.034   sky130_fd_sc_hd__a41oi_1
       57  356.592   sky130_fd_sc_hd__and2_0
       42  262.752   sky130_fd_sc_hd__and3_1
        2   17.517   sky130_fd_sc_hd__and3b_1
        2   17.517   sky130_fd_sc_hd__and4_1
        1    10.01   sky130_fd_sc_hd__and4b_1
      298 1.12E+03   sky130_fd_sc_hd__clkinv_1
        2    52.55   sky130_fd_sc_hd__dfstp_2
      496 9.93E+03   sky130_fd_sc_hd__dfxtp_1
      276 8.29E+03   sky130_fd_sc_hd__edfxtp_1
       30   187.68   sky130_fd_sc_hd__lpflow_inputiso1p_1
       35   218.96   sky130_fd_sc_hd__lpflow_isobufsrc_1
        1    10.01   sky130_fd_sc_hd__maj3_1
       38   427.91   sky130_fd_sc_hd__mux2_1
      110  1.1E+03   sky130_fd_sc_hd__mux2i_1
       45 1.01E+03   sky130_fd_sc_hd__mux4_2
      568 2.13E+03   sky130_fd_sc_hd__nand2_1
       25    156.4   sky130_fd_sc_hd__nand2b_1
       89  445.427   sky130_fd_sc_hd__nand3_1
       13   97.594   sky130_fd_sc_hd__nand3b_1
       34  212.704   sky130_fd_sc_hd__nand4_1
        2   17.517   sky130_fd_sc_hd__nand4b_1
        1   11.261   sky130_fd_sc_hd__nand4bb_1
      511  1918.09   sky130_fd_sc_hd__nor2_1
       12   75.072   sky130_fd_sc_hd__nor2b_1
      155  775.744   sky130_fd_sc_hd__nor3_1
        8   60.058   sky130_fd_sc_hd__nor3b_1
       21  131.376   sky130_fd_sc_hd__nor4_1
        5   43.792   sky130_fd_sc_hd__nor4b_1
        2   20.019   sky130_fd_sc_hd__nor4bb_1
        1   11.261   sky130_fd_sc_hd__o2111a_1
        5   43.792   sky130_fd_sc_hd__o2111ai_1
        5   50.048   sky130_fd_sc_hd__o211a_1
       38  285.274   sky130_fd_sc_hd__o211ai_1
       15  112.608   sky130_fd_sc_hd__o21a_1
      298  1491.43   sky130_fd_sc_hd__o21ai_0
        6   45.043   sky130_fd_sc_hd__o21bai_1
       28  245.235   sky130_fd_sc_hd__o221ai_1
       52  325.312   sky130_fd_sc_hd__o22ai_1
        4   35.034   sky130_fd_sc_hd__o2bb2ai_1
        1    10.01   sky130_fd_sc_hd__o311a_1
        8   70.067   sky130_fd_sc_hd__o311ai_0
        2   17.517   sky130_fd_sc_hd__o31a_1
       13   97.594   sky130_fd_sc_hd__o31ai_1
        1    10.01   sky130_fd_sc_hd__o32a_1
        7   61.309   sky130_fd_sc_hd__o32ai_1
        5   43.792   sky130_fd_sc_hd__o41ai_1
       24  150.144   sky130_fd_sc_hd__or3_1
        1    8.758   sky130_fd_sc_hd__or3b_1
        9   67.565   sky130_fd_sc_hd__or4_1
       75   656.88   sky130_fd_sc_hd__xnor2_1
       52  455.437   sky130_fd_sc_hd__xor2_1

   Chip area for module '\tt_um_moein_maleki_arm16': 39256.400000
     of which used for sequential elements: 18270.022400 (46.54%)

End of script. Logfile hash: 5285f36063, time: 1.82s, user: 0.89s, system: 0.04s, MEM: 55.43 MB peak
Yosys 0.67+40 (git sha1 45ea2b8d6-dirty, Release, Clang /usr/bin/clang++ 18.1.8)
Time spent: 53% 2x abc (1 sec), 8% 63x opt_expr (0 sec), ...
