
 /----------------------------------------------------------------------------\
 |  yosys -- Yosys Open SYnthesis Suite                                       |
 |  Copyright (C) 2012 - 2026  Claire Xenia Wolf <claire@yosyshq.com>         |
 |  Distributed under an ISC-like license, type "license" to see terms        |
 \----------------------------------------------------------------------------/
 Yosys 0.67+40 (git sha1 45ea2b8d6-dirty, Release, Clang /usr/bin/clang++ 18.1.8)

-- Running command `read_verilog src/alu.v src/arm16_controller.v src/arm16_datapath.v src/barrel_shifter.v src/condition_checker.v src/demo_rom.v src/forwarding_selector.v src/hazard_detector.v src/instruction_decoder.v src/project.v src/qspi_master.v src/register_file.v src/reset_synchronizer.v src/vga_renderer.v; synth -top tt_um_moein_maleki_arm16 -flatten; dfflibmap -liberty /home/moein/.ciel/ciel/sky130/versions/8afc8346a57fe1ab7934ba5a6056ea8b43078e71/sky130A/libs.ref/sky130_fd_sc_hd/lib/sky130_fd_sc_hd__tt_025C_1v80.lib; abc -liberty /home/moein/.ciel/ciel/sky130/versions/8afc8346a57fe1ab7934ba5a6056ea8b43078e71/sky130A/libs.ref/sky130_fd_sc_hd/lib/sky130_fd_sc_hd__tt_025C_1v80.lib; opt_clean -purge; stat -liberty /home/moein/.ciel/ciel/sky130/versions/8afc8346a57fe1ab7934ba5a6056ea8b43078e71/sky130A/libs.ref/sky130_fd_sc_hd/lib/sky130_fd_sc_hd__tt_025C_1v80.lib' --

1. Executing Verilog-2005 frontend: src/alu.v
Parsing Verilog input from `src/alu.v' to AST representation.
Generating RTLIL representation for module `\alu'.
Successfully finished Verilog frontend.

2. Executing Verilog-2005 frontend: src/arm16_controller.v
Parsing Verilog input from `src/arm16_controller.v' to AST representation.
Generating RTLIL representation for module `\arm16_controller'.
Successfully finished Verilog frontend.

3. Executing Verilog-2005 frontend: src/arm16_datapath.v
Parsing Verilog input from `src/arm16_datapath.v' to AST representation.
Generating RTLIL representation for module `\arm16_datapath'.
Successfully finished Verilog frontend.

4. Executing Verilog-2005 frontend: src/barrel_shifter.v
Parsing Verilog input from `src/barrel_shifter.v' to AST representation.
Generating RTLIL representation for module `\barrel_shifter'.
Successfully finished Verilog frontend.

5. Executing Verilog-2005 frontend: src/condition_checker.v
Parsing Verilog input from `src/condition_checker.v' to AST representation.
Generating RTLIL representation for module `\condition_checker'.
Successfully finished Verilog frontend.

6. Executing Verilog-2005 frontend: src/demo_rom.v
Parsing Verilog input from `src/demo_rom.v' to AST representation.
Generating RTLIL representation for module `\demo_rom'.
Successfully finished Verilog frontend.

7. Executing Verilog-2005 frontend: src/forwarding_selector.v
Parsing Verilog input from `src/forwarding_selector.v' to AST representation.
Generating RTLIL representation for module `\forwarding_selector'.
Successfully finished Verilog frontend.

8. Executing Verilog-2005 frontend: src/hazard_detector.v
Parsing Verilog input from `src/hazard_detector.v' to AST representation.
Generating RTLIL representation for module `\hazard_detector'.
Successfully finished Verilog frontend.

9. Executing Verilog-2005 frontend: src/instruction_decoder.v
Parsing Verilog input from `src/instruction_decoder.v' to AST representation.
Generating RTLIL representation for module `\instruction_decoder'.
Successfully finished Verilog frontend.

10. Executing Verilog-2005 frontend: src/project.v
Parsing Verilog input from `src/project.v' to AST representation.
Generating RTLIL representation for module `\tt_um_moein_maleki_arm16'.
Successfully finished Verilog frontend.

11. Executing Verilog-2005 frontend: src/qspi_master.v
Parsing Verilog input from `src/qspi_master.v' to AST representation.
Generating RTLIL representation for module `\qspi_master'.
Successfully finished Verilog frontend.

12. Executing Verilog-2005 frontend: src/register_file.v
Parsing Verilog input from `src/register_file.v' to AST representation.
Generating RTLIL representation for module `\register_file'.
Successfully finished Verilog frontend.

13. Executing Verilog-2005 frontend: src/reset_synchronizer.v
Parsing Verilog input from `src/reset_synchronizer.v' to AST representation.
Generating RTLIL representation for module `\reset_synchronizer'.
Successfully finished Verilog frontend.

14. Executing Verilog-2005 frontend: src/vga_renderer.v
Parsing Verilog input from `src/vga_renderer.v' to AST representation.
Generating RTLIL representation for module `\vga_renderer'.
Successfully finished Verilog frontend.

15. Executing SYNTH pass.

15.1. Executing HIERARCHY pass (managing design hierarchy).

15.1.1. Analyzing design hierarchy..
Top module:  \tt_um_moein_maleki_arm16
Used module:     \reset_synchronizer
Used module:     \arm16_datapath
Used module:         \vga_renderer
Used module:         \qspi_master
Used module:         \alu
Used module:         \barrel_shifter
Used module:         \forwarding_selector
Used module:         \hazard_detector
Used module:         \register_file
Used module:         \condition_checker
Used module:         \instruction_decoder
Used module:         \demo_rom
Used module:     \arm16_controller

15.1.2. Analyzing design hierarchy..
Top module:  \tt_um_moein_maleki_arm16
Used module:     \reset_synchronizer
Used module:     \arm16_datapath
Used module:         \vga_renderer
Used module:         \qspi_master
Used module:         \alu
Used module:         \barrel_shifter
Used module:         \forwarding_selector
Used module:         \hazard_detector
Used module:         \register_file
Used module:         \condition_checker
Used module:         \instruction_decoder
Used module:         \demo_rom
Used module:     \arm16_controller
Removed 0 unused modules.

15.2. Executing PROC pass (convert processes to netlists).

15.2.1. Executing PROC_CLEAN pass (remove empty switches from decision trees).
Cleaned up 0 empty switches.

15.2.2. Executing PROC_RMDEAD pass (remove dead branches from decision trees).
Marked 1 switch rules as full_case in process $proc$src/vga_renderer.v:101$422 in module vga_renderer.
Marked 1 switch rules as full_case in process $proc$src/vga_renderer.v:79$421 in module vga_renderer.
Marked 1 switch rules as full_case in process $proc$src/vga_renderer.v:69$420 in module vga_renderer.
Marked 1 switch rules as full_case in process $proc$src/vga_renderer.v:52$404 in module vga_renderer.
Marked 1 switch rules as full_case in process $proc$src/reset_synchronizer.v:13$387 in module reset_synchronizer.
Marked 1 switch rules as full_case in process $proc$src/register_file.v:20$380 in module register_file.
Marked 6 switch rules as full_case in process $proc$src/qspi_master.v:328$367 in module qspi_master.
Marked 10 switch rules as full_case in process $proc$src/qspi_master.v:284$348 in module qspi_master.
Marked 2 switch rules as full_case in process $proc$src/qspi_master.v:261$338 in module qspi_master.
Marked 2 switch rules as full_case in process $proc$src/qspi_master.v:222$306 in module qspi_master.
Marked 5 switch rules as full_case in process $proc$src/qspi_master.v:137$285 in module qspi_master.
Marked 1 switch rules as full_case in process $proc$src/qspi_master.v:123$283 in module qspi_master.
Marked 4 switch rules as full_case in process $proc$src/instruction_decoder.v:86$242 in module instruction_decoder.
Marked 5 switch rules as full_case in process $proc$src/forwarding_selector.v:17$193 in module forwarding_selector.
Removed 1 dead cases from process $proc$src/demo_rom.v:9$192 in module demo_rom.
Marked 1 switch rules as full_case in process $proc$src/demo_rom.v:9$192 in module demo_rom.
Marked 1 switch rules as full_case in process $proc$src/condition_checker.v:18$176 in module condition_checker.
Marked 3 switch rules as full_case in process $proc$src/barrel_shifter.v:45$166 in module barrel_shifter.
Marked 1 switch rules as full_case in process $proc$src/arm16_datapath.v:429$157 in module arm16_datapath.
Marked 1 switch rules as full_case in process $proc$src/arm16_datapath.v:419$156 in module arm16_datapath.
Marked 1 switch rules as full_case in process $proc$src/arm16_datapath.v:410$155 in module arm16_datapath.
Marked 2 switch rules as full_case in process $proc$src/arm16_datapath.v:393$151 in module arm16_datapath.
Marked 1 switch rules as full_case in process $proc$src/arm16_datapath.v:369$146 in module arm16_datapath.
Marked 1 switch rules as full_case in process $proc$src/arm16_datapath.v:360$143 in module arm16_datapath.
Marked 1 switch rules as full_case in process $proc$src/arm16_datapath.v:339$141 in module arm16_datapath.
Marked 1 switch rules as full_case in process $proc$src/arm16_datapath.v:318$139 in module arm16_datapath.
Marked 1 switch rules as full_case in process $proc$src/arm16_datapath.v:267$124 in module arm16_datapath.
Marked 2 switch rules as full_case in process $proc$src/arm16_datapath.v:256$121 in module arm16_datapath.
Marked 2 switch rules as full_case in process $proc$src/arm16_datapath.v:236$118 in module arm16_datapath.
Marked 3 switch rules as full_case in process $proc$src/arm16_controller.v:103$40 in module arm16_controller.
Marked 9 switch rules as full_case in process $proc$src/arm16_controller.v:63$32 in module arm16_controller.
Marked 1 switch rules as full_case in process $proc$src/arm16_controller.v:55$31 in module arm16_controller.
Marked 1 switch rules as full_case in process $proc$src/alu.v:44$16 in module alu.
Removed a total of 1 dead cases.

15.2.3. Executing PROC_PRUNE pass (remove redundant assignments in processes).
Removed 9 redundant assignments.
Promoted 62 assignments to connections.

15.2.4. Executing PROC_INIT pass (extract init attributes).

15.2.5. Executing PROC_ARST pass (detect async resets in processes).
Found async reset \rst_n in `\reset_synchronizer.$proc$src/reset_synchronizer.v:13$387'.

15.2.6. Executing PROC_ROM pass (convert switches to ROMs).
Converted 2 switches.
<suppressed ~103 debug messages>

15.2.7. Executing PROC_MUX pass (convert decision trees to multiplexers).
Creating decoders for process `\vga_renderer.$proc$src/vga_renderer.v:101$422'.
     1/1: $1\segment_on[0:0]
Creating decoders for process `\vga_renderer.$proc$src/vga_renderer.v:79$421'.
     1/1: $1\segments[6:0]
Creating decoders for process `\vga_renderer.$proc$src/vga_renderer.v:69$420'.
     1/1: $1\nibble[3:0]
Creating decoders for process `\vga_renderer.$proc$src/vga_renderer.v:52$404'.
     1/2: $0\h_count[9:0]
     2/2: $0\v_count[9:0]
Creating decoders for process `\reset_synchronizer.$proc$src/reset_synchronizer.v:13$387'.
     1/2: $0\sync_second[0:0]
     2/2: $0\sync_first[0:0]
Creating decoders for process `\register_file.$proc$src/register_file.v:20$380'.
     1/3: $1$memwr$\regs$src/register_file.v:22$377_EN[15:0]$386
     2/3: $1$memwr$\regs$src/register_file.v:22$377_DATA[15:0]$385
     3/3: $1$memwr$\regs$src/register_file.v:22$377_ADDR[3:0]$384
Creating decoders for process `\qspi_master.$proc$src/qspi_master.v:328$367'.
     1/10: $4\tx_oe[3:0]
     2/10: $6\tx_nibble[3:0]
     3/10: $5\tx_nibble[3:0]
     4/10: $3\tx_oe[3:0]
     5/10: $4\tx_nibble[3:0]
     6/10: $3\tx_nibble[3:0]
     7/10: $2\tx_oe[3:0]
     8/10: $2\tx_nibble[3:0]
     9/10: $1\tx_oe[3:0]
    10/10: $1\tx_nibble[3:0]
Creating decoders for process `\qspi_master.$proc$src/qspi_master.v:284$348'.
     1/10: $10\next_state[2:0]
     2/10: $9\next_state[2:0]
     3/10: $8\next_state[2:0]
     4/10: $7\next_state[2:0]
     5/10: $6\next_state[2:0]
     6/10: $5\next_state[2:0]
     7/10: $4\next_state[2:0]
     8/10: $3\next_state[2:0]
     9/10: $2\next_state[2:0]
    10/10: $1\next_state[2:0]
Creating decoders for process `\qspi_master.$proc$src/qspi_master.v:261$338'.
     1/3: $0\cs_low_cnt[7:0]
     2/3: $0\data_done_reg[0:0]
     3/3: $0\fault_reg[0:0]
Creating decoders for process `\qspi_master.$proc$src/qspi_master.v:222$306'.
     1/8: $2$lookahead\rx_word$305[31:0]$324
     2/8: $2$bitselwrite$pos$src/qspi_master.v:243$256[31:0]$323
     3/8: $0\cap_pipe[2:0] [2:1]
     4/8: $0\cap_pipe[2:0] [0]
     5/8: $1$lookahead\rx_word$305[31:0]$310
     6/8: $1$bitselwrite$pos$src/qspi_master.v:243$256[31:0]$309
     7/8: $0\word_valid_reg[0:0]
     8/8: $0\cap_count[2:0]
Creating decoders for process `\qspi_master.$proc$src/qspi_master.v:137$285'.
     1/13: $0\stop_pending[0:0]
     2/13: $0\gap_cnt[3:0]
     3/13: $0\req_cnt[3:0]
     4/13: $0\period[4:0]
     5/13: $0\wdata_reg[15:0]
     6/13: $0\addr_reg[15:0]
     7/13: $0\write_cmd[0:0]
     8/13: $0\sd_oe_reg[3:0]
     9/13: $0\sd_reg[3:0]
    10/13: $0\cs_ram_n_reg[0:0]
    11/13: $0\cs_flash_n_reg[0:0]
    12/13: $0\sck_reg[0:0]
    13/13: $0\kind[1:0]
Creating decoders for process `\qspi_master.$proc$src/qspi_master.v:132$284'.
Creating decoders for process `\qspi_master.$proc$src/qspi_master.v:123$283'.
     1/1: $0\present_state[2:0]
Creating decoders for process `\instruction_decoder.$proc$src/instruction_decoder.v:86$242'.
     1/36: $3\dest_out[3:0]
     2/36: $4\wb_en_out[0:0]
     3/36: $3\link_out[0:0]
     4/36: $3\is_branch_out[0:0]
     5/36: $2\src2_out[3:0]
     6/36: $3\has_src2_out[0:0]
     7/36: $3\has_src1_out[0:0]
     8/36: $3\wb_en_out[0:0]
     9/36: $2\is_store_out[0:0]
    10/36: $2\is_load_out[0:0]
    11/36: $3\command_out[3:0]
    12/36: $2\memory_out[0:0]
    13/36: $2\dest_out[3:0]
    14/36: $2\link_out[0:0]
    15/36: $2\is_branch_out[0:0]
    16/36: $2\command_out[3:0]
    17/36: $2\has_src2_out[0:0]
    18/36: $2\has_src1_out[0:0]
    19/36: $2\dest_is_pc_out[0:0]
    20/36: $2\immediate_out[0:0]
    21/36: $2\set_flags_out[0:0]
    22/36: $2\wb_en_out[0:0]
    23/36: $1\has_src2_out[0:0]
    24/36: $1\has_src1_out[0:0]
    25/36: $1\dest_is_pc_out[0:0]
    26/36: $1\immediate_out[0:0]
    27/36: $1\command_out[3:0]
    28/36: $1\set_flags_out[0:0]
    29/36: $1\wb_en_out[0:0]
    30/36: $1\src2_out[3:0]
    31/36: $1\dest_out[3:0]
    32/36: $1\memory_out[0:0]
    33/36: $1\link_out[0:0]
    34/36: $1\is_branch_out[0:0]
    35/36: $1\is_store_out[0:0]
    36/36: $1\is_load_out[0:0]
Creating decoders for process `\forwarding_selector.$proc$src/forwarding_selector.v:17$193'.
     1/6: $3\sel2_out[1:0]
     2/6: $2\sel2_out[1:0]
     3/6: $3\sel1_out[1:0]
     4/6: $2\sel1_out[1:0]
     5/6: $1\sel2_out[1:0]
     6/6: $1\sel1_out[1:0]
Creating decoders for process `\demo_rom.$proc$src/demo_rom.v:9$192'.
     1/1: $1\word_out[31:0]
Creating decoders for process `\condition_checker.$proc$src/condition_checker.v:18$176'.
     1/1: $1\met_out[0:0]
Creating decoders for process `\barrel_shifter.$proc$src/barrel_shifter.v:45$166'.
     1/3: $3\result_out[15:0]
     2/3: $2\result_out[15:0]
     3/3: $1\result_out[15:0]
Creating decoders for process `\arm16_datapath.$proc$src/arm16_datapath.v:429$157'.
     1/1: $1\mem_periph_read[15:0]
Creating decoders for process `\arm16_datapath.$proc$src/arm16_datapath.v:419$156'.
     1/1: $1\ex_operand_rm[15:0]
Creating decoders for process `\arm16_datapath.$proc$src/arm16_datapath.v:410$155'.
     1/1: $1\ex_operand_a[15:0]
Creating decoders for process `\arm16_datapath.$proc$src/arm16_datapath.v:393$151'.
     1/3: $0\vsync_q[0:0]
     2/3: $0\meter_value[15:0]
     3/3: $0\retired_count[19:0]
Creating decoders for process `\arm16_datapath.$proc$src/arm16_datapath.v:369$146'.
     1/4: $0\uart_div[15:0]
     2/4: $0\vga_bg[5:0]
     3/4: $0\vga_fg[5:0]
     4/4: $0\vga_val[15:0]
Creating decoders for process `\arm16_datapath.$proc$src/arm16_datapath.v:360$143'.
     1/1: $0\nzcv[3:0]
Creating decoders for process `\arm16_datapath.$proc$src/arm16_datapath.v:339$141'.
     1/6: $0\wb_load_data[15:0]
     2/6: $0\wb_alu_result[15:0]
     3/6: $0\wb_dest[3:0]
     4/6: $0\wb_mem_read[0:0]
     5/6: $0\wb_wb_en[0:0]
     6/6: $0\wb_valid[0:0]
Creating decoders for process `\arm16_datapath.$proc$src/arm16_datapath.v:318$139'.
     1/7: $0\mem_store_data[15:0]
     2/7: $0\mem_alu_result[15:0]
     3/7: $0\mem_dest[3:0]
     4/7: $0\mem_mem_write[0:0]
     5/7: $0\mem_mem_read[0:0]
     6/7: $0\mem_wb_en[0:0]
     7/7: $0\mem_valid[0:0]
Creating decoders for process `\arm16_datapath.$proc$src/arm16_datapath.v:267$124'.
     1/22: $0\ex_flags[3:0]
     2/22: $0\ex_has_src2[0:0]
     3/22: $0\ex_has_src1[0:0]
     4/22: $0\ex_src2[3:0]
     5/22: $0\ex_src1[3:0]
     6/22: $0\ex_val_rm[15:0]
     7/22: $0\ex_val_rn[15:0]
     8/22: $0\ex_branch_imm[13:0]
     9/22: $0\ex_operand2[11:0]
    10/22: $0\ex_memory[0:0]
    11/22: $0\ex_immediate[0:0]
    12/22: $0\ex_command[3:0]
    13/22: $0\ex_dest_is_pc[0:0]
    14/22: $0\ex_dest[3:0]
    15/22: $0\ex_set_flags[0:0]
    16/22: $0\ex_link[0:0]
    17/22: $0\ex_branch[0:0]
    18/22: $0\ex_mem_write[0:0]
    19/22: $0\ex_mem_read[0:0]
    20/22: $0\ex_wb_en[0:0]
    21/22: $0\ex_pc[15:0]
    22/22: $0\ex_valid[0:0]
Creating decoders for process `\arm16_datapath.$proc$src/arm16_datapath.v:256$121'.
     1/1: $0\d_valid[0:0]
Creating decoders for process `\arm16_datapath.$proc$src/arm16_datapath.v:250$120'.
     1/1: $0\fetch_word[31:0]
Creating decoders for process `\arm16_datapath.$proc$src/arm16_datapath.v:236$118'.
     1/1: $0\fetch_addr[15:0]
Creating decoders for process `\arm16_datapath.$proc$src/arm16_datapath.v:227$117'.
     1/3: $0\rom_mode_q[0:0]
     2/3: $0\rx_delay_q[1:0]
     3/3: $0\fwd_en_q[0:0]
Creating decoders for process `\arm16_controller.$proc$src/arm16_controller.v:103$40'.
     1/14: $3\stream_start_out[0:0]
     2/14: $2\addr_sel_out[0:0]
     3/14: $2\data_start_out[0:0]
     4/14: $2\stream_start_out[0:0]
     5/14: $1\addr_sel_out[0:0]
     6/14: $1\data_start_out[0:0]
     7/14: $1\stream_start_out[0:0]
     8/14: $1\if_id_load_out[0:0]
     9/14: $1\fetch_src_rom_out[0:0]
    10/14: $1\fetch_word_load_out[0:0]
    11/14: $1\fetch_addr_inc_out[0:0]
    12/14: $1\word_room_out[0:0]
    13/14: $1\word_take_out[0:0]
    14/14: $1\stream_stop_out[0:0]
Creating decoders for process `\arm16_controller.$proc$src/arm16_controller.v:63$32'.
     1/9: $9\next_state[2:0]
     2/9: $8\next_state[2:0]
     3/9: $7\next_state[2:0]
     4/9: $6\next_state[2:0]
     5/9: $5\next_state[2:0]
     6/9: $4\next_state[2:0]
     7/9: $3\next_state[2:0]
     8/9: $2\next_state[2:0]
     9/9: $1\next_state[2:0]
Creating decoders for process `\arm16_controller.$proc$src/arm16_controller.v:55$31'.
     1/1: $0\present_state[2:0]
Creating decoders for process `\alu.$proc$src/alu.v:44$16'.
     1/2: $1\result_out[15:0]
     2/2: $1\arith_out[0:0]

15.2.8. Executing PROC_DLATCH pass (convert process syncs to latches).
No latch inferred for signal `\vga_renderer.\segment_on' from process `\vga_renderer.$proc$src/vga_renderer.v:101$422'.
No latch inferred for signal `\vga_renderer.\segments' from process `\vga_renderer.$proc$src/vga_renderer.v:79$421'.
No latch inferred for signal `\vga_renderer.\nibble' from process `\vga_renderer.$proc$src/vga_renderer.v:69$420'.
No latch inferred for signal `\qspi_master.\tx_nibble' from process `\qspi_master.$proc$src/qspi_master.v:328$367'.
No latch inferred for signal `\qspi_master.\tx_oe' from process `\qspi_master.$proc$src/qspi_master.v:328$367'.
No latch inferred for signal `\qspi_master.\cmd_byte' from process `\qspi_master.$proc$src/qspi_master.v:328$367'.
No latch inferred for signal `\qspi_master.\next_state' from process `\qspi_master.$proc$src/qspi_master.v:284$348'.
No latch inferred for signal `\instruction_decoder.\valid_out' from process `\instruction_decoder.$proc$src/instruction_decoder.v:86$242'.
No latch inferred for signal `\instruction_decoder.\is_load_out' from process `\instruction_decoder.$proc$src/instruction_decoder.v:86$242'.
No latch inferred for signal `\instruction_decoder.\is_store_out' from process `\instruction_decoder.$proc$src/instruction_decoder.v:86$242'.
No latch inferred for signal `\instruction_decoder.\is_branch_out' from process `\instruction_decoder.$proc$src/instruction_decoder.v:86$242'.
No latch inferred for signal `\instruction_decoder.\link_out' from process `\instruction_decoder.$proc$src/instruction_decoder.v:86$242'.
No latch inferred for signal `\instruction_decoder.\wb_en_out' from process `\instruction_decoder.$proc$src/instruction_decoder.v:86$242'.
No latch inferred for signal `\instruction_decoder.\set_flags_out' from process `\instruction_decoder.$proc$src/instruction_decoder.v:86$242'.
No latch inferred for signal `\instruction_decoder.\command_out' from process `\instruction_decoder.$proc$src/instruction_decoder.v:86$242'.
No latch inferred for signal `\instruction_decoder.\immediate_out' from process `\instruction_decoder.$proc$src/instruction_decoder.v:86$242'.
No latch inferred for signal `\instruction_decoder.\memory_out' from process `\instruction_decoder.$proc$src/instruction_decoder.v:86$242'.
No latch inferred for signal `\instruction_decoder.\dest_out' from process `\instruction_decoder.$proc$src/instruction_decoder.v:86$242'.
No latch inferred for signal `\instruction_decoder.\dest_is_pc_out' from process `\instruction_decoder.$proc$src/instruction_decoder.v:86$242'.
No latch inferred for signal `\instruction_decoder.\src1_out' from process `\instruction_decoder.$proc$src/instruction_decoder.v:86$242'.
No latch inferred for signal `\instruction_decoder.\src2_out' from process `\instruction_decoder.$proc$src/instruction_decoder.v:86$242'.
No latch inferred for signal `\instruction_decoder.\has_src1_out' from process `\instruction_decoder.$proc$src/instruction_decoder.v:86$242'.
No latch inferred for signal `\instruction_decoder.\has_src2_out' from process `\instruction_decoder.$proc$src/instruction_decoder.v:86$242'.
No latch inferred for signal `\forwarding_selector.\sel1_out' from process `\forwarding_selector.$proc$src/forwarding_selector.v:17$193'.
No latch inferred for signal `\forwarding_selector.\sel2_out' from process `\forwarding_selector.$proc$src/forwarding_selector.v:17$193'.
No latch inferred for signal `\demo_rom.\word_out' from process `\demo_rom.$proc$src/demo_rom.v:9$192'.
No latch inferred for signal `\condition_checker.\met_out' from process `\condition_checker.$proc$src/condition_checker.v:18$176'.
No latch inferred for signal `\barrel_shifter.\result_out' from process `\barrel_shifter.$proc$src/barrel_shifter.v:45$166'.
No latch inferred for signal `\arm16_datapath.\mem_periph_read' from process `\arm16_datapath.$proc$src/arm16_datapath.v:429$157'.
No latch inferred for signal `\arm16_datapath.\ex_operand_rm' from process `\arm16_datapath.$proc$src/arm16_datapath.v:419$156'.
No latch inferred for signal `\arm16_datapath.\ex_operand_a' from process `\arm16_datapath.$proc$src/arm16_datapath.v:410$155'.
No latch inferred for signal `\arm16_controller.\stream_start_out' from process `\arm16_controller.$proc$src/arm16_controller.v:103$40'.
No latch inferred for signal `\arm16_controller.\stream_stop_out' from process `\arm16_controller.$proc$src/arm16_controller.v:103$40'.
No latch inferred for signal `\arm16_controller.\data_start_out' from process `\arm16_controller.$proc$src/arm16_controller.v:103$40'.
No latch inferred for signal `\arm16_controller.\data_flash_out' from process `\arm16_controller.$proc$src/arm16_controller.v:103$40'.
No latch inferred for signal `\arm16_controller.\data_write_out' from process `\arm16_controller.$proc$src/arm16_controller.v:103$40'.
No latch inferred for signal `\arm16_controller.\word_take_out' from process `\arm16_controller.$proc$src/arm16_controller.v:103$40'.
No latch inferred for signal `\arm16_controller.\word_room_out' from process `\arm16_controller.$proc$src/arm16_controller.v:103$40'.
No latch inferred for signal `\arm16_controller.\addr_sel_out' from process `\arm16_controller.$proc$src/arm16_controller.v:103$40'.
No latch inferred for signal `\arm16_controller.\fetch_addr_load_out' from process `\arm16_controller.$proc$src/arm16_controller.v:103$40'.
No latch inferred for signal `\arm16_controller.\fetch_addr_inc_out' from process `\arm16_controller.$proc$src/arm16_controller.v:103$40'.
No latch inferred for signal `\arm16_controller.\fetch_word_load_out' from process `\arm16_controller.$proc$src/arm16_controller.v:103$40'.
No latch inferred for signal `\arm16_controller.\fetch_src_rom_out' from process `\arm16_controller.$proc$src/arm16_controller.v:103$40'.
No latch inferred for signal `\arm16_controller.\if_id_load_out' from process `\arm16_controller.$proc$src/arm16_controller.v:103$40'.
No latch inferred for signal `\arm16_controller.\if_id_bubble_out' from process `\arm16_controller.$proc$src/arm16_controller.v:103$40'.
No latch inferred for signal `\arm16_controller.\id_ex_bubble_out' from process `\arm16_controller.$proc$src/arm16_controller.v:103$40'.
No latch inferred for signal `\arm16_controller.\mem_busy_out' from process `\arm16_controller.$proc$src/arm16_controller.v:103$40'.
No latch inferred for signal `\arm16_controller.\next_state' from process `\arm16_controller.$proc$src/arm16_controller.v:63$32'.
No latch inferred for signal `\alu.\result_out' from process `\alu.$proc$src/alu.v:44$16'.
No latch inferred for signal `\alu.\arith_out' from process `\alu.$proc$src/alu.v:44$16'.

15.2.9. Executing PROC_DFF pass (convert process syncs to FFs).
Creating register for signal `\vga_renderer.\pins_out' using process `\vga_renderer.$proc$src/vga_renderer.v:52$404'.
  created $dff cell `$procdff$1699' with positive edge clock.
Creating register for signal `\vga_renderer.\h_count' using process `\vga_renderer.$proc$src/vga_renderer.v:52$404'.
  created $dff cell `$procdff$1700' with positive edge clock.
Creating register for signal `\vga_renderer.\v_count' using process `\vga_renderer.$proc$src/vga_renderer.v:52$404'.
  created $dff cell `$procdff$1701' with positive edge clock.
Creating register for signal `\vga_renderer.\active' using process `\vga_renderer.$proc$src/vga_renderer.v:52$404'.
  created $dff cell `$procdff$1702' with positive edge clock.
Creating register for signal `\vga_renderer.\hsync_n' using process `\vga_renderer.$proc$src/vga_renderer.v:52$404'.
  created $dff cell `$procdff$1703' with positive edge clock.
Creating register for signal `\vga_renderer.\vsync_n' using process `\vga_renderer.$proc$src/vga_renderer.v:52$404'.
  created $dff cell `$procdff$1704' with positive edge clock.
Creating register for signal `\vga_renderer.\lit' using process `\vga_renderer.$proc$src/vga_renderer.v:52$404'.
  created $dff cell `$procdff$1705' with positive edge clock.
Creating register for signal `\reset_synchronizer.\sync_first' using process `\reset_synchronizer.$proc$src/reset_synchronizer.v:13$387'.
  created $adff cell `$procdff$1710' with positive edge clock and positive level reset.
Creating register for signal `\reset_synchronizer.\sync_second' using process `\reset_synchronizer.$proc$src/reset_synchronizer.v:13$387'.
  created $adff cell `$procdff$1715' with positive edge clock and positive level reset.
Creating register for signal `\register_file.$memwr$\regs$src/register_file.v:22$377_ADDR' using process `\register_file.$proc$src/register_file.v:20$380'.
  created $dff cell `$procdff$1716' with negative edge clock.
Creating register for signal `\register_file.$memwr$\regs$src/register_file.v:22$377_DATA' using process `\register_file.$proc$src/register_file.v:20$380'.
  created $dff cell `$procdff$1717' with negative edge clock.
Creating register for signal `\register_file.$memwr$\regs$src/register_file.v:22$377_EN' using process `\register_file.$proc$src/register_file.v:20$380'.
  created $dff cell `$procdff$1718' with negative edge clock.
Creating register for signal `\qspi_master.\data_done_reg' using process `\qspi_master.$proc$src/qspi_master.v:261$338'.
  created $dff cell `$procdff$1719' with positive edge clock.
Creating register for signal `\qspi_master.\fault_reg' using process `\qspi_master.$proc$src/qspi_master.v:261$338'.
  created $dff cell `$procdff$1720' with positive edge clock.
Creating register for signal `\qspi_master.\cs_low_cnt' using process `\qspi_master.$proc$src/qspi_master.v:261$338'.
  created $dff cell `$procdff$1721' with positive edge clock.
Creating register for signal `\qspi_master.\cap_pipe' using process `\qspi_master.$proc$src/qspi_master.v:222$306'.
  created $dff cell `$procdff$1722' with positive edge clock.
Creating register for signal `\qspi_master.\cap_count' using process `\qspi_master.$proc$src/qspi_master.v:222$306'.
  created $dff cell `$procdff$1723' with positive edge clock.
Creating register for signal `\qspi_master.\rx_word' using process `\qspi_master.$proc$src/qspi_master.v:222$306'.
  created $dff cell `$procdff$1724' with positive edge clock.
Creating register for signal `\qspi_master.\word_valid_reg' using process `\qspi_master.$proc$src/qspi_master.v:222$306'.
  created $dff cell `$procdff$1725' with positive edge clock.
Creating register for signal `\qspi_master.$bitselwrite$pos$src/qspi_master.v:243$256' using process `\qspi_master.$proc$src/qspi_master.v:222$306'.
  created $dff cell `$procdff$1726' with positive edge clock.
Creating register for signal `\qspi_master.$lookahead\rx_word$305' using process `\qspi_master.$proc$src/qspi_master.v:222$306'.
  created $dff cell `$procdff$1727' with positive edge clock.
Creating register for signal `\qspi_master.\kind' using process `\qspi_master.$proc$src/qspi_master.v:137$285'.
  created $dff cell `$procdff$1728' with positive edge clock.
Creating register for signal `\qspi_master.\sck_reg' using process `\qspi_master.$proc$src/qspi_master.v:137$285'.
  created $dff cell `$procdff$1729' with positive edge clock.
Creating register for signal `\qspi_master.\cs_flash_n_reg' using process `\qspi_master.$proc$src/qspi_master.v:137$285'.
  created $dff cell `$procdff$1730' with positive edge clock.
Creating register for signal `\qspi_master.\cs_ram_n_reg' using process `\qspi_master.$proc$src/qspi_master.v:137$285'.
  created $dff cell `$procdff$1731' with positive edge clock.
Creating register for signal `\qspi_master.\sd_reg' using process `\qspi_master.$proc$src/qspi_master.v:137$285'.
  created $dff cell `$procdff$1732' with positive edge clock.
Creating register for signal `\qspi_master.\sd_oe_reg' using process `\qspi_master.$proc$src/qspi_master.v:137$285'.
  created $dff cell `$procdff$1733' with positive edge clock.
Creating register for signal `\qspi_master.\write_cmd' using process `\qspi_master.$proc$src/qspi_master.v:137$285'.
  created $dff cell `$procdff$1734' with positive edge clock.
Creating register for signal `\qspi_master.\addr_reg' using process `\qspi_master.$proc$src/qspi_master.v:137$285'.
  created $dff cell `$procdff$1735' with positive edge clock.
Creating register for signal `\qspi_master.\wdata_reg' using process `\qspi_master.$proc$src/qspi_master.v:137$285'.
  created $dff cell `$procdff$1736' with positive edge clock.
Creating register for signal `\qspi_master.\period' using process `\qspi_master.$proc$src/qspi_master.v:137$285'.
  created $dff cell `$procdff$1737' with positive edge clock.
Creating register for signal `\qspi_master.\req_cnt' using process `\qspi_master.$proc$src/qspi_master.v:137$285'.
  created $dff cell `$procdff$1738' with positive edge clock.
Creating register for signal `\qspi_master.\gap_cnt' using process `\qspi_master.$proc$src/qspi_master.v:137$285'.
  created $dff cell `$procdff$1739' with positive edge clock.
Creating register for signal `\qspi_master.\stop_pending' using process `\qspi_master.$proc$src/qspi_master.v:137$285'.
  created $dff cell `$procdff$1740' with positive edge clock.
Creating register for signal `\qspi_master.\sck_pad' using process `\qspi_master.$proc$src/qspi_master.v:132$284'.
  created $dff cell `$procdff$1741' with negative edge clock.
Creating register for signal `\qspi_master.\present_state' using process `\qspi_master.$proc$src/qspi_master.v:123$283'.
  created $dff cell `$procdff$1742' with positive edge clock.
Creating register for signal `\arm16_datapath.\retired_count' using process `\arm16_datapath.$proc$src/arm16_datapath.v:393$151'.
  created $dff cell `$procdff$1743' with positive edge clock.
Creating register for signal `\arm16_datapath.\meter_value' using process `\arm16_datapath.$proc$src/arm16_datapath.v:393$151'.
  created $dff cell `$procdff$1744' with positive edge clock.
Creating register for signal `\arm16_datapath.\vsync_q' using process `\arm16_datapath.$proc$src/arm16_datapath.v:393$151'.
  created $dff cell `$procdff$1745' with positive edge clock.
Creating register for signal `\arm16_datapath.\vga_val' using process `\arm16_datapath.$proc$src/arm16_datapath.v:369$146'.
  created $dff cell `$procdff$1746' with positive edge clock.
Creating register for signal `\arm16_datapath.\vga_fg' using process `\arm16_datapath.$proc$src/arm16_datapath.v:369$146'.
  created $dff cell `$procdff$1747' with positive edge clock.
Creating register for signal `\arm16_datapath.\vga_bg' using process `\arm16_datapath.$proc$src/arm16_datapath.v:369$146'.
  created $dff cell `$procdff$1748' with positive edge clock.
Creating register for signal `\arm16_datapath.\uart_div' using process `\arm16_datapath.$proc$src/arm16_datapath.v:369$146'.
  created $dff cell `$procdff$1749' with positive edge clock.
Creating register for signal `\arm16_datapath.\nzcv' using process `\arm16_datapath.$proc$src/arm16_datapath.v:360$143'.
  created $dff cell `$procdff$1750' with positive edge clock.
Creating register for signal `\arm16_datapath.\wb_valid' using process `\arm16_datapath.$proc$src/arm16_datapath.v:339$141'.
  created $dff cell `$procdff$1751' with positive edge clock.
Creating register for signal `\arm16_datapath.\wb_wb_en' using process `\arm16_datapath.$proc$src/arm16_datapath.v:339$141'.
  created $dff cell `$procdff$1752' with positive edge clock.
Creating register for signal `\arm16_datapath.\wb_mem_read' using process `\arm16_datapath.$proc$src/arm16_datapath.v:339$141'.
  created $dff cell `$procdff$1753' with positive edge clock.
Creating register for signal `\arm16_datapath.\wb_dest' using process `\arm16_datapath.$proc$src/arm16_datapath.v:339$141'.
  created $dff cell `$procdff$1754' with positive edge clock.
Creating register for signal `\arm16_datapath.\wb_alu_result' using process `\arm16_datapath.$proc$src/arm16_datapath.v:339$141'.
  created $dff cell `$procdff$1755' with positive edge clock.
Creating register for signal `\arm16_datapath.\wb_load_data' using process `\arm16_datapath.$proc$src/arm16_datapath.v:339$141'.
  created $dff cell `$procdff$1756' with positive edge clock.
Creating register for signal `\arm16_datapath.\mem_valid' using process `\arm16_datapath.$proc$src/arm16_datapath.v:318$139'.
  created $dff cell `$procdff$1757' with positive edge clock.
Creating register for signal `\arm16_datapath.\mem_wb_en' using process `\arm16_datapath.$proc$src/arm16_datapath.v:318$139'.
  created $dff cell `$procdff$1758' with positive edge clock.
Creating register for signal `\arm16_datapath.\mem_mem_read' using process `\arm16_datapath.$proc$src/arm16_datapath.v:318$139'.
  created $dff cell `$procdff$1759' with positive edge clock.
Creating register for signal `\arm16_datapath.\mem_mem_write' using process `\arm16_datapath.$proc$src/arm16_datapath.v:318$139'.
  created $dff cell `$procdff$1760' with positive edge clock.
Creating register for signal `\arm16_datapath.\mem_dest' using process `\arm16_datapath.$proc$src/arm16_datapath.v:318$139'.
  created $dff cell `$procdff$1761' with positive edge clock.
Creating register for signal `\arm16_datapath.\mem_alu_result' using process `\arm16_datapath.$proc$src/arm16_datapath.v:318$139'.
  created $dff cell `$procdff$1762' with positive edge clock.
Creating register for signal `\arm16_datapath.\mem_store_data' using process `\arm16_datapath.$proc$src/arm16_datapath.v:318$139'.
  created $dff cell `$procdff$1763' with positive edge clock.
Creating register for signal `\arm16_datapath.\ex_valid' using process `\arm16_datapath.$proc$src/arm16_datapath.v:267$124'.
  created $dff cell `$procdff$1764' with positive edge clock.
Creating register for signal `\arm16_datapath.\ex_pc' using process `\arm16_datapath.$proc$src/arm16_datapath.v:267$124'.
  created $dff cell `$procdff$1765' with positive edge clock.
Creating register for signal `\arm16_datapath.\ex_wb_en' using process `\arm16_datapath.$proc$src/arm16_datapath.v:267$124'.
  created $dff cell `$procdff$1766' with positive edge clock.
Creating register for signal `\arm16_datapath.\ex_mem_read' using process `\arm16_datapath.$proc$src/arm16_datapath.v:267$124'.
  created $dff cell `$procdff$1767' with positive edge clock.
Creating register for signal `\arm16_datapath.\ex_mem_write' using process `\arm16_datapath.$proc$src/arm16_datapath.v:267$124'.
  created $dff cell `$procdff$1768' with positive edge clock.
Creating register for signal `\arm16_datapath.\ex_branch' using process `\arm16_datapath.$proc$src/arm16_datapath.v:267$124'.
  created $dff cell `$procdff$1769' with positive edge clock.
Creating register for signal `\arm16_datapath.\ex_link' using process `\arm16_datapath.$proc$src/arm16_datapath.v:267$124'.
  created $dff cell `$procdff$1770' with positive edge clock.
Creating register for signal `\arm16_datapath.\ex_set_flags' using process `\arm16_datapath.$proc$src/arm16_datapath.v:267$124'.
  created $dff cell `$procdff$1771' with positive edge clock.
Creating register for signal `\arm16_datapath.\ex_dest' using process `\arm16_datapath.$proc$src/arm16_datapath.v:267$124'.
  created $dff cell `$procdff$1772' with positive edge clock.
Creating register for signal `\arm16_datapath.\ex_dest_is_pc' using process `\arm16_datapath.$proc$src/arm16_datapath.v:267$124'.
  created $dff cell `$procdff$1773' with positive edge clock.
Creating register for signal `\arm16_datapath.\ex_command' using process `\arm16_datapath.$proc$src/arm16_datapath.v:267$124'.
  created $dff cell `$procdff$1774' with positive edge clock.
Creating register for signal `\arm16_datapath.\ex_immediate' using process `\arm16_datapath.$proc$src/arm16_datapath.v:267$124'.
  created $dff cell `$procdff$1775' with positive edge clock.
Creating register for signal `\arm16_datapath.\ex_memory' using process `\arm16_datapath.$proc$src/arm16_datapath.v:267$124'.
  created $dff cell `$procdff$1776' with positive edge clock.
Creating register for signal `\arm16_datapath.\ex_operand2' using process `\arm16_datapath.$proc$src/arm16_datapath.v:267$124'.
  created $dff cell `$procdff$1777' with positive edge clock.
Creating register for signal `\arm16_datapath.\ex_branch_imm' using process `\arm16_datapath.$proc$src/arm16_datapath.v:267$124'.
  created $dff cell `$procdff$1778' with positive edge clock.
Creating register for signal `\arm16_datapath.\ex_val_rn' using process `\arm16_datapath.$proc$src/arm16_datapath.v:267$124'.
  created $dff cell `$procdff$1779' with positive edge clock.
Creating register for signal `\arm16_datapath.\ex_val_rm' using process `\arm16_datapath.$proc$src/arm16_datapath.v:267$124'.
  created $dff cell `$procdff$1780' with positive edge clock.
Creating register for signal `\arm16_datapath.\ex_src1' using process `\arm16_datapath.$proc$src/arm16_datapath.v:267$124'.
  created $dff cell `$procdff$1781' with positive edge clock.
Creating register for signal `\arm16_datapath.\ex_src2' using process `\arm16_datapath.$proc$src/arm16_datapath.v:267$124'.
  created $dff cell `$procdff$1782' with positive edge clock.
Creating register for signal `\arm16_datapath.\ex_has_src1' using process `\arm16_datapath.$proc$src/arm16_datapath.v:267$124'.
  created $dff cell `$procdff$1783' with positive edge clock.
Creating register for signal `\arm16_datapath.\ex_has_src2' using process `\arm16_datapath.$proc$src/arm16_datapath.v:267$124'.
  created $dff cell `$procdff$1784' with positive edge clock.
Creating register for signal `\arm16_datapath.\ex_flags' using process `\arm16_datapath.$proc$src/arm16_datapath.v:267$124'.
  created $dff cell `$procdff$1785' with positive edge clock.
Creating register for signal `\arm16_datapath.\d_valid' using process `\arm16_datapath.$proc$src/arm16_datapath.v:256$121'.
  created $dff cell `$procdff$1786' with positive edge clock.
Creating register for signal `\arm16_datapath.\fetch_word' using process `\arm16_datapath.$proc$src/arm16_datapath.v:250$120'.
  created $dff cell `$procdff$1787' with positive edge clock.
Creating register for signal `\arm16_datapath.\fetch_addr' using process `\arm16_datapath.$proc$src/arm16_datapath.v:236$118'.
  created $dff cell `$procdff$1788' with positive edge clock.
Creating register for signal `\arm16_datapath.\fwd_en_q' using process `\arm16_datapath.$proc$src/arm16_datapath.v:227$117'.
  created $dff cell `$procdff$1789' with positive edge clock.
Creating register for signal `\arm16_datapath.\rx_delay_q' using process `\arm16_datapath.$proc$src/arm16_datapath.v:227$117'.
  created $dff cell `$procdff$1790' with positive edge clock.
Creating register for signal `\arm16_datapath.\rom_mode_q' using process `\arm16_datapath.$proc$src/arm16_datapath.v:227$117'.
  created $dff cell `$procdff$1791' with positive edge clock.
Creating register for signal `\arm16_controller.\present_state' using process `\arm16_controller.$proc$src/arm16_controller.v:55$31'.
  created $dff cell `$procdff$1792' with positive edge clock.

15.2.10. Executing PROC_MEMWR pass (convert process memory writes to cells).

15.2.11. Executing PROC_CLEAN pass (remove empty switches from decision trees).
Found and cleaned up 1 empty switch in `\vga_renderer.$proc$src/vga_renderer.v:101$422'.
Removing empty process `vga_renderer.$proc$src/vga_renderer.v:101$422'.
Found and cleaned up 1 empty switch in `\vga_renderer.$proc$src/vga_renderer.v:79$421'.
Removing empty process `vga_renderer.$proc$src/vga_renderer.v:79$421'.
Found and cleaned up 1 empty switch in `\vga_renderer.$proc$src/vga_renderer.v:69$420'.
Removing empty process `vga_renderer.$proc$src/vga_renderer.v:69$420'.
Found and cleaned up 2 empty switches in `\vga_renderer.$proc$src/vga_renderer.v:52$404'.
Removing empty process `vga_renderer.$proc$src/vga_renderer.v:52$404'.
Removing empty process `reset_synchronizer.$proc$src/reset_synchronizer.v:13$387'.
Found and cleaned up 1 empty switch in `\register_file.$proc$src/register_file.v:20$380'.
Removing empty process `register_file.$proc$src/register_file.v:20$380'.
Found and cleaned up 6 empty switches in `\qspi_master.$proc$src/qspi_master.v:328$367'.
Removing empty process `qspi_master.$proc$src/qspi_master.v:328$367'.
Found and cleaned up 10 empty switches in `\qspi_master.$proc$src/qspi_master.v:284$348'.
Removing empty process `qspi_master.$proc$src/qspi_master.v:284$348'.
Found and cleaned up 4 empty switches in `\qspi_master.$proc$src/qspi_master.v:261$338'.
Removing empty process `qspi_master.$proc$src/qspi_master.v:261$338'.
Found and cleaned up 9 empty switches in `\qspi_master.$proc$src/qspi_master.v:222$306'.
Removing empty process `qspi_master.$proc$src/qspi_master.v:222$306'.
Found and cleaned up 13 empty switches in `\qspi_master.$proc$src/qspi_master.v:137$285'.
Removing empty process `qspi_master.$proc$src/qspi_master.v:137$285'.
Removing empty process `qspi_master.$proc$src/qspi_master.v:132$284'.
Found and cleaned up 1 empty switch in `\qspi_master.$proc$src/qspi_master.v:123$283'.
Removing empty process `qspi_master.$proc$src/qspi_master.v:123$283'.
Found and cleaned up 4 empty switches in `\instruction_decoder.$proc$src/instruction_decoder.v:86$242'.
Removing empty process `instruction_decoder.$proc$src/instruction_decoder.v:86$242'.
Found and cleaned up 5 empty switches in `\forwarding_selector.$proc$src/forwarding_selector.v:17$193'.
Removing empty process `forwarding_selector.$proc$src/forwarding_selector.v:17$193'.
Found and cleaned up 1 empty switch in `\demo_rom.$proc$src/demo_rom.v:9$192'.
Removing empty process `demo_rom.$proc$src/demo_rom.v:9$192'.
Found and cleaned up 1 empty switch in `\condition_checker.$proc$src/condition_checker.v:18$176'.
Removing empty process `condition_checker.$proc$src/condition_checker.v:18$176'.
Found and cleaned up 3 empty switches in `\barrel_shifter.$proc$src/barrel_shifter.v:45$166'.
Removing empty process `barrel_shifter.$proc$src/barrel_shifter.v:45$166'.
Found and cleaned up 1 empty switch in `\arm16_datapath.$proc$src/arm16_datapath.v:429$157'.
Removing empty process `arm16_datapath.$proc$src/arm16_datapath.v:429$157'.
Found and cleaned up 1 empty switch in `\arm16_datapath.$proc$src/arm16_datapath.v:419$156'.
Removing empty process `arm16_datapath.$proc$src/arm16_datapath.v:419$156'.
Found and cleaned up 1 empty switch in `\arm16_datapath.$proc$src/arm16_datapath.v:410$155'.
Removing empty process `arm16_datapath.$proc$src/arm16_datapath.v:410$155'.
Found and cleaned up 3 empty switches in `\arm16_datapath.$proc$src/arm16_datapath.v:393$151'.
Removing empty process `arm16_datapath.$proc$src/arm16_datapath.v:393$151'.
Found and cleaned up 6 empty switches in `\arm16_datapath.$proc$src/arm16_datapath.v:369$146'.
Removing empty process `arm16_datapath.$proc$src/arm16_datapath.v:369$146'.
Found and cleaned up 2 empty switches in `\arm16_datapath.$proc$src/arm16_datapath.v:360$143'.
Removing empty process `arm16_datapath.$proc$src/arm16_datapath.v:360$143'.
Found and cleaned up 2 empty switches in `\arm16_datapath.$proc$src/arm16_datapath.v:339$141'.
Removing empty process `arm16_datapath.$proc$src/arm16_datapath.v:339$141'.
Found and cleaned up 2 empty switches in `\arm16_datapath.$proc$src/arm16_datapath.v:318$139'.
Removing empty process `arm16_datapath.$proc$src/arm16_datapath.v:318$139'.
Found and cleaned up 2 empty switches in `\arm16_datapath.$proc$src/arm16_datapath.v:267$124'.
Removing empty process `arm16_datapath.$proc$src/arm16_datapath.v:267$124'.
Found and cleaned up 3 empty switches in `\arm16_datapath.$proc$src/arm16_datapath.v:256$121'.
Removing empty process `arm16_datapath.$proc$src/arm16_datapath.v:256$121'.
Found and cleaned up 1 empty switch in `\arm16_datapath.$proc$src/arm16_datapath.v:250$120'.
Removing empty process `arm16_datapath.$proc$src/arm16_datapath.v:250$120'.
Found and cleaned up 3 empty switches in `\arm16_datapath.$proc$src/arm16_datapath.v:236$118'.
Removing empty process `arm16_datapath.$proc$src/arm16_datapath.v:236$118'.
Found and cleaned up 1 empty switch in `\arm16_datapath.$proc$src/arm16_datapath.v:227$117'.
Removing empty process `arm16_datapath.$proc$src/arm16_datapath.v:227$117'.
Found and cleaned up 3 empty switches in `\arm16_controller.$proc$src/arm16_controller.v:103$40'.
Removing empty process `arm16_controller.$proc$src/arm16_controller.v:103$40'.
Found and cleaned up 9 empty switches in `\arm16_controller.$proc$src/arm16_controller.v:63$32'.
Removing empty process `arm16_controller.$proc$src/arm16_controller.v:63$32'.
Found and cleaned up 1 empty switch in `\arm16_controller.$proc$src/arm16_controller.v:55$31'.
Removing empty process `arm16_controller.$proc$src/arm16_controller.v:55$31'.
Found and cleaned up 1 empty switch in `\alu.$proc$src/alu.v:44$16'.
Removing empty process `alu.$proc$src/alu.v:44$16'.
Cleaned up 105 empty switches.

15.2.12. Executing OPT_EXPR pass (perform const folding).
Optimizing module vga_renderer.
<suppressed ~4 debug messages>
Optimizing module reset_synchronizer.
<suppressed ~4 debug messages>
Optimizing module register_file.
Optimizing module qspi_master.
<suppressed ~23 debug messages>
Optimizing module tt_um_moein_maleki_arm16.
Optimizing module instruction_decoder.
<suppressed ~8 debug messages>
Optimizing module hazard_detector.
Optimizing module forwarding_selector.
Optimizing module demo_rom.
Optimizing module condition_checker.
<suppressed ~1 debug messages>
Optimizing module barrel_shifter.
<suppressed ~2 debug messages>
Optimizing module arm16_datapath.
<suppressed ~37 debug messages>
Optimizing module arm16_controller.
<suppressed ~11 debug messages>
Optimizing module alu.
<suppressed ~1 debug messages>

15.3. Executing CHECK pass (checking for obvious problems).
Checking module vga_renderer...
Checking module reset_synchronizer...
Checking module register_file...
Checking module qspi_master...
Checking module tt_um_moein_maleki_arm16...
Checking module instruction_decoder...
Checking module hazard_detector...
Checking module forwarding_selector...
Checking module demo_rom...
Checking module condition_checker...
Checking module barrel_shifter...
Checking module arm16_datapath...
Checking module arm16_controller...
Checking module alu...
Found and reported 0 problems.

15.4. Executing FLATTEN pass (flatten design).
Deleting now unused module vga_renderer.
Deleting now unused module reset_synchronizer.
Deleting now unused module register_file.
Deleting now unused module qspi_master.
Deleting now unused module instruction_decoder.
Deleting now unused module hazard_detector.
Deleting now unused module forwarding_selector.
Deleting now unused module demo_rom.
Deleting now unused module condition_checker.
Deleting now unused module barrel_shifter.
Deleting now unused module arm16_datapath.
Deleting now unused module arm16_controller.
Deleting now unused module alu.
<suppressed ~13 debug messages>

15.5. Executing OPT_EXPR pass (perform const folding).
Optimizing module tt_um_moein_maleki_arm16.
<suppressed ~4 debug messages>

15.6. Executing OPT_CLEAN pass (remove unused cells and wires).
Finding unused cells or wires in module \tt_um_moein_maleki_arm16..
Removed 21 unused cells and 695 unused wires.
<suppressed ~27 debug messages>

15.7. Executing CHECK pass (checking for obvious problems).
Checking module tt_um_moein_maleki_arm16...
Found and reported 0 problems.

15.8. Executing OPT pass (performing simple optimizations).

15.8.1. Executing OPT_EXPR pass (perform const folding).
Optimizing module tt_um_moein_maleki_arm16.

15.8.2. Executing OPT_MERGE pass (detect identical cells).
Finding identical cells in module `\tt_um_moein_maleki_arm16'.
Computing hashes of 1053 cells of `\tt_um_moein_maleki_arm16'.
Finding duplicate cells in `\tt_um_moein_maleki_arm16'.
Computing hashes of 856 cells of `\tt_um_moein_maleki_arm16'.
Finding duplicate cells in `\tt_um_moein_maleki_arm16'.
Computing hashes of 843 cells of `\tt_um_moein_maleki_arm16'.
Finding duplicate cells in `\tt_um_moein_maleki_arm16'.
<suppressed ~630 debug messages>
Removed a total of 210 cells.

15.8.3. Executing OPT_MUXTREE pass (detect dead branches in mux trees).
Running muxtree optimizer on module \tt_um_moein_maleki_arm16..
  Creating internal representation of mux trees.
  Evaluating internal representation of mux trees.
      Replacing known input bits on port A of cell $flatten\arm16_datapath_unit.\qspi_master_unit.$procmux$886: \arm16_datapath_unit.qspi_master_unit.sck_reg -> 1'0
  Analyzing evaluation results.
    dead port 2/2 on $mux $flatten\arm16_datapath_unit.\instruction_decoder_unit.$procmux$1117.
    dead port 2/2 on $mux $flatten\arm16_datapath_unit.\instruction_decoder_unit.$procmux$1103.
    dead port 2/2 on $mux $flatten\arm16_datapath_unit.\instruction_decoder_unit.$procmux$1087.
    dead port 2/2 on $mux $flatten\arm16_datapath_unit.\instruction_decoder_unit.$procmux$1071.
    dead port 2/2 on $mux $flatten\arm16_datapath_unit.\instruction_decoder_unit.$procmux$1057.
    dead port 2/2 on $mux $flatten\arm16_datapath_unit.\instruction_decoder_unit.$procmux$1041.
    dead port 2/2 on $mux $flatten\arm16_datapath_unit.\instruction_decoder_unit.$procmux$1025.
    dead port 1/2 on $mux $flatten\arm16_datapath_unit.\instruction_decoder_unit.$procmux$1009.
    dead port 1/2 on $mux $flatten\arm16_datapath_unit.\instruction_decoder_unit.$procmux$1003.
    dead port 1/2 on $mux $flatten\arm16_datapath_unit.\instruction_decoder_unit.$procmux$997.
    dead port 1/2 on $mux $flatten\arm16_datapath_unit.\instruction_decoder_unit.$procmux$991.
    dead port 1/2 on $mux $flatten\arm16_datapath_unit.\instruction_decoder_unit.$procmux$985.
    dead port 1/2 on $mux $flatten\arm16_datapath_unit.\instruction_decoder_unit.$procmux$979.
    dead port 1/2 on $mux $flatten\arm16_datapath_unit.\instruction_decoder_unit.$procmux$973.
    dead port 1/2 on $mux $flatten\arm16_datapath_unit.\instruction_decoder_unit.$procmux$967.
    dead port 1/2 on $mux $flatten\arm16_datapath_unit.\instruction_decoder_unit.$procmux$961.
    dead port 1/2 on $mux $flatten\arm16_datapath_unit.\instruction_decoder_unit.$procmux$955.
    dead port 1/2 on $mux $flatten\arm16_datapath_unit.\instruction_decoder_unit.$procmux$949.
    dead port 1/2 on $mux $flatten\arm16_datapath_unit.\instruction_decoder_unit.$procmux$943.
    dead port 1/2 on $mux $flatten\arm16_datapath_unit.\instruction_decoder_unit.$procmux$940.
    dead port 1/2 on $mux $flatten\arm16_datapath_unit.\instruction_decoder_unit.$procmux$934.
    dead port 1/2 on $mux $flatten\arm16_datapath_unit.\instruction_decoder_unit.$procmux$931.
    dead port 1/2 on $mux $flatten\arm16_datapath_unit.\instruction_decoder_unit.$procmux$925.
    dead port 1/2 on $mux $flatten\arm16_datapath_unit.\instruction_decoder_unit.$procmux$922.
    dead port 1/2 on $mux $flatten\arm16_datapath_unit.\instruction_decoder_unit.$procmux$916.
    dead port 1/2 on $mux $flatten\arm16_datapath_unit.\instruction_decoder_unit.$procmux$913.
    dead port 2/2 on $mux $flatten\arm16_datapath_unit.\forwarding_selector_unit.$procmux$1189.
    dead port 2/2 on $mux $flatten\arm16_datapath_unit.\forwarding_selector_unit.$procmux$1183.
    dead port 1/2 on $mux $flatten\arm16_datapath_unit.\forwarding_selector_unit.$procmux$1181.
    dead port 2/2 on $mux $flatten\arm16_datapath_unit.\forwarding_selector_unit.$procmux$1174.
    dead port 2/2 on $mux $flatten\arm16_datapath_unit.\forwarding_selector_unit.$procmux$1168.
    dead port 1/2 on $mux $flatten\arm16_datapath_unit.\forwarding_selector_unit.$procmux$1166.
    dead port 1/2 on $mux $flatten\arm16_datapath_unit.\barrel_shifter_unit.$procmux$1230.
    dead port 1/2 on $mux $flatten\arm16_datapath_unit.\barrel_shifter_unit.$procmux$1224.
    dead port 1/2 on $mux $flatten\arm16_datapath_unit.\barrel_shifter_unit.$procmux$1221.
    dead port 1/2 on $mux $flatten\arm16_datapath_unit.\qspi_master_unit.$procmux$674.
    dead port 2/2 on $mux $flatten\arm16_datapath_unit.\qspi_master_unit.$procmux$643.
    dead port 2/2 on $mux $flatten\arm16_datapath_unit.\qspi_master_unit.$procmux$633.
    dead port 2/2 on $mux $flatten\arm16_datapath_unit.\qspi_master_unit.$procmux$624.
    dead port 1/2 on $mux $flatten\arm16_datapath_unit.\qspi_master_unit.$procmux$622.
    dead port 2/2 on $mux $flatten\arm16_datapath_unit.\qspi_master_unit.$procmux$612.
    dead port 1/2 on $mux $flatten\arm16_datapath_unit.\qspi_master_unit.$procmux$610.
    dead port 1/2 on $mux $flatten\arm16_datapath_unit.\qspi_master_unit.$procmux$607.
    dead port 2/2 on $mux $flatten\arm16_datapath_unit.\qspi_master_unit.$procmux$597.
    dead port 2/2 on $mux $flatten\arm16_datapath_unit.\qspi_master_unit.$procmux$589.
    dead port 1/2 on $mux $flatten\arm16_datapath_unit.\qspi_master_unit.$procmux$587.
    dead port 2/2 on $mux $flatten\arm16_datapath_unit.\qspi_master_unit.$procmux$578.
    dead port 2/2 on $mux $flatten\arm16_datapath_unit.\qspi_master_unit.$procmux$571.
    dead port 1/2 on $mux $flatten\arm16_datapath_unit.\qspi_master_unit.$procmux$556.
    dead port 1/2 on $mux $flatten\arm16_datapath_unit.\qspi_master_unit.$procmux$550.
    dead port 1/2 on $mux $flatten\arm16_datapath_unit.\qspi_master_unit.$procmux$544.
    dead port 2/2 on $mux $flatten\arm16_datapath_unit.\qspi_master_unit.$procmux$541.
    dead port 1/2 on $mux $flatten\arm16_datapath_unit.\qspi_master_unit.$procmux$531.
    dead port 1/2 on $mux $flatten\arm16_datapath_unit.\qspi_master_unit.$procmux$528.
    dead port 1/2 on $mux $flatten\arm16_datapath_unit.\qspi_master_unit.$procmux$522.
    dead port 1/2 on $mux $flatten\arm16_datapath_unit.\qspi_master_unit.$procmux$519.
    dead port 1/2 on $mux $flatten\arm16_datapath_unit.\qspi_master_unit.$procmux$513.
    dead port 1/2 on $mux $flatten\arm16_datapath_unit.\qspi_master_unit.$procmux$510.
    dead port 2/2 on $mux $flatten\arm16_datapath_unit.\qspi_master_unit.$procmux$507.
    dead port 1/2 on $mux $flatten\arm16_datapath_unit.\qspi_master_unit.$procmux$499.
    dead port 1/2 on $mux $flatten\arm16_datapath_unit.\qspi_master_unit.$procmux$496.
    dead port 1/2 on $mux $flatten\arm16_datapath_unit.\qspi_master_unit.$procmux$493.
    dead port 1/2 on $mux $flatten\arm16_datapath_unit.\qspi_master_unit.$procmux$487.
    dead port 1/2 on $mux $flatten\arm16_datapath_unit.\qspi_master_unit.$procmux$484.
    dead port 1/2 on $mux $flatten\arm16_datapath_unit.\qspi_master_unit.$procmux$481.
    dead port 1/2 on $mux $flatten\arm16_controller_unit.$procmux$1509.
    dead port 2/2 on $mux $flatten\arm16_controller_unit.$procmux$1511.
    dead port 2/2 on $mux $flatten\arm16_controller_unit.$procmux$1521.
    dead port 2/2 on $mux $flatten\arm16_controller_unit.$procmux$1531.
    dead port 2/2 on $mux $flatten\arm16_controller_unit.$procmux$1541.
    dead port 2/2 on $mux $flatten\arm16_controller_unit.$procmux$1601.
    dead port 1/2 on $mux $flatten\arm16_controller_unit.$procmux$1609.
    dead port 2/2 on $mux $flatten\arm16_controller_unit.$procmux$1611.
    dead port 2/2 on $mux $flatten\arm16_controller_unit.$procmux$1618.
    dead port 1/2 on $mux $flatten\arm16_controller_unit.$procmux$1627.
    dead port 2/2 on $mux $flatten\arm16_controller_unit.$procmux$1629.
    dead port 2/2 on $mux $flatten\arm16_controller_unit.$procmux$1637.
    dead port 1/2 on $mux $flatten\arm16_controller_unit.$procmux$1648.
    dead port 1/2 on $mux $flatten\arm16_controller_unit.$procmux$1651.
    dead port 2/2 on $mux $flatten\arm16_controller_unit.$procmux$1653.
    dead port 1/2 on $mux $flatten\arm16_controller_unit.$procmux$1664.
    dead port 2/2 on $mux $flatten\arm16_controller_unit.$procmux$1666.
    dead port 2/2 on $mux $flatten\arm16_controller_unit.$procmux$1676.
Removed 83 multiplexer ports.
<suppressed ~541 debug messages>

15.8.4. Executing OPT_REDUCE pass (consolidate $*mux and $reduce_* inputs).
  Optimizing cells in module \tt_um_moein_maleki_arm16.
    New ctrl vector for $pmux cell $flatten\arm16_datapath_unit.\instruction_decoder_unit.$procmux$1047: $auto$opt_reduce.cc:137:opt_pmux$1810
    New ctrl vector for $pmux cell $flatten\arm16_datapath_unit.\instruction_decoder_unit.$procmux$1029: $auto$opt_reduce.cc:137:opt_pmux$1812
    New ctrl vector for $pmux cell $flatten\arm16_datapath_unit.\instruction_decoder_unit.$procmux$1013: { $flatten\arm16_datapath_unit.\instruction_decoder_unit.$procmux$1108_CMP $flatten\arm16_datapath_unit.\instruction_decoder_unit.$procmux$1109_CMP $auto$opt_reduce.cc:137:opt_pmux$1816 $auto$opt_reduce.cc:137:opt_pmux$1814 $flatten\arm16_datapath_unit.\instruction_decoder_unit.$procmux$1110_CMP $flatten\arm16_datapath_unit.\instruction_decoder_unit.$procmux$1111_CMP $flatten\arm16_datapath_unit.\instruction_decoder_unit.$procmux$1112_CMP $flatten\arm16_datapath_unit.\instruction_decoder_unit.$procmux$1113_CMP $flatten\arm16_datapath_unit.\instruction_decoder_unit.$procmux$1115_CMP }
    Consolidated identical input bits for $mux cell $flatten\arm16_datapath_unit.\register_file_unit.$procmux$469:
      Old ports: A=16'0000000000000000, B=16'1111111111111111, Y=$flatten\arm16_datapath_unit.\register_file_unit.$0$memwr$\regs$src/register_file.v:22$377_EN[15:0]$383
      New ports: A=1'0, B=1'1, Y=$flatten\arm16_datapath_unit.\register_file_unit.$0$memwr$\regs$src/register_file.v:22$377_EN[15:0]$383 [0]
      New connections: $flatten\arm16_datapath_unit.\register_file_unit.$0$memwr$\regs$src/register_file.v:22$377_EN[15:0]$383 [15:1] = { $flatten\arm16_datapath_unit.\register_file_unit.$0$memwr$\regs$src/register_file.v:22$377_EN[15:0]$383 [0] $flatten\arm16_datapath_unit.\register_file_unit.$0$memwr$\regs$src/register_file.v:22$377_EN[15:0]$383 [0] $flatten\arm16_datapath_unit.\register_file_unit.$0$memwr$\regs$src/register_file.v:22$377_EN[15:0]$383 [0] $flatten\arm16_datapath_unit.\register_file_unit.$0$memwr$\regs$src/register_file.v:22$377_EN[15:0]$383 [0] $flatten\arm16_datapath_unit.\register_file_unit.$0$memwr$\regs$src/register_file.v:22$377_EN[15:0]$383 [0] $flatten\arm16_datapath_unit.\register_file_unit.$0$memwr$\regs$src/register_file.v:22$377_EN[15:0]$383 [0] $flatten\arm16_datapath_unit.\register_file_unit.$0$memwr$\regs$src/register_file.v:22$377_EN[15:0]$383 [0] $flatten\arm16_datapath_unit.\register_file_unit.$0$memwr$\regs$src/register_file.v:22$377_EN[15:0]$383 [0] $flatten\arm16_datapath_unit.\register_file_unit.$0$memwr$\regs$src/register_file.v:22$377_EN[15:0]$383 [0] $flatten\arm16_datapath_unit.\register_file_unit.$0$memwr$\regs$src/register_file.v:22$377_EN[15:0]$383 [0] $flatten\arm16_datapath_unit.\register_file_unit.$0$memwr$\regs$src/register_file.v:22$377_EN[15:0]$383 [0] $flatten\arm16_datapath_unit.\register_file_unit.$0$memwr$\regs$src/register_file.v:22$377_EN[15:0]$383 [0] $flatten\arm16_datapath_unit.\register_file_unit.$0$memwr$\regs$src/register_file.v:22$377_EN[15:0]$383 [0] $flatten\arm16_datapath_unit.\register_file_unit.$0$memwr$\regs$src/register_file.v:22$377_EN[15:0]$383 [0] $flatten\arm16_datapath_unit.\register_file_unit.$0$memwr$\regs$src/register_file.v:22$377_EN[15:0]$383 [0] }
    New ctrl vector for $pmux cell $flatten\arm16_datapath_unit.\instruction_decoder_unit.$procmux$1107: $auto$opt_reduce.cc:137:opt_pmux$1818
    New ctrl vector for $pmux cell $flatten\arm16_datapath_unit.\qspi_master_unit.$procmux$535: { $flatten\arm16_datapath_unit.\qspi_master_unit.$procmux$536_CMP $flatten\arm16_datapath_unit.\qspi_master_unit.$procmux$537_CMP $flatten\arm16_datapath_unit.\qspi_master_unit.$procmux$538_CMP $auto$opt_reduce.cc:137:opt_pmux$1820 }
    New ctrl vector for $pmux cell $flatten\arm16_datapath_unit.\instruction_decoder_unit.$procmux$1091: { $auto$opt_reduce.cc:137:opt_pmux$1824 $auto$opt_reduce.cc:137:opt_pmux$1822 }
    New ctrl vector for $pmux cell $flatten\arm16_datapath_unit.\instruction_decoder_unit.$procmux$1075: $auto$opt_reduce.cc:137:opt_pmux$1826
    New ctrl vector for $pmux cell $flatten\arm16_controller_unit.$procmux$1563: $auto$opt_reduce.cc:137:opt_pmux$1828
    New ctrl vector for $pmux cell $flatten\arm16_controller_unit.$procmux$1579: $auto$opt_reduce.cc:137:opt_pmux$1830
    New ctrl vector for $pmux cell $flatten\arm16_controller_unit.$procmux$1594: $auto$opt_reduce.cc:137:opt_pmux$1832
    New ctrl vector for $pmux cell $flatten\arm16_datapath_unit.\instruction_decoder_unit.$procmux$1061: $auto$opt_reduce.cc:137:opt_pmux$1834
  Optimizing cells in module \tt_um_moein_maleki_arm16.
Performed a total of 12 changes.

15.8.5. Executing OPT_MERGE pass (detect identical cells).
Finding identical cells in module `\tt_um_moein_maleki_arm16'.
Computing hashes of 773 cells of `\tt_um_moein_maleki_arm16'.
Finding duplicate cells in `\tt_um_moein_maleki_arm16'.
Computing hashes of 763 cells of `\tt_um_moein_maleki_arm16'.
Finding duplicate cells in `\tt_um_moein_maleki_arm16'.
Computing hashes of 762 cells of `\tt_um_moein_maleki_arm16'.
Finding duplicate cells in `\tt_um_moein_maleki_arm16'.
<suppressed ~33 debug messages>
Removed a total of 11 cells.

15.8.6. Executing OPT_DFF pass (perform DFF optimizations).

15.8.7. Executing OPT_CLEAN pass (remove unused cells and wires).
Finding unused cells or wires in module \tt_um_moein_maleki_arm16..
Removed 0 unused cells and 290 unused wires.
<suppressed ~1 debug messages>

15.8.8. Executing OPT_EXPR pass (perform const folding).
Optimizing module tt_um_moein_maleki_arm16.

15.8.9. Rerunning OPT passes. (Maybe there is more to do..)

15.8.10. Executing OPT_MUXTREE pass (detect dead branches in mux trees).
Running muxtree optimizer on module \tt_um_moein_maleki_arm16..
  Creating internal representation of mux trees.
  Evaluating internal representation of mux trees.
  Analyzing evaluation results.
Removed 0 multiplexer ports.
<suppressed ~464 debug messages>

15.8.11. Executing OPT_REDUCE pass (consolidate $*mux and $reduce_* inputs).
  Optimizing cells in module \tt_um_moein_maleki_arm16.
Performed a total of 0 changes.

15.8.12. Executing OPT_MERGE pass (detect identical cells).
Finding identical cells in module `\tt_um_moein_maleki_arm16'.
Computing hashes of 762 cells of `\tt_um_moein_maleki_arm16'.
Finding duplicate cells in `\tt_um_moein_maleki_arm16'.
Removed a total of 0 cells.

15.8.13. Executing OPT_DFF pass (perform DFF optimizations).

15.8.14. Executing OPT_CLEAN pass (remove unused cells and wires).
Finding unused cells or wires in module \tt_um_moein_maleki_arm16..

15.8.15. Executing OPT_EXPR pass (perform const folding).
Optimizing module tt_um_moein_maleki_arm16.

15.8.16. Finished fast OPT passes. (There is nothing left to do.)

15.9. Executing FSM pass (extract and optimize FSM).

15.9.1. Executing FSM_DETECT pass (finding FSMs in design).
Found FSM state register tt_um_moein_maleki_arm16.arm16_datapath_unit.ex_command.
Not marking tt_um_moein_maleki_arm16.arm16_datapath_unit.qspi_master_unit.sd_oe_reg as FSM state register:
    Register is connected to module port.
    Users of register don't seem to benefit from recoding.
Not marking tt_um_moein_maleki_arm16.arm16_datapath_unit.qspi_master_unit.kind as FSM state register:
    Users of register don't seem to benefit from recoding.
Not marking tt_um_moein_maleki_arm16.arm16_datapath_unit.qspi_master_unit.present_state as FSM state register:
    Users of register don't seem to benefit from recoding.
Found FSM state register tt_um_moein_maleki_arm16.arm16_controller_unit.present_state.

15.9.2. Executing FSM_EXTRACT pass (extracting FSM from design).
Extracting FSM `\arm16_datapath_unit.ex_command' from module `\tt_um_moein_maleki_arm16'.
  found $dff cell for state register: $flatten\arm16_datapath_unit.$procdff$1774
  root of input selection tree: $flatten\arm16_datapath_unit.$0\ex_command[3:0]
  found reset state: 4'0000 (guessed from mux tree)
  found ctrl input: $flatten\arm16_datapath_unit.$or$src/arm16_datapath.v:268$127_Y
  found ctrl input: \arm16_controller_unit.mem_busy
  found ctrl input: \arm16_datapath_unit.id_exec
  found state code: 4'0000
  found ctrl input: \arm16_datapath_unit.instruction_decoder_unit.dp_form_ok
  found ctrl input: \arm16_datapath_unit.instruction_decoder_unit.ldst_form_ok
  found ctrl input: \arm16_datapath_unit.instruction_decoder_unit.instr_in [23]
  found state code: 4'0100
  found state code: 4'0010
  found ctrl input: $flatten\arm16_datapath_unit.\instruction_decoder_unit.$procmux$1023_CMP
  found ctrl input: $flatten\arm16_datapath_unit.\instruction_decoder_unit.$procmux$1021_CMP
  found ctrl input: $flatten\arm16_datapath_unit.\instruction_decoder_unit.$procmux$1020_CMP
  found ctrl input: $flatten\arm16_datapath_unit.\instruction_decoder_unit.$procmux$1019_CMP
  found ctrl input: $flatten\arm16_datapath_unit.\instruction_decoder_unit.$procmux$1018_CMP
  found ctrl input: $auto$opt_reduce.cc:137:opt_pmux$1814
  found ctrl input: $auto$opt_reduce.cc:137:opt_pmux$1816
  found ctrl input: $flatten\arm16_datapath_unit.\instruction_decoder_unit.$procmux$1015_CMP
  found ctrl input: $flatten\arm16_datapath_unit.\instruction_decoder_unit.$procmux$1014_CMP
  found state code: 4'1000
  found state code: 4'0011
  found state code: 4'0101
  found state code: 4'0111
  found state code: 4'0110
  found state code: 4'0001
  found state code: 4'1001
  found ctrl output: $flatten\arm16_datapath_unit.\alu_unit.$procmux$1691_CMP
  found ctrl output: $flatten\arm16_datapath_unit.\alu_unit.$procmux$1692_CMP
  found ctrl output: $flatten\arm16_datapath_unit.\alu_unit.$procmux$1693_CMP
  found ctrl output: $flatten\arm16_datapath_unit.\alu_unit.$procmux$1694_CMP
  found ctrl output: $flatten\arm16_datapath_unit.\alu_unit.$procmux$1695_CMP
  found ctrl output: $flatten\arm16_datapath_unit.\alu_unit.$eq$src/alu.v:36$5_Y
  found ctrl output: $flatten\arm16_datapath_unit.\alu_unit.$procmux$1690_CMP [1]
  found ctrl output: $flatten\arm16_datapath_unit.\alu_unit.$eq$src/alu.v:35$2_Y
  found ctrl output: $flatten\arm16_datapath_unit.\alu_unit.$eq$src/alu.v:35$1_Y
  ctrl inputs: { \arm16_datapath_unit.id_exec $flatten\arm16_datapath_unit.$or$src/arm16_datapath.v:268$127_Y $flatten\arm16_datapath_unit.\instruction_decoder_unit.$procmux$1023_CMP $flatten\arm16_datapath_unit.\instruction_decoder_unit.$procmux$1021_CMP $flatten\arm16_datapath_unit.\instruction_decoder_unit.$procmux$1020_CMP $flatten\arm16_datapath_unit.\instruction_decoder_unit.$procmux$1019_CMP $flatten\arm16_datapath_unit.\instruction_decoder_unit.$procmux$1018_CMP $flatten\arm16_datapath_unit.\instruction_decoder_unit.$procmux$1015_CMP $flatten\arm16_datapath_unit.\instruction_decoder_unit.$procmux$1014_CMP \arm16_datapath_unit.instruction_decoder_unit.ldst_form_ok \arm16_datapath_unit.instruction_decoder_unit.dp_form_ok \arm16_datapath_unit.instruction_decoder_unit.instr_in [23] \arm16_controller_unit.mem_busy $auto$opt_reduce.cc:137:opt_pmux$1814 $auto$opt_reduce.cc:137:opt_pmux$1816 }
  ctrl outputs: { $flatten\arm16_datapath_unit.$0\ex_command[3:0] $flatten\arm16_datapath_unit.\alu_unit.$procmux$1695_CMP $flatten\arm16_datapath_unit.\alu_unit.$procmux$1694_CMP $flatten\arm16_datapath_unit.\alu_unit.$procmux$1693_CMP $flatten\arm16_datapath_unit.\alu_unit.$procmux$1692_CMP $flatten\arm16_datapath_unit.\alu_unit.$procmux$1691_CMP $flatten\arm16_datapath_unit.\alu_unit.$procmux$1690_CMP [1] $flatten\arm16_datapath_unit.\alu_unit.$eq$src/alu.v:36$5_Y $flatten\arm16_datapath_unit.\alu_unit.$eq$src/alu.v:35$2_Y $flatten\arm16_datapath_unit.\alu_unit.$eq$src/alu.v:35$1_Y }
  transition:     4'0000 15'00----------0-- ->     4'0000 13'0000000000000
  transition:     4'0000 15'10-------00-0-- ->     4'0000 13'0000000000000
  transition:     4'0000 15'10-------1000-- ->     4'0100 13'0100000000000
  transition:     4'0000 15'10-------1010-- ->     4'0010 13'0010000000000
  transition:     4'0000 15'100000000-1-000 ->     4'0000 13'0000000000000
  transition:     4'0000 15'10------1-1-0-- ->     4'1001 13'1001000000000
  transition:     4'0000 15'10-----1--1-0-- ->     4'0001 13'0001000000000
  transition:     4'0000 15'10--------1-0-1 ->     4'0100 13'0100000000000
  transition:     4'0000 15'10--------1-01- ->     4'0110 13'0110000000000
  transition:     4'0000 15'10----1---1-0-- ->     4'0111 13'0111000000000
  transition:     4'0000 15'10---1----1-0-- ->     4'0101 13'0101000000000
  transition:     4'0000 15'10--1-----1-0-- ->     4'0011 13'0011000000000
  transition:     4'0000 15'10-1------1-0-- ->     4'0010 13'0010000000000
  transition:     4'0000 15'101-------1-0-- ->     4'1000 13'1000000000000
  transition:     4'0000 15'-0----------1-- ->     4'0000 13'0000000000000
  transition:     4'0000 15'-1------------- ->     4'0000 13'0000000000000
  transition:     4'1000 15'00----------0-- ->     4'0000 13'0000000010000
  transition:     4'1000 15'10-------00-0-- ->     4'0000 13'0000000010000
  transition:     4'1000 15'10-------1000-- ->     4'0100 13'0100000010000
  transition:     4'1000 15'10-------1010-- ->     4'0010 13'0010000010000
  transition:     4'1000 15'100000000-1-000 ->     4'0000 13'0000000010000
  transition:     4'1000 15'10------1-1-0-- ->     4'1001 13'1001000010000
  transition:     4'1000 15'10-----1--1-0-- ->     4'0001 13'0001000010000
  transition:     4'1000 15'10--------1-0-1 ->     4'0100 13'0100000010000
  transition:     4'1000 15'10--------1-01- ->     4'0110 13'0110000010000
  transition:     4'1000 15'10----1---1-0-- ->     4'0111 13'0111000010000
  transition:     4'1000 15'10---1----1-0-- ->     4'0101 13'0101000010000
  transition:     4'1000 15'10--1-----1-0-- ->     4'0011 13'0011000010000
  transition:     4'1000 15'10-1------1-0-- ->     4'0010 13'0010000010000
  transition:     4'1000 15'101-------1-0-- ->     4'1000 13'1000000010000
  transition:     4'1000 15'-0----------1-- ->     4'1000 13'1000000010000
  transition:     4'1000 15'-1------------- ->     4'0000 13'0000000010000
  transition:     4'0100 15'00----------0-- ->     4'0000 13'0000000000001
  transition:     4'0100 15'10-------00-0-- ->     4'0000 13'0000000000001
  transition:     4'0100 15'10-------1000-- ->     4'0100 13'0100000000001
  transition:     4'0100 15'10-------1010-- ->     4'0010 13'0010000000001
  transition:     4'0100 15'100000000-1-000 ->     4'0000 13'0000000000001
  transition:     4'0100 15'10------1-1-0-- ->     4'1001 13'1001000000001
  transition:     4'0100 15'10-----1--1-0-- ->     4'0001 13'0001000000001
  transition:     4'0100 15'10--------1-0-1 ->     4'0100 13'0100000000001
  transition:     4'0100 15'10--------1-01- ->     4'0110 13'0110000000001
  transition:     4'0100 15'10----1---1-0-- ->     4'0111 13'0111000000001
  transition:     4'0100 15'10---1----1-0-- ->     4'0101 13'0101000000001
  transition:     4'0100 15'10--1-----1-0-- ->     4'0011 13'0011000000001
  transition:     4'0100 15'10-1------1-0-- ->     4'0010 13'0010000000001
  transition:     4'0100 15'101-------1-0-- ->     4'1000 13'1000000000001
  transition:     4'0100 15'-0----------1-- ->     4'0100 13'0100000000001
  transition:     4'0100 15'-1------------- ->     4'0000 13'0000000000001
  transition:     4'0010 15'00----------0-- ->     4'0000 13'0000000000100
  transition:     4'0010 15'10-------00-0-- ->     4'0000 13'0000000000100
  transition:     4'0010 15'10-------1000-- ->     4'0100 13'0100000000100
  transition:     4'0010 15'10-------1010-- ->     4'0010 13'0010000000100
  transition:     4'0010 15'100000000-1-000 ->     4'0000 13'0000000000100
  transition:     4'0010 15'10------1-1-0-- ->     4'1001 13'1001000000100
  transition:     4'0010 15'10-----1--1-0-- ->     4'0001 13'0001000000100
  transition:     4'0010 15'10--------1-0-1 ->     4'0100 13'0100000000100
  transition:     4'0010 15'10--------1-01- ->     4'0110 13'0110000000100
  transition:     4'0010 15'10----1---1-0-- ->     4'0111 13'0111000000100
  transition:     4'0010 15'10---1----1-0-- ->     4'0101 13'0101000000100
  transition:     4'0010 15'10--1-----1-0-- ->     4'0011 13'0011000000100
  transition:     4'0010 15'10-1------1-0-- ->     4'0010 13'0010000000100
  transition:     4'0010 15'101-------1-0-- ->     4'1000 13'1000000000100
  transition:     4'0010 15'-0----------1-- ->     4'0010 13'0010000000100
  transition:     4'0010 15'-1------------- ->     4'0000 13'0000000000100
  transition:     4'0110 15'00----------0-- ->     4'0000 13'0000001000000
  transition:     4'0110 15'10-------00-0-- ->     4'0000 13'0000001000000
  transition:     4'0110 15'10-------1000-- ->     4'0100 13'0100001000000
  transition:     4'0110 15'10-------1010-- ->     4'0010 13'0010001000000
  transition:     4'0110 15'100000000-1-000 ->     4'0000 13'0000001000000
  transition:     4'0110 15'10------1-1-0-- ->     4'1001 13'1001001000000
  transition:     4'0110 15'10-----1--1-0-- ->     4'0001 13'0001001000000
  transition:     4'0110 15'10--------1-0-1 ->     4'0100 13'0100001000000
  transition:     4'0110 15'10--------1-01- ->     4'0110 13'0110001000000
  transition:     4'0110 15'10----1---1-0-- ->     4'0111 13'0111001000000
  transition:     4'0110 15'10---1----1-0-- ->     4'0101 13'0101001000000
  transition:     4'0110 15'10--1-----1-0-- ->     4'0011 13'0011001000000
  transition:     4'0110 15'10-1------1-0-- ->     4'0010 13'0010001000000
  transition:     4'0110 15'101-------1-0-- ->     4'1000 13'1000001000000
  transition:     4'0110 15'-0----------1-- ->     4'0110 13'0110001000000
  transition:     4'0110 15'-1------------- ->     4'0000 13'0000001000000
  transition:     4'0001 15'00----------0-- ->     4'0000 13'0000100000000
  transition:     4'0001 15'10-------00-0-- ->     4'0000 13'0000100000000
  transition:     4'0001 15'10-------1000-- ->     4'0100 13'0100100000000
  transition:     4'0001 15'10-------1010-- ->     4'0010 13'0010100000000
  transition:     4'0001 15'100000000-1-000 ->     4'0000 13'0000100000000
  transition:     4'0001 15'10------1-1-0-- ->     4'1001 13'1001100000000
  transition:     4'0001 15'10-----1--1-0-- ->     4'0001 13'0001100000000
  transition:     4'0001 15'10--------1-0-1 ->     4'0100 13'0100100000000
  transition:     4'0001 15'10--------1-01- ->     4'0110 13'0110100000000
  transition:     4'0001 15'10----1---1-0-- ->     4'0111 13'0111100000000
  transition:     4'0001 15'10---1----1-0-- ->     4'0101 13'0101100000000
  transition:     4'0001 15'10--1-----1-0-- ->     4'0011 13'0011100000000
  transition:     4'0001 15'10-1------1-0-- ->     4'0010 13'0010100000000
  transition:     4'0001 15'101-------1-0-- ->     4'1000 13'1000100000000
  transition:     4'0001 15'-0----------1-- ->     4'0001 13'0001100000000
  transition:     4'0001 15'-1------------- ->     4'0000 13'0000100000000
  transition:     4'1001 15'00----------0-- ->     4'0000 13'0000010000000
  transition:     4'1001 15'10-------00-0-- ->     4'0000 13'0000010000000
  transition:     4'1001 15'10-------1000-- ->     4'0100 13'0100010000000
  transition:     4'1001 15'10-------1010-- ->     4'0010 13'0010010000000
  transition:     4'1001 15'100000000-1-000 ->     4'0000 13'0000010000000
  transition:     4'1001 15'10------1-1-0-- ->     4'1001 13'1001010000000
  transition:     4'1001 15'10-----1--1-0-- ->     4'0001 13'0001010000000
  transition:     4'1001 15'10--------1-0-1 ->     4'0100 13'0100010000000
  transition:     4'1001 15'10--------1-01- ->     4'0110 13'0110010000000
  transition:     4'1001 15'10----1---1-0-- ->     4'0111 13'0111010000000
  transition:     4'1001 15'10---1----1-0-- ->     4'0101 13'0101010000000
  transition:     4'1001 15'10--1-----1-0-- ->     4'0011 13'0011010000000
  transition:     4'1001 15'10-1------1-0-- ->     4'0010 13'0010010000000
  transition:     4'1001 15'101-------1-0-- ->     4'1000 13'1000010000000
  transition:     4'1001 15'-0----------1-- ->     4'1001 13'1001010000000
  transition:     4'1001 15'-1------------- ->     4'0000 13'0000010000000
  transition:     4'0101 15'00----------0-- ->     4'0000 13'0000000000010
  transition:     4'0101 15'10-------00-0-- ->     4'0000 13'0000000000010
  transition:     4'0101 15'10-------1000-- ->     4'0100 13'0100000000010
  transition:     4'0101 15'10-------1010-- ->     4'0010 13'0010000000010
  transition:     4'0101 15'100000000-1-000 ->     4'0000 13'0000000000010
  transition:     4'0101 15'10------1-1-0-- ->     4'1001 13'1001000000010
  transition:     4'0101 15'10-----1--1-0-- ->     4'0001 13'0001000000010
  transition:     4'0101 15'10--------1-0-1 ->     4'0100 13'0100000000010
  transition:     4'0101 15'10--------1-01- ->     4'0110 13'0110000000010
  transition:     4'0101 15'10----1---1-0-- ->     4'0111 13'0111000000010
  transition:     4'0101 15'10---1----1-0-- ->     4'0101 13'0101000000010
  transition:     4'0101 15'10--1-----1-0-- ->     4'0011 13'0011000000010
  transition:     4'0101 15'10-1------1-0-- ->     4'0010 13'0010000000010
  transition:     4'0101 15'101-------1-0-- ->     4'1000 13'1000000000010
  transition:     4'0101 15'-0----------1-- ->     4'0101 13'0101000000010
  transition:     4'0101 15'-1------------- ->     4'0000 13'0000000000010
  transition:     4'0011 15'00----------0-- ->     4'0000 13'0000000001000
  transition:     4'0011 15'10-------00-0-- ->     4'0000 13'0000000001000
  transition:     4'0011 15'10-------1000-- ->     4'0100 13'0100000001000
  transition:     4'0011 15'10-------1010-- ->     4'0010 13'0010000001000
  transition:     4'0011 15'100000000-1-000 ->     4'0000 13'0000000001000
  transition:     4'0011 15'10------1-1-0-- ->     4'1001 13'1001000001000
  transition:     4'0011 15'10-----1--1-0-- ->     4'0001 13'0001000001000
  transition:     4'0011 15'10--------1-0-1 ->     4'0100 13'0100000001000
  transition:     4'0011 15'10--------1-01- ->     4'0110 13'0110000001000
  transition:     4'0011 15'10----1---1-0-- ->     4'0111 13'0111000001000
  transition:     4'0011 15'10---1----1-0-- ->     4'0101 13'0101000001000
  transition:     4'0011 15'10--1-----1-0-- ->     4'0011 13'0011000001000
  transition:     4'0011 15'10-1------1-0-- ->     4'0010 13'0010000001000
  transition:     4'0011 15'101-------1-0-- ->     4'1000 13'1000000001000
  transition:     4'0011 15'-0----------1-- ->     4'0011 13'0011000001000
  transition:     4'0011 15'-1------------- ->     4'0000 13'0000000001000
  transition:     4'0111 15'00----------0-- ->     4'0000 13'0000000100000
  transition:     4'0111 15'10-------00-0-- ->     4'0000 13'0000000100000
  transition:     4'0111 15'10-------1000-- ->     4'0100 13'0100000100000
  transition:     4'0111 15'10-------1010-- ->     4'0010 13'0010000100000
  transition:     4'0111 15'100000000-1-000 ->     4'0000 13'0000000100000
  transition:     4'0111 15'10------1-1-0-- ->     4'1001 13'1001000100000
  transition:     4'0111 15'10-----1--1-0-- ->     4'0001 13'0001000100000
  transition:     4'0111 15'10--------1-0-1 ->     4'0100 13'0100000100000
  transition:     4'0111 15'10--------1-01- ->     4'0110 13'0110000100000
  transition:     4'0111 15'10----1---1-0-- ->     4'0111 13'0111000100000
  transition:     4'0111 15'10---1----1-0-- ->     4'0101 13'0101000100000
  transition:     4'0111 15'10--1-----1-0-- ->     4'0011 13'0011000100000
  transition:     4'0111 15'10-1------1-0-- ->     4'0010 13'0010000100000
  transition:     4'0111 15'101-------1-0-- ->     4'1000 13'1000000100000
  transition:     4'0111 15'-0----------1-- ->     4'0111 13'0111000100000
  transition:     4'0111 15'-1------------- ->     4'0000 13'0000000100000
Extracting FSM `\arm16_controller_unit.present_state' from module `\tt_um_moein_maleki_arm16'.
  found $dff cell for state register: $flatten\arm16_controller_unit.$procdff$1792
  root of input selection tree: $flatten\arm16_controller_unit.$0\present_state[2:0]
  found reset state: 3'000 (guessed from mux tree)
  found ctrl input: \reset_synchronizer_unit.sync_second
  found ctrl input: $flatten\arm16_controller_unit.$eq$src/arm16_controller.v:51$23_Y
  found ctrl input: $flatten\arm16_controller_unit.$procmux$1564_CMP
  found ctrl input: $flatten\arm16_controller_unit.$procmux$1576_CMP
  found ctrl input: $flatten\arm16_controller_unit.$procmux$1565_CMP
  found ctrl input: $flatten\arm16_controller_unit.$procmux$1512_CMP
  found state code: 3'000
  found ctrl input: \arm16_datapath_unit.qspi_master_unit.data_done_reg
  found ctrl input: \arm16_controller_unit.abort
  found ctrl input: $flatten\arm16_controller_unit.$and$src/arm16_controller.v:88$39_Y
  found state code: 3'010
  found ctrl input: \arm16_datapath_unit.qspi_master_unit.word_valid_reg
  found state code: 3'011
  found state code: 3'001
  found ctrl input: \arm16_datapath_unit.rom_mode_q
  found ctrl input: $flatten\arm16_controller_unit.$and$src/arm16_controller.v:69$34_Y
  found ctrl input: $flatten\arm16_controller_unit.$and$src/arm16_controller.v:71$37_Y
  found state code: 3'100
  found ctrl output: $flatten\arm16_controller_unit.$procmux$1576_CMP
  found ctrl output: $flatten\arm16_controller_unit.$procmux$1565_CMP
  found ctrl output: $flatten\arm16_controller_unit.$procmux$1564_CMP
  found ctrl output: $flatten\arm16_controller_unit.$procmux$1512_CMP
  found ctrl output: $flatten\arm16_controller_unit.$eq$src/arm16_controller.v:51$23_Y
  found ctrl output: $flatten\arm16_controller_unit.$ne$src/arm16_controller.v:51$21_Y
  ctrl inputs: { \reset_synchronizer_unit.sync_second \arm16_datapath_unit.rom_mode_q \arm16_datapath_unit.qspi_master_unit.data_done_reg \arm16_datapath_unit.qspi_master_unit.word_valid_reg \arm16_controller_unit.abort $flatten\arm16_controller_unit.$and$src/arm16_controller.v:69$34_Y $flatten\arm16_controller_unit.$and$src/arm16_controller.v:71$37_Y $flatten\arm16_controller_unit.$and$src/arm16_controller.v:88$39_Y }
  ctrl outputs: { $flatten\arm16_controller_unit.$ne$src/arm16_controller.v:51$21_Y $flatten\arm16_controller_unit.$eq$src/arm16_controller.v:51$23_Y $flatten\arm16_controller_unit.$0\present_state[2:0] $flatten\arm16_controller_unit.$procmux$1512_CMP $flatten\arm16_controller_unit.$procmux$1564_CMP $flatten\arm16_controller_unit.$procmux$1565_CMP $flatten\arm16_controller_unit.$procmux$1576_CMP }
  transition:      3'000 8'00---00- ->      3'000 9'100001000
  transition:      3'000 8'00---01- ->      3'010 9'100101000
  transition:      3'000 8'00---1-- ->      3'100 9'101001000
  transition:      3'000 8'01------ ->      3'001 9'100011000
  transition:      3'000 8'1------- ->      3'000 9'100001000
  transition:      3'100 8'0-0----- ->      3'100 9'111000000
  transition:      3'100 8'0-1----- ->      3'000 9'110000000
  transition:      3'100 8'1------- ->      3'000 9'110000000
  transition:      3'010 8'0--00--- ->      3'010 9'100100001
  transition:      3'010 8'0--10--- ->      3'011 9'100110001
  transition:      3'010 8'0---1--- ->      3'000 9'100000001
  transition:      3'010 8'1------- ->      3'000 9'100000001
  transition:      3'001 8'0------- ->      3'001 9'000010010
  transition:      3'001 8'1------- ->      3'000 9'000000010
  transition:      3'011 8'0---0--0 ->      3'011 9'100110100
  transition:      3'011 8'0---0--1 ->      3'010 9'100100100
  transition:      3'011 8'0---1--- ->      3'000 9'100000100
  transition:      3'011 8'1------- ->      3'000 9'100000100

15.9.3. Executing FSM_OPT pass (simple optimizations of FSMs).
Optimizing FSM `$fsm$\arm16_controller_unit.present_state$1846' from module `\tt_um_moein_maleki_arm16'.
Optimizing FSM `$fsm$\arm16_datapath_unit.ex_command$1835' from module `\tt_um_moein_maleki_arm16'.

15.9.4. Executing OPT_CLEAN pass (remove unused cells and wires).
Finding unused cells or wires in module \tt_um_moein_maleki_arm16..
Removed 34 unused cells and 36 unused wires.
<suppressed ~39 debug messages>

15.9.5. Executing FSM_OPT pass (simple optimizations of FSMs).
Optimizing FSM `$fsm$\arm16_datapath_unit.ex_command$1835' from module `\tt_um_moein_maleki_arm16'.
  Removing unused output signal $flatten\arm16_datapath_unit.$0\ex_command[3:0] [0].
  Removing unused output signal $flatten\arm16_datapath_unit.$0\ex_command[3:0] [1].
  Removing unused output signal $flatten\arm16_datapath_unit.$0\ex_command[3:0] [2].
  Removing unused output signal $flatten\arm16_datapath_unit.$0\ex_command[3:0] [3].
Optimizing FSM `$fsm$\arm16_controller_unit.present_state$1846' from module `\tt_um_moein_maleki_arm16'.
  Removing unused output signal $flatten\arm16_controller_unit.$0\present_state[2:0] [0].
  Removing unused output signal $flatten\arm16_controller_unit.$0\present_state[2:0] [1].
  Removing unused output signal $flatten\arm16_controller_unit.$0\present_state[2:0] [2].

15.9.6. Executing FSM_RECODE pass (re-assigning FSM state encoding).
Recoding FSM `$fsm$\arm16_datapath_unit.ex_command$1835' from module `\tt_um_moein_maleki_arm16' using `auto' encoding:
  mapping auto encoding to `one-hot` for this FSM.
  0000 -> ---------1
  1000 -> --------1-
  0100 -> -------1--
  0010 -> ------1---
  0110 -> -----1----
  0001 -> ----1-----
  1001 -> ---1------
  0101 -> --1-------
  0011 -> -1--------
  0111 -> 1---------
Recoding FSM `$fsm$\arm16_controller_unit.present_state$1846' from module `\tt_um_moein_maleki_arm16' using `auto' encoding:
  mapping auto encoding to `one-hot` for this FSM.
  000 -> ----1
  100 -> ---1-
  010 -> --1--
  001 -> -1---
  011 -> 1----

15.9.7. Executing FSM_INFO pass (dumping all available information on FSM cells).

FSM `$fsm$\arm16_datapath_unit.ex_command$1835' from module `tt_um_moein_maleki_arm16':
-------------------------------------

  Information on FSM $fsm$\arm16_datapath_unit.ex_command$1835 (\arm16_datapath_unit.ex_command):

  Number of input signals:   15
  Number of output signals:   9
  Number of state bits:      10

  Input signals:
    0: $auto$opt_reduce.cc:137:opt_pmux$1816
    1: $auto$opt_reduce.cc:137:opt_pmux$1814
    2: \arm16_controller_unit.mem_busy
    3: \arm16_datapath_unit.instruction_decoder_unit.instr_in [23]
    4: \arm16_datapath_unit.instruction_decoder_unit.dp_form_ok
    5: \arm16_datapath_unit.instruction_decoder_unit.ldst_form_ok
    6: $flatten\arm16_datapath_unit.\instruction_decoder_unit.$procmux$1014_CMP
    7: $flatten\arm16_datapath_unit.\instruction_decoder_unit.$procmux$1015_CMP
    8: $flatten\arm16_datapath_unit.\instruction_decoder_unit.$procmux$1018_CMP
    9: $flatten\arm16_datapath_unit.\instruction_decoder_unit.$procmux$1019_CMP
   10: $flatten\arm16_datapath_unit.\instruction_decoder_unit.$procmux$1020_CMP
   11: $flatten\arm16_datapath_unit.\instruction_decoder_unit.$procmux$1021_CMP
   12: $flatten\arm16_datapath_unit.\instruction_decoder_unit.$procmux$1023_CMP
   13: $flatten\arm16_datapath_unit.$or$src/arm16_datapath.v:268$127_Y
   14: \arm16_datapath_unit.id_exec

  Output signals:
    0: $flatten\arm16_datapath_unit.\alu_unit.$eq$src/alu.v:35$1_Y
    1: $flatten\arm16_datapath_unit.\alu_unit.$eq$src/alu.v:35$2_Y
    2: $flatten\arm16_datapath_unit.\alu_unit.$eq$src/alu.v:36$5_Y
    3: $flatten\arm16_datapath_unit.\alu_unit.$procmux$1690_CMP [1]
    4: $flatten\arm16_datapath_unit.\alu_unit.$procmux$1691_CMP
    5: $flatten\arm16_datapath_unit.\alu_unit.$procmux$1692_CMP
    6: $flatten\arm16_datapath_unit.\alu_unit.$procmux$1693_CMP
    7: $flatten\arm16_datapath_unit.\alu_unit.$procmux$1694_CMP
    8: $flatten\arm16_datapath_unit.\alu_unit.$procmux$1695_CMP

  State encoding:
    0: 10'---------1  <RESET STATE>
    1: 10'--------1-
    2: 10'-------1--
    3: 10'------1---
    4: 10'-----1----
    5: 10'----1-----
    6: 10'---1------
    7: 10'--1-------
    8: 10'-1--------
    9: 10'1---------

  Transition Table (state_in, ctrl_in, state_out, ctrl_out):
      0:     0 15'100000000-1-000   ->     0 9'000000000
      1:     0 15'10-------00-0--   ->     0 9'000000000
      2:     0 15'00----------0--   ->     0 9'000000000
      3:     0 15'-0----------1--   ->     0 9'000000000
      4:     0 15'-1-------------   ->     0 9'000000000
      5:     0 15'101-------1-0--   ->     1 9'000000000
      6:     0 15'10--------1-0-1   ->     2 9'000000000
      7:     0 15'10-------1000--   ->     2 9'000000000
      8:     0 15'10-------1010--   ->     3 9'000000000
      9:     0 15'10-1------1-0--   ->     3 9'000000000
     10:     0 15'10--------1-01-   ->     4 9'000000000
     11:     0 15'10-----1--1-0--   ->     5 9'000000000
     12:     0 15'10------1-1-0--   ->     6 9'000000000
     13:     0 15'10---1----1-0--   ->     7 9'000000000
     14:     0 15'10--1-----1-0--   ->     8 9'000000000
     15:     0 15'10----1---1-0--   ->     9 9'000000000
     16:     1 15'100000000-1-000   ->     0 9'000010000
     17:     1 15'10-------00-0--   ->     0 9'000010000
     18:     1 15'00----------0--   ->     0 9'000010000
     19:     1 15'-1-------------   ->     0 9'000010000
     20:     1 15'101-------1-0--   ->     1 9'000010000
     21:     1 15'-0----------1--   ->     1 9'000010000
     22:     1 15'10--------1-0-1   ->     2 9'000010000
     23:     1 15'10-------1000--   ->     2 9'000010000
     24:     1 15'10-------1010--   ->     3 9'000010000
     25:     1 15'10-1------1-0--   ->     3 9'000010000
     26:     1 15'10--------1-01-   ->     4 9'000010000
     27:     1 15'10-----1--1-0--   ->     5 9'000010000
     28:     1 15'10------1-1-0--   ->     6 9'000010000
     29:     1 15'10---1----1-0--   ->     7 9'000010000
     30:     1 15'10--1-----1-0--   ->     8 9'000010000
     31:     1 15'10----1---1-0--   ->     9 9'000010000
     32:     2 15'100000000-1-000   ->     0 9'000000001
     33:     2 15'10-------00-0--   ->     0 9'000000001
     34:     2 15'00----------0--   ->     0 9'000000001
     35:     2 15'-1-------------   ->     0 9'000000001
     36:     2 15'101-------1-0--   ->     1 9'000000001
     37:     2 15'10--------1-0-1   ->     2 9'000000001
     38:     2 15'10-------1000--   ->     2 9'000000001
     39:     2 15'-0----------1--   ->     2 9'000000001
     40:     2 15'10-------1010--   ->     3 9'000000001
     41:     2 15'10-1------1-0--   ->     3 9'000000001
     42:     2 15'10--------1-01-   ->     4 9'000000001
     43:     2 15'10-----1--1-0--   ->     5 9'000000001
     44:     2 15'10------1-1-0--   ->     6 9'000000001
     45:     2 15'10---1----1-0--   ->     7 9'000000001
     46:     2 15'10--1-----1-0--   ->     8 9'000000001
     47:     2 15'10----1---1-0--   ->     9 9'000000001
     48:     3 15'100000000-1-000   ->     0 9'000000100
     49:     3 15'10-------00-0--   ->     0 9'000000100
     50:     3 15'00----------0--   ->     0 9'000000100
     51:     3 15'-1-------------   ->     0 9'000000100
     52:     3 15'101-------1-0--   ->     1 9'000000100
     53:     3 15'10--------1-0-1   ->     2 9'000000100
     54:     3 15'10-------1000--   ->     2 9'000000100
     55:     3 15'10-------1010--   ->     3 9'000000100
     56:     3 15'10-1------1-0--   ->     3 9'000000100
     57:     3 15'-0----------1--   ->     3 9'000000100
     58:     3 15'10--------1-01-   ->     4 9'000000100
     59:     3 15'10-----1--1-0--   ->     5 9'000000100
     60:     3 15'10------1-1-0--   ->     6 9'000000100
     61:     3 15'10---1----1-0--   ->     7 9'000000100
     62:     3 15'10--1-----1-0--   ->     8 9'000000100
     63:     3 15'10----1---1-0--   ->     9 9'000000100
     64:     4 15'100000000-1-000   ->     0 9'001000000
     65:     4 15'10-------00-0--   ->     0 9'001000000
     66:     4 15'00----------0--   ->     0 9'001000000
     67:     4 15'-1-------------   ->     0 9'001000000
     68:     4 15'101-------1-0--   ->     1 9'001000000
     69:     4 15'10--------1-0-1   ->     2 9'001000000
     70:     4 15'10-------1000--   ->     2 9'001000000
     71:     4 15'10-------1010--   ->     3 9'001000000
     72:     4 15'10-1------1-0--   ->     3 9'001000000
     73:     4 15'10--------1-01-   ->     4 9'001000000
     74:     4 15'-0----------1--   ->     4 9'001000000
     75:     4 15'10-----1--1-0--   ->     5 9'001000000
     76:     4 15'10------1-1-0--   ->     6 9'001000000
     77:     4 15'10---1----1-0--   ->     7 9'001000000
     78:     4 15'10--1-----1-0--   ->     8 9'001000000
     79:     4 15'10----1---1-0--   ->     9 9'001000000
     80:     5 15'100000000-1-000   ->     0 9'100000000
     81:     5 15'10-------00-0--   ->     0 9'100000000
     82:     5 15'00----------0--   ->     0 9'100000000
     83:     5 15'-1-------------   ->     0 9'100000000
     84:     5 15'101-------1-0--   ->     1 9'100000000
     85:     5 15'10--------1-0-1   ->     2 9'100000000
     86:     5 15'10-------1000--   ->     2 9'100000000
     87:     5 15'10-------1010--   ->     3 9'100000000
     88:     5 15'10-1------1-0--   ->     3 9'100000000
     89:     5 15'10--------1-01-   ->     4 9'100000000
     90:     5 15'10-----1--1-0--   ->     5 9'100000000
     91:     5 15'-0----------1--   ->     5 9'100000000
     92:     5 15'10------1-1-0--   ->     6 9'100000000
     93:     5 15'10---1----1-0--   ->     7 9'100000000
     94:     5 15'10--1-----1-0--   ->     8 9'100000000
     95:     5 15'10----1---1-0--   ->     9 9'100000000
     96:     6 15'100000000-1-000   ->     0 9'010000000
     97:     6 15'10-------00-0--   ->     0 9'010000000
     98:     6 15'00----------0--   ->     0 9'010000000
     99:     6 15'-1-------------   ->     0 9'010000000
    100:     6 15'101-------1-0--   ->     1 9'010000000
    101:     6 15'10--------1-0-1   ->     2 9'010000000
    102:     6 15'10-------1000--   ->     2 9'010000000
    103:     6 15'10-------1010--   ->     3 9'010000000
    104:     6 15'10-1------1-0--   ->     3 9'010000000
    105:     6 15'10--------1-01-   ->     4 9'010000000
    106:     6 15'10-----1--1-0--   ->     5 9'010000000
    107:     6 15'10------1-1-0--   ->     6 9'010000000
    108:     6 15'-0----------1--   ->     6 9'010000000
    109:     6 15'10---1----1-0--   ->     7 9'010000000
    110:     6 15'10--1-----1-0--   ->     8 9'010000000
    111:     6 15'10----1---1-0--   ->     9 9'010000000
    112:     7 15'100000000-1-000   ->     0 9'000000010
    113:     7 15'10-------00-0--   ->     0 9'000000010
    114:     7 15'00----------0--   ->     0 9'000000010
    115:     7 15'-1-------------   ->     0 9'000000010
    116:     7 15'101-------1-0--   ->     1 9'000000010
    117:     7 15'10--------1-0-1   ->     2 9'000000010
    118:     7 15'10-------1000--   ->     2 9'000000010
    119:     7 15'10-------1010--   ->     3 9'000000010
    120:     7 15'10-1------1-0--   ->     3 9'000000010
    121:     7 15'10--------1-01-   ->     4 9'000000010
    122:     7 15'10-----1--1-0--   ->     5 9'000000010
    123:     7 15'10------1-1-0--   ->     6 9'000000010
    124:     7 15'10---1----1-0--   ->     7 9'000000010
    125:     7 15'-0----------1--   ->     7 9'000000010
    126:     7 15'10--1-----1-0--   ->     8 9'000000010
    127:     7 15'10----1---1-0--   ->     9 9'000000010
    128:     8 15'100000000-1-000   ->     0 9'000001000
    129:     8 15'10-------00-0--   ->     0 9'000001000
    130:     8 15'00----------0--   ->     0 9'000001000
    131:     8 15'-1-------------   ->     0 9'000001000
    132:     8 15'101-------1-0--   ->     1 9'000001000
    133:     8 15'10--------1-0-1   ->     2 9'000001000
    134:     8 15'10-------1000--   ->     2 9'000001000
    135:     8 15'10-------1010--   ->     3 9'000001000
    136:     8 15'10-1------1-0--   ->     3 9'000001000
    137:     8 15'10--------1-01-   ->     4 9'000001000
    138:     8 15'10-----1--1-0--   ->     5 9'000001000
    139:     8 15'10------1-1-0--   ->     6 9'000001000
    140:     8 15'10---1----1-0--   ->     7 9'000001000
    141:     8 15'10--1-----1-0--   ->     8 9'000001000
    142:     8 15'-0----------1--   ->     8 9'000001000
    143:     8 15'10----1---1-0--   ->     9 9'000001000
    144:     9 15'100000000-1-000   ->     0 9'000100000
    145:     9 15'10-------00-0--   ->     0 9'000100000
    146:     9 15'00----------0--   ->     0 9'000100000
    147:     9 15'-1-------------   ->     0 9'000100000
    148:     9 15'101-------1-0--   ->     1 9'000100000
    149:     9 15'10--------1-0-1   ->     2 9'000100000
    150:     9 15'10-------1000--   ->     2 9'000100000
    151:     9 15'10-------1010--   ->     3 9'000100000
    152:     9 15'10-1------1-0--   ->     3 9'000100000
    153:     9 15'10--------1-01-   ->     4 9'000100000
    154:     9 15'10-----1--1-0--   ->     5 9'000100000
    155:     9 15'10------1-1-0--   ->     6 9'000100000
    156:     9 15'10---1----1-0--   ->     7 9'000100000
    157:     9 15'10--1-----1-0--   ->     8 9'000100000
    158:     9 15'10----1---1-0--   ->     9 9'000100000
    159:     9 15'-0----------1--   ->     9 9'000100000

-------------------------------------

FSM `$fsm$\arm16_controller_unit.present_state$1846' from module `tt_um_moein_maleki_arm16':
-------------------------------------

  Information on FSM $fsm$\arm16_controller_unit.present_state$1846 (\arm16_controller_unit.present_state):

  Number of input signals:    8
  Number of output signals:   6
  Number of state bits:       5

  Input signals:
    0: $flatten\arm16_controller_unit.$and$src/arm16_controller.v:88$39_Y
    1: $flatten\arm16_controller_unit.$and$src/arm16_controller.v:71$37_Y
    2: $flatten\arm16_controller_unit.$and$src/arm16_controller.v:69$34_Y
    3: \arm16_controller_unit.abort
    4: \arm16_datapath_unit.qspi_master_unit.word_valid_reg
    5: \arm16_datapath_unit.qspi_master_unit.data_done_reg
    6: \arm16_datapath_unit.rom_mode_q
    7: \reset_synchronizer_unit.sync_second

  Output signals:
    0: $flatten\arm16_controller_unit.$procmux$1576_CMP
    1: $flatten\arm16_controller_unit.$procmux$1565_CMP
    2: $flatten\arm16_controller_unit.$procmux$1564_CMP
    3: $flatten\arm16_controller_unit.$procmux$1512_CMP
    4: $flatten\arm16_controller_unit.$eq$src/arm16_controller.v:51$23_Y
    5: $flatten\arm16_controller_unit.$ne$src/arm16_controller.v:51$21_Y

  State encoding:
    0:    5'----1  <RESET STATE>
    1:    5'---1-
    2:    5'--1--
    3:    5'-1---
    4:    5'1----

  Transition Table (state_in, ctrl_in, state_out, ctrl_out):
      0:     0 8'00---00-   ->     0 6'101000
      1:     0 8'1-------   ->     0 6'101000
      2:     0 8'00---1--   ->     1 6'101000
      3:     0 8'00---01-   ->     2 6'101000
      4:     0 8'01------   ->     3 6'101000
      5:     1 8'0-1-----   ->     0 6'110000
      6:     1 8'1-------   ->     0 6'110000
      7:     1 8'0-0-----   ->     1 6'110000
      8:     2 8'0---1---   ->     0 6'100001
      9:     2 8'1-------   ->     0 6'100001
     10:     2 8'0--00---   ->     2 6'100001
     11:     2 8'0--10---   ->     4 6'100001
     12:     3 8'1-------   ->     0 6'000010
     13:     3 8'0-------   ->     3 6'000010
     14:     4 8'0---1---   ->     0 6'100100
     15:     4 8'1-------   ->     0 6'100100
     16:     4 8'0---0--1   ->     2 6'100100
     17:     4 8'0---0--0   ->     4 6'100100

-------------------------------------

15.9.8. Executing FSM_MAP pass (mapping FSMs to basic logic).
Mapping FSM `$fsm$\arm16_datapath_unit.ex_command$1835' from module `\tt_um_moein_maleki_arm16'.
Mapping FSM `$fsm$\arm16_controller_unit.present_state$1846' from module `\tt_um_moein_maleki_arm16'.

15.10. Executing OPT pass (performing simple optimizations).

15.10.1. Executing OPT_EXPR pass (perform const folding).
Optimizing module tt_um_moein_maleki_arm16.
<suppressed ~8 debug messages>

15.10.2. Executing OPT_MERGE pass (detect identical cells).
Finding identical cells in module `\tt_um_moein_maleki_arm16'.
Computing hashes of 805 cells of `\tt_um_moein_maleki_arm16'.
Finding duplicate cells in `\tt_um_moein_maleki_arm16'.
Computing hashes of 795 cells of `\tt_um_moein_maleki_arm16'.
Finding duplicate cells in `\tt_um_moein_maleki_arm16'.
<suppressed ~30 debug messages>
Removed a total of 10 cells.

15.10.3. Executing OPT_MUXTREE pass (detect dead branches in mux trees).
Running muxtree optimizer on module \tt_um_moein_maleki_arm16..
  Creating internal representation of mux trees.
  Evaluating internal representation of mux trees.
  Analyzing evaluation results.
Removed 0 multiplexer ports.
<suppressed ~445 debug messages>

15.10.4. Executing OPT_REDUCE pass (consolidate $*mux and $reduce_* inputs).
  Optimizing cells in module \tt_um_moein_maleki_arm16.
Performed a total of 0 changes.

15.10.5. Executing OPT_MERGE pass (detect identical cells).
Finding identical cells in module `\tt_um_moein_maleki_arm16'.
Computing hashes of 795 cells of `\tt_um_moein_maleki_arm16'.
Finding duplicate cells in `\tt_um_moein_maleki_arm16'.
Removed a total of 0 cells.

15.10.6. Executing OPT_DFF pass (perform DFF optimizations).
Adding SRST signal on $flatten\arm16_datapath_unit.$procdff$1760 ($dff) from module tt_um_moein_maleki_arm16 (D = $flatten\arm16_datapath_unit.$procmux$1346_Y, Q = \arm16_datapath_unit.mem_mem_write, rval = 1'0).
Adding EN signal on $auto$ff.cc:337:slice$2000 ($sdff) from module tt_um_moein_maleki_arm16 (D = \arm16_datapath_unit.ex_mem_write, Q = \arm16_datapath_unit.mem_mem_write).
Adding SRST signal on $flatten\arm16_datapath_unit.$procdff$1759 ($dff) from module tt_um_moein_maleki_arm16 (D = $flatten\arm16_datapath_unit.$procmux$1351_Y, Q = \arm16_datapath_unit.mem_mem_read, rval = 1'0).
Adding EN signal on $auto$ff.cc:337:slice$2002 ($sdff) from module tt_um_moein_maleki_arm16 (D = \arm16_datapath_unit.ex_mem_read, Q = \arm16_datapath_unit.mem_mem_read).
Adding SRST signal on $flatten\arm16_datapath_unit.$procdff$1758 ($dff) from module tt_um_moein_maleki_arm16 (D = $flatten\arm16_datapath_unit.$procmux$1356_Y, Q = \arm16_datapath_unit.mem_wb_en, rval = 1'0).
Adding EN signal on $auto$ff.cc:337:slice$2004 ($sdff) from module tt_um_moein_maleki_arm16 (D = \arm16_datapath_unit.ex_wb_en, Q = \arm16_datapath_unit.mem_wb_en).
Adding SRST signal on $flatten\arm16_datapath_unit.$procdff$1757 ($dff) from module tt_um_moein_maleki_arm16 (D = $flatten\arm16_datapath_unit.$procmux$1361_Y, Q = \arm16_datapath_unit.mem_valid, rval = 1'0).
Adding EN signal on $auto$ff.cc:337:slice$2006 ($sdff) from module tt_um_moein_maleki_arm16 (D = \arm16_datapath_unit.ex_valid, Q = \arm16_datapath_unit.mem_valid).
Adding SRST signal on $flatten\arm16_datapath_unit.$procdff$1756 ($dff) from module tt_um_moein_maleki_arm16 (D = $flatten\arm16_datapath_unit.$procmux$1301_Y, Q = \arm16_datapath_unit.wb_load_data, rval = 16'0000000000000000).
Adding EN signal on $auto$ff.cc:337:slice$2008 ($sdff) from module tt_um_moein_maleki_arm16 (D = \arm16_datapath_unit.mem_load_data, Q = \arm16_datapath_unit.wb_load_data).
Adding SRST signal on $flatten\arm16_datapath_unit.$procdff$1778 ($dff) from module tt_um_moein_maleki_arm16 (D = $flatten\arm16_datapath_unit.$procmux$1401_Y, Q = \arm16_datapath_unit.ex_branch_imm, rval = 14'00000000000000).
Adding EN signal on $auto$ff.cc:337:slice$2010 ($sdff) from module tt_um_moein_maleki_arm16 (D = \arm16_datapath_unit.instruction_decoder_unit.instr_in [13:0], Q = \arm16_datapath_unit.ex_branch_imm).
Adding SRST signal on $flatten\arm16_datapath_unit.$procdff$1755 ($dff) from module tt_um_moein_maleki_arm16 (D = $flatten\arm16_datapath_unit.$procmux$1306_Y, Q = \arm16_datapath_unit.wb_alu_result, rval = 16'0000000000000000).
Adding EN signal on $auto$ff.cc:337:slice$2012 ($sdff) from module tt_um_moein_maleki_arm16 (D = \arm16_datapath_unit.mem_alu_result, Q = \arm16_datapath_unit.wb_alu_result).
Adding SRST signal on $flatten\arm16_datapath_unit.$procdff$1754 ($dff) from module tt_um_moein_maleki_arm16 (D = $flatten\arm16_datapath_unit.$procmux$1311_Y, Q = \arm16_datapath_unit.wb_dest, rval = 4'0000).
Adding EN signal on $auto$ff.cc:337:slice$2014 ($sdff) from module tt_um_moein_maleki_arm16 (D = \arm16_datapath_unit.mem_dest, Q = \arm16_datapath_unit.wb_dest).
Adding SRST signal on $flatten\arm16_datapath_unit.$procdff$1753 ($dff) from module tt_um_moein_maleki_arm16 (D = $flatten\arm16_datapath_unit.$procmux$1316_Y, Q = \arm16_datapath_unit.wb_mem_read, rval = 1'0).
Adding EN signal on $auto$ff.cc:337:slice$2016 ($sdff) from module tt_um_moein_maleki_arm16 (D = \arm16_datapath_unit.mem_mem_read, Q = \arm16_datapath_unit.wb_mem_read).
Adding SRST signal on $flatten\arm16_datapath_unit.$procdff$1752 ($dff) from module tt_um_moein_maleki_arm16 (D = $flatten\arm16_datapath_unit.$procmux$1321_Y, Q = \arm16_datapath_unit.wb_wb_en, rval = 1'0).
Adding EN signal on $auto$ff.cc:337:slice$2018 ($sdff) from module tt_um_moein_maleki_arm16 (D = \arm16_datapath_unit.mem_wb_en, Q = \arm16_datapath_unit.wb_wb_en).
Adding SRST signal on $flatten\arm16_datapath_unit.$procdff$1751 ($dff) from module tt_um_moein_maleki_arm16 (D = $flatten\arm16_datapath_unit.$procmux$1326_Y, Q = \arm16_datapath_unit.wb_valid, rval = 1'0).
Adding EN signal on $auto$ff.cc:337:slice$2020 ($sdff) from module tt_um_moein_maleki_arm16 (D = \arm16_datapath_unit.mem_valid, Q = \arm16_datapath_unit.wb_valid).
Adding SRST signal on $flatten\arm16_datapath_unit.$procdff$1750 ($dff) from module tt_um_moein_maleki_arm16 (D = $flatten\arm16_datapath_unit.$procmux$1296_Y, Q = \arm16_datapath_unit.nzcv, rval = 4'0000).
Adding EN signal on $auto$ff.cc:337:slice$2022 ($sdff) from module tt_um_moein_maleki_arm16 (D = { \arm16_datapath_unit.alu_result [15] \arm16_datapath_unit.alu_zero \arm16_datapath_unit.flags_next [1:0] }, Q = \arm16_datapath_unit.nzcv).
Adding SRST signal on $flatten\arm16_datapath_unit.$procdff$1749 ($dff) from module tt_um_moein_maleki_arm16 (D = $flatten\arm16_datapath_unit.$procmux$1270_Y, Q = \arm16_datapath_unit.uart_div, rval = 16'0000000011011001).
Adding EN signal on $auto$ff.cc:337:slice$2024 ($sdff) from module tt_um_moein_maleki_arm16 (D = \arm16_datapath_unit.mem_store_data, Q = \arm16_datapath_unit.uart_div).
Adding SRST signal on $flatten\arm16_datapath_unit.$procdff$1777 ($dff) from module tt_um_moein_maleki_arm16 (D = $flatten\arm16_datapath_unit.$procmux$1406_Y, Q = \arm16_datapath_unit.ex_operand2, rval = 12'000000000000).
Adding EN signal on $auto$ff.cc:337:slice$2028 ($sdff) from module tt_um_moein_maleki_arm16 (D = \arm16_datapath_unit.instruction_decoder_unit.instr_in [11:0], Q = \arm16_datapath_unit.ex_operand2).
Adding SRST signal on $flatten\arm16_datapath_unit.$procdff$1748 ($dff) from module tt_um_moein_maleki_arm16 (D = $flatten\arm16_datapath_unit.$procmux$1277_Y, Q = \arm16_datapath_unit.vga_bg, rval = 6'000000).
Adding EN signal on $auto$ff.cc:337:slice$2030 ($sdff) from module tt_um_moein_maleki_arm16 (D = \arm16_datapath_unit.mem_store_data [5:0], Q = \arm16_datapath_unit.vga_bg).
Adding SRST signal on $flatten\arm16_datapath_unit.$procdff$1747 ($dff) from module tt_um_moein_maleki_arm16 (D = $flatten\arm16_datapath_unit.$procmux$1284_Y, Q = \arm16_datapath_unit.vga_fg, rval = 6'111111).
Adding EN signal on $auto$ff.cc:337:slice$2034 ($sdff) from module tt_um_moein_maleki_arm16 (D = \arm16_datapath_unit.mem_store_data [5:0], Q = \arm16_datapath_unit.vga_fg).
Adding SRST signal on $flatten\arm16_datapath_unit.$procdff$1746 ($dff) from module tt_um_moein_maleki_arm16 (D = $flatten\arm16_datapath_unit.$procmux$1291_Y, Q = \arm16_datapath_unit.vga_val, rval = 16'0000000000000000).
Adding EN signal on $auto$ff.cc:337:slice$2038 ($sdff) from module tt_um_moein_maleki_arm16 (D = \arm16_datapath_unit.mem_store_data, Q = \arm16_datapath_unit.vga_val).
Adding SRST signal on $flatten\arm16_datapath_unit.$procdff$1745 ($dff) from module tt_um_moein_maleki_arm16 (D = \arm16_datapath_unit.vga_renderer_unit.vsync_n, Q = \arm16_datapath_unit.vsync_q, rval = 1'1).
Adding SRST signal on $flatten\arm16_datapath_unit.$procdff$1744 ($dff) from module tt_um_moein_maleki_arm16 (D = $flatten\arm16_datapath_unit.$procmux$1255_Y, Q = \arm16_datapath_unit.meter_value, rval = 16'0000000000000000).
Adding EN signal on $auto$ff.cc:337:slice$2043 ($sdff) from module tt_um_moein_maleki_arm16 (D = \arm16_datapath_unit.retired_count [19:4], Q = \arm16_datapath_unit.meter_value).
Adding SRST signal on $flatten\arm16_datapath_unit.$procdff$1743 ($dff) from module tt_um_moein_maleki_arm16 (D = $flatten\arm16_datapath_unit.$procmux$1260_Y [19:1], Q = \arm16_datapath_unit.retired_count [19:1], rval = 19'0000000000000000000).
Adding SRST signal on $flatten\arm16_datapath_unit.$procdff$1743 ($dff) from module tt_um_moein_maleki_arm16 (D = $flatten\arm16_datapath_unit.$procmux$1263_Y [0], Q = \arm16_datapath_unit.retired_count [0], rval = 1'0).
Adding EN signal on $auto$ff.cc:337:slice$2048 ($sdff) from module tt_um_moein_maleki_arm16 (D = $flatten\arm16_datapath_unit.$procmux$1263_Y [0], Q = \arm16_datapath_unit.retired_count [0]).
Adding EN signal on $auto$ff.cc:337:slice$2045 ($sdff) from module tt_um_moein_maleki_arm16 (D = $flatten\arm16_datapath_unit.$add$src/arm16_datapath.v:404$154_Y [19:1], Q = \arm16_datapath_unit.retired_count [19:1]).
Adding SRST signal on $flatten\arm16_datapath_unit.$procdff$1779 ($dff) from module tt_um_moein_maleki_arm16 (D = $flatten\arm16_datapath_unit.$procmux$1396_Y, Q = \arm16_datapath_unit.ex_val_rn, rval = 16'0000000000000000).
Adding EN signal on $auto$ff.cc:337:slice$2053 ($sdff) from module tt_um_moein_maleki_arm16 (D = \arm16_datapath_unit.id_val_rn, Q = \arm16_datapath_unit.ex_val_rn).
Adding SRST signal on $flatten\arm16_datapath_unit.$procdff$1773 ($dff) from module tt_um_moein_maleki_arm16 (D = $flatten\arm16_datapath_unit.$procmux$1426_Y, Q = \arm16_datapath_unit.ex_dest_is_pc, rval = 1'0).
Adding EN signal on $auto$ff.cc:337:slice$2055 ($sdff) from module tt_um_moein_maleki_arm16 (D = $flatten\arm16_datapath_unit.$and$src/arm16_datapath.v:301$135_Y, Q = \arm16_datapath_unit.ex_dest_is_pc).
Adding SRST signal on $flatten\arm16_datapath_unit.$procdff$1772 ($dff) from module tt_um_moein_maleki_arm16 (D = $flatten\arm16_datapath_unit.$procmux$1431_Y, Q = \arm16_datapath_unit.ex_dest, rval = 4'0000).
Adding EN signal on $auto$ff.cc:337:slice$2057 ($sdff) from module tt_um_moein_maleki_arm16 (D = \arm16_datapath_unit.id_dest, Q = \arm16_datapath_unit.ex_dest).
Adding SRST signal on $flatten\arm16_datapath_unit.$procdff$1771 ($dff) from module tt_um_moein_maleki_arm16 (D = $flatten\arm16_datapath_unit.$procmux$1436_Y, Q = \arm16_datapath_unit.ex_set_flags, rval = 1'0).
Adding EN signal on $auto$ff.cc:337:slice$2059 ($sdff) from module tt_um_moein_maleki_arm16 (D = $flatten\arm16_datapath_unit.$and$src/arm16_datapath.v:299$134_Y, Q = \arm16_datapath_unit.ex_set_flags).
Adding SRST signal on $flatten\arm16_datapath_unit.$procdff$1770 ($dff) from module tt_um_moein_maleki_arm16 (D = $flatten\arm16_datapath_unit.$procmux$1441_Y, Q = \arm16_datapath_unit.ex_link, rval = 1'0).
Adding EN signal on $auto$ff.cc:337:slice$2061 ($sdff) from module tt_um_moein_maleki_arm16 (D = $flatten\arm16_datapath_unit.$and$src/arm16_datapath.v:298$133_Y, Q = \arm16_datapath_unit.ex_link).
Adding SRST signal on $flatten\arm16_datapath_unit.$procdff$1769 ($dff) from module tt_um_moein_maleki_arm16 (D = $flatten\arm16_datapath_unit.$procmux$1446_Y, Q = \arm16_datapath_unit.ex_branch, rval = 1'0).
Adding EN signal on $auto$ff.cc:337:slice$2063 ($sdff) from module tt_um_moein_maleki_arm16 (D = $flatten\arm16_datapath_unit.$and$src/arm16_datapath.v:297$132_Y, Q = \arm16_datapath_unit.ex_branch).
Adding SRST signal on $flatten\arm16_datapath_unit.\vga_renderer_unit.$procdff$1699 ($dff) from module tt_um_moein_maleki_arm16 (D = { $flatten\arm16_datapath_unit.\vga_renderer_unit.$ternary$src/vga_renderer.v:49$402_Y [0] $flatten\arm16_datapath_unit.\vga_renderer_unit.$ternary$src/vga_renderer.v:49$402_Y [2] $flatten\arm16_datapath_unit.\vga_renderer_unit.$ternary$src/vga_renderer.v:49$402_Y [4] $flatten\arm16_datapath_unit.\vga_renderer_unit.$ternary$src/vga_renderer.v:49$402_Y [1] $flatten\arm16_datapath_unit.\vga_renderer_unit.$ternary$src/vga_renderer.v:49$402_Y [3] $flatten\arm16_datapath_unit.\vga_renderer_unit.$ternary$src/vga_renderer.v:49$402_Y [5] }, Q = { \arm16_datapath_unit.vga_renderer_unit.pins_out [6:4] \arm16_datapath_unit.vga_renderer_unit.pins_out [2:0] }, rval = 6'000000).
Adding SRST signal on $flatten\arm16_datapath_unit.\vga_renderer_unit.$procdff$1700 ($dff) from module tt_um_moein_maleki_arm16 (D = $flatten\arm16_datapath_unit.\vga_renderer_unit.$add$src/vga_renderer.v:57$405_Y, Q = \arm16_datapath_unit.vga_renderer_unit.h_count, rval = 10'0000000000).
Adding SRST signal on $flatten\arm16_datapath_unit.\vga_renderer_unit.$procdff$1701 ($dff) from module tt_um_moein_maleki_arm16 (D = $flatten\arm16_datapath_unit.\vga_renderer_unit.$procmux$463_Y, Q = \arm16_datapath_unit.vga_renderer_unit.v_count, rval = 10'0000000000).
Adding EN signal on $auto$ff.cc:337:slice$2070 ($sdff) from module tt_um_moein_maleki_arm16 (D = $flatten\arm16_datapath_unit.\vga_renderer_unit.$ternary$src/vga_renderer.v:59$408_Y, Q = \arm16_datapath_unit.vga_renderer_unit.v_count).
Adding SRST signal on $flatten\arm16_datapath_unit.$procdff$1768 ($dff) from module tt_um_moein_maleki_arm16 (D = $flatten\arm16_datapath_unit.$procmux$1451_Y, Q = \arm16_datapath_unit.ex_mem_write, rval = 1'0).
Adding EN signal on $auto$ff.cc:337:slice$2072 ($sdff) from module tt_um_moein_maleki_arm16 (D = $flatten\arm16_datapath_unit.$and$src/arm16_datapath.v:296$131_Y, Q = \arm16_datapath_unit.ex_mem_write).
Adding SRST signal on $flatten\arm16_datapath_unit.$procdff$1767 ($dff) from module tt_um_moein_maleki_arm16 (D = $flatten\arm16_datapath_unit.$procmux$1456_Y, Q = \arm16_datapath_unit.ex_mem_read, rval = 1'0).
Adding EN signal on $auto$ff.cc:337:slice$2074 ($sdff) from module tt_um_moein_maleki_arm16 (D = $flatten\arm16_datapath_unit.$and$src/arm16_datapath.v:295$130_Y, Q = \arm16_datapath_unit.ex_mem_read).
Adding SRST signal on $flatten\arm16_datapath_unit.$procdff$1776 ($dff) from module tt_um_moein_maleki_arm16 (D = $flatten\arm16_datapath_unit.$procmux$1411_Y, Q = \arm16_datapath_unit.ex_memory, rval = 1'0).
Adding EN signal on $auto$ff.cc:337:slice$2076 ($sdff) from module tt_um_moein_maleki_arm16 (D = \arm16_datapath_unit.id_memory, Q = \arm16_datapath_unit.ex_memory).
Adding SRST signal on $flatten\arm16_datapath_unit.$procdff$1775 ($dff) from module tt_um_moein_maleki_arm16 (D = $flatten\arm16_datapath_unit.$procmux$1416_Y, Q = \arm16_datapath_unit.ex_immediate, rval = 1'0).
Adding EN signal on $auto$ff.cc:337:slice$2078 ($sdff) from module tt_um_moein_maleki_arm16 (D = \arm16_datapath_unit.id_immediate, Q = \arm16_datapath_unit.ex_immediate).
Adding SRST signal on $flatten\arm16_datapath_unit.$procdff$1766 ($dff) from module tt_um_moein_maleki_arm16 (D = $flatten\arm16_datapath_unit.$procmux$1461_Y, Q = \arm16_datapath_unit.ex_wb_en, rval = 1'0).
Adding EN signal on $auto$ff.cc:337:slice$2080 ($sdff) from module tt_um_moein_maleki_arm16 (D = $flatten\arm16_datapath_unit.$and$src/arm16_datapath.v:294$129_Y, Q = \arm16_datapath_unit.ex_wb_en).
Adding SRST signal on $flatten\arm16_datapath_unit.$procdff$1765 ($dff) from module tt_um_moein_maleki_arm16 (D = $flatten\arm16_datapath_unit.$procmux$1466_Y, Q = \arm16_datapath_unit.ex_pc, rval = 16'0000000000000000).
Adding EN signal on $auto$ff.cc:337:slice$2082 ($sdff) from module tt_um_moein_maleki_arm16 (D = \arm16_datapath_unit.fetch_addr, Q = \arm16_datapath_unit.ex_pc).
Adding SRST signal on $flatten\arm16_datapath_unit.$procdff$1764 ($dff) from module tt_um_moein_maleki_arm16 (D = $flatten\arm16_datapath_unit.$procmux$1471_Y, Q = \arm16_datapath_unit.ex_valid, rval = 1'0).
Adding EN signal on $auto$ff.cc:337:slice$2084 ($sdff) from module tt_um_moein_maleki_arm16 (D = \arm16_datapath_unit.hazard_detector_unit.id_valid_in, Q = \arm16_datapath_unit.ex_valid).
Adding SRST signal on $flatten\arm16_datapath_unit.$procdff$1763 ($dff) from module tt_um_moein_maleki_arm16 (D = $flatten\arm16_datapath_unit.$procmux$1331_Y, Q = \arm16_datapath_unit.mem_store_data, rval = 16'0000000000000000).
Adding EN signal on $auto$ff.cc:337:slice$2086 ($sdff) from module tt_um_moein_maleki_arm16 (D = \arm16_datapath_unit.barrel_shifter_unit.value_in, Q = \arm16_datapath_unit.mem_store_data).
Adding SRST signal on $flatten\arm16_datapath_unit.$procdff$1762 ($dff) from module tt_um_moein_maleki_arm16 (D = $flatten\arm16_datapath_unit.$procmux$1336_Y, Q = \arm16_datapath_unit.mem_alu_result, rval = 16'0000000000000000).
Adding EN signal on $auto$ff.cc:337:slice$2088 ($sdff) from module tt_um_moein_maleki_arm16 (D = \arm16_datapath_unit.ex_result, Q = \arm16_datapath_unit.mem_alu_result).
Adding SRST signal on $flatten\arm16_datapath_unit.\qspi_master_unit.$procdff$1719 ($dff) from module tt_um_moein_maleki_arm16 (D = $flatten\arm16_datapath_unit.\qspi_master_unit.$procmux$660_Y, Q = \arm16_datapath_unit.qspi_master_unit.data_done_reg, rval = 1'0).
Adding SRST signal on $flatten\arm16_datapath_unit.\qspi_master_unit.$procdff$1721 ($dff) from module tt_um_moein_maleki_arm16 (D = $flatten\arm16_datapath_unit.\qspi_master_unit.$add$src/qspi_master.v:278$347_Y, Q = \arm16_datapath_unit.qspi_master_unit.cs_low_cnt, rval = 8'00000000).
Adding SRST signal on $flatten\arm16_datapath_unit.\qspi_master_unit.$procdff$1722 ($dff) from module tt_um_moein_maleki_arm16 (D = { \arm16_datapath_unit.qspi_master_unit.cap_pipe [1:0] $flatten\arm16_datapath_unit.\qspi_master_unit.$procmux$689_Y }, Q = \arm16_datapath_unit.qspi_master_unit.cap_pipe, rval = 3'000).
Adding SRST signal on $flatten\arm16_datapath_unit.\qspi_master_unit.$procdff$1723 ($dff) from module tt_um_moein_maleki_arm16 (D = $flatten\arm16_datapath_unit.\qspi_master_unit.$procmux$717_Y, Q = \arm16_datapath_unit.qspi_master_unit.cap_count, rval = 3'000).
Adding EN signal on $auto$ff.cc:337:slice$2097 ($sdff) from module tt_um_moein_maleki_arm16 (D = $flatten\arm16_datapath_unit.\qspi_master_unit.$add$src/qspi_master.v:244$334_Y, Q = \arm16_datapath_unit.qspi_master_unit.cap_count).
Adding SRST signal on $flatten\arm16_datapath_unit.\qspi_master_unit.$procdff$1724 ($dff) from module tt_um_moein_maleki_arm16 (D = $flatten\arm16_datapath_unit.\qspi_master_unit.$2$lookahead\rx_word$305[31:0]$324, Q = \arm16_datapath_unit.qspi_master_unit.rx_word, rval = 0).
Adding EN signal on $auto$ff.cc:337:slice$2101 ($sdff) from module tt_um_moein_maleki_arm16 (D = $flatten\arm16_datapath_unit.\qspi_master_unit.$or$src/qspi_master.v:243$333_Y, Q = \arm16_datapath_unit.qspi_master_unit.rx_word).
Adding SRST signal on $flatten\arm16_datapath_unit.\qspi_master_unit.$procdff$1725 ($dff) from module tt_um_moein_maleki_arm16 (D = $flatten\arm16_datapath_unit.\qspi_master_unit.$procmux$707_Y, Q = \arm16_datapath_unit.qspi_master_unit.word_valid_reg, rval = 1'0).
Adding SRST signal on $flatten\arm16_datapath_unit.\qspi_master_unit.$procdff$1728 ($dff) from module tt_um_moein_maleki_arm16 (D = $flatten\arm16_datapath_unit.\qspi_master_unit.$procmux$901_Y, Q = \arm16_datapath_unit.qspi_master_unit.kind, rval = 2'00).
Adding EN signal on $auto$ff.cc:337:slice$2106 ($sdff) from module tt_um_moein_maleki_arm16 (D = \arm16_datapath_unit.qspi_master_unit.kind_next, Q = \arm16_datapath_unit.qspi_master_unit.kind).
Adding SRST signal on $flatten\arm16_datapath_unit.\qspi_master_unit.$procdff$1729 ($dff) from module tt_um_moein_maleki_arm16 (D = $flatten\arm16_datapath_unit.\qspi_master_unit.$procmux$884_Y, Q = \arm16_datapath_unit.qspi_master_unit.sck_reg, rval = 1'0).
Adding EN signal on $auto$ff.cc:337:slice$2110 ($sdff) from module tt_um_moein_maleki_arm16 (D = $flatten\arm16_datapath_unit.\qspi_master_unit.$procmux$884_Y, Q = \arm16_datapath_unit.qspi_master_unit.sck_reg).
Adding SRST signal on $flatten\arm16_datapath_unit.\qspi_master_unit.$procdff$1730 ($dff) from module tt_um_moein_maleki_arm16 (D = $flatten\arm16_datapath_unit.\qspi_master_unit.$procmux$872_Y, Q = \arm16_datapath_unit.qspi_master_unit.cs_flash_n_reg, rval = 1'1).
Adding EN signal on $auto$ff.cc:337:slice$2114 ($sdff) from module tt_um_moein_maleki_arm16 (D = $flatten\arm16_datapath_unit.\qspi_master_unit.$procmux$872_Y, Q = \arm16_datapath_unit.qspi_master_unit.cs_flash_n_reg).
Adding SRST signal on $flatten\arm16_datapath_unit.\qspi_master_unit.$procdff$1731 ($dff) from module tt_um_moein_maleki_arm16 (D = $flatten\arm16_datapath_unit.\qspi_master_unit.$procmux$855_Y, Q = \arm16_datapath_unit.qspi_master_unit.cs_ram_n_reg, rval = 1'1).
Adding EN signal on $auto$ff.cc:337:slice$2126 ($sdff) from module tt_um_moein_maleki_arm16 (D = $flatten\arm16_datapath_unit.\qspi_master_unit.$procmux$855_Y, Q = \arm16_datapath_unit.qspi_master_unit.cs_ram_n_reg).
Adding SRST signal on $flatten\arm16_datapath_unit.\qspi_master_unit.$procdff$1732 ($dff) from module tt_um_moein_maleki_arm16 (D = $flatten\arm16_datapath_unit.\qspi_master_unit.$procmux$843_Y, Q = \arm16_datapath_unit.qspi_master_unit.sd_reg, rval = 4'0000).
Adding EN signal on $auto$ff.cc:337:slice$2140 ($sdff) from module tt_um_moein_maleki_arm16 (D = $flatten\arm16_datapath_unit.\qspi_master_unit.$procmux$843_Y, Q = \arm16_datapath_unit.qspi_master_unit.sd_reg).
Adding SRST signal on $flatten\arm16_datapath_unit.\qspi_master_unit.$procdff$1733 ($dff) from module tt_um_moein_maleki_arm16 (D = $flatten\arm16_datapath_unit.\qspi_master_unit.$procmux$817_Y, Q = \arm16_datapath_unit.qspi_master_unit.sd_oe_reg, rval = 4'0000).
Adding EN signal on $auto$ff.cc:337:slice$2154 ($sdff) from module tt_um_moein_maleki_arm16 (D = $flatten\arm16_datapath_unit.\qspi_master_unit.$procmux$817_Y, Q = \arm16_datapath_unit.qspi_master_unit.sd_oe_reg).
Adding SRST signal on $flatten\arm16_datapath_unit.\qspi_master_unit.$procdff$1734 ($dff) from module tt_um_moein_maleki_arm16 (D = $flatten\arm16_datapath_unit.\qspi_master_unit.$procmux$810_Y, Q = \arm16_datapath_unit.qspi_master_unit.write_cmd, rval = 1'0).
Adding EN signal on $auto$ff.cc:337:slice$2166 ($sdff) from module tt_um_moein_maleki_arm16 (D = $flatten\arm16_datapath_unit.\qspi_master_unit.$and$src/qspi_master.v:161$286_Y, Q = \arm16_datapath_unit.qspi_master_unit.write_cmd).
Adding SRST signal on $flatten\arm16_datapath_unit.\qspi_master_unit.$procdff$1735 ($dff) from module tt_um_moein_maleki_arm16 (D = $flatten\arm16_datapath_unit.\qspi_master_unit.$procmux$799_Y, Q = \arm16_datapath_unit.qspi_master_unit.addr_reg, rval = 16'0000000000000000).
Adding EN signal on $auto$ff.cc:337:slice$2170 ($sdff) from module tt_um_moein_maleki_arm16 (D = \arm16_datapath_unit.qspi_master_unit.addr_in, Q = \arm16_datapath_unit.qspi_master_unit.addr_reg).
Adding SRST signal on $flatten\arm16_datapath_unit.\qspi_master_unit.$procdff$1736 ($dff) from module tt_um_moein_maleki_arm16 (D = $flatten\arm16_datapath_unit.\qspi_master_unit.$procmux$788_Y, Q = \arm16_datapath_unit.qspi_master_unit.wdata_reg, rval = 16'0000000000000000).
Adding EN signal on $auto$ff.cc:337:slice$2174 ($sdff) from module tt_um_moein_maleki_arm16 (D = \arm16_datapath_unit.mem_store_data, Q = \arm16_datapath_unit.qspi_master_unit.wdata_reg).
Adding SRST signal on $flatten\arm16_datapath_unit.\qspi_master_unit.$procdff$1737 ($dff) from module tt_um_moein_maleki_arm16 (D = $flatten\arm16_datapath_unit.\qspi_master_unit.$procmux$774_Y, Q = \arm16_datapath_unit.qspi_master_unit.period, rval = 5'00000).
Adding EN signal on $auto$ff.cc:337:slice$2178 ($sdff) from module tt_um_moein_maleki_arm16 (D = $flatten\arm16_datapath_unit.\qspi_master_unit.$procmux$774_Y, Q = \arm16_datapath_unit.qspi_master_unit.period).
Adding SRST signal on $flatten\arm16_datapath_unit.\qspi_master_unit.$procdff$1738 ($dff) from module tt_um_moein_maleki_arm16 (D = $flatten\arm16_datapath_unit.\qspi_master_unit.$procmux$759_Y, Q = \arm16_datapath_unit.qspi_master_unit.req_cnt, rval = 4'0000).
Adding EN signal on $auto$ff.cc:337:slice$2190 ($sdff) from module tt_um_moein_maleki_arm16 (D = $flatten\arm16_datapath_unit.\qspi_master_unit.$procmux$759_Y, Q = \arm16_datapath_unit.qspi_master_unit.req_cnt).
Adding SRST signal on $flatten\arm16_datapath_unit.\qspi_master_unit.$procdff$1739 ($dff) from module tt_um_moein_maleki_arm16 (D = $flatten\arm16_datapath_unit.\qspi_master_unit.$procmux$738_Y, Q = \arm16_datapath_unit.qspi_master_unit.gap_cnt, rval = 4'0000).
Adding EN signal on $auto$ff.cc:337:slice$2202 ($sdff) from module tt_um_moein_maleki_arm16 (D = $flatten\arm16_datapath_unit.\qspi_master_unit.$procmux$738_Y, Q = \arm16_datapath_unit.qspi_master_unit.gap_cnt).
Adding SRST signal on $flatten\arm16_datapath_unit.\qspi_master_unit.$procdff$1740 ($dff) from module tt_um_moein_maleki_arm16 (D = $flatten\arm16_datapath_unit.\qspi_master_unit.$procmux$731_Y, Q = \arm16_datapath_unit.qspi_master_unit.stop_pending, rval = 1'0).
Adding EN signal on $auto$ff.cc:337:slice$2206 ($sdff) from module tt_um_moein_maleki_arm16 (D = $flatten\arm16_datapath_unit.\qspi_master_unit.$procmux$731_Y, Q = \arm16_datapath_unit.qspi_master_unit.stop_pending).
Adding SRST signal on $flatten\arm16_datapath_unit.\qspi_master_unit.$procdff$1742 ($dff) from module tt_um_moein_maleki_arm16 (D = $flatten\arm16_datapath_unit.\qspi_master_unit.$1\next_state[2:0] [1:0], Q = \arm16_datapath_unit.qspi_master_unit.present_state [1:0], rval = 2'00).
Adding SRST signal on $flatten\arm16_datapath_unit.\qspi_master_unit.$procdff$1742 ($dff) from module tt_um_moein_maleki_arm16 (D = \arm16_datapath_unit.qspi_master_unit.next_state [2], Q = \arm16_datapath_unit.qspi_master_unit.present_state [2], rval = 1'0).
Adding EN signal on $auto$ff.cc:337:slice$2217 ($sdff) from module tt_um_moein_maleki_arm16 (D = \arm16_datapath_unit.qspi_master_unit.next_state [2], Q = \arm16_datapath_unit.qspi_master_unit.present_state [2]).
Adding EN signal on $auto$ff.cc:337:slice$2214 ($sdff) from module tt_um_moein_maleki_arm16 (D = $flatten\arm16_datapath_unit.\qspi_master_unit.$1\next_state[2:0] [1:0], Q = \arm16_datapath_unit.qspi_master_unit.present_state [1:0]).
Adding SRST signal on $flatten\arm16_datapath_unit.$procdff$1761 ($dff) from module tt_um_moein_maleki_arm16 (D = $flatten\arm16_datapath_unit.$procmux$1341_Y, Q = \arm16_datapath_unit.mem_dest, rval = 4'0000).
Adding EN signal on $auto$ff.cc:337:slice$2244 ($sdff) from module tt_um_moein_maleki_arm16 (D = \arm16_datapath_unit.ex_dest, Q = \arm16_datapath_unit.mem_dest).
Adding EN signal on $flatten\arm16_datapath_unit.$procdff$1791 ($dff) from module tt_um_moein_maleki_arm16 (D = \ui_in [6], Q = \arm16_datapath_unit.rom_mode_q).
Adding EN signal on $flatten\arm16_datapath_unit.$procdff$1790 ($dff) from module tt_um_moein_maleki_arm16 (D = \ui_in [5:4], Q = \arm16_datapath_unit.rx_delay_q).
Adding EN signal on $flatten\arm16_datapath_unit.$procdff$1789 ($dff) from module tt_um_moein_maleki_arm16 (D = \ui_in [0], Q = \arm16_datapath_unit.fwd_en_q).
Adding SRST signal on $flatten\arm16_datapath_unit.$procdff$1788 ($dff) from module tt_um_moein_maleki_arm16 (D = $flatten\arm16_datapath_unit.$procmux$1489_Y, Q = \arm16_datapath_unit.fetch_addr, rval = 16'0000000000000000).
Adding EN signal on $auto$ff.cc:337:slice$2249 ($sdff) from module tt_um_moein_maleki_arm16 (D = $flatten\arm16_datapath_unit.$procmux$1489_Y, Q = \arm16_datapath_unit.fetch_addr).
Adding EN signal on $flatten\arm16_datapath_unit.$procdff$1787 ($dff) from module tt_um_moein_maleki_arm16 (D = \arm16_datapath_unit.qspi_master_unit.rx_word, Q = \arm16_datapath_unit.fetch_word).
Adding SRST signal on $flatten\arm16_datapath_unit.$procdff$1786 ($dff) from module tt_um_moein_maleki_arm16 (D = $flatten\arm16_datapath_unit.$procmux$1479_Y, Q = \arm16_datapath_unit.d_valid, rval = 1'0).
Adding EN signal on $auto$ff.cc:337:slice$2254 ($sdff) from module tt_um_moein_maleki_arm16 (D = $flatten\arm16_datapath_unit.$procmux$1479_Y, Q = \arm16_datapath_unit.d_valid).
Adding SRST signal on $flatten\arm16_datapath_unit.$procdff$1785 ($dff) from module tt_um_moein_maleki_arm16 (D = $flatten\arm16_datapath_unit.$procmux$1366_Y, Q = \arm16_datapath_unit.ex_flags, rval = 4'0000).
Adding EN signal on $auto$ff.cc:337:slice$2258 ($sdff) from module tt_um_moein_maleki_arm16 (D = \arm16_datapath_unit.condition_checker_unit.flags_in, Q = \arm16_datapath_unit.ex_flags).
Adding SRST signal on $flatten\arm16_datapath_unit.$procdff$1784 ($dff) from module tt_um_moein_maleki_arm16 (D = $flatten\arm16_datapath_unit.$procmux$1371_Y, Q = \arm16_datapath_unit.ex_has_src2, rval = 1'0).
Adding EN signal on $auto$ff.cc:337:slice$2260 ($sdff) from module tt_um_moein_maleki_arm16 (D = $flatten\arm16_datapath_unit.$and$src/arm16_datapath.v:312$138_Y, Q = \arm16_datapath_unit.ex_has_src2).
Adding SRST signal on $flatten\arm16_datapath_unit.$procdff$1783 ($dff) from module tt_um_moein_maleki_arm16 (D = $flatten\arm16_datapath_unit.$procmux$1376_Y, Q = \arm16_datapath_unit.ex_has_src1, rval = 1'0).
Adding EN signal on $auto$ff.cc:337:slice$2262 ($sdff) from module tt_um_moein_maleki_arm16 (D = $flatten\arm16_datapath_unit.$and$src/arm16_datapath.v:311$137_Y, Q = \arm16_datapath_unit.ex_has_src1).
Adding SRST signal on $flatten\arm16_datapath_unit.$procdff$1782 ($dff) from module tt_um_moein_maleki_arm16 (D = $flatten\arm16_datapath_unit.$procmux$1381_Y, Q = \arm16_datapath_unit.ex_src2, rval = 4'0000).
Adding EN signal on $auto$ff.cc:337:slice$2264 ($sdff) from module tt_um_moein_maleki_arm16 (D = \arm16_datapath_unit.hazard_detector_unit.id_src2_in, Q = \arm16_datapath_unit.ex_src2).
Adding SRST signal on $flatten\arm16_datapath_unit.$procdff$1781 ($dff) from module tt_um_moein_maleki_arm16 (D = $flatten\arm16_datapath_unit.$procmux$1386_Y, Q = \arm16_datapath_unit.ex_src1, rval = 4'0000).
Adding EN signal on $auto$ff.cc:337:slice$2266 ($sdff) from module tt_um_moein_maleki_arm16 (D = \arm16_datapath_unit.instruction_decoder_unit.instr_in [19:16], Q = \arm16_datapath_unit.ex_src1).
Adding SRST signal on $flatten\arm16_datapath_unit.$procdff$1780 ($dff) from module tt_um_moein_maleki_arm16 (D = $flatten\arm16_datapath_unit.$procmux$1391_Y, Q = \arm16_datapath_unit.ex_val_rm, rval = 16'0000000000000000).
Adding EN signal on $auto$ff.cc:337:slice$2268 ($sdff) from module tt_um_moein_maleki_arm16 (D = \arm16_datapath_unit.id_val_rm, Q = \arm16_datapath_unit.ex_val_rm).

15.10.7. Executing OPT_CLEAN pass (remove unused cells and wires).
Finding unused cells or wires in module \tt_um_moein_maleki_arm16..
Removed 136 unused cells and 167 unused wires.
<suppressed ~138 debug messages>

15.10.8. Executing OPT_EXPR pass (perform const folding).
Optimizing module tt_um_moein_maleki_arm16.
<suppressed ~13 debug messages>

15.10.9. Rerunning OPT passes. (Maybe there is more to do..)

15.10.10. Executing OPT_MUXTREE pass (detect dead branches in mux trees).
Running muxtree optimizer on module \tt_um_moein_maleki_arm16..
  Creating internal representation of mux trees.
  Evaluating internal representation of mux trees.
  Analyzing evaluation results.
Removed 0 multiplexer ports.
<suppressed ~261 debug messages>

15.10.11. Executing OPT_REDUCE pass (consolidate $*mux and $reduce_* inputs).
  Optimizing cells in module \tt_um_moein_maleki_arm16.
Performed a total of 0 changes.

15.10.12. Executing OPT_MERGE pass (detect identical cells).
Finding identical cells in module `\tt_um_moein_maleki_arm16'.
Computing hashes of 729 cells of `\tt_um_moein_maleki_arm16'.
Finding duplicate cells in `\tt_um_moein_maleki_arm16'.
Computing hashes of 709 cells of `\tt_um_moein_maleki_arm16'.
Finding duplicate cells in `\tt_um_moein_maleki_arm16'.
<suppressed ~60 debug messages>
Removed a total of 20 cells.

15.10.13. Executing OPT_DFF pass (perform DFF optimizations).

15.10.14. Executing OPT_CLEAN pass (remove unused cells and wires).
Finding unused cells or wires in module \tt_um_moein_maleki_arm16..
Removed 1 unused cells and 21 unused wires.
<suppressed ~2 debug messages>

15.10.15. Executing OPT_EXPR pass (perform const folding).
Optimizing module tt_um_moein_maleki_arm16.

15.10.16. Rerunning OPT passes. (Maybe there is more to do..)

15.10.17. Executing OPT_MUXTREE pass (detect dead branches in mux trees).
Running muxtree optimizer on module \tt_um_moein_maleki_arm16..
  Creating internal representation of mux trees.
  Evaluating internal representation of mux trees.
  Analyzing evaluation results.
Removed 0 multiplexer ports.
<suppressed ~263 debug messages>

15.10.18. Executing OPT_REDUCE pass (consolidate $*mux and $reduce_* inputs).
  Optimizing cells in module \tt_um_moein_maleki_arm16.
Performed a total of 0 changes.

15.10.19. Executing OPT_MERGE pass (detect identical cells).
Finding identical cells in module `\tt_um_moein_maleki_arm16'.
Computing hashes of 708 cells of `\tt_um_moein_maleki_arm16'.
Finding duplicate cells in `\tt_um_moein_maleki_arm16'.
Removed a total of 0 cells.

15.10.20. Executing OPT_DFF pass (perform DFF optimizations).

15.10.21. Executing OPT_CLEAN pass (remove unused cells and wires).
Finding unused cells or wires in module \tt_um_moein_maleki_arm16..

15.10.22. Executing OPT_EXPR pass (perform const folding).
Optimizing module tt_um_moein_maleki_arm16.

15.10.23. Finished fast OPT passes. (There is nothing left to do.)

15.11. Executing WREDUCE pass (reducing word size of cells).
Removed top 28 address bits (of 32) from memory init port tt_um_moein_maleki_arm16.$flatten\arm16_datapath_unit.\demo_rom_unit.$auto$mem.cc:351:emit$446 ($flatten\arm16_datapath_unit.\demo_rom_unit.$auto$proc_rom.cc:155:do_switch$444).
Removed top 28 address bits (of 32) from memory init port tt_um_moein_maleki_arm16.$flatten\arm16_datapath_unit.\vga_renderer_unit.$auto$mem.cc:351:emit$442 ($flatten\arm16_datapath_unit.\vga_renderer_unit.$auto$proc_rom.cc:155:do_switch$440).
Removed top 2 bits (of 4) from FF cell tt_um_moein_maleki_arm16.$auto$ff.cc:337:slice$2259 ($sdffe).
Removed top 3 bits (of 4) from port B of cell tt_um_moein_maleki_arm16.$auto$opt_dff.cc:320:make_patterns_logic$2237 ($ne).
Removed top 2 bits (of 3) from port B of cell tt_um_moein_maleki_arm16.$auto$opt_dff.cc:320:make_patterns_logic$2235 ($ne).
Removed top 1 bits (of 3) from port B of cell tt_um_moein_maleki_arm16.$auto$opt_dff.cc:320:make_patterns_logic$2226 ($ne).
Removed top 4 bits (of 5) from port B of cell tt_um_moein_maleki_arm16.$auto$opt_dff.cc:320:make_patterns_logic$2224 ($ne).
Removed top 3 bits (of 4) from port B of cell tt_um_moein_maleki_arm16.$auto$opt_dff.cc:320:make_patterns_logic$2222 ($ne).
Removed top 1 bits (of 3) from port B of cell tt_um_moein_maleki_arm16.$auto$opt_dff.cc:320:make_patterns_logic$2220 ($ne).
Removed top 1 bits (of 3) from port B of cell tt_um_moein_maleki_arm16.$auto$fsm_map.cc:77:implement_pattern_cache$1995 ($eq).
Removed top 1 bits (of 2) from port B of cell tt_um_moein_maleki_arm16.$auto$fsm_map.cc:77:implement_pattern_cache$1982 ($eq).
Removed top 3 bits (of 4) from port B of cell tt_um_moein_maleki_arm16.$auto$fsm_map.cc:77:implement_pattern_cache$1973 ($eq).
Removed top 2 bits (of 3) from port B of cell tt_um_moein_maleki_arm16.$auto$fsm_map.cc:77:implement_pattern_cache$1969 ($eq).
Removed top 2 bits (of 3) from port B of cell tt_um_moein_maleki_arm16.$auto$fsm_map.cc:77:implement_pattern_cache$1960 ($eq).
Removed top 1 bits (of 2) from port B of cell tt_um_moein_maleki_arm16.$auto$fsm_map.cc:77:implement_pattern_cache$1953 ($eq).
Removed top 1 bits (of 2) from port B of cell tt_um_moein_maleki_arm16.$auto$fsm_map.cc:77:implement_pattern_cache$1947 ($eq).
Removed top 1 bits (of 2) from port B of cell tt_um_moein_maleki_arm16.$auto$fsm_map.cc:77:implement_pattern_cache$1934 ($eq).
Removed top 3 bits (of 10) from port B of cell tt_um_moein_maleki_arm16.$flatten\arm16_datapath_unit.\vga_renderer_unit.$ge$src/vga_renderer.v:41$391 ($ge).
Removed top 2 bits (of 10) from port B of cell tt_um_moein_maleki_arm16.$flatten\arm16_datapath_unit.\vga_renderer_unit.$ge$src/vga_renderer.v:42$394 ($ge).
Removed top 1 bits (of 10) from port B of cell tt_um_moein_maleki_arm16.$flatten\arm16_datapath_unit.\vga_renderer_unit.$lt$src/vga_renderer.v:42$395 ($lt).
Removed top 3 bits (of 10) from port B of cell tt_um_moein_maleki_arm16.$flatten\arm16_datapath_unit.\vga_renderer_unit.$sub$src/vga_renderer.v:43$397 ($sub).
Removed top 1 bits (of 10) from port Y of cell tt_um_moein_maleki_arm16.$flatten\arm16_datapath_unit.\vga_renderer_unit.$sub$src/vga_renderer.v:43$397 ($sub).
Removed top 1 bits (of 10) from port A of cell tt_um_moein_maleki_arm16.$flatten\arm16_datapath_unit.\vga_renderer_unit.$sub$src/vga_renderer.v:43$397 ($sub).
Removed top 2 bits (of 10) from port B of cell tt_um_moein_maleki_arm16.$flatten\arm16_datapath_unit.\vga_renderer_unit.$sub$src/vga_renderer.v:44$398 ($sub).
Removed top 2 bits (of 10) from port Y of cell tt_um_moein_maleki_arm16.$flatten\arm16_datapath_unit.\vga_renderer_unit.$sub$src/vga_renderer.v:44$398 ($sub).
Removed top 2 bits (of 10) from port A of cell tt_um_moein_maleki_arm16.$flatten\arm16_datapath_unit.\vga_renderer_unit.$sub$src/vga_renderer.v:44$398 ($sub).
Removed top 9 bits (of 10) from port B of cell tt_um_moein_maleki_arm16.$flatten\arm16_datapath_unit.\vga_renderer_unit.$add$src/vga_renderer.v:57$405 ($add).
Removed top 9 bits (of 10) from port B of cell tt_um_moein_maleki_arm16.$flatten\arm16_datapath_unit.\vga_renderer_unit.$add$src/vga_renderer.v:59$407 ($add).
Removed top 1 bits (of 10) from port B of cell tt_um_moein_maleki_arm16.$flatten\arm16_datapath_unit.\vga_renderer_unit.$lt$src/vga_renderer.v:62$410 ($lt).
Removed top 1 bits (of 10) from port B of cell tt_um_moein_maleki_arm16.$flatten\arm16_datapath_unit.\vga_renderer_unit.$ge$src/vga_renderer.v:64$416 ($ge).
Removed top 1 bits (of 10) from port B of cell tt_um_moein_maleki_arm16.$flatten\arm16_datapath_unit.\vga_renderer_unit.$lt$src/vga_renderer.v:64$417 ($lt).
Removed top 1 bits (of 2) from port B of cell tt_um_moein_maleki_arm16.$flatten\arm16_datapath_unit.\vga_renderer_unit.$eq$src/vga_renderer.v:108$437 ($eq).
Removed top 1 bits (of 3) from port B of cell tt_um_moein_maleki_arm16.$flatten\arm16_datapath_unit.\vga_renderer_unit.$procmux$450_CMP0 ($eq).
Removed top 1 bits (of 3) from port B of cell tt_um_moein_maleki_arm16.$flatten\arm16_datapath_unit.\vga_renderer_unit.$procmux$451_CMP0 ($eq).
Removed top 2 bits (of 3) from port B of cell tt_um_moein_maleki_arm16.$flatten\arm16_datapath_unit.\vga_renderer_unit.$procmux$452_CMP0 ($eq).
Removed top 1 bits (of 2) from port B of cell tt_um_moein_maleki_arm16.$flatten\arm16_datapath_unit.\vga_renderer_unit.$procmux$458_CMP0 ($eq).
Removed top 1 bits (of 2) from mux cell tt_um_moein_maleki_arm16.$flatten\arm16_datapath_unit.\qspi_master_unit.$ternary$src/qspi_master.v:98$258 ($mux).
Removed top 1 bits (of 2) from port B of cell tt_um_moein_maleki_arm16.$flatten\arm16_datapath_unit.\qspi_master_unit.$eq$src/qspi_master.v:100$263 ($eq).
Removed top 4 bits (of 5) from port B of cell tt_um_moein_maleki_arm16.$flatten\arm16_datapath_unit.\qspi_master_unit.$add$src/qspi_master.v:107$280 ($add).
Removed top 3 bits (of 4) from port B of cell tt_um_moein_maleki_arm16.$flatten\arm16_datapath_unit.\qspi_master_unit.$add$src/qspi_master.v:191$294 ($add).
Removed top 3 bits (of 4) from port B of cell tt_um_moein_maleki_arm16.$flatten\arm16_datapath_unit.\qspi_master_unit.$add$src/qspi_master.v:209$304 ($add).
Removed top 27 bits (of 33) from port A of cell tt_um_moein_maleki_arm16.$flatten\arm16_datapath_unit.\qspi_master_unit.$neg$src/qspi_master.v:243$331 ($neg).
Converting cell tt_um_moein_maleki_arm16.$flatten\arm16_datapath_unit.\qspi_master_unit.$neg$src/qspi_master.v:243$331 ($neg) from signed to unsigned.
Removed top 1 bits (of 6) from port A of cell tt_um_moein_maleki_arm16.$flatten\arm16_datapath_unit.\qspi_master_unit.$neg$src/qspi_master.v:243$331 ($neg).
Removed top 2 bits (of 3) from port B of cell tt_um_moein_maleki_arm16.$flatten\arm16_datapath_unit.\qspi_master_unit.$add$src/qspi_master.v:244$334 ($add).
Removed top 7 bits (of 8) from port B of cell tt_um_moein_maleki_arm16.$flatten\arm16_datapath_unit.\qspi_master_unit.$add$src/qspi_master.v:278$347 ($add).
Removed top 2 bits (of 4) from port B of cell tt_um_moein_maleki_arm16.$flatten\arm16_datapath_unit.\qspi_master_unit.$eq$src/qspi_master.v:304$361 ($eq).
Removed top 2 bits (of 4) from port B of cell tt_um_moein_maleki_arm16.$flatten\arm16_datapath_unit.\qspi_master_unit.$ge$src/qspi_master.v:314$364 ($ge).
Removed top 1 bits (of 5) from port B of cell tt_um_moein_maleki_arm16.$flatten\arm16_datapath_unit.\qspi_master_unit.$lt$src/qspi_master.v:332$369 ($lt).
Removed top 1 bits (of 5) from port B of cell tt_um_moein_maleki_arm16.$flatten\arm16_datapath_unit.\qspi_master_unit.$lt$src/qspi_master.v:335$372 ($lt).
Removed top 1 bits (of 5) from port B of cell tt_um_moein_maleki_arm16.$flatten\arm16_datapath_unit.\qspi_master_unit.$procmux$505_CMP0 ($eq).
Removed top 1 bits (of 5) from port B of cell tt_um_moein_maleki_arm16.$flatten\arm16_datapath_unit.\qspi_master_unit.$procmux$506_CMP0 ($eq).
Removed top 1 bits (of 5) from port B of cell tt_um_moein_maleki_arm16.$flatten\arm16_datapath_unit.\qspi_master_unit.$procmux$536_CMP0 ($eq).
Removed top 1 bits (of 5) from port B of cell tt_um_moein_maleki_arm16.$flatten\arm16_datapath_unit.\qspi_master_unit.$procmux$537_CMP0 ($eq).
Removed top 1 bits (of 5) from port B of cell tt_um_moein_maleki_arm16.$flatten\arm16_datapath_unit.\qspi_master_unit.$procmux$538_CMP0 ($eq).
Removed top 1 bits (of 5) from port B of cell tt_um_moein_maleki_arm16.$flatten\arm16_datapath_unit.\qspi_master_unit.$procmux$539_CMP0 ($eq).
Removed top 1 bits (of 5) from port B of cell tt_um_moein_maleki_arm16.$flatten\arm16_datapath_unit.\qspi_master_unit.$procmux$540_CMP0 ($eq).
Removed top 1 bits (of 3) from port B of cell tt_um_moein_maleki_arm16.$flatten\arm16_datapath_unit.\qspi_master_unit.$procmux$873_CMP0 ($eq).
Removed top 2 bits (of 3) from port B of cell tt_um_moein_maleki_arm16.$flatten\arm16_datapath_unit.\qspi_master_unit.$procmux$891_CMP0 ($eq).
Removed top 1 bits (of 3) from port B of cell tt_um_moein_maleki_arm16.$flatten\arm16_datapath_unit.\qspi_master_unit.$procmux$891_CMP1 ($eq).
Removed top 1 bits (of 17) from port A of cell tt_um_moein_maleki_arm16.$flatten\arm16_datapath_unit.\alu_unit.$add$src/alu.v:38$10 ($add).
Removed top 1 bits (of 17) from port B of cell tt_um_moein_maleki_arm16.$flatten\arm16_datapath_unit.\alu_unit.$add$src/alu.v:38$10 ($add).
Removed top 16 bits (of 17) from port B of cell tt_um_moein_maleki_arm16.$flatten\arm16_datapath_unit.\alu_unit.$add$src/alu.v:38$11 ($add).
Removed top 3 bits (of 4) from port A of cell tt_um_moein_maleki_arm16.$flatten\arm16_datapath_unit.\barrel_shifter_unit.$sub$src/barrel_shifter.v:39$161 ($sub).
Removed top 16 bits (of 32) from port Y of cell tt_um_moein_maleki_arm16.$flatten\arm16_datapath_unit.\barrel_shifter_unit.$shr$src/barrel_shifter.v:40$163 ($shr).
Removed top 1 bits (of 2) from port B of cell tt_um_moein_maleki_arm16.$flatten\arm16_datapath_unit.\barrel_shifter_unit.$procmux$1218_CMP0 ($eq).
Removed top 1 bits (of 4) from port B of cell tt_um_moein_maleki_arm16.$flatten\arm16_datapath_unit.\condition_checker_unit.$procmux$1207_CMP0 ($eq).
Removed top 1 bits (of 4) from port B of cell tt_um_moein_maleki_arm16.$flatten\arm16_datapath_unit.\condition_checker_unit.$procmux$1208_CMP0 ($eq).
Removed top 1 bits (of 4) from port B of cell tt_um_moein_maleki_arm16.$flatten\arm16_datapath_unit.\condition_checker_unit.$procmux$1209_CMP0 ($eq).
Removed top 1 bits (of 4) from port B of cell tt_um_moein_maleki_arm16.$flatten\arm16_datapath_unit.\condition_checker_unit.$procmux$1210_CMP0 ($eq).
Removed top 2 bits (of 4) from port B of cell tt_um_moein_maleki_arm16.$flatten\arm16_datapath_unit.\condition_checker_unit.$procmux$1211_CMP0 ($eq).
Removed top 2 bits (of 4) from port B of cell tt_um_moein_maleki_arm16.$flatten\arm16_datapath_unit.\condition_checker_unit.$procmux$1212_CMP0 ($eq).
Removed top 3 bits (of 4) from port B of cell tt_um_moein_maleki_arm16.$flatten\arm16_datapath_unit.\condition_checker_unit.$procmux$1213_CMP0 ($eq).
Removed top 1 bits (of 2) from port B of cell tt_um_moein_maleki_arm16.$flatten\arm16_datapath_unit.\instruction_decoder_unit.$eq$src/instruction_decoder.v:84$232 ($eq).
Removed top 1 bits (of 4) from port B of cell tt_um_moein_maleki_arm16.$flatten\arm16_datapath_unit.\instruction_decoder_unit.$procmux$1111_CMP0 ($eq).
Removed top 1 bits (of 4) from port B of cell tt_um_moein_maleki_arm16.$flatten\arm16_datapath_unit.\instruction_decoder_unit.$procmux$1112_CMP0 ($eq).
Removed top 1 bits (of 4) from port B of cell tt_um_moein_maleki_arm16.$flatten\arm16_datapath_unit.\instruction_decoder_unit.$procmux$1113_CMP0 ($eq).
Removed top 2 bits (of 4) from port B of cell tt_um_moein_maleki_arm16.$flatten\arm16_datapath_unit.\instruction_decoder_unit.$procmux$1114_CMP0 ($eq).
Removed top 3 bits (of 4) from port B of cell tt_um_moein_maleki_arm16.$flatten\arm16_datapath_unit.\instruction_decoder_unit.$procmux$1115_CMP0 ($eq).
Removed top 19 bits (of 20) from mux cell tt_um_moein_maleki_arm16.$flatten\arm16_datapath_unit.$procmux$1263 ($mux).
Removed top 19 bits (of 20) from mux cell tt_um_moein_maleki_arm16.$flatten\arm16_datapath_unit.$procmux$1260 ($mux).
Removed top 1 bits (of 2) from port B of cell tt_um_moein_maleki_arm16.$flatten\arm16_datapath_unit.$procmux$1250_CMP0 ($eq).
Removed top 1 bits (of 2) from port B of cell tt_um_moein_maleki_arm16.$flatten\arm16_datapath_unit.$procmux$1246_CMP0 ($eq).
Removed top 6 bits (of 7) from port B of cell tt_um_moein_maleki_arm16.$flatten\arm16_datapath_unit.$procmux$1241_CMP0 ($eq).
Removed top 4 bits (of 7) from port B of cell tt_um_moein_maleki_arm16.$flatten\arm16_datapath_unit.$procmux$1239_CMP0 ($eq).
Removed top 8 bits (of 32) from port A of cell tt_um_moein_maleki_arm16.$flatten\arm16_datapath_unit.\barrel_shifter_unit.$shr$src/barrel_shifter.v:35$159 ($shr).
Removed top 16 bits (of 32) from port Y of cell tt_um_moein_maleki_arm16.$flatten\arm16_datapath_unit.\barrel_shifter_unit.$shr$src/barrel_shifter.v:35$159 ($shr).
Removed top 19 bits (of 20) from port B of cell tt_um_moein_maleki_arm16.$flatten\arm16_datapath_unit.$add$src/arm16_datapath.v:404$154 ($add).
Removed top 4 bits (of 7) from port B of cell tt_um_moein_maleki_arm16.$flatten\arm16_datapath_unit.$eq$src/arm16_datapath.v:385$150 ($eq).
Removed top 3 bits (of 7) from port B of cell tt_um_moein_maleki_arm16.$flatten\arm16_datapath_unit.$eq$src/arm16_datapath.v:382$149 ($eq).
Removed top 3 bits (of 7) from port B of cell tt_um_moein_maleki_arm16.$flatten\arm16_datapath_unit.$eq$src/arm16_datapath.v:379$148 ($eq).
Removed top 13 bits (of 16) from port B of cell tt_um_moein_maleki_arm16.$flatten\arm16_datapath_unit.$add$src/arm16_datapath.v:242$119 ($add).
Removed top 5 bits (of 6) from mux cell tt_um_moein_maleki_arm16.$flatten\arm16_datapath_unit.$ternary$src/arm16_datapath.v:223$114 ($mux).
Removed top 12 bits (of 16) from port B of cell tt_um_moein_maleki_arm16.$flatten\arm16_datapath_unit.$add$src/arm16_datapath.v:197$82 ($add).
Removed top 13 bits (of 16) from port B of cell tt_um_moein_maleki_arm16.$flatten\arm16_datapath_unit.$add$src/arm16_datapath.v:196$81 ($add).
Removed top 12 bits (of 16) from port B of cell tt_um_moein_maleki_arm16.$flatten\arm16_datapath_unit.$add$src/arm16_datapath.v:191$76 ($add).
Removed top 5 bits (of 6) from wire tt_um_moein_maleki_arm16.$flatten\arm16_datapath_unit.$ternary$src/arm16_datapath.v:223$114_Y.
Removed top 1 bits (of 2) from wire tt_um_moein_maleki_arm16.$flatten\arm16_datapath_unit.\qspi_master_unit.$ternary$src/qspi_master.v:98$258_Y.
Removed top 19 bits (of 20) from wire tt_um_moein_maleki_arm16.$flatten\arm16_datapath_unit.$procmux$1263_Y.
Removed top 19 bits (of 20) from wire tt_um_moein_maleki_arm16.$flatten\arm16_datapath_unit.$procmux$1260_Y.

15.12. Executing PEEPOPT pass (run peephole optimizers).

15.13. Executing OPT_CLEAN pass (remove unused cells and wires).
Finding unused cells or wires in module \tt_um_moein_maleki_arm16..
Removed 0 unused cells and 4 unused wires.
<suppressed ~1 debug messages>

15.14. Executing ALUMACC pass (create $alu and $macc cells).
Extracting $alu and $macc cells in module tt_um_moein_maleki_arm16:
  creating $macc model for $flatten\arm16_datapath_unit.$add$src/arm16_datapath.v:198$83 ($add).
  creating $macc model for $flatten\arm16_datapath_unit.$add$src/arm16_datapath.v:197$82 ($add).
  creating $macc model for $flatten\arm16_datapath_unit.$add$src/arm16_datapath.v:196$81 ($add).
  creating $macc model for $flatten\arm16_datapath_unit.\barrel_shifter_unit.$sub$src/barrel_shifter.v:39$161 ($sub).
  creating $macc model for $flatten\arm16_datapath_unit.$add$src/arm16_datapath.v:404$154 ($add).
  creating $macc model for $flatten\arm16_datapath_unit.\alu_unit.$add$src/alu.v:38$11 ($add).
  creating $macc model for $flatten\arm16_datapath_unit.\alu_unit.$add$src/alu.v:38$10 ($add).
  creating $macc model for $flatten\arm16_datapath_unit.$add$src/arm16_datapath.v:191$76 ($add).
  creating $macc model for $flatten\arm16_datapath_unit.\qspi_master_unit.$sub$src/qspi_master.v:333$370 ($sub).
  creating $macc model for $flatten\arm16_datapath_unit.\qspi_master_unit.$add$src/qspi_master.v:278$347 ($add).
  creating $macc model for $flatten\arm16_datapath_unit.\qspi_master_unit.$add$src/qspi_master.v:244$334 ($add).
  creating $macc model for $flatten\arm16_datapath_unit.\qspi_master_unit.$neg$src/qspi_master.v:243$331 ($neg).
  creating $macc model for $flatten\arm16_datapath_unit.\qspi_master_unit.$add$src/qspi_master.v:209$304 ($add).
  creating $macc model for $flatten\arm16_datapath_unit.\qspi_master_unit.$add$src/qspi_master.v:191$294 ($add).
  creating $macc model for $flatten\arm16_datapath_unit.\qspi_master_unit.$add$src/qspi_master.v:107$280 ($add).
  creating $macc model for $flatten\arm16_datapath_unit.\vga_renderer_unit.$add$src/vga_renderer.v:59$407 ($add).
  creating $macc model for $flatten\arm16_datapath_unit.\vga_renderer_unit.$add$src/vga_renderer.v:57$405 ($add).
  creating $macc model for $flatten\arm16_datapath_unit.\vga_renderer_unit.$sub$src/vga_renderer.v:44$398 ($sub).
  creating $macc model for $flatten\arm16_datapath_unit.\vga_renderer_unit.$sub$src/vga_renderer.v:43$397 ($sub).
  creating $macc model for $flatten\arm16_datapath_unit.$add$src/arm16_datapath.v:242$119 ($add).
  merging $macc model for $flatten\arm16_datapath_unit.\alu_unit.$add$src/alu.v:38$10 into $flatten\arm16_datapath_unit.\alu_unit.$add$src/alu.v:38$11.
  merging $macc model for $flatten\arm16_datapath_unit.$add$src/arm16_datapath.v:197$82 into $flatten\arm16_datapath_unit.$add$src/arm16_datapath.v:198$83.
  creating $alu model for $macc $flatten\arm16_datapath_unit.\vga_renderer_unit.$sub$src/vga_renderer.v:44$398.
  creating $alu model for $macc $flatten\arm16_datapath_unit.\vga_renderer_unit.$add$src/vga_renderer.v:57$405.
  creating $alu model for $macc $flatten\arm16_datapath_unit.\vga_renderer_unit.$add$src/vga_renderer.v:59$407.
  creating $alu model for $macc $flatten\arm16_datapath_unit.\qspi_master_unit.$add$src/qspi_master.v:107$280.
  creating $alu model for $macc $flatten\arm16_datapath_unit.\qspi_master_unit.$add$src/qspi_master.v:191$294.
  creating $alu model for $macc $flatten\arm16_datapath_unit.\qspi_master_unit.$add$src/qspi_master.v:209$304.
  creating $alu model for $macc $flatten\arm16_datapath_unit.\qspi_master_unit.$neg$src/qspi_master.v:243$331.
  creating $alu model for $macc $flatten\arm16_datapath_unit.\qspi_master_unit.$add$src/qspi_master.v:244$334.
  creating $alu model for $macc $flatten\arm16_datapath_unit.\qspi_master_unit.$add$src/qspi_master.v:278$347.
  creating $alu model for $macc $flatten\arm16_datapath_unit.\qspi_master_unit.$sub$src/qspi_master.v:333$370.
  creating $alu model for $macc $flatten\arm16_datapath_unit.$add$src/arm16_datapath.v:191$76.
  creating $alu model for $macc $flatten\arm16_datapath_unit.\vga_renderer_unit.$sub$src/vga_renderer.v:43$397.
  creating $alu model for $macc $flatten\arm16_datapath_unit.\alu_unit.$add$src/alu.v:38$11.
  creating $alu model for $macc $flatten\arm16_datapath_unit.$add$src/arm16_datapath.v:404$154.
  creating $alu model for $macc $flatten\arm16_datapath_unit.\barrel_shifter_unit.$sub$src/barrel_shifter.v:39$161.
  creating $alu model for $macc $flatten\arm16_datapath_unit.$add$src/arm16_datapath.v:196$81.
  creating $alu model for $macc $flatten\arm16_datapath_unit.$add$src/arm16_datapath.v:242$119.
  creating $macc cell for $flatten\arm16_datapath_unit.$add$src/arm16_datapath.v:198$83: $auto$alumacc.cc:382:replace_macc$2274
  creating $alu model for $flatten\arm16_datapath_unit.\qspi_master_unit.$lt$src/qspi_master.v:353$375 ($lt): new $alu
  creating $alu model for $flatten\arm16_datapath_unit.\qspi_master_unit.$lt$src/qspi_master.v:345$373 ($lt): new $alu
  creating $alu model for $flatten\arm16_datapath_unit.\qspi_master_unit.$lt$src/qspi_master.v:335$372 ($lt): new $alu
  creating $alu model for $flatten\arm16_datapath_unit.\qspi_master_unit.$lt$src/qspi_master.v:332$369 ($lt): new $alu
  creating $alu model for $flatten\arm16_datapath_unit.\qspi_master_unit.$ge$src/qspi_master.v:314$364 ($ge): new $alu
  creating $alu model for $flatten\arm16_datapath_unit.\qspi_master_unit.$ge$src/qspi_master.v:106$279 ($ge): new $alu
  creating $alu model for $flatten\arm16_datapath_unit.\vga_renderer_unit.$lt$src/vga_renderer.v:64$417 ($lt): new $alu
  creating $alu model for $flatten\arm16_datapath_unit.\vga_renderer_unit.$ge$src/vga_renderer.v:64$416 ($ge): new $alu
  creating $alu model for $flatten\arm16_datapath_unit.\vga_renderer_unit.$lt$src/vga_renderer.v:63$413 ($lt): new $alu
  creating $alu model for $flatten\arm16_datapath_unit.\vga_renderer_unit.$ge$src/vga_renderer.v:63$412 ($ge): new $alu
  creating $alu model for $flatten\arm16_datapath_unit.\vga_renderer_unit.$lt$src/vga_renderer.v:62$410 ($lt): new $alu
  creating $alu model for $flatten\arm16_datapath_unit.\vga_renderer_unit.$lt$src/vga_renderer.v:62$409 ($lt): new $alu
  creating $alu model for $flatten\arm16_datapath_unit.\vga_renderer_unit.$lt$src/vga_renderer.v:42$395 ($lt): new $alu
  creating $alu model for $flatten\arm16_datapath_unit.\vga_renderer_unit.$ge$src/vga_renderer.v:42$394 ($ge): new $alu
  creating $alu model for $flatten\arm16_datapath_unit.\vga_renderer_unit.$lt$src/vga_renderer.v:41$392 ($lt): new $alu
  creating $alu model for $flatten\arm16_datapath_unit.\vga_renderer_unit.$ge$src/vga_renderer.v:41$391 ($ge): new $alu
  creating $alu model for $flatten\arm16_datapath_unit.\qspi_master_unit.$procmux$540_CMP0 ($eq): merged with $flatten\arm16_datapath_unit.\qspi_master_unit.$lt$src/qspi_master.v:332$369.
  creating $alu model for $flatten\arm16_datapath_unit.\qspi_master_unit.$procmux$506_CMP0 ($eq): merged with $flatten\arm16_datapath_unit.\qspi_master_unit.$lt$src/qspi_master.v:335$372.
  creating $alu model for $flatten\arm16_datapath_unit.\qspi_master_unit.$procmux$504_CMP0 ($eq): merged with $flatten\arm16_datapath_unit.\qspi_master_unit.$lt$src/qspi_master.v:353$375.
  creating $alu cell for $flatten\arm16_datapath_unit.\vga_renderer_unit.$ge$src/vga_renderer.v:41$391: $auto$alumacc.cc:512:replace_alu$2291
  creating $alu cell for $flatten\arm16_datapath_unit.\vga_renderer_unit.$lt$src/vga_renderer.v:41$392: $auto$alumacc.cc:512:replace_alu$2304
  creating $alu cell for $flatten\arm16_datapath_unit.\vga_renderer_unit.$ge$src/vga_renderer.v:42$394: $auto$alumacc.cc:512:replace_alu$2309
  creating $alu cell for $flatten\arm16_datapath_unit.\vga_renderer_unit.$lt$src/vga_renderer.v:42$395: $auto$alumacc.cc:512:replace_alu$2322
  creating $alu cell for $flatten\arm16_datapath_unit.\vga_renderer_unit.$lt$src/vga_renderer.v:62$409: $auto$alumacc.cc:512:replace_alu$2327
  creating $alu cell for $flatten\arm16_datapath_unit.\vga_renderer_unit.$lt$src/vga_renderer.v:62$410: $auto$alumacc.cc:512:replace_alu$2332
  creating $alu cell for $flatten\arm16_datapath_unit.\vga_renderer_unit.$ge$src/vga_renderer.v:63$412: $auto$alumacc.cc:512:replace_alu$2337
  creating $alu cell for $flatten\arm16_datapath_unit.\vga_renderer_unit.$lt$src/vga_renderer.v:63$413: $auto$alumacc.cc:512:replace_alu$2350
  creating $alu cell for $flatten\arm16_datapath_unit.\vga_renderer_unit.$ge$src/vga_renderer.v:64$416: $auto$alumacc.cc:512:replace_alu$2355
  creating $alu cell for $flatten\arm16_datapath_unit.\vga_renderer_unit.$lt$src/vga_renderer.v:64$417: $auto$alumacc.cc:512:replace_alu$2368
  creating $alu cell for $flatten\arm16_datapath_unit.\qspi_master_unit.$ge$src/qspi_master.v:106$279: $auto$alumacc.cc:512:replace_alu$2373
  creating $alu cell for $flatten\arm16_datapath_unit.\qspi_master_unit.$ge$src/qspi_master.v:314$364: $auto$alumacc.cc:512:replace_alu$2386
  creating $alu cell for $flatten\arm16_datapath_unit.\qspi_master_unit.$lt$src/qspi_master.v:332$369, $flatten\arm16_datapath_unit.\qspi_master_unit.$procmux$540_CMP0: $auto$alumacc.cc:512:replace_alu$2399
  creating $alu cell for $flatten\arm16_datapath_unit.\qspi_master_unit.$lt$src/qspi_master.v:335$372, $flatten\arm16_datapath_unit.\qspi_master_unit.$procmux$506_CMP0: $auto$alumacc.cc:512:replace_alu$2406
  creating $alu cell for $flatten\arm16_datapath_unit.\qspi_master_unit.$lt$src/qspi_master.v:345$373: $auto$alumacc.cc:512:replace_alu$2413
  creating $alu cell for $flatten\arm16_datapath_unit.\qspi_master_unit.$lt$src/qspi_master.v:353$375, $flatten\arm16_datapath_unit.\qspi_master_unit.$procmux$504_CMP0: $auto$alumacc.cc:512:replace_alu$2418
  creating $alu cell for $flatten\arm16_datapath_unit.$add$src/arm16_datapath.v:242$119: $auto$alumacc.cc:512:replace_alu$2425
  creating $alu cell for $flatten\arm16_datapath_unit.$add$src/arm16_datapath.v:196$81: $auto$alumacc.cc:512:replace_alu$2428
  creating $alu cell for $flatten\arm16_datapath_unit.\barrel_shifter_unit.$sub$src/barrel_shifter.v:39$161: $auto$alumacc.cc:512:replace_alu$2431
  creating $alu cell for $flatten\arm16_datapath_unit.$add$src/arm16_datapath.v:404$154: $auto$alumacc.cc:512:replace_alu$2434
  creating $alu cell for $flatten\arm16_datapath_unit.\alu_unit.$add$src/alu.v:38$11: $auto$alumacc.cc:512:replace_alu$2437
  creating $alu cell for $flatten\arm16_datapath_unit.\vga_renderer_unit.$sub$src/vga_renderer.v:43$397: $auto$alumacc.cc:512:replace_alu$2440
  creating $alu cell for $flatten\arm16_datapath_unit.$add$src/arm16_datapath.v:191$76: $auto$alumacc.cc:512:replace_alu$2443
  creating $alu cell for $flatten\arm16_datapath_unit.\qspi_master_unit.$sub$src/qspi_master.v:333$370: $auto$alumacc.cc:512:replace_alu$2446
  creating $alu cell for $flatten\arm16_datapath_unit.\qspi_master_unit.$add$src/qspi_master.v:278$347: $auto$alumacc.cc:512:replace_alu$2449
  creating $alu cell for $flatten\arm16_datapath_unit.\qspi_master_unit.$add$src/qspi_master.v:244$334: $auto$alumacc.cc:512:replace_alu$2452
  creating $alu cell for $flatten\arm16_datapath_unit.\qspi_master_unit.$neg$src/qspi_master.v:243$331: $auto$alumacc.cc:512:replace_alu$2455
  creating $alu cell for $flatten\arm16_datapath_unit.\qspi_master_unit.$add$src/qspi_master.v:209$304: $auto$alumacc.cc:512:replace_alu$2458
  creating $alu cell for $flatten\arm16_datapath_unit.\qspi_master_unit.$add$src/qspi_master.v:191$294: $auto$alumacc.cc:512:replace_alu$2461
  creating $alu cell for $flatten\arm16_datapath_unit.\qspi_master_unit.$add$src/qspi_master.v:107$280: $auto$alumacc.cc:512:replace_alu$2464
  creating $alu cell for $flatten\arm16_datapath_unit.\vga_renderer_unit.$add$src/vga_renderer.v:59$407: $auto$alumacc.cc:512:replace_alu$2467
  creating $alu cell for $flatten\arm16_datapath_unit.\vga_renderer_unit.$add$src/vga_renderer.v:57$405: $auto$alumacc.cc:512:replace_alu$2470
  creating $alu cell for $flatten\arm16_datapath_unit.\vga_renderer_unit.$sub$src/vga_renderer.v:44$398: $auto$alumacc.cc:512:replace_alu$2473
  created 33 $alu and 1 $macc cells.

15.15. Executing SHARE pass (SAT-based resource sharing).
Found 8 cells in module tt_um_moein_maleki_arm16 that may be considered for resource sharing.
  Analyzing resource sharing options for $flatten\arm16_datapath_unit.\barrel_shifter_unit.$shr$src/barrel_shifter.v:35$159 ($shr):
    Found cell that is never activated: $flatten\arm16_datapath_unit.\alu_unit.$add$src/alu.v:38$10
    Found 7 activation_patterns using ctrl signal { \arm16_datapath_unit.alu_arith \arm16_datapath_unit.ex_command [9] \arm16_datapath_unit.ex_command [6:4] \arm16_datapath_unit.ex_command [1] \arm16_datapath_unit.ex_immediate \arm16_datapath_unit.ex_memory $flatten\arm16_datapath_unit.\alu_unit.$procmux$1690_CTRL }.
    Found 2 candidates: $flatten\arm16_datapath_unit.\barrel_shifter_unit.$shr$src/barrel_shifter.v:40$163 $flatten\arm16_datapath_unit.\barrel_shifter_unit.$shr$src/barrel_shifter.v:43$165
    Analyzing resource sharing with $flatten\arm16_datapath_unit.\barrel_shifter_unit.$shr$src/barrel_shifter.v:40$163 ($shr):
      Found 28 activation_patterns using ctrl signal { \arm16_datapath_unit.alu_arith \arm16_datapath_unit.ex_command [9] \arm16_datapath_unit.ex_command [6:4] \arm16_datapath_unit.ex_command [1] \arm16_datapath_unit.ex_immediate \arm16_datapath_unit.ex_memory \arm16_datapath_unit.ex_operand2 [11] $flatten\arm16_datapath_unit.\barrel_shifter_unit.$procmux$1218_CMP $flatten\arm16_datapath_unit.\barrel_shifter_unit.$procmux$1217_CMP $flatten\arm16_datapath_unit.\barrel_shifter_unit.$eq$src/barrel_shifter.v:39$160_Y $flatten\arm16_datapath_unit.\alu_unit.$procmux$1690_CTRL }.
      Activation pattern for cell $flatten\arm16_datapath_unit.\barrel_shifter_unit.$shr$src/barrel_shifter.v:35$159: { \arm16_datapath_unit.ex_command [5] \arm16_datapath_unit.ex_immediate \arm16_datapath_unit.ex_memory } = 3'110
      Activation pattern for cell $flatten\arm16_datapath_unit.\barrel_shifter_unit.$shr$src/barrel_shifter.v:35$159: { \arm16_datapath_unit.ex_immediate \arm16_datapath_unit.ex_memory $flatten\arm16_datapath_unit.\alu_unit.$procmux$1690_CTRL } = 3'101
      Activation pattern for cell $flatten\arm16_datapath_unit.\barrel_shifter_unit.$shr$src/barrel_shifter.v:35$159: { \arm16_datapath_unit.alu_arith \arm16_datapath_unit.ex_immediate \arm16_datapath_unit.ex_memory } = 3'110
      Activation pattern for cell $flatten\arm16_datapath_unit.\barrel_shifter_unit.$shr$src/barrel_shifter.v:35$159: { \arm16_datapath_unit.ex_command [1] \arm16_datapath_unit.ex_immediate \arm16_datapath_unit.ex_memory } = 3'110
      Activation pattern for cell $flatten\arm16_datapath_unit.\barrel_shifter_unit.$shr$src/barrel_shifter.v:35$159: { \arm16_datapath_unit.ex_command [9] \arm16_datapath_unit.ex_immediate \arm16_datapath_unit.ex_memory } = 3'110
      Activation pattern for cell $flatten\arm16_datapath_unit.\barrel_shifter_unit.$shr$src/barrel_shifter.v:35$159: { \arm16_datapath_unit.ex_command [4] \arm16_datapath_unit.ex_immediate \arm16_datapath_unit.ex_memory } = 3'110
      Activation pattern for cell $flatten\arm16_datapath_unit.\barrel_shifter_unit.$shr$src/barrel_shifter.v:35$159: { \arm16_datapath_unit.ex_command [6] \arm16_datapath_unit.ex_immediate \arm16_datapath_unit.ex_memory } = 3'110
      Activation pattern for cell $flatten\arm16_datapath_unit.\barrel_shifter_unit.$shr$src/barrel_shifter.v:40$163: { \arm16_datapath_unit.ex_command [6] \arm16_datapath_unit.ex_immediate \arm16_datapath_unit.ex_memory $flatten\arm16_datapath_unit.\barrel_shifter_unit.$procmux$1218_CMP $flatten\arm16_datapath_unit.\barrel_shifter_unit.$procmux$1217_CMP $flatten\arm16_datapath_unit.\barrel_shifter_unit.$eq$src/barrel_shifter.v:39$160_Y } = 6'100000
      Activation pattern for cell $flatten\arm16_datapath_unit.\barrel_shifter_unit.$shr$src/barrel_shifter.v:40$163: { \arm16_datapath_unit.ex_command [4] \arm16_datapath_unit.ex_immediate \arm16_datapath_unit.ex_memory $flatten\arm16_datapath_unit.\barrel_shifter_unit.$procmux$1218_CMP $flatten\arm16_datapath_unit.\barrel_shifter_unit.$procmux$1217_CMP $flatten\arm16_datapath_unit.\barrel_shifter_unit.$eq$src/barrel_shifter.v:39$160_Y } = 6'100000
      Activation pattern for cell $flatten\arm16_datapath_unit.\barrel_shifter_unit.$shr$src/barrel_shifter.v:40$163: { \arm16_datapath_unit.ex_command [9] \arm16_datapath_unit.ex_immediate \arm16_datapath_unit.ex_memory $flatten\arm16_datapath_unit.\barrel_shifter_unit.$procmux$1218_CMP $flatten\arm16_datapath_unit.\barrel_shifter_unit.$procmux$1217_CMP $flatten\arm16_datapath_unit.\barrel_shifter_unit.$eq$src/barrel_shifter.v:39$160_Y } = 6'100000
      Activation pattern for cell $flatten\arm16_datapath_unit.\barrel_shifter_unit.$shr$src/barrel_shifter.v:40$163: { \arm16_datapath_unit.ex_command [1] \arm16_datapath_unit.ex_immediate \arm16_datapath_unit.ex_memory $flatten\arm16_datapath_unit.\barrel_shifter_unit.$procmux$1218_CMP $flatten\arm16_datapath_unit.\barrel_shifter_unit.$procmux$1217_CMP $flatten\arm16_datapath_unit.\barrel_shifter_unit.$eq$src/barrel_shifter.v:39$160_Y } = 6'100000
      Activation pattern for cell $flatten\arm16_datapath_unit.\barrel_shifter_unit.$shr$src/barrel_shifter.v:40$163: { \arm16_datapath_unit.alu_arith \arm16_datapath_unit.ex_immediate \arm16_datapath_unit.ex_memory $flatten\arm16_datapath_unit.\barrel_shifter_unit.$procmux$1218_CMP $flatten\arm16_datapath_unit.\barrel_shifter_unit.$procmux$1217_CMP $flatten\arm16_datapath_unit.\barrel_shifter_unit.$eq$src/barrel_shifter.v:39$160_Y } = 6'100000
      Activation pattern for cell $flatten\arm16_datapath_unit.\barrel_shifter_unit.$shr$src/barrel_shifter.v:40$163: { \arm16_datapath_unit.ex_immediate \arm16_datapath_unit.ex_memory $flatten\arm16_datapath_unit.\barrel_shifter_unit.$procmux$1218_CMP $flatten\arm16_datapath_unit.\barrel_shifter_unit.$procmux$1217_CMP $flatten\arm16_datapath_unit.\barrel_shifter_unit.$eq$src/barrel_shifter.v:39$160_Y $flatten\arm16_datapath_unit.\alu_unit.$procmux$1690_CTRL } = 6'000001
      Activation pattern for cell $flatten\arm16_datapath_unit.\barrel_shifter_unit.$shr$src/barrel_shifter.v:40$163: { \arm16_datapath_unit.ex_command [5] \arm16_datapath_unit.ex_immediate \arm16_datapath_unit.ex_memory $flatten\arm16_datapath_unit.\barrel_shifter_unit.$procmux$1218_CMP $flatten\arm16_datapath_unit.\barrel_shifter_unit.$procmux$1217_CMP $flatten\arm16_datapath_unit.\barrel_shifter_unit.$eq$src/barrel_shifter.v:39$160_Y } = 6'100000
      Activation pattern for cell $flatten\arm16_datapath_unit.\barrel_shifter_unit.$shr$src/barrel_shifter.v:40$163: { \arm16_datapath_unit.ex_command [5] \arm16_datapath_unit.ex_immediate \arm16_datapath_unit.ex_memory \arm16_datapath_unit.ex_operand2 [11] $flatten\arm16_datapath_unit.\barrel_shifter_unit.$procmux$1217_CMP } = 5'10001
      Activation pattern for cell $flatten\arm16_datapath_unit.\barrel_shifter_unit.$shr$src/barrel_shifter.v:40$163: { \arm16_datapath_unit.ex_immediate \arm16_datapath_unit.ex_memory \arm16_datapath_unit.ex_operand2 [11] $flatten\arm16_datapath_unit.\barrel_shifter_unit.$procmux$1217_CMP $flatten\arm16_datapath_unit.\alu_unit.$procmux$1690_CTRL } = 5'00011
      Activation pattern for cell $flatten\arm16_datapath_unit.\barrel_shifter_unit.$shr$src/barrel_shifter.v:40$163: { \arm16_datapath_unit.alu_arith \arm16_datapath_unit.ex_immediate \arm16_datapath_unit.ex_memory \arm16_datapath_unit.ex_operand2 [11] $flatten\arm16_datapath_unit.\barrel_shifter_unit.$procmux$1217_CMP } = 5'10001
      Activation pattern for cell $flatten\arm16_datapath_unit.\barrel_shifter_unit.$shr$src/barrel_shifter.v:40$163: { \arm16_datapath_unit.ex_command [1] \arm16_datapath_unit.ex_immediate \arm16_datapath_unit.ex_memory \arm16_datapath_unit.ex_operand2 [11] $flatten\arm16_datapath_unit.\barrel_shifter_unit.$procmux$1217_CMP } = 5'10001
      Activation pattern for cell $flatten\arm16_datapath_unit.\barrel_shifter_unit.$shr$src/barrel_shifter.v:40$163: { \arm16_datapath_unit.ex_command [9] \arm16_datapath_unit.ex_immediate \arm16_datapath_unit.ex_memory \arm16_datapath_unit.ex_operand2 [11] $flatten\arm16_datapath_unit.\barrel_shifter_unit.$procmux$1217_CMP } = 5'10001
      Activation pattern for cell $flatten\arm16_datapath_unit.\barrel_shifter_unit.$shr$src/barrel_shifter.v:40$163: { \arm16_datapath_unit.ex_command [4] \arm16_datapath_unit.ex_immediate \arm16_datapath_unit.ex_memory \arm16_datapath_unit.ex_operand2 [11] $flatten\arm16_datapath_unit.\barrel_shifter_unit.$procmux$1217_CMP } = 5'10001
      Activation pattern for cell $flatten\arm16_datapath_unit.\barrel_shifter_unit.$shr$src/barrel_shifter.v:40$163: { \arm16_datapath_unit.ex_command [6] \arm16_datapath_unit.ex_immediate \arm16_datapath_unit.ex_memory \arm16_datapath_unit.ex_operand2 [11] $flatten\arm16_datapath_unit.\barrel_shifter_unit.$procmux$1217_CMP } = 5'10001
      Activation pattern for cell $flatten\arm16_datapath_unit.\barrel_shifter_unit.$shr$src/barrel_shifter.v:40$163: { \arm16_datapath_unit.ex_command [6] \arm16_datapath_unit.ex_immediate \arm16_datapath_unit.ex_memory \arm16_datapath_unit.ex_operand2 [11] $flatten\arm16_datapath_unit.\barrel_shifter_unit.$procmux$1218_CMP } = 5'10001
      Activation pattern for cell $flatten\arm16_datapath_unit.\barrel_shifter_unit.$shr$src/barrel_shifter.v:40$163: { \arm16_datapath_unit.ex_command [4] \arm16_datapath_unit.ex_immediate \arm16_datapath_unit.ex_memory \arm16_datapath_unit.ex_operand2 [11] $flatten\arm16_datapath_unit.\barrel_shifter_unit.$procmux$1218_CMP } = 5'10001
      Activation pattern for cell $flatten\arm16_datapath_unit.\barrel_shifter_unit.$shr$src/barrel_shifter.v:40$163: { \arm16_datapath_unit.ex_command [9] \arm16_datapath_unit.ex_immediate \arm16_datapath_unit.ex_memory \arm16_datapath_unit.ex_operand2 [11] $flatten\arm16_datapath_unit.\barrel_shifter_unit.$procmux$1218_CMP } = 5'10001
      Activation pattern for cell $flatten\arm16_datapath_unit.\barrel_shifter_unit.$shr$src/barrel_shifter.v:40$163: { \arm16_datapath_unit.ex_command [1] \arm16_datapath_unit.ex_immediate \arm16_datapath_unit.ex_memory \arm16_datapath_unit.ex_operand2 [11] $flatten\arm16_datapath_unit.\barrel_shifter_unit.$procmux$1218_CMP } = 5'10001
      Activation pattern for cell $flatten\arm16_datapath_unit.\barrel_shifter_unit.$shr$src/barrel_shifter.v:40$163: { \arm16_datapath_unit.alu_arith \arm16_datapath_unit.ex_immediate \arm16_datapath_unit.ex_memory \arm16_datapath_unit.ex_operand2 [11] $flatten\arm16_datapath_unit.\barrel_shifter_unit.$procmux$1218_CMP } = 5'10001
      Activation pattern for cell $flatten\arm16_datapath_unit.\barrel_shifter_unit.$shr$src/barrel_shifter.v:40$163: { \arm16_datapath_unit.ex_immediate \arm16_datapath_unit.ex_memory \arm16_datapath_unit.ex_operand2 [11] $flatten\arm16_datapath_unit.\barrel_shifter_unit.$procmux$1218_CMP $flatten\arm16_datapath_unit.\alu_unit.$procmux$1690_CTRL } = 5'00011
      Activation pattern for cell $flatten\arm16_datapath_unit.\barrel_shifter_unit.$shr$src/barrel_shifter.v:40$163: { \arm16_datapath_unit.ex_command [5] \arm16_datapath_unit.ex_immediate \arm16_datapath_unit.ex_memory \arm16_datapath_unit.ex_operand2 [11] $flatten\arm16_datapath_unit.\barrel_shifter_unit.$procmux$1218_CMP } = 5'10001
      Activation pattern for cell $flatten\arm16_datapath_unit.\barrel_shifter_unit.$shr$src/barrel_shifter.v:40$163: { \arm16_datapath_unit.ex_command [6] \arm16_datapath_unit.ex_immediate \arm16_datapath_unit.ex_memory \arm16_datapath_unit.ex_operand2 [11] $flatten\arm16_datapath_unit.\barrel_shifter_unit.$eq$src/barrel_shifter.v:39$160_Y } = 5'10001
      Activation pattern for cell $flatten\arm16_datapath_unit.\barrel_shifter_unit.$shr$src/barrel_shifter.v:40$163: { \arm16_datapath_unit.ex_command [4] \arm16_datapath_unit.ex_immediate \arm16_datapath_unit.ex_memory \arm16_datapath_unit.ex_operand2 [11] $flatten\arm16_datapath_unit.\barrel_shifter_unit.$eq$src/barrel_shifter.v:39$160_Y } = 5'10001
      Activation pattern for cell $flatten\arm16_datapath_unit.\barrel_shifter_unit.$shr$src/barrel_shifter.v:40$163: { \arm16_datapath_unit.ex_command [9] \arm16_datapath_unit.ex_immediate \arm16_datapath_unit.ex_memory \arm16_datapath_unit.ex_operand2 [11] $flatten\arm16_datapath_unit.\barrel_shifter_unit.$eq$src/barrel_shifter.v:39$160_Y } = 5'10001
      Activation pattern for cell $flatten\arm16_datapath_unit.\barrel_shifter_unit.$shr$src/barrel_shifter.v:40$163: { \arm16_datapath_unit.ex_command [1] \arm16_datapath_unit.ex_immediate \arm16_datapath_unit.ex_memory \arm16_datapath_unit.ex_operand2 [11] $flatten\arm16_datapath_unit.\barrel_shifter_unit.$eq$src/barrel_shifter.v:39$160_Y } = 5'10001
      Activation pattern for cell $flatten\arm16_datapath_unit.\barrel_shifter_unit.$shr$src/barrel_shifter.v:40$163: { \arm16_datapath_unit.alu_arith \arm16_datapath_unit.ex_immediate \arm16_datapath_unit.ex_memory \arm16_datapath_unit.ex_operand2 [11] $flatten\arm16_datapath_unit.\barrel_shifter_unit.$eq$src/barrel_shifter.v:39$160_Y } = 5'10001
      Activation pattern for cell $flatten\arm16_datapath_unit.\barrel_shifter_unit.$shr$src/barrel_shifter.v:40$163: { \arm16_datapath_unit.ex_immediate \arm16_datapath_unit.ex_memory \arm16_datapath_unit.ex_operand2 [11] $flatten\arm16_datapath_unit.\barrel_shifter_unit.$eq$src/barrel_shifter.v:39$160_Y $flatten\arm16_datapath_unit.\alu_unit.$procmux$1690_CTRL } = 5'00011
      Activation pattern for cell $flatten\arm16_datapath_unit.\barrel_shifter_unit.$shr$src/barrel_shifter.v:40$163: { \arm16_datapath_unit.ex_command [5] \arm16_datapath_unit.ex_immediate \arm16_datapath_unit.ex_memory \arm16_datapath_unit.ex_operand2 [11] $flatten\arm16_datapath_unit.\barrel_shifter_unit.$eq$src/barrel_shifter.v:39$160_Y } = 5'10001
      According to the SAT solver this pair of cells can be shared. (Pattern only case)
      Simplified activation pattern for cell $flatten\arm16_datapath_unit.\barrel_shifter_unit.$shr$src/barrel_shifter.v:35$159: \arm16_datapath_unit.ex_immediate = 1'1
      Simplified activation pattern for cell $flatten\arm16_datapath_unit.\barrel_shifter_unit.$shr$src/barrel_shifter.v:40$163: \arm16_datapath_unit.ex_immediate = 1'0
      Activation signal for $flatten\arm16_datapath_unit.\barrel_shifter_unit.$shr$src/barrel_shifter.v:35$159: $auto$share.cc:1062:make_cell_activation_logic$2476
      New cell: $auto$share.cc:663:make_supercell$2483 ($shr)
  Analyzing resource sharing options for $auto$share.cc:663:make_supercell$2483 ($shr):
    Found 35 activation_patterns using ctrl signal { \arm16_datapath_unit.alu_arith \arm16_datapath_unit.ex_command [9] \arm16_datapath_unit.ex_command [6:4] \arm16_datapath_unit.ex_command [1] \arm16_datapath_unit.ex_immediate \arm16_datapath_unit.ex_memory \arm16_datapath_unit.ex_operand2 [11] $flatten\arm16_datapath_unit.\barrel_shifter_unit.$procmux$1218_CMP $flatten\arm16_datapath_unit.\barrel_shifter_unit.$procmux$1217_CMP $flatten\arm16_datapath_unit.\barrel_shifter_unit.$eq$src/barrel_shifter.v:39$160_Y $flatten\arm16_datapath_unit.\alu_unit.$procmux$1690_CTRL }.
    Found 1 candidates: $flatten\arm16_datapath_unit.\barrel_shifter_unit.$shr$src/barrel_shifter.v:43$165
    Analyzing resource sharing with $flatten\arm16_datapath_unit.\barrel_shifter_unit.$shr$src/barrel_shifter.v:43$165 ($shr):
      Found 21 activation_patterns using ctrl signal { \arm16_datapath_unit.alu_arith \arm16_datapath_unit.ex_command [9] \arm16_datapath_unit.ex_command [6:4] \arm16_datapath_unit.ex_command [1] \arm16_datapath_unit.ex_immediate \arm16_datapath_unit.ex_memory \arm16_datapath_unit.ex_operand2 [11] $flatten\arm16_datapath_unit.\barrel_shifter_unit.$procmux$1218_CMP $flatten\arm16_datapath_unit.\barrel_shifter_unit.$procmux$1217_CMP \arm16_datapath_unit.barrel_shifter_unit.value_in [15] $flatten\arm16_datapath_unit.\alu_unit.$procmux$1690_CTRL }.
      Activation pattern for cell $auto$share.cc:663:make_supercell$2483: { \arm16_datapath_unit.ex_command [5] \arm16_datapath_unit.ex_immediate \arm16_datapath_unit.ex_memory } = 3'110
      Activation pattern for cell $auto$share.cc:663:make_supercell$2483: { \arm16_datapath_unit.ex_immediate \arm16_datapath_unit.ex_memory $flatten\arm16_datapath_unit.\alu_unit.$procmux$1690_CTRL } = 3'101
      Activation pattern for cell $auto$share.cc:663:make_supercell$2483: { \arm16_datapath_unit.alu_arith \arm16_datapath_unit.ex_immediate \arm16_datapath_unit.ex_memory } = 3'110
      Activation pattern for cell $auto$share.cc:663:make_supercell$2483: { \arm16_datapath_unit.ex_command [1] \arm16_datapath_unit.ex_immediate \arm16_datapath_unit.ex_memory } = 3'110
      Activation pattern for cell $auto$share.cc:663:make_supercell$2483: { \arm16_datapath_unit.ex_command [9] \arm16_datapath_unit.ex_immediate \arm16_datapath_unit.ex_memory } = 3'110
      Activation pattern for cell $auto$share.cc:663:make_supercell$2483: { \arm16_datapath_unit.ex_command [4] \arm16_datapath_unit.ex_immediate \arm16_datapath_unit.ex_memory } = 3'110
      Activation pattern for cell $auto$share.cc:663:make_supercell$2483: { \arm16_datapath_unit.ex_command [6] \arm16_datapath_unit.ex_immediate \arm16_datapath_unit.ex_memory } = 3'110
      Activation pattern for cell $auto$share.cc:663:make_supercell$2483: { \arm16_datapath_unit.ex_command [6] \arm16_datapath_unit.ex_immediate \arm16_datapath_unit.ex_memory $flatten\arm16_datapath_unit.\barrel_shifter_unit.$procmux$1218_CMP $flatten\arm16_datapath_unit.\barrel_shifter_unit.$procmux$1217_CMP $flatten\arm16_datapath_unit.\barrel_shifter_unit.$eq$src/barrel_shifter.v:39$160_Y } = 6'100000
      Activation pattern for cell $auto$share.cc:663:make_supercell$2483: { \arm16_datapath_unit.ex_command [4] \arm16_datapath_unit.ex_immediate \arm16_datapath_unit.ex_memory $flatten\arm16_datapath_unit.\barrel_shifter_unit.$procmux$1218_CMP $flatten\arm16_datapath_unit.\barrel_shifter_unit.$procmux$1217_CMP $flatten\arm16_datapath_unit.\barrel_shifter_unit.$eq$src/barrel_shifter.v:39$160_Y } = 6'100000
      Activation pattern for cell $auto$share.cc:663:make_supercell$2483: { \arm16_datapath_unit.ex_command [9] \arm16_datapath_unit.ex_immediate \arm16_datapath_unit.ex_memory $flatten\arm16_datapath_unit.\barrel_shifter_unit.$procmux$1218_CMP $flatten\arm16_datapath_unit.\barrel_shifter_unit.$procmux$1217_CMP $flatten\arm16_datapath_unit.\barrel_shifter_unit.$eq$src/barrel_shifter.v:39$160_Y } = 6'100000
      Activation pattern for cell $auto$share.cc:663:make_supercell$2483: { \arm16_datapath_unit.ex_command [1] \arm16_datapath_unit.ex_immediate \arm16_datapath_unit.ex_memory $flatten\arm16_datapath_unit.\barrel_shifter_unit.$procmux$1218_CMP $flatten\arm16_datapath_unit.\barrel_shifter_unit.$procmux$1217_CMP $flatten\arm16_datapath_unit.\barrel_shifter_unit.$eq$src/barrel_shifter.v:39$160_Y } = 6'100000
      Activation pattern for cell $auto$share.cc:663:make_supercell$2483: { \arm16_datapath_unit.alu_arith \arm16_datapath_unit.ex_immediate \arm16_datapath_unit.ex_memory $flatten\arm16_datapath_unit.\barrel_shifter_unit.$procmux$1218_CMP $flatten\arm16_datapath_unit.\barrel_shifter_unit.$procmux$1217_CMP $flatten\arm16_datapath_unit.\barrel_shifter_unit.$eq$src/barrel_shifter.v:39$160_Y } = 6'100000
      Activation pattern for cell $auto$share.cc:663:make_supercell$2483: { \arm16_datapath_unit.ex_immediate \arm16_datapath_unit.ex_memory $flatten\arm16_datapath_unit.\barrel_shifter_unit.$procmux$1218_CMP $flatten\arm16_datapath_unit.\barrel_shifter_unit.$procmux$1217_CMP $flatten\arm16_datapath_unit.\barrel_shifter_unit.$eq$src/barrel_shifter.v:39$160_Y $flatten\arm16_datapath_unit.\alu_unit.$procmux$1690_CTRL } = 6'000001
      Activation pattern for cell $auto$share.cc:663:make_supercell$2483: { \arm16_datapath_unit.ex_command [5] \arm16_datapath_unit.ex_immediate \arm16_datapath_unit.ex_memory $flatten\arm16_datapath_unit.\barrel_shifter_unit.$procmux$1218_CMP $flatten\arm16_datapath_unit.\barrel_shifter_unit.$procmux$1217_CMP $flatten\arm16_datapath_unit.\barrel_shifter_unit.$eq$src/barrel_shifter.v:39$160_Y } = 6'100000
      Activation pattern for cell $auto$share.cc:663:make_supercell$2483: { \arm16_datapath_unit.ex_command [5] \arm16_datapath_unit.ex_immediate \arm16_datapath_unit.ex_memory \arm16_datapath_unit.ex_operand2 [11] $flatten\arm16_datapath_unit.\barrel_shifter_unit.$procmux$1217_CMP } = 5'10001
      Activation pattern for cell $auto$share.cc:663:make_supercell$2483: { \arm16_datapath_unit.ex_immediate \arm16_datapath_unit.ex_memory \arm16_datapath_unit.ex_operand2 [11] $flatten\arm16_datapath_unit.\barrel_shifter_unit.$procmux$1217_CMP $flatten\arm16_datapath_unit.\alu_unit.$procmux$1690_CTRL } = 5'00011
      Activation pattern for cell $auto$share.cc:663:make_supercell$2483: { \arm16_datapath_unit.alu_arith \arm16_datapath_unit.ex_immediate \arm16_datapath_unit.ex_memory \arm16_datapath_unit.ex_operand2 [11] $flatten\arm16_datapath_unit.\barrel_shifter_unit.$procmux$1217_CMP } = 5'10001
      Activation pattern for cell $auto$share.cc:663:make_supercell$2483: { \arm16_datapath_unit.ex_command [1] \arm16_datapath_unit.ex_immediate \arm16_datapath_unit.ex_memory \arm16_datapath_unit.ex_operand2 [11] $flatten\arm16_datapath_unit.\barrel_shifter_unit.$procmux$1217_CMP } = 5'10001
      Activation pattern for cell $auto$share.cc:663:make_supercell$2483: { \arm16_datapath_unit.ex_command [9] \arm16_datapath_unit.ex_immediate \arm16_datapath_unit.ex_memory \arm16_datapath_unit.ex_operand2 [11] $flatten\arm16_datapath_unit.\barrel_shifter_unit.$procmux$1217_CMP } = 5'10001
      Activation pattern for cell $auto$share.cc:663:make_supercell$2483: { \arm16_datapath_unit.ex_command [4] \arm16_datapath_unit.ex_immediate \arm16_datapath_unit.ex_memory \arm16_datapath_unit.ex_operand2 [11] $flatten\arm16_datapath_unit.\barrel_shifter_unit.$procmux$1217_CMP } = 5'10001
      Activation pattern for cell $auto$share.cc:663:make_supercell$2483: { \arm16_datapath_unit.ex_command [6] \arm16_datapath_unit.ex_immediate \arm16_datapath_unit.ex_memory \arm16_datapath_unit.ex_operand2 [11] $flatten\arm16_datapath_unit.\barrel_shifter_unit.$procmux$1217_CMP } = 5'10001
      Activation pattern for cell $auto$share.cc:663:make_supercell$2483: { \arm16_datapath_unit.ex_command [6] \arm16_datapath_unit.ex_immediate \arm16_datapath_unit.ex_memory \arm16_datapath_unit.ex_operand2 [11] $flatten\arm16_datapath_unit.\barrel_shifter_unit.$procmux$1218_CMP } = 5'10001
      Activation pattern for cell $auto$share.cc:663:make_supercell$2483: { \arm16_datapath_unit.ex_command [4] \arm16_datapath_unit.ex_immediate \arm16_datapath_unit.ex_memory \arm16_datapath_unit.ex_operand2 [11] $flatten\arm16_datapath_unit.\barrel_shifter_unit.$procmux$1218_CMP } = 5'10001
      Activation pattern for cell $auto$share.cc:663:make_supercell$2483: { \arm16_datapath_unit.ex_command [9] \arm16_datapath_unit.ex_immediate \arm16_datapath_unit.ex_memory \arm16_datapath_unit.ex_operand2 [11] $flatten\arm16_datapath_unit.\barrel_shifter_unit.$procmux$1218_CMP } = 5'10001
      Activation pattern for cell $auto$share.cc:663:make_supercell$2483: { \arm16_datapath_unit.ex_command [1] \arm16_datapath_unit.ex_immediate \arm16_datapath_unit.ex_memory \arm16_datapath_unit.ex_operand2 [11] $flatten\arm16_datapath_unit.\barrel_shifter_unit.$procmux$1218_CMP } = 5'10001
      Activation pattern for cell $auto$share.cc:663:make_supercell$2483: { \arm16_datapath_unit.alu_arith \arm16_datapath_unit.ex_immediate \arm16_datapath_unit.ex_memory \arm16_datapath_unit.ex_operand2 [11] $flatten\arm16_datapath_unit.\barrel_shifter_unit.$procmux$1218_CMP } = 5'10001
      Activation pattern for cell $auto$share.cc:663:make_supercell$2483: { \arm16_datapath_unit.ex_immediate \arm16_datapath_unit.ex_memory \arm16_datapath_unit.ex_operand2 [11] $flatten\arm16_datapath_unit.\barrel_shifter_unit.$procmux$1218_CMP $flatten\arm16_datapath_unit.\alu_unit.$procmux$1690_CTRL } = 5'00011
      Activation pattern for cell $auto$share.cc:663:make_supercell$2483: { \arm16_datapath_unit.ex_command [5] \arm16_datapath_unit.ex_immediate \arm16_datapath_unit.ex_memory \arm16_datapath_unit.ex_operand2 [11] $flatten\arm16_datapath_unit.\barrel_shifter_unit.$procmux$1218_CMP } = 5'10001
      Activation pattern for cell $auto$share.cc:663:make_supercell$2483: { \arm16_datapath_unit.ex_command [6] \arm16_datapath_unit.ex_immediate \arm16_datapath_unit.ex_memory \arm16_datapath_unit.ex_operand2 [11] $flatten\arm16_datapath_unit.\barrel_shifter_unit.$eq$src/barrel_shifter.v:39$160_Y } = 5'10001
      Activation pattern for cell $auto$share.cc:663:make_supercell$2483: { \arm16_datapath_unit.ex_command [4] \arm16_datapath_unit.ex_immediate \arm16_datapath_unit.ex_memory \arm16_datapath_unit.ex_operand2 [11] $flatten\arm16_datapath_unit.\barrel_shifter_unit.$eq$src/barrel_shifter.v:39$160_Y } = 5'10001
      Activation pattern for cell $auto$share.cc:663:make_supercell$2483: { \arm16_datapath_unit.ex_command [9] \arm16_datapath_unit.ex_immediate \arm16_datapath_unit.ex_memory \arm16_datapath_unit.ex_operand2 [11] $flatten\arm16_datapath_unit.\barrel_shifter_unit.$eq$src/barrel_shifter.v:39$160_Y } = 5'10001
      Activation pattern for cell $auto$share.cc:663:make_supercell$2483: { \arm16_datapath_unit.ex_command [1] \arm16_datapath_unit.ex_immediate \arm16_datapath_unit.ex_memory \arm16_datapath_unit.ex_operand2 [11] $flatten\arm16_datapath_unit.\barrel_shifter_unit.$eq$src/barrel_shifter.v:39$160_Y } = 5'10001
      Activation pattern for cell $auto$share.cc:663:make_supercell$2483: { \arm16_datapath_unit.alu_arith \arm16_datapath_unit.ex_immediate \arm16_datapath_unit.ex_memory \arm16_datapath_unit.ex_operand2 [11] $flatten\arm16_datapath_unit.\barrel_shifter_unit.$eq$src/barrel_shifter.v:39$160_Y } = 5'10001
      Activation pattern for cell $auto$share.cc:663:make_supercell$2483: { \arm16_datapath_unit.ex_immediate \arm16_datapath_unit.ex_memory \arm16_datapath_unit.ex_operand2 [11] $flatten\arm16_datapath_unit.\barrel_shifter_unit.$eq$src/barrel_shifter.v:39$160_Y $flatten\arm16_datapath_unit.\alu_unit.$procmux$1690_CTRL } = 5'00011
      Activation pattern for cell $auto$share.cc:663:make_supercell$2483: { \arm16_datapath_unit.ex_command [5] \arm16_datapath_unit.ex_immediate \arm16_datapath_unit.ex_memory \arm16_datapath_unit.ex_operand2 [11] $flatten\arm16_datapath_unit.\barrel_shifter_unit.$eq$src/barrel_shifter.v:39$160_Y } = 5'10001
      Activation pattern for cell $flatten\arm16_datapath_unit.\barrel_shifter_unit.$shr$src/barrel_shifter.v:43$165: { \arm16_datapath_unit.ex_command [6] \arm16_datapath_unit.ex_immediate \arm16_datapath_unit.ex_memory \arm16_datapath_unit.ex_operand2 [11] $flatten\arm16_datapath_unit.\barrel_shifter_unit.$procmux$1217_CMP \arm16_datapath_unit.barrel_shifter_unit.value_in [15] } = 6'100011
      Activation pattern for cell $flatten\arm16_datapath_unit.\barrel_shifter_unit.$shr$src/barrel_shifter.v:43$165: { \arm16_datapath_unit.ex_command [4] \arm16_datapath_unit.ex_immediate \arm16_datapath_unit.ex_memory \arm16_datapath_unit.ex_operand2 [11] $flatten\arm16_datapath_unit.\barrel_shifter_unit.$procmux$1217_CMP \arm16_datapath_unit.barrel_shifter_unit.value_in [15] } = 6'100011
      Activation pattern for cell $flatten\arm16_datapath_unit.\barrel_shifter_unit.$shr$src/barrel_shifter.v:43$165: { \arm16_datapath_unit.ex_command [9] \arm16_datapath_unit.ex_immediate \arm16_datapath_unit.ex_memory \arm16_datapath_unit.ex_operand2 [11] $flatten\arm16_datapath_unit.\barrel_shifter_unit.$procmux$1217_CMP \arm16_datapath_unit.barrel_shifter_unit.value_in [15] } = 6'100011
      Activation pattern for cell $flatten\arm16_datapath_unit.\barrel_shifter_unit.$shr$src/barrel_shifter.v:43$165: { \arm16_datapath_unit.ex_command [1] \arm16_datapath_unit.ex_immediate \arm16_datapath_unit.ex_memory \arm16_datapath_unit.ex_operand2 [11] $flatten\arm16_datapath_unit.\barrel_shifter_unit.$procmux$1217_CMP \arm16_datapath_unit.barrel_shifter_unit.value_in [15] } = 6'100011
      Activation pattern for cell $flatten\arm16_datapath_unit.\barrel_shifter_unit.$shr$src/barrel_shifter.v:43$165: { \arm16_datapath_unit.alu_arith \arm16_datapath_unit.ex_immediate \arm16_datapath_unit.ex_memory \arm16_datapath_unit.ex_operand2 [11] $flatten\arm16_datapath_unit.\barrel_shifter_unit.$procmux$1217_CMP \arm16_datapath_unit.barrel_shifter_unit.value_in [15] } = 6'100011
      Activation pattern for cell $flatten\arm16_datapath_unit.\barrel_shifter_unit.$shr$src/barrel_shifter.v:43$165: { \arm16_datapath_unit.ex_immediate \arm16_datapath_unit.ex_memory \arm16_datapath_unit.ex_operand2 [11] $flatten\arm16_datapath_unit.\barrel_shifter_unit.$procmux$1217_CMP \arm16_datapath_unit.barrel_shifter_unit.value_in [15] $flatten\arm16_datapath_unit.\alu_unit.$procmux$1690_CTRL } = 6'000111
      Activation pattern for cell $flatten\arm16_datapath_unit.\barrel_shifter_unit.$shr$src/barrel_shifter.v:43$165: { \arm16_datapath_unit.ex_command [5] \arm16_datapath_unit.ex_immediate \arm16_datapath_unit.ex_memory \arm16_datapath_unit.ex_operand2 [11] $flatten\arm16_datapath_unit.\barrel_shifter_unit.$procmux$1217_CMP \arm16_datapath_unit.barrel_shifter_unit.value_in [15] } = 6'100011
      Activation pattern for cell $flatten\arm16_datapath_unit.\barrel_shifter_unit.$shr$src/barrel_shifter.v:43$165: { \arm16_datapath_unit.ex_command [5] \arm16_datapath_unit.ex_immediate \arm16_datapath_unit.ex_memory \arm16_datapath_unit.ex_operand2 [11] $flatten\arm16_datapath_unit.\barrel_shifter_unit.$procmux$1217_CMP } = 5'10001
      Activation pattern for cell $flatten\arm16_datapath_unit.\barrel_shifter_unit.$shr$src/barrel_shifter.v:43$165: { \arm16_datapath_unit.ex_immediate \arm16_datapath_unit.ex_memory \arm16_datapath_unit.ex_operand2 [11] $flatten\arm16_datapath_unit.\barrel_shifter_unit.$procmux$1217_CMP $flatten\arm16_datapath_unit.\alu_unit.$procmux$1690_CTRL } = 5'00011
      Activation pattern for cell $flatten\arm16_datapath_unit.\barrel_shifter_unit.$shr$src/barrel_shifter.v:43$165: { \arm16_datapath_unit.alu_arith \arm16_datapath_unit.ex_immediate \arm16_datapath_unit.ex_memory \arm16_datapath_unit.ex_operand2 [11] $flatten\arm16_datapath_unit.\barrel_shifter_unit.$procmux$1217_CMP } = 5'10001
      Activation pattern for cell $flatten\arm16_datapath_unit.\barrel_shifter_unit.$shr$src/barrel_shifter.v:43$165: { \arm16_datapath_unit.ex_command [1] \arm16_datapath_unit.ex_immediate \arm16_datapath_unit.ex_memory \arm16_datapath_unit.ex_operand2 [11] $flatten\arm16_datapath_unit.\barrel_shifter_unit.$procmux$1217_CMP } = 5'10001
      Activation pattern for cell $flatten\arm16_datapath_unit.\barrel_shifter_unit.$shr$src/barrel_shifter.v:43$165: { \arm16_datapath_unit.ex_command [9] \arm16_datapath_unit.ex_immediate \arm16_datapath_unit.ex_memory \arm16_datapath_unit.ex_operand2 [11] $flatten\arm16_datapath_unit.\barrel_shifter_unit.$procmux$1217_CMP } = 5'10001
      Activation pattern for cell $flatten\arm16_datapath_unit.\barrel_shifter_unit.$shr$src/barrel_shifter.v:43$165: { \arm16_datapath_unit.ex_command [4] \arm16_datapath_unit.ex_immediate \arm16_datapath_unit.ex_memory \arm16_datapath_unit.ex_operand2 [11] $flatten\arm16_datapath_unit.\barrel_shifter_unit.$procmux$1217_CMP } = 5'10001
      Activation pattern for cell $flatten\arm16_datapath_unit.\barrel_shifter_unit.$shr$src/barrel_shifter.v:43$165: { \arm16_datapath_unit.ex_command [6] \arm16_datapath_unit.ex_immediate \arm16_datapath_unit.ex_memory \arm16_datapath_unit.ex_operand2 [11] $flatten\arm16_datapath_unit.\barrel_shifter_unit.$procmux$1217_CMP } = 5'10001
      Activation pattern for cell $flatten\arm16_datapath_unit.\barrel_shifter_unit.$shr$src/barrel_shifter.v:43$165: { \arm16_datapath_unit.ex_command [6] \arm16_datapath_unit.ex_immediate \arm16_datapath_unit.ex_memory \arm16_datapath_unit.ex_operand2 [11] $flatten\arm16_datapath_unit.\barrel_shifter_unit.$procmux$1218_CMP } = 5'10001
      Activation pattern for cell $flatten\arm16_datapath_unit.\barrel_shifter_unit.$shr$src/barrel_shifter.v:43$165: { \arm16_datapath_unit.ex_command [4] \arm16_datapath_unit.ex_immediate \arm16_datapath_unit.ex_memory \arm16_datapath_unit.ex_operand2 [11] $flatten\arm16_datapath_unit.\barrel_shifter_unit.$procmux$1218_CMP } = 5'10001
      Activation pattern for cell $flatten\arm16_datapath_unit.\barrel_shifter_unit.$shr$src/barrel_shifter.v:43$165: { \arm16_datapath_unit.ex_command [9] \arm16_datapath_unit.ex_immediate \arm16_datapath_unit.ex_memory \arm16_datapath_unit.ex_operand2 [11] $flatten\arm16_datapath_unit.\barrel_shifter_unit.$procmux$1218_CMP } = 5'10001
      Activation pattern for cell $flatten\arm16_datapath_unit.\barrel_shifter_unit.$shr$src/barrel_shifter.v:43$165: { \arm16_datapath_unit.ex_command [1] \arm16_datapath_unit.ex_immediate \arm16_datapath_unit.ex_memory \arm16_datapath_unit.ex_operand2 [11] $flatten\arm16_datapath_unit.\barrel_shifter_unit.$procmux$1218_CMP } = 5'10001
      Activation pattern for cell $flatten\arm16_datapath_unit.\barrel_shifter_unit.$shr$src/barrel_shifter.v:43$165: { \arm16_datapath_unit.alu_arith \arm16_datapath_unit.ex_immediate \arm16_datapath_unit.ex_memory \arm16_datapath_unit.ex_operand2 [11] $flatten\arm16_datapath_unit.\barrel_shifter_unit.$procmux$1218_CMP } = 5'10001
      Activation pattern for cell $flatten\arm16_datapath_unit.\barrel_shifter_unit.$shr$src/barrel_shifter.v:43$165: { \arm16_datapath_unit.ex_immediate \arm16_datapath_unit.ex_memory \arm16_datapath_unit.ex_operand2 [11] $flatten\arm16_datapath_unit.\barrel_shifter_unit.$procmux$1218_CMP $flatten\arm16_datapath_unit.\alu_unit.$procmux$1690_CTRL } = 5'00011
      Activation pattern for cell $flatten\arm16_datapath_unit.\barrel_shifter_unit.$shr$src/barrel_shifter.v:43$165: { \arm16_datapath_unit.ex_command [5] \arm16_datapath_unit.ex_immediate \arm16_datapath_unit.ex_memory \arm16_datapath_unit.ex_operand2 [11] $flatten\arm16_datapath_unit.\barrel_shifter_unit.$procmux$1218_CMP } = 5'10001
      Size of SAT problem: 18 cells, 630 variables, 1907 clauses
      According to the SAT solver this pair of cells can not be shared.
      Model from SAT solver: { \arm16_datapath_unit.alu_arith \arm16_datapath_unit.ex_command [9] \arm16_datapath_unit.ex_command [6:4] \arm16_datapath_unit.ex_command [1] \arm16_datapath_unit.ex_immediate \arm16_datapath_unit.ex_memory \arm16_datapath_unit.ex_operand2 [11] $flatten\arm16_datapath_unit.\barrel_shifter_unit.$procmux$1218_CMP $flatten\arm16_datapath_unit.\barrel_shifter_unit.$procmux$1217_CMP $flatten\arm16_datapath_unit.\barrel_shifter_unit.$eq$src/barrel_shifter.v:39$160_Y \arm16_datapath_unit.barrel_shifter_unit.value_in [15] $flatten\arm16_datapath_unit.\alu_unit.$procmux$1690_CTRL } = 14'00010000010000
  Analyzing resource sharing options for $flatten\arm16_datapath_unit.\demo_rom_unit.$auto$mem.cc:305:emit$445 ($memrd_v2):
    Found 1 activation_patterns using ctrl signal \arm16_datapath_unit.fetch_src_rom_in.
    No candidates found.
  Analyzing resource sharing options for $flatten\arm16_datapath_unit.\vga_renderer_unit.$auto$mem.cc:305:emit$441 ($memrd_v2):
    Found 5 activation_patterns using ctrl signal { $flatten\arm16_datapath_unit.\vga_renderer_unit.$procmux$453_CMP $flatten\arm16_datapath_unit.\vga_renderer_unit.$procmux$452_CMP $flatten\arm16_datapath_unit.\vga_renderer_unit.$procmux$451_CMP $flatten\arm16_datapath_unit.\vga_renderer_unit.$procmux$450_CMP $flatten\arm16_datapath_unit.\vga_renderer_unit.$procmux$449_CMP }.
    No candidates found.
  Analyzing resource sharing options for $flatten\arm16_datapath_unit.\barrel_shifter_unit.$shl$src/barrel_shifter.v:42$164 ($shl):
    Found 7 activation_patterns using ctrl signal { \arm16_datapath_unit.alu_arith \arm16_datapath_unit.ex_command [9] \arm16_datapath_unit.ex_command [6:4] \arm16_datapath_unit.ex_command [1] \arm16_datapath_unit.ex_immediate \arm16_datapath_unit.ex_memory \arm16_datapath_unit.ex_operand2 [11] $flatten\arm16_datapath_unit.\barrel_shifter_unit.$eq$src/barrel_shifter.v:39$160_Y $flatten\arm16_datapath_unit.\alu_unit.$procmux$1690_CTRL }.
    No candidates found.
  Analyzing resource sharing options for $flatten\arm16_datapath_unit.\barrel_shifter_unit.$shr$src/barrel_shifter.v:43$165 ($shr):
    Found 21 activation_patterns using ctrl signal { \arm16_datapath_unit.alu_arith \arm16_datapath_unit.ex_command [9] \arm16_datapath_unit.ex_command [6:4] \arm16_datapath_unit.ex_command [1] \arm16_datapath_unit.ex_immediate \arm16_datapath_unit.ex_memory \arm16_datapath_unit.ex_operand2 [11] $flatten\arm16_datapath_unit.\barrel_shifter_unit.$procmux$1218_CMP $flatten\arm16_datapath_unit.\barrel_shifter_unit.$procmux$1217_CMP \arm16_datapath_unit.barrel_shifter_unit.value_in [15] $flatten\arm16_datapath_unit.\alu_unit.$procmux$1690_CTRL }.
    No candidates found.
  Analyzing resource sharing options for $flatten\arm16_datapath_unit.\register_file_unit.$memrd$\regs$src/register_file.v:17$378 ($memrd):
    Found 1 activation_patterns using ctrl signal $flatten\arm16_datapath_unit.$eq$src/arm16_datapath.v:192$77_Y.
    Found 1 candidates: $flatten\arm16_datapath_unit.\register_file_unit.$memrd$\regs$src/register_file.v:18$379
    Analyzing resource sharing with $flatten\arm16_datapath_unit.\register_file_unit.$memrd$\regs$src/register_file.v:18$379 ($memrd):
      Found 1 activation_patterns using ctrl signal $flatten\arm16_datapath_unit.$eq$src/arm16_datapath.v:193$79_Y.
      Activation pattern for cell $flatten\arm16_datapath_unit.\register_file_unit.$memrd$\regs$src/register_file.v:17$378: $flatten\arm16_datapath_unit.$eq$src/arm16_datapath.v:192$77_Y = 1'0
      Activation pattern for cell $flatten\arm16_datapath_unit.\register_file_unit.$memrd$\regs$src/register_file.v:18$379: $flatten\arm16_datapath_unit.$eq$src/arm16_datapath.v:193$79_Y = 1'0
      Size of SAT problem: 25 cells, 496 variables, 1180 clauses
      According to the SAT solver this pair of cells can not be shared.
      Model from SAT solver: { $flatten\arm16_datapath_unit.$eq$src/arm16_datapath.v:192$77_Y $flatten\arm16_datapath_unit.$eq$src/arm16_datapath.v:193$79_Y } = 2'00
  Analyzing resource sharing options for $flatten\arm16_datapath_unit.\register_file_unit.$memrd$\regs$src/register_file.v:18$379 ($memrd):
    Found 1 activation_patterns using ctrl signal $flatten\arm16_datapath_unit.$eq$src/arm16_datapath.v:193$79_Y.
    No candidates found.
Removing 3 cells in module tt_um_moein_maleki_arm16:
  Removing cell $flatten\arm16_datapath_unit.\barrel_shifter_unit.$shr$src/barrel_shifter.v:40$163 ($shr).
  Removing cell $flatten\arm16_datapath_unit.\barrel_shifter_unit.$shr$src/barrel_shifter.v:35$159 ($shr).
  Removing cell $flatten\arm16_datapath_unit.\alu_unit.$add$src/alu.v:38$10 ($add).

15.16. Executing OPT pass (performing simple optimizations).

15.16.1. Executing OPT_EXPR pass (perform const folding).
Optimizing module tt_um_moein_maleki_arm16.
<suppressed ~5 debug messages>

15.16.2. Executing OPT_MERGE pass (detect identical cells).
Finding identical cells in module `\tt_um_moein_maleki_arm16'.
Computing hashes of 750 cells of `\tt_um_moein_maleki_arm16'.
Finding duplicate cells in `\tt_um_moein_maleki_arm16'.
Computing hashes of 749 cells of `\tt_um_moein_maleki_arm16'.
Finding duplicate cells in `\tt_um_moein_maleki_arm16'.
<suppressed ~3 debug messages>
Removed a total of 1 cells.

15.16.3. Executing OPT_MUXTREE pass (detect dead branches in mux trees).
Running muxtree optimizer on module \tt_um_moein_maleki_arm16..
  Creating internal representation of mux trees.
  Evaluating internal representation of mux trees.
  Analyzing evaluation results.
Removed 0 multiplexer ports.
<suppressed ~266 debug messages>

15.16.4. Executing OPT_REDUCE pass (consolidate $*mux and $reduce_* inputs).
  Optimizing cells in module \tt_um_moein_maleki_arm16.
    New input vector for $reduce_or cell $auto$opt_dff.cc:362:combine_resets$2128: { \reset_synchronizer_unit.sync_second $auto$rtlil.cc:3270:ReduceAnd$2379 $auto$rtlil.cc:3267:Not$2383 }
  Optimizing cells in module \tt_um_moein_maleki_arm16.
Performed a total of 1 changes.

15.16.5. Executing OPT_MERGE pass (detect identical cells).
Finding identical cells in module `\tt_um_moein_maleki_arm16'.
Computing hashes of 749 cells of `\tt_um_moein_maleki_arm16'.
Finding duplicate cells in `\tt_um_moein_maleki_arm16'.
Removed a total of 0 cells.

15.16.6. Executing OPT_DFF pass (perform DFF optimizations).

15.16.7. Executing OPT_CLEAN pass (remove unused cells and wires).
Finding unused cells or wires in module \tt_um_moein_maleki_arm16..
Removed 3 unused cells and 25 unused wires.
<suppressed ~6 debug messages>

15.16.8. Executing OPT_EXPR pass (perform const folding).
Optimizing module tt_um_moein_maleki_arm16.

15.16.9. Rerunning OPT passes. (Maybe there is more to do..)

15.16.10. Executing OPT_MUXTREE pass (detect dead branches in mux trees).
Running muxtree optimizer on module \tt_um_moein_maleki_arm16..
  Creating internal representation of mux trees.
  Evaluating internal representation of mux trees.
  Analyzing evaluation results.
Removed 0 multiplexer ports.
<suppressed ~266 debug messages>

15.16.11. Executing OPT_REDUCE pass (consolidate $*mux and $reduce_* inputs).
  Optimizing cells in module \tt_um_moein_maleki_arm16.
Performed a total of 0 changes.

15.16.12. Executing OPT_MERGE pass (detect identical cells).
Finding identical cells in module `\tt_um_moein_maleki_arm16'.
Computing hashes of 745 cells of `\tt_um_moein_maleki_arm16'.
Finding duplicate cells in `\tt_um_moein_maleki_arm16'.
Removed a total of 0 cells.

15.16.13. Executing OPT_DFF pass (perform DFF optimizations).

15.16.14. Executing OPT_CLEAN pass (remove unused cells and wires).
Finding unused cells or wires in module \tt_um_moein_maleki_arm16..

15.16.15. Executing OPT_EXPR pass (perform const folding).
Optimizing module tt_um_moein_maleki_arm16.

15.16.16. Finished fast OPT passes. (There is nothing left to do.)

15.17. Executing MEMORY pass.

15.17.1. Executing OPT_MEM pass (optimize memories).
tt_um_moein_maleki_arm16.$flatten\arm16_datapath_unit.\demo_rom_unit.$auto$proc_rom.cc:155:do_switch$444: removing const-0 lane 28
Performed a total of 1 transformations.

15.17.2. Executing OPT_MEM_PRIORITY pass (removing unnecessary memory write priority relations).
Performed a total of 0 transformations.

15.17.3. Executing OPT_MEM_FEEDBACK pass (finding memory read-to-write feedback paths).
  Analyzing tt_um_moein_maleki_arm16.arm16_datapath_unit.register_file_unit.regs write port 0.

15.17.4. Executing MEMORY_BMUX2ROM pass (converting muxes to ROMs).

15.17.5. Executing MEMORY_DFF pass (merging $dff cells to $memrd).
Checking read port `$flatten\arm16_datapath_unit.\demo_rom_unit.$auto$proc_rom.cc:155:do_switch$444'[0] in module `\tt_um_moein_maleki_arm16': no output FF found.
Checking read port `\arm16_datapath_unit.register_file_unit.regs'[0] in module `\tt_um_moein_maleki_arm16': FF found, but with a mux select that doesn't seem to correspond to transparency logic.
Checking read port `\arm16_datapath_unit.register_file_unit.regs'[1] in module `\tt_um_moein_maleki_arm16': FF found, but with a mux select that doesn't seem to correspond to transparency logic.
Checking read port `$flatten\arm16_datapath_unit.\vga_renderer_unit.$auto$proc_rom.cc:155:do_switch$440'[0] in module `\tt_um_moein_maleki_arm16': no output FF found.
Checking read port address `$flatten\arm16_datapath_unit.\demo_rom_unit.$auto$proc_rom.cc:155:do_switch$444'[0] in module `\tt_um_moein_maleki_arm16': merged address FF to cell.
Checking read port address `\arm16_datapath_unit.register_file_unit.regs'[0] in module `\tt_um_moein_maleki_arm16': no address FF found.
Checking read port address `\arm16_datapath_unit.register_file_unit.regs'[1] in module `\tt_um_moein_maleki_arm16': no address FF found.
Checking read port address `$flatten\arm16_datapath_unit.\vga_renderer_unit.$auto$proc_rom.cc:155:do_switch$440'[0] in module `\tt_um_moein_maleki_arm16': no address FF found.

15.17.6. Executing OPT_CLEAN pass (remove unused cells and wires).
Finding unused cells or wires in module \tt_um_moein_maleki_arm16..

15.17.7. Executing MEMORY_SHARE pass (consolidating $memrd/$memwr cells).
Consolidating read ports of memory tt_um_moein_maleki_arm16.arm16_datapath_unit.register_file_unit.regs by address:

15.17.8. Executing OPT_MEM_WIDEN pass (optimize memories where all ports are wide).
Performed a total of 0 transformations.

15.17.9. Executing OPT_CLEAN pass (remove unused cells and wires).
Finding unused cells or wires in module \tt_um_moein_maleki_arm16..

15.17.10. Executing MEMORY_COLLECT pass (generating $mem cells).

15.18. Executing OPT_CLEAN pass (remove unused cells and wires).
Finding unused cells or wires in module \tt_um_moein_maleki_arm16..

15.19. Executing OPT pass (performing simple optimizations).

15.19.1. Executing OPT_EXPR pass (perform const folding).
Optimizing module tt_um_moein_maleki_arm16.
<suppressed ~136 debug messages>

15.19.2. Executing OPT_MERGE pass (detect identical cells).
Finding identical cells in module `\tt_um_moein_maleki_arm16'.
Computing hashes of 769 cells of `\tt_um_moein_maleki_arm16'.
Finding duplicate cells in `\tt_um_moein_maleki_arm16'.
Computing hashes of 716 cells of `\tt_um_moein_maleki_arm16'.
Finding duplicate cells in `\tt_um_moein_maleki_arm16'.
<suppressed ~159 debug messages>
Removed a total of 53 cells.

15.19.3. Executing OPT_DFF pass (perform DFF optimizations).
Adding EN signal on $auto$ff.cc:337:slice$2250 ($sdffe) from module tt_um_moein_maleki_arm16 (D = $flatten\arm16_datapath_unit.$procmux$1489_Y [1:0], Q = \arm16_datapath_unit.fetch_addr [1:0]).

15.19.4. Executing OPT_CLEAN pass (remove unused cells and wires).
Finding unused cells or wires in module \tt_um_moein_maleki_arm16..
Removed 2 unused cells and 118 unused wires.
<suppressed ~3 debug messages>

15.19.5. Rerunning OPT passes. (Removed registers in this run.)

15.19.6. Executing OPT_EXPR pass (perform const folding).
Optimizing module tt_um_moein_maleki_arm16.
<suppressed ~3 debug messages>

15.19.7. Executing OPT_MERGE pass (detect identical cells).
Finding identical cells in module `\tt_um_moein_maleki_arm16'.
Computing hashes of 715 cells of `\tt_um_moein_maleki_arm16'.
Finding duplicate cells in `\tt_um_moein_maleki_arm16'.
Removed a total of 0 cells.

15.19.8. Executing OPT_DFF pass (perform DFF optimizations).

15.19.9. Executing OPT_CLEAN pass (remove unused cells and wires).
Finding unused cells or wires in module \tt_um_moein_maleki_arm16..
Removed 0 unused cells and 2 unused wires.
<suppressed ~1 debug messages>

15.19.10. Finished fast OPT passes.

15.20. Executing MEMORY_MAP pass (converting memories to logic and flip-flops).
Mapping memory \arm16_datapath_unit.register_file_unit.regs in module \tt_um_moein_maleki_arm16:
  created 15 $dff cells and 0 static cells of width 16.
  read interface: 0 $dff and 30 $mux cells.
  write interface: 15 write mux blocks.
Mapping memory $flatten\arm16_datapath_unit.\demo_rom_unit.$auto$proc_rom.cc:155:do_switch$444 in module \tt_um_moein_maleki_arm16:
  created 16 $dff cells and 0 static cells of width 31.
Extracted data FF from read port 0 of tt_um_moein_maleki_arm16.$flatten\arm16_datapath_unit.\demo_rom_unit.$auto$proc_rom.cc:155:do_switch$444: $$flatten\arm16_datapath_unit.\demo_rom_unit.$auto$proc_rom.cc:155:do_switch$444$rdreg[0]
  read interface: 1 $dff and 15 $mux cells.
  write interface: 0 write mux blocks.
Mapping memory $flatten\arm16_datapath_unit.\vga_renderer_unit.$auto$proc_rom.cc:155:do_switch$440 in module \tt_um_moein_maleki_arm16:
  created 16 $dff cells and 0 static cells of width 7.
  read interface: 0 $dff and 15 $mux cells.
  write interface: 0 write mux blocks.

15.21. Executing OPT pass (performing simple optimizations).

15.21.1. Executing OPT_EXPR pass (perform const folding).
Optimizing module tt_um_moein_maleki_arm16.
<suppressed ~39 debug messages>

15.21.2. Executing OPT_MERGE pass (detect identical cells).
Finding identical cells in module `\tt_um_moein_maleki_arm16'.
Computing hashes of 845 cells of `\tt_um_moein_maleki_arm16'.
Finding duplicate cells in `\tt_um_moein_maleki_arm16'.
Removed a total of 0 cells.

15.21.3. Executing OPT_MUXTREE pass (detect dead branches in mux trees).
Running muxtree optimizer on module \tt_um_moein_maleki_arm16..
  Creating internal representation of mux trees.
  Evaluating internal representation of mux trees.
  Analyzing evaluation results.
Removed 0 multiplexer ports.
<suppressed ~275 debug messages>

15.21.4. Executing OPT_REDUCE pass (consolidate $*mux and $reduce_* inputs).
  Optimizing cells in module \tt_um_moein_maleki_arm16.
    Consolidated identical input bits for $mux cell $memory$flatten\arm16_datapath_unit.\vga_renderer_unit.$auto$proc_rom.cc:155:do_switch$440$rdmux[0][3][2]$2962:
      Old ports: A=7'1100110, B=7'1101101, Y=$memory$flatten\arm16_datapath_unit.\vga_renderer_unit.$auto$proc_rom.cc:155:do_switch$440$rdmux[0][2][1]$a$2948
      New ports: A=2'10, B=2'01, Y=$memory$flatten\arm16_datapath_unit.\vga_renderer_unit.$auto$proc_rom.cc:155:do_switch$440$rdmux[0][2][1]$a$2948 [1:0]
      New connections: $memory$flatten\arm16_datapath_unit.\vga_renderer_unit.$auto$proc_rom.cc:155:do_switch$440$rdmux[0][2][1]$a$2948 [6:2] = { 3'110 $memory$flatten\arm16_datapath_unit.\vga_renderer_unit.$auto$proc_rom.cc:155:do_switch$440$rdmux[0][2][1]$a$2948 [0] 1'1 }
    Consolidated identical input bits for $mux cell $memory$flatten\arm16_datapath_unit.\vga_renderer_unit.$auto$proc_rom.cc:155:do_switch$440$rdmux[0][3][1]$2959:
      Old ports: A=7'1011011, B=7'1001111, Y=$memory$flatten\arm16_datapath_unit.\vga_renderer_unit.$auto$proc_rom.cc:155:do_switch$440$rdmux[0][2][0]$b$2946
      New ports: A=2'10, B=2'01, Y={ $memory$flatten\arm16_datapath_unit.\vga_renderer_unit.$auto$proc_rom.cc:155:do_switch$440$rdmux[0][2][0]$b$2946 [4] $memory$flatten\arm16_datapath_unit.\vga_renderer_unit.$auto$proc_rom.cc:155:do_switch$440$rdmux[0][2][0]$b$2946 [2] }
      New connections: { $memory$flatten\arm16_datapath_unit.\vga_renderer_unit.$auto$proc_rom.cc:155:do_switch$440$rdmux[0][2][0]$b$2946 [6:5] $memory$flatten\arm16_datapath_unit.\vga_renderer_unit.$auto$proc_rom.cc:155:do_switch$440$rdmux[0][2][0]$b$2946 [3] $memory$flatten\arm16_datapath_unit.\vga_renderer_unit.$auto$proc_rom.cc:155:do_switch$440$rdmux[0][2][0]$b$2946 [1:0] } = 5'10111
    Consolidated identical input bits for $mux cell $memory$flatten\arm16_datapath_unit.\vga_renderer_unit.$auto$proc_rom.cc:155:do_switch$440$rdmux[0][3][0]$2956:
      Old ports: A=7'0111111, B=7'0000110, Y=$memory$flatten\arm16_datapath_unit.\vga_renderer_unit.$auto$proc_rom.cc:155:do_switch$440$rdmux[0][2][0]$a$2945
      New ports: A=1'1, B=1'0, Y=$memory$flatten\arm16_datapath_unit.\vga_renderer_unit.$auto$proc_rom.cc:155:do_switch$440$rdmux[0][2][0]$a$2945 [0]
      New connections: $memory$flatten\arm16_datapath_unit.\vga_renderer_unit.$auto$proc_rom.cc:155:do_switch$440$rdmux[0][2][0]$a$2945 [6:1] = { 1'0 $memory$flatten\arm16_datapath_unit.\vga_renderer_unit.$auto$proc_rom.cc:155:do_switch$440$rdmux[0][2][0]$a$2945 [0] $memory$flatten\arm16_datapath_unit.\vga_renderer_unit.$auto$proc_rom.cc:155:do_switch$440$rdmux[0][2][0]$a$2945 [0] $memory$flatten\arm16_datapath_unit.\vga_renderer_unit.$auto$proc_rom.cc:155:do_switch$440$rdmux[0][2][0]$a$2945 [0] 2'11 }
    Consolidated identical input bits for $mux cell $memory$flatten\arm16_datapath_unit.\demo_rom_unit.$auto$proc_rom.cc:155:do_switch$444$rdmux[0][3][6]$2929:
      Old ports: A=31'0000010100010101010000000000001, B=31'1110101100000011010000000000000, Y=$memory$flatten\arm16_datapath_unit.\demo_rom_unit.$auto$proc_rom.cc:155:do_switch$444$rdmux[0][2][3]$a$2909
      New ports: A=2'01, B=2'10, Y={ $memory$flatten\arm16_datapath_unit.\demo_rom_unit.$auto$proc_rom.cc:155:do_switch$444$rdmux[0][2][3]$a$2909 [16] $memory$flatten\arm16_datapath_unit.\demo_rom_unit.$auto$proc_rom.cc:155:do_switch$444$rdmux[0][2][3]$a$2909 [0] }
      New connections: { $memory$flatten\arm16_datapath_unit.\demo_rom_unit.$auto$proc_rom.cc:155:do_switch$444$rdmux[0][2][3]$a$2909 [30:17] $memory$flatten\arm16_datapath_unit.\demo_rom_unit.$auto$proc_rom.cc:155:do_switch$444$rdmux[0][2][3]$a$2909 [15:1] } = { $memory$flatten\arm16_datapath_unit.\demo_rom_unit.$auto$proc_rom.cc:155:do_switch$444$rdmux[0][2][3]$a$2909 [16] $memory$flatten\arm16_datapath_unit.\demo_rom_unit.$auto$proc_rom.cc:155:do_switch$444$rdmux[0][2][3]$a$2909 [16] $memory$flatten\arm16_datapath_unit.\demo_rom_unit.$auto$proc_rom.cc:155:do_switch$444$rdmux[0][2][3]$a$2909 [16] 1'0 $memory$flatten\arm16_datapath_unit.\demo_rom_unit.$auto$proc_rom.cc:155:do_switch$444$rdmux[0][2][3]$a$2909 [16] $memory$flatten\arm16_datapath_unit.\demo_rom_unit.$auto$proc_rom.cc:155:do_switch$444$rdmux[0][2][3]$a$2909 [0] $memory$flatten\arm16_datapath_unit.\demo_rom_unit.$auto$proc_rom.cc:155:do_switch$444$rdmux[0][2][3]$a$2909 [16] 4'1000 $memory$flatten\arm16_datapath_unit.\demo_rom_unit.$auto$proc_rom.cc:155:do_switch$444$rdmux[0][2][3]$a$2909 [0] 1'0 $memory$flatten\arm16_datapath_unit.\demo_rom_unit.$auto$proc_rom.cc:155:do_switch$444$rdmux[0][2][3]$a$2909 [0] 15'101000000000000 }
    Consolidated identical input bits for $mux cell $memory$flatten\arm16_datapath_unit.\demo_rom_unit.$auto$proc_rom.cc:155:do_switch$444$rdmux[0][3][5]$2926:
      Old ports: A=31'1110010010010000000000000000110, B=31'1110011010100000000000000000000, Y=$memory$flatten\arm16_datapath_unit.\demo_rom_unit.$auto$proc_rom.cc:155:do_switch$444$rdmux[0][2][2]$b$2907
      New ports: A=2'01, B=2'10, Y={ $memory$flatten\arm16_datapath_unit.\demo_rom_unit.$auto$proc_rom.cc:155:do_switch$444$rdmux[0][2][2]$b$2907 [20] $memory$flatten\arm16_datapath_unit.\demo_rom_unit.$auto$proc_rom.cc:155:do_switch$444$rdmux[0][2][2]$b$2907 [1] }
      New connections: { $memory$flatten\arm16_datapath_unit.\demo_rom_unit.$auto$proc_rom.cc:155:do_switch$444$rdmux[0][2][2]$b$2907 [30:21] $memory$flatten\arm16_datapath_unit.\demo_rom_unit.$auto$proc_rom.cc:155:do_switch$444$rdmux[0][2][2]$b$2907 [19:2] $memory$flatten\arm16_datapath_unit.\demo_rom_unit.$auto$proc_rom.cc:155:do_switch$444$rdmux[0][2][2]$b$2907 [0] } = { 6'111001 $memory$flatten\arm16_datapath_unit.\demo_rom_unit.$auto$proc_rom.cc:155:do_switch$444$rdmux[0][2][2]$b$2907 [20] 3'010 $memory$flatten\arm16_datapath_unit.\demo_rom_unit.$auto$proc_rom.cc:155:do_switch$444$rdmux[0][2][2]$b$2907 [1] 16'0000000000000000 $memory$flatten\arm16_datapath_unit.\demo_rom_unit.$auto$proc_rom.cc:155:do_switch$444$rdmux[0][2][2]$b$2907 [1] 1'0 }
    Consolidated identical input bits for $mux cell $memory$flatten\arm16_datapath_unit.\demo_rom_unit.$auto$proc_rom.cc:155:do_switch$444$rdmux[0][3][4]$2923:
      Old ports: A=31'1110010100001100111000000000001, B=31'1110010100001111000000000000001, Y=$memory$flatten\arm16_datapath_unit.\demo_rom_unit.$auto$proc_rom.cc:155:do_switch$444$rdmux[0][2][2]$a$2906
      New ports: A=2'01, B=2'10, Y={ $memory$flatten\arm16_datapath_unit.\demo_rom_unit.$auto$proc_rom.cc:155:do_switch$444$rdmux[0][2][2]$a$2906 [15] $memory$flatten\arm16_datapath_unit.\demo_rom_unit.$auto$proc_rom.cc:155:do_switch$444$rdmux[0][2][2]$a$2906 [12] }
      New connections: { $memory$flatten\arm16_datapath_unit.\demo_rom_unit.$auto$proc_rom.cc:155:do_switch$444$rdmux[0][2][2]$a$2906 [30:16] $memory$flatten\arm16_datapath_unit.\demo_rom_unit.$auto$proc_rom.cc:155:do_switch$444$rdmux[0][2][2]$a$2906 [14:13] $memory$flatten\arm16_datapath_unit.\demo_rom_unit.$auto$proc_rom.cc:155:do_switch$444$rdmux[0][2][2]$a$2906 [11:0] } = { 14'11100101000011 $memory$flatten\arm16_datapath_unit.\demo_rom_unit.$auto$proc_rom.cc:155:do_switch$444$rdmux[0][2][2]$a$2906 [15] $memory$flatten\arm16_datapath_unit.\demo_rom_unit.$auto$proc_rom.cc:155:do_switch$444$rdmux[0][2][2]$a$2906 [12] $memory$flatten\arm16_datapath_unit.\demo_rom_unit.$auto$proc_rom.cc:155:do_switch$444$rdmux[0][2][2]$a$2906 [12] 12'000000000001 }
    Consolidated identical input bits for $mux cell $memory$flatten\arm16_datapath_unit.\demo_rom_unit.$auto$proc_rom.cc:155:do_switch$444$rdmux[0][3][3]$2920:
      Old ports: A=31'1110010100001000101000000000001, B=31'1110010100001010110000000000001, Y=$memory$flatten\arm16_datapath_unit.\demo_rom_unit.$auto$proc_rom.cc:155:do_switch$444$rdmux[0][2][1]$b$2904
      New ports: A=2'01, B=2'10, Y=$memory$flatten\arm16_datapath_unit.\demo_rom_unit.$auto$proc_rom.cc:155:do_switch$444$rdmux[0][2][1]$b$2904 [13:12]
      New connections: { $memory$flatten\arm16_datapath_unit.\demo_rom_unit.$auto$proc_rom.cc:155:do_switch$444$rdmux[0][2][1]$b$2904 [30:14] $memory$flatten\arm16_datapath_unit.\demo_rom_unit.$auto$proc_rom.cc:155:do_switch$444$rdmux[0][2][1]$b$2904 [11:0] } = { 14'11100101000010 $memory$flatten\arm16_datapath_unit.\demo_rom_unit.$auto$proc_rom.cc:155:do_switch$444$rdmux[0][2][1]$b$2904 [13] 14'01000000000001 }
    Consolidated identical input bits for $mux cell $memory$flatten\arm16_datapath_unit.\demo_rom_unit.$auto$proc_rom.cc:155:do_switch$444$rdmux[0][3][2]$2917:
      Old ports: A=31'1110010100000100011000000000001, B=31'1110010100000110100000000000001, Y=$memory$flatten\arm16_datapath_unit.\demo_rom_unit.$auto$proc_rom.cc:155:do_switch$444$rdmux[0][2][1]$a$2903
      New ports: A=2'01, B=2'10, Y={ $memory$flatten\arm16_datapath_unit.\demo_rom_unit.$auto$proc_rom.cc:155:do_switch$444$rdmux[0][2][1]$a$2903 [14] $memory$flatten\arm16_datapath_unit.\demo_rom_unit.$auto$proc_rom.cc:155:do_switch$444$rdmux[0][2][1]$a$2903 [12] }
      New connections: { $memory$flatten\arm16_datapath_unit.\demo_rom_unit.$auto$proc_rom.cc:155:do_switch$444$rdmux[0][2][1]$a$2903 [30:15] $memory$flatten\arm16_datapath_unit.\demo_rom_unit.$auto$proc_rom.cc:155:do_switch$444$rdmux[0][2][1]$a$2903 [13] $memory$flatten\arm16_datapath_unit.\demo_rom_unit.$auto$proc_rom.cc:155:do_switch$444$rdmux[0][2][1]$a$2903 [11:0] } = { 14'11100101000001 $memory$flatten\arm16_datapath_unit.\demo_rom_unit.$auto$proc_rom.cc:155:do_switch$444$rdmux[0][2][1]$a$2903 [14] 1'0 $memory$flatten\arm16_datapath_unit.\demo_rom_unit.$auto$proc_rom.cc:155:do_switch$444$rdmux[0][2][1]$a$2903 [12] 12'000000000001 }
    Consolidated identical input bits for $mux cell $memory$flatten\arm16_datapath_unit.\demo_rom_unit.$auto$proc_rom.cc:155:do_switch$444$rdmux[0][3][1]$2914:
      Old ports: A=31'1110011101000000001110011111111, B=31'1110010100000000010000000000001, Y=$memory$flatten\arm16_datapath_unit.\demo_rom_unit.$auto$proc_rom.cc:155:do_switch$444$rdmux[0][2][0]$b$2901
      New ports: A=2'01, B=2'10, Y={ $memory$flatten\arm16_datapath_unit.\demo_rom_unit.$auto$proc_rom.cc:155:do_switch$444$rdmux[0][2][0]$b$2901 [13] $memory$flatten\arm16_datapath_unit.\demo_rom_unit.$auto$proc_rom.cc:155:do_switch$444$rdmux[0][2][0]$b$2901 [1] }
      New connections: { $memory$flatten\arm16_datapath_unit.\demo_rom_unit.$auto$proc_rom.cc:155:do_switch$444$rdmux[0][2][0]$b$2901 [30:14] $memory$flatten\arm16_datapath_unit.\demo_rom_unit.$auto$proc_rom.cc:155:do_switch$444$rdmux[0][2][0]$b$2901 [12:2] $memory$flatten\arm16_datapath_unit.\demo_rom_unit.$auto$proc_rom.cc:155:do_switch$444$rdmux[0][2][0]$b$2901 [0] } = { 6'111001 $memory$flatten\arm16_datapath_unit.\demo_rom_unit.$auto$proc_rom.cc:155:do_switch$444$rdmux[0][2][0]$b$2901 [1] 2'10 $memory$flatten\arm16_datapath_unit.\demo_rom_unit.$auto$proc_rom.cc:155:do_switch$444$rdmux[0][2][0]$b$2901 [1] 7'0000000 $memory$flatten\arm16_datapath_unit.\demo_rom_unit.$auto$proc_rom.cc:155:do_switch$444$rdmux[0][2][0]$b$2901 [1] $memory$flatten\arm16_datapath_unit.\demo_rom_unit.$auto$proc_rom.cc:155:do_switch$444$rdmux[0][2][0]$b$2901 [1] $memory$flatten\arm16_datapath_unit.\demo_rom_unit.$auto$proc_rom.cc:155:do_switch$444$rdmux[0][2][0]$b$2901 [1] 2'00 $memory$flatten\arm16_datapath_unit.\demo_rom_unit.$auto$proc_rom.cc:155:do_switch$444$rdmux[0][2][0]$b$2901 [1] $memory$flatten\arm16_datapath_unit.\demo_rom_unit.$auto$proc_rom.cc:155:do_switch$444$rdmux[0][2][0]$b$2901 [1] $memory$flatten\arm16_datapath_unit.\demo_rom_unit.$auto$proc_rom.cc:155:do_switch$444$rdmux[0][2][0]$b$2901 [1] $memory$flatten\arm16_datapath_unit.\demo_rom_unit.$auto$proc_rom.cc:155:do_switch$444$rdmux[0][2][0]$b$2901 [1] $memory$flatten\arm16_datapath_unit.\demo_rom_unit.$auto$proc_rom.cc:155:do_switch$444$rdmux[0][2][0]$b$2901 [1] $memory$flatten\arm16_datapath_unit.\demo_rom_unit.$auto$proc_rom.cc:155:do_switch$444$rdmux[0][2][0]$b$2901 [1] 1'1 }
    Consolidated identical input bits for $mux cell $memory$flatten\arm16_datapath_unit.\demo_rom_unit.$auto$proc_rom.cc:155:do_switch$444$rdmux[0][3][0]$2911:
      Old ports: A=31'1110011101000000000000000000000, B=31'1110011101000001010000000000000, Y=$memory$flatten\arm16_datapath_unit.\demo_rom_unit.$auto$proc_rom.cc:155:do_switch$444$rdmux[0][2][0]$a$2900
      New ports: A=1'0, B=1'1, Y=$memory$flatten\arm16_datapath_unit.\demo_rom_unit.$auto$proc_rom.cc:155:do_switch$444$rdmux[0][2][0]$a$2900 [13]
      New connections: { $memory$flatten\arm16_datapath_unit.\demo_rom_unit.$auto$proc_rom.cc:155:do_switch$444$rdmux[0][2][0]$a$2900 [30:14] $memory$flatten\arm16_datapath_unit.\demo_rom_unit.$auto$proc_rom.cc:155:do_switch$444$rdmux[0][2][0]$a$2900 [12:0] } = { 15'111001110100000 $memory$flatten\arm16_datapath_unit.\demo_rom_unit.$auto$proc_rom.cc:155:do_switch$444$rdmux[0][2][0]$a$2900 [13] 14'00000000000000 }
    Consolidated identical input bits for $mux cell $memory$flatten\arm16_datapath_unit.\vga_renderer_unit.$auto$proc_rom.cc:155:do_switch$440$rdmux[0][3][6]$2974:
      Old ports: A=7'0111001, B=7'1011110, Y=$memory$flatten\arm16_datapath_unit.\vga_renderer_unit.$auto$proc_rom.cc:155:do_switch$440$rdmux[0][2][3]$a$2954
      New ports: A=2'01, B=2'10, Y=$memory$flatten\arm16_datapath_unit.\vga_renderer_unit.$auto$proc_rom.cc:155:do_switch$440$rdmux[0][2][3]$a$2954 [1:0]
      New connections: $memory$flatten\arm16_datapath_unit.\vga_renderer_unit.$auto$proc_rom.cc:155:do_switch$440$rdmux[0][2][3]$a$2954 [6:2] = { $memory$flatten\arm16_datapath_unit.\vga_renderer_unit.$auto$proc_rom.cc:155:do_switch$440$rdmux[0][2][3]$a$2954 [1:0] 2'11 $memory$flatten\arm16_datapath_unit.\vga_renderer_unit.$auto$proc_rom.cc:155:do_switch$440$rdmux[0][2][3]$a$2954 [1] }
    Consolidated identical input bits for $mux cell $memory$flatten\arm16_datapath_unit.\vga_renderer_unit.$auto$proc_rom.cc:155:do_switch$440$rdmux[0][3][5]$2971:
      Old ports: A=7'1110111, B=7'1111100, Y=$memory$flatten\arm16_datapath_unit.\vga_renderer_unit.$auto$proc_rom.cc:155:do_switch$440$rdmux[0][2][2]$b$2952
      New ports: A=2'01, B=2'10, Y={ $memory$flatten\arm16_datapath_unit.\vga_renderer_unit.$auto$proc_rom.cc:155:do_switch$440$rdmux[0][2][2]$b$2952 [3] $memory$flatten\arm16_datapath_unit.\vga_renderer_unit.$auto$proc_rom.cc:155:do_switch$440$rdmux[0][2][2]$b$2952 [0] }
      New connections: { $memory$flatten\arm16_datapath_unit.\vga_renderer_unit.$auto$proc_rom.cc:155:do_switch$440$rdmux[0][2][2]$b$2952 [6:4] $memory$flatten\arm16_datapath_unit.\vga_renderer_unit.$auto$proc_rom.cc:155:do_switch$440$rdmux[0][2][2]$b$2952 [2:1] } = { 4'1111 $memory$flatten\arm16_datapath_unit.\vga_renderer_unit.$auto$proc_rom.cc:155:do_switch$440$rdmux[0][2][2]$b$2952 [0] }
    Consolidated identical input bits for $mux cell $memory$flatten\arm16_datapath_unit.\vga_renderer_unit.$auto$proc_rom.cc:155:do_switch$440$rdmux[0][3][4]$2968:
      Old ports: A=7'1111111, B=7'1101111, Y=$memory$flatten\arm16_datapath_unit.\vga_renderer_unit.$auto$proc_rom.cc:155:do_switch$440$rdmux[0][2][2]$a$2951
      New ports: A=1'1, B=1'0, Y=$memory$flatten\arm16_datapath_unit.\vga_renderer_unit.$auto$proc_rom.cc:155:do_switch$440$rdmux[0][2][2]$a$2951 [4]
      New connections: { $memory$flatten\arm16_datapath_unit.\vga_renderer_unit.$auto$proc_rom.cc:155:do_switch$440$rdmux[0][2][2]$a$2951 [6:5] $memory$flatten\arm16_datapath_unit.\vga_renderer_unit.$auto$proc_rom.cc:155:do_switch$440$rdmux[0][2][2]$a$2951 [3:0] } = 6'111111
    Consolidated identical input bits for $mux cell $memory$flatten\arm16_datapath_unit.\vga_renderer_unit.$auto$proc_rom.cc:155:do_switch$440$rdmux[0][3][3]$2965:
      Old ports: A=7'1111101, B=7'0000111, Y=$memory$flatten\arm16_datapath_unit.\vga_renderer_unit.$auto$proc_rom.cc:155:do_switch$440$rdmux[0][2][1]$b$2949
      New ports: A=2'10, B=2'01, Y={ $memory$flatten\arm16_datapath_unit.\vga_renderer_unit.$auto$proc_rom.cc:155:do_switch$440$rdmux[0][2][1]$b$2949 [3] $memory$flatten\arm16_datapath_unit.\vga_renderer_unit.$auto$proc_rom.cc:155:do_switch$440$rdmux[0][2][1]$b$2949 [1] }
      New connections: { $memory$flatten\arm16_datapath_unit.\vga_renderer_unit.$auto$proc_rom.cc:155:do_switch$440$rdmux[0][2][1]$b$2949 [6:4] $memory$flatten\arm16_datapath_unit.\vga_renderer_unit.$auto$proc_rom.cc:155:do_switch$440$rdmux[0][2][1]$b$2949 [2] $memory$flatten\arm16_datapath_unit.\vga_renderer_unit.$auto$proc_rom.cc:155:do_switch$440$rdmux[0][2][1]$b$2949 [0] } = { $memory$flatten\arm16_datapath_unit.\vga_renderer_unit.$auto$proc_rom.cc:155:do_switch$440$rdmux[0][2][1]$b$2949 [3] $memory$flatten\arm16_datapath_unit.\vga_renderer_unit.$auto$proc_rom.cc:155:do_switch$440$rdmux[0][2][1]$b$2949 [3] $memory$flatten\arm16_datapath_unit.\vga_renderer_unit.$auto$proc_rom.cc:155:do_switch$440$rdmux[0][2][1]$b$2949 [3] 2'11 }
    Consolidated identical input bits for $mux cell $flatten\arm16_datapath_unit.\forwarding_selector_unit.$procmux$1178:
      Old ports: A=2'00, B=2'10, Y=$flatten\arm16_datapath_unit.\forwarding_selector_unit.$3\sel1_out[1:0]
      New ports: A=1'0, B=1'1, Y=$flatten\arm16_datapath_unit.\forwarding_selector_unit.$3\sel1_out[1:0] [1]
      New connections: $flatten\arm16_datapath_unit.\forwarding_selector_unit.$3\sel1_out[1:0] [0] = 1'0
    Consolidated identical input bits for $mux cell $flatten\arm16_datapath_unit.\forwarding_selector_unit.$procmux$1163:
      Old ports: A=2'00, B=2'10, Y=$flatten\arm16_datapath_unit.\forwarding_selector_unit.$3\sel2_out[1:0]
      New ports: A=1'0, B=1'1, Y=$flatten\arm16_datapath_unit.\forwarding_selector_unit.$3\sel2_out[1:0] [1]
      New connections: $flatten\arm16_datapath_unit.\forwarding_selector_unit.$3\sel2_out[1:0] [0] = 1'0
    Consolidated identical input bits for $mux cell $memory$flatten\arm16_datapath_unit.\demo_rom_unit.$auto$proc_rom.cc:155:do_switch$444$rdmux[0][3][7]$2932:
      Old ports: A=31'1111010111111111111111111110011, B=31'1111010111111111111111111111110, Y=$memory$flatten\arm16_datapath_unit.\demo_rom_unit.$auto$proc_rom.cc:155:do_switch$444$rdmux[0][2][3]$b$2910
      New ports: A=2'01, B=2'10, Y={ $memory$flatten\arm16_datapath_unit.\demo_rom_unit.$auto$proc_rom.cc:155:do_switch$444$rdmux[0][2][3]$b$2910 [2] $memory$flatten\arm16_datapath_unit.\demo_rom_unit.$auto$proc_rom.cc:155:do_switch$444$rdmux[0][2][3]$b$2910 [0] }
      New connections: { $memory$flatten\arm16_datapath_unit.\demo_rom_unit.$auto$proc_rom.cc:155:do_switch$444$rdmux[0][2][3]$b$2910 [30:3] $memory$flatten\arm16_datapath_unit.\demo_rom_unit.$auto$proc_rom.cc:155:do_switch$444$rdmux[0][2][3]$b$2910 [1] } = { 27'111101011111111111111111111 $memory$flatten\arm16_datapath_unit.\demo_rom_unit.$auto$proc_rom.cc:155:do_switch$444$rdmux[0][2][3]$b$2910 [2] 1'1 }
    New ctrl vector for $pmux cell $flatten\arm16_datapath_unit.\qspi_master_unit.$procmux$646: { $flatten\arm16_datapath_unit.\qspi_master_unit.$eq$src/qspi_master.v:268$339_Y $flatten\arm16_datapath_unit.\qspi_master_unit.$eq$src/qspi_master.v:105$272_Y $flatten\arm16_datapath_unit.\qspi_master_unit.$eq$src/qspi_master.v:181$291_Y $flatten\arm16_datapath_unit.\qspi_master_unit.$eq$src/qspi_master.v:236$319_Y }
    Consolidated identical input bits for $mux cell $flatten\arm16_datapath_unit.\qspi_master_unit.$procmux$619:
      Old ports: A=3'010, B=3'011, Y=$flatten\arm16_datapath_unit.\qspi_master_unit.$4\next_state[2:0]
      New ports: A=1'0, B=1'1, Y=$flatten\arm16_datapath_unit.\qspi_master_unit.$4\next_state[2:0] [0]
      New connections: $flatten\arm16_datapath_unit.\qspi_master_unit.$4\next_state[2:0] [2:1] = 2'01
    Consolidated identical input bits for $mux cell $flatten\arm16_datapath_unit.\qspi_master_unit.$procmux$490:
      Old ports: A=4'0000, B=4'1111, Y=$flatten\arm16_datapath_unit.\qspi_master_unit.$4\tx_oe[3:0]
      New ports: A=1'0, B=1'1, Y=$flatten\arm16_datapath_unit.\qspi_master_unit.$4\tx_oe[3:0] [0]
      New connections: $flatten\arm16_datapath_unit.\qspi_master_unit.$4\tx_oe[3:0] [3:1] = { $flatten\arm16_datapath_unit.\qspi_master_unit.$4\tx_oe[3:0] [0] $flatten\arm16_datapath_unit.\qspi_master_unit.$4\tx_oe[3:0] [0] $flatten\arm16_datapath_unit.\qspi_master_unit.$4\tx_oe[3:0] [0] }
    Consolidated identical input bits for $mux cell $flatten\arm16_datapath_unit.\qspi_master_unit.$ternary$src/qspi_master.v:331$368:
      Old ports: A=8'11101011, B=8'00111000, Y=\arm16_datapath_unit.qspi_master_unit.cmd_byte
      New ports: A=2'01, B=2'10, Y={ \arm16_datapath_unit.qspi_master_unit.cmd_byte [4] \arm16_datapath_unit.qspi_master_unit.cmd_byte [0] }
      New connections: { \arm16_datapath_unit.qspi_master_unit.cmd_byte [7:5] \arm16_datapath_unit.qspi_master_unit.cmd_byte [3:1] } = { \arm16_datapath_unit.qspi_master_unit.cmd_byte [0] \arm16_datapath_unit.qspi_master_unit.cmd_byte [0] 3'110 \arm16_datapath_unit.qspi_master_unit.cmd_byte [0] }
    Consolidated identical input bits for $mux cell $memory$flatten\arm16_datapath_unit.\vga_renderer_unit.$auto$proc_rom.cc:155:do_switch$440$rdmux[0][3][7]$2977:
      Old ports: A=7'1111001, B=7'1110001, Y=$memory$flatten\arm16_datapath_unit.\vga_renderer_unit.$auto$proc_rom.cc:155:do_switch$440$rdmux[0][2][3]$b$2955
      New ports: A=1'1, B=1'0, Y=$memory$flatten\arm16_datapath_unit.\vga_renderer_unit.$auto$proc_rom.cc:155:do_switch$440$rdmux[0][2][3]$b$2955 [3]
      New connections: { $memory$flatten\arm16_datapath_unit.\vga_renderer_unit.$auto$proc_rom.cc:155:do_switch$440$rdmux[0][2][3]$b$2955 [6:4] $memory$flatten\arm16_datapath_unit.\vga_renderer_unit.$auto$proc_rom.cc:155:do_switch$440$rdmux[0][2][3]$b$2955 [2:0] } = 6'111001
    Consolidated identical input bits for $mux cell $auto$share.cc:656:make_supercell$2480:
      Old ports: A={ \arm16_datapath_unit.barrel_shifter_unit.value_in \arm16_datapath_unit.barrel_shifter_unit.value_in }, B={ 8'00000000 \arm16_datapath_unit.ex_operand2 [7:0] 8'00000000 \arm16_datapath_unit.ex_operand2 [7:0] }, Y=$auto$share.cc:653:make_supercell$2478
      New ports: A=\arm16_datapath_unit.barrel_shifter_unit.value_in, B={ 8'00000000 \arm16_datapath_unit.ex_operand2 [7:0] }, Y=$auto$share.cc:653:make_supercell$2478 [15:0]
      New connections: $auto$share.cc:653:make_supercell$2478 [31:16] = $auto$share.cc:653:make_supercell$2478 [15:0]
  Optimizing cells in module \tt_um_moein_maleki_arm16.
    Consolidated identical input bits for $mux cell $memory$flatten\arm16_datapath_unit.\vga_renderer_unit.$auto$proc_rom.cc:155:do_switch$440$rdmux[0][2][3]$2953:
      Old ports: A=$memory$flatten\arm16_datapath_unit.\vga_renderer_unit.$auto$proc_rom.cc:155:do_switch$440$rdmux[0][2][3]$a$2954, B=$memory$flatten\arm16_datapath_unit.\vga_renderer_unit.$auto$proc_rom.cc:155:do_switch$440$rdmux[0][2][3]$b$2955, Y=$memory$flatten\arm16_datapath_unit.\vga_renderer_unit.$auto$proc_rom.cc:155:do_switch$440$rdmux[0][1][1]$b$2943
      New ports: A={ $memory$flatten\arm16_datapath_unit.\vga_renderer_unit.$auto$proc_rom.cc:155:do_switch$440$rdmux[0][2][3]$a$2954 [1] 1'1 $memory$flatten\arm16_datapath_unit.\vga_renderer_unit.$auto$proc_rom.cc:155:do_switch$440$rdmux[0][2][3]$a$2954 [1:0] }, B={ 1'1 $memory$flatten\arm16_datapath_unit.\vga_renderer_unit.$auto$proc_rom.cc:155:do_switch$440$rdmux[0][2][3]$b$2955 [3] 2'01 }, Y={ $memory$flatten\arm16_datapath_unit.\vga_renderer_unit.$auto$proc_rom.cc:155:do_switch$440$rdmux[0][1][1]$b$2943 [6] $memory$flatten\arm16_datapath_unit.\vga_renderer_unit.$auto$proc_rom.cc:155:do_switch$440$rdmux[0][1][1]$b$2943 [3] $memory$flatten\arm16_datapath_unit.\vga_renderer_unit.$auto$proc_rom.cc:155:do_switch$440$rdmux[0][1][1]$b$2943 [1:0] }
      New connections: { $memory$flatten\arm16_datapath_unit.\vga_renderer_unit.$auto$proc_rom.cc:155:do_switch$440$rdmux[0][1][1]$b$2943 [5:4] $memory$flatten\arm16_datapath_unit.\vga_renderer_unit.$auto$proc_rom.cc:155:do_switch$440$rdmux[0][1][1]$b$2943 [2] } = { $memory$flatten\arm16_datapath_unit.\vga_renderer_unit.$auto$proc_rom.cc:155:do_switch$440$rdmux[0][1][1]$b$2943 [0] 1'1 $memory$flatten\arm16_datapath_unit.\vga_renderer_unit.$auto$proc_rom.cc:155:do_switch$440$rdmux[0][1][1]$b$2943 [1] }
    Consolidated identical input bits for $mux cell $memory$flatten\arm16_datapath_unit.\vga_renderer_unit.$auto$proc_rom.cc:155:do_switch$440$rdmux[0][2][2]$2950:
      Old ports: A=$memory$flatten\arm16_datapath_unit.\vga_renderer_unit.$auto$proc_rom.cc:155:do_switch$440$rdmux[0][2][2]$a$2951, B=$memory$flatten\arm16_datapath_unit.\vga_renderer_unit.$auto$proc_rom.cc:155:do_switch$440$rdmux[0][2][2]$b$2952, Y=$memory$flatten\arm16_datapath_unit.\vga_renderer_unit.$auto$proc_rom.cc:155:do_switch$440$rdmux[0][1][1]$a$2942
      New ports: A={ $memory$flatten\arm16_datapath_unit.\vga_renderer_unit.$auto$proc_rom.cc:155:do_switch$440$rdmux[0][2][2]$a$2951 [4] 2'11 }, B={ 1'1 $memory$flatten\arm16_datapath_unit.\vga_renderer_unit.$auto$proc_rom.cc:155:do_switch$440$rdmux[0][2][2]$b$2952 [3] $memory$flatten\arm16_datapath_unit.\vga_renderer_unit.$auto$proc_rom.cc:155:do_switch$440$rdmux[0][2][2]$b$2952 [0] }, Y={ $memory$flatten\arm16_datapath_unit.\vga_renderer_unit.$auto$proc_rom.cc:155:do_switch$440$rdmux[0][1][1]$a$2942 [4:3] $memory$flatten\arm16_datapath_unit.\vga_renderer_unit.$auto$proc_rom.cc:155:do_switch$440$rdmux[0][1][1]$a$2942 [0] }
      New connections: { $memory$flatten\arm16_datapath_unit.\vga_renderer_unit.$auto$proc_rom.cc:155:do_switch$440$rdmux[0][1][1]$a$2942 [6:5] $memory$flatten\arm16_datapath_unit.\vga_renderer_unit.$auto$proc_rom.cc:155:do_switch$440$rdmux[0][1][1]$a$2942 [2:1] } = { 3'111 $memory$flatten\arm16_datapath_unit.\vga_renderer_unit.$auto$proc_rom.cc:155:do_switch$440$rdmux[0][1][1]$a$2942 [0] }
    Consolidated identical input bits for $mux cell $memory$flatten\arm16_datapath_unit.\vga_renderer_unit.$auto$proc_rom.cc:155:do_switch$440$rdmux[0][2][1]$2947:
      Old ports: A=$memory$flatten\arm16_datapath_unit.\vga_renderer_unit.$auto$proc_rom.cc:155:do_switch$440$rdmux[0][2][1]$a$2948, B=$memory$flatten\arm16_datapath_unit.\vga_renderer_unit.$auto$proc_rom.cc:155:do_switch$440$rdmux[0][2][1]$b$2949, Y=$memory$flatten\arm16_datapath_unit.\vga_renderer_unit.$auto$proc_rom.cc:155:do_switch$440$rdmux[0][1][0]$b$2940
      New ports: A={ 2'10 $memory$flatten\arm16_datapath_unit.\vga_renderer_unit.$auto$proc_rom.cc:155:do_switch$440$rdmux[0][2][1]$a$2948 [0] $memory$flatten\arm16_datapath_unit.\vga_renderer_unit.$auto$proc_rom.cc:155:do_switch$440$rdmux[0][2][1]$a$2948 [1:0] }, B={ $memory$flatten\arm16_datapath_unit.\vga_renderer_unit.$auto$proc_rom.cc:155:do_switch$440$rdmux[0][2][1]$b$2949 [3] $memory$flatten\arm16_datapath_unit.\vga_renderer_unit.$auto$proc_rom.cc:155:do_switch$440$rdmux[0][2][1]$b$2949 [3] $memory$flatten\arm16_datapath_unit.\vga_renderer_unit.$auto$proc_rom.cc:155:do_switch$440$rdmux[0][2][1]$b$2949 [3] $memory$flatten\arm16_datapath_unit.\vga_renderer_unit.$auto$proc_rom.cc:155:do_switch$440$rdmux[0][2][1]$b$2949 [1] 1'1 }, Y={ $memory$flatten\arm16_datapath_unit.\vga_renderer_unit.$auto$proc_rom.cc:155:do_switch$440$rdmux[0][1][0]$b$2940 [5:3] $memory$flatten\arm16_datapath_unit.\vga_renderer_unit.$auto$proc_rom.cc:155:do_switch$440$rdmux[0][1][0]$b$2940 [1:0] }
      New connections: { $memory$flatten\arm16_datapath_unit.\vga_renderer_unit.$auto$proc_rom.cc:155:do_switch$440$rdmux[0][1][0]$b$2940 [6] $memory$flatten\arm16_datapath_unit.\vga_renderer_unit.$auto$proc_rom.cc:155:do_switch$440$rdmux[0][1][0]$b$2940 [2] } = { $memory$flatten\arm16_datapath_unit.\vga_renderer_unit.$auto$proc_rom.cc:155:do_switch$440$rdmux[0][1][0]$b$2940 [5] 1'1 }
    Consolidated identical input bits for $mux cell $memory$flatten\arm16_datapath_unit.\vga_renderer_unit.$auto$proc_rom.cc:155:do_switch$440$rdmux[0][2][0]$2944:
      Old ports: A=$memory$flatten\arm16_datapath_unit.\vga_renderer_unit.$auto$proc_rom.cc:155:do_switch$440$rdmux[0][2][0]$a$2945, B=$memory$flatten\arm16_datapath_unit.\vga_renderer_unit.$auto$proc_rom.cc:155:do_switch$440$rdmux[0][2][0]$b$2946, Y=$memory$flatten\arm16_datapath_unit.\vga_renderer_unit.$auto$proc_rom.cc:155:do_switch$440$rdmux[0][1][0]$a$2939
      New ports: A={ 1'0 $memory$flatten\arm16_datapath_unit.\vga_renderer_unit.$auto$proc_rom.cc:155:do_switch$440$rdmux[0][2][0]$a$2945 [0] $memory$flatten\arm16_datapath_unit.\vga_renderer_unit.$auto$proc_rom.cc:155:do_switch$440$rdmux[0][2][0]$a$2945 [0] 1'1 $memory$flatten\arm16_datapath_unit.\vga_renderer_unit.$auto$proc_rom.cc:155:do_switch$440$rdmux[0][2][0]$a$2945 [0] }, B={ 2'10 $memory$flatten\arm16_datapath_unit.\vga_renderer_unit.$auto$proc_rom.cc:155:do_switch$440$rdmux[0][2][0]$b$2946 [4] $memory$flatten\arm16_datapath_unit.\vga_renderer_unit.$auto$proc_rom.cc:155:do_switch$440$rdmux[0][2][0]$b$2946 [2] 1'1 }, Y={ $memory$flatten\arm16_datapath_unit.\vga_renderer_unit.$auto$proc_rom.cc:155:do_switch$440$rdmux[0][1][0]$a$2939 [6:4] $memory$flatten\arm16_datapath_unit.\vga_renderer_unit.$auto$proc_rom.cc:155:do_switch$440$rdmux[0][1][0]$a$2939 [2] $memory$flatten\arm16_datapath_unit.\vga_renderer_unit.$auto$proc_rom.cc:155:do_switch$440$rdmux[0][1][0]$a$2939 [0] }
      New connections: { $memory$flatten\arm16_datapath_unit.\vga_renderer_unit.$auto$proc_rom.cc:155:do_switch$440$rdmux[0][1][0]$a$2939 [3] $memory$flatten\arm16_datapath_unit.\vga_renderer_unit.$auto$proc_rom.cc:155:do_switch$440$rdmux[0][1][0]$a$2939 [1] } = { $memory$flatten\arm16_datapath_unit.\vga_renderer_unit.$auto$proc_rom.cc:155:do_switch$440$rdmux[0][1][0]$a$2939 [0] 1'1 }
    Consolidated identical input bits for $mux cell $memory$flatten\arm16_datapath_unit.\demo_rom_unit.$auto$proc_rom.cc:155:do_switch$444$rdmux[0][2][3]$2908:
      Old ports: A=$memory$flatten\arm16_datapath_unit.\demo_rom_unit.$auto$proc_rom.cc:155:do_switch$444$rdmux[0][2][3]$a$2909, B=$memory$flatten\arm16_datapath_unit.\demo_rom_unit.$auto$proc_rom.cc:155:do_switch$444$rdmux[0][2][3]$b$2910, Y=$memory$flatten\arm16_datapath_unit.\demo_rom_unit.$auto$proc_rom.cc:155:do_switch$444$rdmux[0][1][1]$b$2898
      New ports: A={ $memory$flatten\arm16_datapath_unit.\demo_rom_unit.$auto$proc_rom.cc:155:do_switch$444$rdmux[0][2][3]$a$2909 [16] $memory$flatten\arm16_datapath_unit.\demo_rom_unit.$auto$proc_rom.cc:155:do_switch$444$rdmux[0][2][3]$a$2909 [0] $memory$flatten\arm16_datapath_unit.\demo_rom_unit.$auto$proc_rom.cc:155:do_switch$444$rdmux[0][2][3]$a$2909 [16] 2'00 $memory$flatten\arm16_datapath_unit.\demo_rom_unit.$auto$proc_rom.cc:155:do_switch$444$rdmux[0][2][3]$a$2909 [0] }, B={ 3'011 $memory$flatten\arm16_datapath_unit.\demo_rom_unit.$auto$proc_rom.cc:155:do_switch$444$rdmux[0][2][3]$b$2910 [2] 1'1 $memory$flatten\arm16_datapath_unit.\demo_rom_unit.$auto$proc_rom.cc:155:do_switch$444$rdmux[0][2][3]$b$2910 [0] }, Y={ $memory$flatten\arm16_datapath_unit.\demo_rom_unit.$auto$proc_rom.cc:155:do_switch$444$rdmux[0][1][1]$b$2898 [24] $memory$flatten\arm16_datapath_unit.\demo_rom_unit.$auto$proc_rom.cc:155:do_switch$444$rdmux[0][1][1]$b$2898 [17:16] $memory$flatten\arm16_datapath_unit.\demo_rom_unit.$auto$proc_rom.cc:155:do_switch$444$rdmux[0][1][1]$b$2898 [2:0] }
      New connections: { $memory$flatten\arm16_datapath_unit.\demo_rom_unit.$auto$proc_rom.cc:155:do_switch$444$rdmux[0][1][1]$b$2898 [30:25] $memory$flatten\arm16_datapath_unit.\demo_rom_unit.$auto$proc_rom.cc:155:do_switch$444$rdmux[0][1][1]$b$2898 [23:18] $memory$flatten\arm16_datapath_unit.\demo_rom_unit.$auto$proc_rom.cc:155:do_switch$444$rdmux[0][1][1]$b$2898 [15:3] } = { $memory$flatten\arm16_datapath_unit.\demo_rom_unit.$auto$proc_rom.cc:155:do_switch$444$rdmux[0][1][1]$b$2898 [16] $memory$flatten\arm16_datapath_unit.\demo_rom_unit.$auto$proc_rom.cc:155:do_switch$444$rdmux[0][1][1]$b$2898 [16] $memory$flatten\arm16_datapath_unit.\demo_rom_unit.$auto$proc_rom.cc:155:do_switch$444$rdmux[0][1][1]$b$2898 [16] $memory$flatten\arm16_datapath_unit.\demo_rom_unit.$auto$proc_rom.cc:155:do_switch$444$rdmux[0][1][1]$b$2898 [1] $memory$flatten\arm16_datapath_unit.\demo_rom_unit.$auto$proc_rom.cc:155:do_switch$444$rdmux[0][1][1]$b$2898 [24] $memory$flatten\arm16_datapath_unit.\demo_rom_unit.$auto$proc_rom.cc:155:do_switch$444$rdmux[0][1][1]$b$2898 [17] 1'1 $memory$flatten\arm16_datapath_unit.\demo_rom_unit.$auto$proc_rom.cc:155:do_switch$444$rdmux[0][1][1]$b$2898 [1] $memory$flatten\arm16_datapath_unit.\demo_rom_unit.$auto$proc_rom.cc:155:do_switch$444$rdmux[0][1][1]$b$2898 [1] $memory$flatten\arm16_datapath_unit.\demo_rom_unit.$auto$proc_rom.cc:155:do_switch$444$rdmux[0][1][1]$b$2898 [1] $memory$flatten\arm16_datapath_unit.\demo_rom_unit.$auto$proc_rom.cc:155:do_switch$444$rdmux[0][1][1]$b$2898 [17] $memory$flatten\arm16_datapath_unit.\demo_rom_unit.$auto$proc_rom.cc:155:do_switch$444$rdmux[0][1][1]$b$2898 [1] 1'1 $memory$flatten\arm16_datapath_unit.\demo_rom_unit.$auto$proc_rom.cc:155:do_switch$444$rdmux[0][1][1]$b$2898 [1] 1'1 $memory$flatten\arm16_datapath_unit.\demo_rom_unit.$auto$proc_rom.cc:155:do_switch$444$rdmux[0][1][1]$b$2898 [1] $memory$flatten\arm16_datapath_unit.\demo_rom_unit.$auto$proc_rom.cc:155:do_switch$444$rdmux[0][1][1]$b$2898 [1] $memory$flatten\arm16_datapath_unit.\demo_rom_unit.$auto$proc_rom.cc:155:do_switch$444$rdmux[0][1][1]$b$2898 [1] $memory$flatten\arm16_datapath_unit.\demo_rom_unit.$auto$proc_rom.cc:155:do_switch$444$rdmux[0][1][1]$b$2898 [1] $memory$flatten\arm16_datapath_unit.\demo_rom_unit.$auto$proc_rom.cc:155:do_switch$444$rdmux[0][1][1]$b$2898 [1] $memory$flatten\arm16_datapath_unit.\demo_rom_unit.$auto$proc_rom.cc:155:do_switch$444$rdmux[0][1][1]$b$2898 [1] $memory$flatten\arm16_datapath_unit.\demo_rom_unit.$auto$proc_rom.cc:155:do_switch$444$rdmux[0][1][1]$b$2898 [1] $memory$flatten\arm16_datapath_unit.\demo_rom_unit.$auto$proc_rom.cc:155:do_switch$444$rdmux[0][1][1]$b$2898 [1] $memory$flatten\arm16_datapath_unit.\demo_rom_unit.$auto$proc_rom.cc:155:do_switch$444$rdmux[0][1][1]$b$2898 [1] $memory$flatten\arm16_datapath_unit.\demo_rom_unit.$auto$proc_rom.cc:155:do_switch$444$rdmux[0][1][1]$b$2898 [2] }
    Consolidated identical input bits for $mux cell $memory$flatten\arm16_datapath_unit.\demo_rom_unit.$auto$proc_rom.cc:155:do_switch$444$rdmux[0][2][2]$2905:
      Old ports: A=$memory$flatten\arm16_datapath_unit.\demo_rom_unit.$auto$proc_rom.cc:155:do_switch$444$rdmux[0][2][2]$a$2906, B=$memory$flatten\arm16_datapath_unit.\demo_rom_unit.$auto$proc_rom.cc:155:do_switch$444$rdmux[0][2][2]$b$2907, Y=$memory$flatten\arm16_datapath_unit.\demo_rom_unit.$auto$proc_rom.cc:155:do_switch$444$rdmux[0][1][1]$a$2897
      New ports: A={ 2'00 $memory$flatten\arm16_datapath_unit.\demo_rom_unit.$auto$proc_rom.cc:155:do_switch$444$rdmux[0][2][2]$a$2906 [15] $memory$flatten\arm16_datapath_unit.\demo_rom_unit.$auto$proc_rom.cc:155:do_switch$444$rdmux[0][2][2]$a$2906 [12] 2'01 }, B={ 1'1 $memory$flatten\arm16_datapath_unit.\demo_rom_unit.$auto$proc_rom.cc:155:do_switch$444$rdmux[0][2][2]$b$2907 [20] 2'00 $memory$flatten\arm16_datapath_unit.\demo_rom_unit.$auto$proc_rom.cc:155:do_switch$444$rdmux[0][2][2]$b$2907 [1] 1'0 }, Y={ $memory$flatten\arm16_datapath_unit.\demo_rom_unit.$auto$proc_rom.cc:155:do_switch$444$rdmux[0][1][1]$a$2897 [22] $memory$flatten\arm16_datapath_unit.\demo_rom_unit.$auto$proc_rom.cc:155:do_switch$444$rdmux[0][1][1]$a$2897 [20] $memory$flatten\arm16_datapath_unit.\demo_rom_unit.$auto$proc_rom.cc:155:do_switch$444$rdmux[0][1][1]$a$2897 [15] $memory$flatten\arm16_datapath_unit.\demo_rom_unit.$auto$proc_rom.cc:155:do_switch$444$rdmux[0][1][1]$a$2897 [12] $memory$flatten\arm16_datapath_unit.\demo_rom_unit.$auto$proc_rom.cc:155:do_switch$444$rdmux[0][1][1]$a$2897 [1:0] }
      New connections: { $memory$flatten\arm16_datapath_unit.\demo_rom_unit.$auto$proc_rom.cc:155:do_switch$444$rdmux[0][1][1]$a$2897 [30:23] $memory$flatten\arm16_datapath_unit.\demo_rom_unit.$auto$proc_rom.cc:155:do_switch$444$rdmux[0][1][1]$a$2897 [21] $memory$flatten\arm16_datapath_unit.\demo_rom_unit.$auto$proc_rom.cc:155:do_switch$444$rdmux[0][1][1]$a$2897 [19:16] $memory$flatten\arm16_datapath_unit.\demo_rom_unit.$auto$proc_rom.cc:155:do_switch$444$rdmux[0][1][1]$a$2897 [14:13] $memory$flatten\arm16_datapath_unit.\demo_rom_unit.$auto$proc_rom.cc:155:do_switch$444$rdmux[0][1][1]$a$2897 [11:2] } = { 6'111001 $memory$flatten\arm16_datapath_unit.\demo_rom_unit.$auto$proc_rom.cc:155:do_switch$444$rdmux[0][1][1]$a$2897 [20] $memory$flatten\arm16_datapath_unit.\demo_rom_unit.$auto$proc_rom.cc:155:do_switch$444$rdmux[0][1][1]$a$2897 [0] 1'0 $memory$flatten\arm16_datapath_unit.\demo_rom_unit.$auto$proc_rom.cc:155:do_switch$444$rdmux[0][1][1]$a$2897 [1:0] $memory$flatten\arm16_datapath_unit.\demo_rom_unit.$auto$proc_rom.cc:155:do_switch$444$rdmux[0][1][1]$a$2897 [0] $memory$flatten\arm16_datapath_unit.\demo_rom_unit.$auto$proc_rom.cc:155:do_switch$444$rdmux[0][1][1]$a$2897 [15] $memory$flatten\arm16_datapath_unit.\demo_rom_unit.$auto$proc_rom.cc:155:do_switch$444$rdmux[0][1][1]$a$2897 [12] $memory$flatten\arm16_datapath_unit.\demo_rom_unit.$auto$proc_rom.cc:155:do_switch$444$rdmux[0][1][1]$a$2897 [12] 9'000000000 $memory$flatten\arm16_datapath_unit.\demo_rom_unit.$auto$proc_rom.cc:155:do_switch$444$rdmux[0][1][1]$a$2897 [1] }
    Consolidated identical input bits for $mux cell $memory$flatten\arm16_datapath_unit.\demo_rom_unit.$auto$proc_rom.cc:155:do_switch$444$rdmux[0][2][1]$2902:
      Old ports: A=$memory$flatten\arm16_datapath_unit.\demo_rom_unit.$auto$proc_rom.cc:155:do_switch$444$rdmux[0][2][1]$a$2903, B=$memory$flatten\arm16_datapath_unit.\demo_rom_unit.$auto$proc_rom.cc:155:do_switch$444$rdmux[0][2][1]$b$2904, Y=$memory$flatten\arm16_datapath_unit.\demo_rom_unit.$auto$proc_rom.cc:155:do_switch$444$rdmux[0][1][0]$b$2895
      New ports: A={ 2'01 $memory$flatten\arm16_datapath_unit.\demo_rom_unit.$auto$proc_rom.cc:155:do_switch$444$rdmux[0][2][1]$a$2903 [14] $memory$flatten\arm16_datapath_unit.\demo_rom_unit.$auto$proc_rom.cc:155:do_switch$444$rdmux[0][2][1]$a$2903 [14] $memory$flatten\arm16_datapath_unit.\demo_rom_unit.$auto$proc_rom.cc:155:do_switch$444$rdmux[0][2][1]$a$2903 [12] $memory$flatten\arm16_datapath_unit.\demo_rom_unit.$auto$proc_rom.cc:155:do_switch$444$rdmux[0][2][1]$a$2903 [12] }, B={ 2'10 $memory$flatten\arm16_datapath_unit.\demo_rom_unit.$auto$proc_rom.cc:155:do_switch$444$rdmux[0][2][1]$b$2904 [13] 1'1 $memory$flatten\arm16_datapath_unit.\demo_rom_unit.$auto$proc_rom.cc:155:do_switch$444$rdmux[0][2][1]$b$2904 [13:12] }, Y={ $memory$flatten\arm16_datapath_unit.\demo_rom_unit.$auto$proc_rom.cc:155:do_switch$444$rdmux[0][1][0]$b$2895 [18:16] $memory$flatten\arm16_datapath_unit.\demo_rom_unit.$auto$proc_rom.cc:155:do_switch$444$rdmux[0][1][0]$b$2895 [14:12] }
      New connections: { $memory$flatten\arm16_datapath_unit.\demo_rom_unit.$auto$proc_rom.cc:155:do_switch$444$rdmux[0][1][0]$b$2895 [30:19] $memory$flatten\arm16_datapath_unit.\demo_rom_unit.$auto$proc_rom.cc:155:do_switch$444$rdmux[0][1][0]$b$2895 [15] $memory$flatten\arm16_datapath_unit.\demo_rom_unit.$auto$proc_rom.cc:155:do_switch$444$rdmux[0][1][0]$b$2895 [11:0] } = 25'1110010100000000000000001
    Consolidated identical input bits for $mux cell $memory$flatten\arm16_datapath_unit.\demo_rom_unit.$auto$proc_rom.cc:155:do_switch$444$rdmux[0][2][0]$2899:
      Old ports: A=$memory$flatten\arm16_datapath_unit.\demo_rom_unit.$auto$proc_rom.cc:155:do_switch$444$rdmux[0][2][0]$a$2900, B=$memory$flatten\arm16_datapath_unit.\demo_rom_unit.$auto$proc_rom.cc:155:do_switch$444$rdmux[0][2][0]$b$2901, Y=$memory$flatten\arm16_datapath_unit.\demo_rom_unit.$auto$proc_rom.cc:155:do_switch$444$rdmux[0][1][0]$a$2894
      New ports: A={ 1'1 $memory$flatten\arm16_datapath_unit.\demo_rom_unit.$auto$proc_rom.cc:155:do_switch$444$rdmux[0][2][0]$a$2900 [13] $memory$flatten\arm16_datapath_unit.\demo_rom_unit.$auto$proc_rom.cc:155:do_switch$444$rdmux[0][2][0]$a$2900 [13] 2'00 }, B={ $memory$flatten\arm16_datapath_unit.\demo_rom_unit.$auto$proc_rom.cc:155:do_switch$444$rdmux[0][2][0]$b$2901 [1] 1'0 $memory$flatten\arm16_datapath_unit.\demo_rom_unit.$auto$proc_rom.cc:155:do_switch$444$rdmux[0][2][0]$b$2901 [13] $memory$flatten\arm16_datapath_unit.\demo_rom_unit.$auto$proc_rom.cc:155:do_switch$444$rdmux[0][2][0]$b$2901 [1] 1'1 }, Y={ $memory$flatten\arm16_datapath_unit.\demo_rom_unit.$auto$proc_rom.cc:155:do_switch$444$rdmux[0][1][0]$a$2894 [21] $memory$flatten\arm16_datapath_unit.\demo_rom_unit.$auto$proc_rom.cc:155:do_switch$444$rdmux[0][1][0]$a$2894 [15] $memory$flatten\arm16_datapath_unit.\demo_rom_unit.$auto$proc_rom.cc:155:do_switch$444$rdmux[0][1][0]$a$2894 [13] $memory$flatten\arm16_datapath_unit.\demo_rom_unit.$auto$proc_rom.cc:155:do_switch$444$rdmux[0][1][0]$a$2894 [1:0] }
      New connections: { $memory$flatten\arm16_datapath_unit.\demo_rom_unit.$auto$proc_rom.cc:155:do_switch$444$rdmux[0][1][0]$a$2894 [30:22] $memory$flatten\arm16_datapath_unit.\demo_rom_unit.$auto$proc_rom.cc:155:do_switch$444$rdmux[0][1][0]$a$2894 [20:16] $memory$flatten\arm16_datapath_unit.\demo_rom_unit.$auto$proc_rom.cc:155:do_switch$444$rdmux[0][1][0]$a$2894 [14] $memory$flatten\arm16_datapath_unit.\demo_rom_unit.$auto$proc_rom.cc:155:do_switch$444$rdmux[0][1][0]$a$2894 [12:2] } = { 6'111001 $memory$flatten\arm16_datapath_unit.\demo_rom_unit.$auto$proc_rom.cc:155:do_switch$444$rdmux[0][1][0]$a$2894 [21] 8'10000000 $memory$flatten\arm16_datapath_unit.\demo_rom_unit.$auto$proc_rom.cc:155:do_switch$444$rdmux[0][1][0]$a$2894 [1] $memory$flatten\arm16_datapath_unit.\demo_rom_unit.$auto$proc_rom.cc:155:do_switch$444$rdmux[0][1][0]$a$2894 [1] $memory$flatten\arm16_datapath_unit.\demo_rom_unit.$auto$proc_rom.cc:155:do_switch$444$rdmux[0][1][0]$a$2894 [1] 2'00 $memory$flatten\arm16_datapath_unit.\demo_rom_unit.$auto$proc_rom.cc:155:do_switch$444$rdmux[0][1][0]$a$2894 [1] $memory$flatten\arm16_datapath_unit.\demo_rom_unit.$auto$proc_rom.cc:155:do_switch$444$rdmux[0][1][0]$a$2894 [1] $memory$flatten\arm16_datapath_unit.\demo_rom_unit.$auto$proc_rom.cc:155:do_switch$444$rdmux[0][1][0]$a$2894 [1] $memory$flatten\arm16_datapath_unit.\demo_rom_unit.$auto$proc_rom.cc:155:do_switch$444$rdmux[0][1][0]$a$2894 [1] $memory$flatten\arm16_datapath_unit.\demo_rom_unit.$auto$proc_rom.cc:155:do_switch$444$rdmux[0][1][0]$a$2894 [1] $memory$flatten\arm16_datapath_unit.\demo_rom_unit.$auto$proc_rom.cc:155:do_switch$444$rdmux[0][1][0]$a$2894 [1] }
    Consolidated identical input bits for $mux cell $flatten\arm16_datapath_unit.\qspi_master_unit.$procmux$631:
      Old ports: A=$flatten\arm16_datapath_unit.\qspi_master_unit.$4\next_state[2:0], B=3'011, Y=$flatten\arm16_datapath_unit.\qspi_master_unit.$3\next_state[2:0]
      New ports: A=$flatten\arm16_datapath_unit.\qspi_master_unit.$4\next_state[2:0] [0], B=1'1, Y=$flatten\arm16_datapath_unit.\qspi_master_unit.$3\next_state[2:0] [0]
      New connections: $flatten\arm16_datapath_unit.\qspi_master_unit.$3\next_state[2:0] [2:1] = 2'01
    Consolidated identical input bits for $mux cell $flatten\arm16_datapath_unit.\qspi_master_unit.$procmux$516:
      Old ports: A=$flatten\arm16_datapath_unit.\qspi_master_unit.$4\tx_oe[3:0], B=4'1111, Y=$flatten\arm16_datapath_unit.\qspi_master_unit.$3\tx_oe[3:0]
      New ports: A=$flatten\arm16_datapath_unit.\qspi_master_unit.$4\tx_oe[3:0] [0], B=1'1, Y=$flatten\arm16_datapath_unit.\qspi_master_unit.$3\tx_oe[3:0] [0]
      New connections: $flatten\arm16_datapath_unit.\qspi_master_unit.$3\tx_oe[3:0] [3:1] = { $flatten\arm16_datapath_unit.\qspi_master_unit.$3\tx_oe[3:0] [0] $flatten\arm16_datapath_unit.\qspi_master_unit.$3\tx_oe[3:0] [0] $flatten\arm16_datapath_unit.\qspi_master_unit.$3\tx_oe[3:0] [0] }
  Optimizing cells in module \tt_um_moein_maleki_arm16.
    Consolidated identical input bits for $mux cell $memory$flatten\arm16_datapath_unit.\demo_rom_unit.$auto$proc_rom.cc:155:do_switch$444$rdmux[0][1][1]$2896:
      Old ports: A=$memory$flatten\arm16_datapath_unit.\demo_rom_unit.$auto$proc_rom.cc:155:do_switch$444$rdmux[0][1][1]$a$2897, B=$memory$flatten\arm16_datapath_unit.\demo_rom_unit.$auto$proc_rom.cc:155:do_switch$444$rdmux[0][1][1]$b$2898, Y=$memory$flatten\arm16_datapath_unit.\demo_rom_unit.$auto$proc_rom.cc:155:do_switch$444$rdmux[0][0][0]$b$2892
      New ports: A={ 3'101 $memory$flatten\arm16_datapath_unit.\demo_rom_unit.$auto$proc_rom.cc:155:do_switch$444$rdmux[0][1][1]$a$2897 [20] $memory$flatten\arm16_datapath_unit.\demo_rom_unit.$auto$proc_rom.cc:155:do_switch$444$rdmux[0][1][1]$a$2897 [0] $memory$flatten\arm16_datapath_unit.\demo_rom_unit.$auto$proc_rom.cc:155:do_switch$444$rdmux[0][1][1]$a$2897 [22] $memory$flatten\arm16_datapath_unit.\demo_rom_unit.$auto$proc_rom.cc:155:do_switch$444$rdmux[0][1][1]$a$2897 [20] $memory$flatten\arm16_datapath_unit.\demo_rom_unit.$auto$proc_rom.cc:155:do_switch$444$rdmux[0][1][1]$a$2897 [1:0] $memory$flatten\arm16_datapath_unit.\demo_rom_unit.$auto$proc_rom.cc:155:do_switch$444$rdmux[0][1][1]$a$2897 [0] $memory$flatten\arm16_datapath_unit.\demo_rom_unit.$auto$proc_rom.cc:155:do_switch$444$rdmux[0][1][1]$a$2897 [15] $memory$flatten\arm16_datapath_unit.\demo_rom_unit.$auto$proc_rom.cc:155:do_switch$444$rdmux[0][1][1]$a$2897 [15] $memory$flatten\arm16_datapath_unit.\demo_rom_unit.$auto$proc_rom.cc:155:do_switch$444$rdmux[0][1][1]$a$2897 [12] $memory$flatten\arm16_datapath_unit.\demo_rom_unit.$auto$proc_rom.cc:155:do_switch$444$rdmux[0][1][1]$a$2897 [12] 2'00 $memory$flatten\arm16_datapath_unit.\demo_rom_unit.$auto$proc_rom.cc:155:do_switch$444$rdmux[0][1][1]$a$2897 [1] $memory$flatten\arm16_datapath_unit.\demo_rom_unit.$auto$proc_rom.cc:155:do_switch$444$rdmux[0][1][1]$a$2897 [1:0] }, B={ $memory$flatten\arm16_datapath_unit.\demo_rom_unit.$auto$proc_rom.cc:155:do_switch$444$rdmux[0][1][1]$b$2898 [16] $memory$flatten\arm16_datapath_unit.\demo_rom_unit.$auto$proc_rom.cc:155:do_switch$444$rdmux[0][1][1]$b$2898 [24] $memory$flatten\arm16_datapath_unit.\demo_rom_unit.$auto$proc_rom.cc:155:do_switch$444$rdmux[0][1][1]$b$2898 [17] $memory$flatten\arm16_datapath_unit.\demo_rom_unit.$auto$proc_rom.cc:155:do_switch$444$rdmux[0][1][1]$b$2898 [24] 1'1 $memory$flatten\arm16_datapath_unit.\demo_rom_unit.$auto$proc_rom.cc:155:do_switch$444$rdmux[0][1][1]$b$2898 [1] $memory$flatten\arm16_datapath_unit.\demo_rom_unit.$auto$proc_rom.cc:155:do_switch$444$rdmux[0][1][1]$b$2898 [1] $memory$flatten\arm16_datapath_unit.\demo_rom_unit.$auto$proc_rom.cc:155:do_switch$444$rdmux[0][1][1]$b$2898 [17] $memory$flatten\arm16_datapath_unit.\demo_rom_unit.$auto$proc_rom.cc:155:do_switch$444$rdmux[0][1][1]$b$2898 [1] $memory$flatten\arm16_datapath_unit.\demo_rom_unit.$auto$proc_rom.cc:155:do_switch$444$rdmux[0][1][1]$b$2898 [17:16] 2'11 $memory$flatten\arm16_datapath_unit.\demo_rom_unit.$auto$proc_rom.cc:155:do_switch$444$rdmux[0][1][1]$b$2898 [1] $memory$flatten\arm16_datapath_unit.\demo_rom_unit.$auto$proc_rom.cc:155:do_switch$444$rdmux[0][1][1]$b$2898 [1] $memory$flatten\arm16_datapath_unit.\demo_rom_unit.$auto$proc_rom.cc:155:do_switch$444$rdmux[0][1][1]$b$2898 [2] $memory$flatten\arm16_datapath_unit.\demo_rom_unit.$auto$proc_rom.cc:155:do_switch$444$rdmux[0][1][1]$b$2898 [2:0] }, Y={ $memory$flatten\arm16_datapath_unit.\demo_rom_unit.$auto$proc_rom.cc:155:do_switch$444$rdmux[0][0][0]$b$2892 [28] $memory$flatten\arm16_datapath_unit.\demo_rom_unit.$auto$proc_rom.cc:155:do_switch$444$rdmux[0][0][0]$b$2892 [26:22] $memory$flatten\arm16_datapath_unit.\demo_rom_unit.$auto$proc_rom.cc:155:do_switch$444$rdmux[0][0][0]$b$2892 [20:15] $memory$flatten\arm16_datapath_unit.\demo_rom_unit.$auto$proc_rom.cc:155:do_switch$444$rdmux[0][0][0]$b$2892 [13:12] $memory$flatten\arm16_datapath_unit.\demo_rom_unit.$auto$proc_rom.cc:155:do_switch$444$rdmux[0][0][0]$b$2892 [4:0] }
      New connections: { $memory$flatten\arm16_datapath_unit.\demo_rom_unit.$auto$proc_rom.cc:155:do_switch$444$rdmux[0][0][0]$b$2892 [30:29] $memory$flatten\arm16_datapath_unit.\demo_rom_unit.$auto$proc_rom.cc:155:do_switch$444$rdmux[0][0][0]$b$2892 [27] $memory$flatten\arm16_datapath_unit.\demo_rom_unit.$auto$proc_rom.cc:155:do_switch$444$rdmux[0][0][0]$b$2892 [21] $memory$flatten\arm16_datapath_unit.\demo_rom_unit.$auto$proc_rom.cc:155:do_switch$444$rdmux[0][0][0]$b$2892 [14] $memory$flatten\arm16_datapath_unit.\demo_rom_unit.$auto$proc_rom.cc:155:do_switch$444$rdmux[0][0][0]$b$2892 [11:5] } = { $memory$flatten\arm16_datapath_unit.\demo_rom_unit.$auto$proc_rom.cc:155:do_switch$444$rdmux[0][0][0]$b$2892 [28] $memory$flatten\arm16_datapath_unit.\demo_rom_unit.$auto$proc_rom.cc:155:do_switch$444$rdmux[0][0][0]$b$2892 [28] $memory$flatten\arm16_datapath_unit.\demo_rom_unit.$auto$proc_rom.cc:155:do_switch$444$rdmux[0][0][0]$b$2892 [4] $memory$flatten\arm16_datapath_unit.\demo_rom_unit.$auto$proc_rom.cc:155:do_switch$444$rdmux[0][0][0]$b$2892 [4] $memory$flatten\arm16_datapath_unit.\demo_rom_unit.$auto$proc_rom.cc:155:do_switch$444$rdmux[0][0][0]$b$2892 [12] $memory$flatten\arm16_datapath_unit.\demo_rom_unit.$auto$proc_rom.cc:155:do_switch$444$rdmux[0][0][0]$b$2892 [4] $memory$flatten\arm16_datapath_unit.\demo_rom_unit.$auto$proc_rom.cc:155:do_switch$444$rdmux[0][0][0]$b$2892 [4] $memory$flatten\arm16_datapath_unit.\demo_rom_unit.$auto$proc_rom.cc:155:do_switch$444$rdmux[0][0][0]$b$2892 [4] $memory$flatten\arm16_datapath_unit.\demo_rom_unit.$auto$proc_rom.cc:155:do_switch$444$rdmux[0][0][0]$b$2892 [4] $memory$flatten\arm16_datapath_unit.\demo_rom_unit.$auto$proc_rom.cc:155:do_switch$444$rdmux[0][0][0]$b$2892 [4] $memory$flatten\arm16_datapath_unit.\demo_rom_unit.$auto$proc_rom.cc:155:do_switch$444$rdmux[0][0][0]$b$2892 [4] $memory$flatten\arm16_datapath_unit.\demo_rom_unit.$auto$proc_rom.cc:155:do_switch$444$rdmux[0][0][0]$b$2892 [4] }
    Consolidated identical input bits for $mux cell $memory$flatten\arm16_datapath_unit.\demo_rom_unit.$auto$proc_rom.cc:155:do_switch$444$rdmux[0][1][0]$2893:
      Old ports: A=$memory$flatten\arm16_datapath_unit.\demo_rom_unit.$auto$proc_rom.cc:155:do_switch$444$rdmux[0][1][0]$a$2894, B=$memory$flatten\arm16_datapath_unit.\demo_rom_unit.$auto$proc_rom.cc:155:do_switch$444$rdmux[0][1][0]$b$2895, Y=$memory$flatten\arm16_datapath_unit.\demo_rom_unit.$auto$proc_rom.cc:155:do_switch$444$rdmux[0][0][0]$a$2891
      New ports: A={ $memory$flatten\arm16_datapath_unit.\demo_rom_unit.$auto$proc_rom.cc:155:do_switch$444$rdmux[0][1][0]$a$2894 [21] 3'000 $memory$flatten\arm16_datapath_unit.\demo_rom_unit.$auto$proc_rom.cc:155:do_switch$444$rdmux[0][1][0]$a$2894 [15] 1'0 $memory$flatten\arm16_datapath_unit.\demo_rom_unit.$auto$proc_rom.cc:155:do_switch$444$rdmux[0][1][0]$a$2894 [13] $memory$flatten\arm16_datapath_unit.\demo_rom_unit.$auto$proc_rom.cc:155:do_switch$444$rdmux[0][1][0]$a$2894 [1] $memory$flatten\arm16_datapath_unit.\demo_rom_unit.$auto$proc_rom.cc:155:do_switch$444$rdmux[0][1][0]$a$2894 [1:0] }, B={ 1'0 $memory$flatten\arm16_datapath_unit.\demo_rom_unit.$auto$proc_rom.cc:155:do_switch$444$rdmux[0][1][0]$b$2895 [18:16] 1'0 $memory$flatten\arm16_datapath_unit.\demo_rom_unit.$auto$proc_rom.cc:155:do_switch$444$rdmux[0][1][0]$b$2895 [14:12] 2'01 }, Y={ $memory$flatten\arm16_datapath_unit.\demo_rom_unit.$auto$proc_rom.cc:155:do_switch$444$rdmux[0][0][0]$a$2891 [21] $memory$flatten\arm16_datapath_unit.\demo_rom_unit.$auto$proc_rom.cc:155:do_switch$444$rdmux[0][0][0]$a$2891 [18:12] $memory$flatten\arm16_datapath_unit.\demo_rom_unit.$auto$proc_rom.cc:155:do_switch$444$rdmux[0][0][0]$a$2891 [1:0] }
      New connections: { $memory$flatten\arm16_datapath_unit.\demo_rom_unit.$auto$proc_rom.cc:155:do_switch$444$rdmux[0][0][0]$a$2891 [30:22] $memory$flatten\arm16_datapath_unit.\demo_rom_unit.$auto$proc_rom.cc:155:do_switch$444$rdmux[0][0][0]$a$2891 [20:19] $memory$flatten\arm16_datapath_unit.\demo_rom_unit.$auto$proc_rom.cc:155:do_switch$444$rdmux[0][0][0]$a$2891 [11:2] } = { 6'111001 $memory$flatten\arm16_datapath_unit.\demo_rom_unit.$auto$proc_rom.cc:155:do_switch$444$rdmux[0][0][0]$a$2891 [21] 4'1000 $memory$flatten\arm16_datapath_unit.\demo_rom_unit.$auto$proc_rom.cc:155:do_switch$444$rdmux[0][0][0]$a$2891 [1] $memory$flatten\arm16_datapath_unit.\demo_rom_unit.$auto$proc_rom.cc:155:do_switch$444$rdmux[0][0][0]$a$2891 [1] 2'00 $memory$flatten\arm16_datapath_unit.\demo_rom_unit.$auto$proc_rom.cc:155:do_switch$444$rdmux[0][0][0]$a$2891 [1] $memory$flatten\arm16_datapath_unit.\demo_rom_unit.$auto$proc_rom.cc:155:do_switch$444$rdmux[0][0][0]$a$2891 [1] $memory$flatten\arm16_datapath_unit.\demo_rom_unit.$auto$proc_rom.cc:155:do_switch$444$rdmux[0][0][0]$a$2891 [1] $memory$flatten\arm16_datapath_unit.\demo_rom_unit.$auto$proc_rom.cc:155:do_switch$444$rdmux[0][0][0]$a$2891 [1] $memory$flatten\arm16_datapath_unit.\demo_rom_unit.$auto$proc_rom.cc:155:do_switch$444$rdmux[0][0][0]$a$2891 [1] $memory$flatten\arm16_datapath_unit.\demo_rom_unit.$auto$proc_rom.cc:155:do_switch$444$rdmux[0][0][0]$a$2891 [1] }
    Consolidated identical input bits for $mux cell $flatten\arm16_datapath_unit.\qspi_master_unit.$procmux$547:
      Old ports: A=4'1111, B=$flatten\arm16_datapath_unit.\qspi_master_unit.$3\tx_oe[3:0], Y=$flatten\arm16_datapath_unit.\qspi_master_unit.$2\tx_oe[3:0]
      New ports: A=1'1, B=$flatten\arm16_datapath_unit.\qspi_master_unit.$3\tx_oe[3:0] [0], Y=$flatten\arm16_datapath_unit.\qspi_master_unit.$2\tx_oe[3:0] [0]
      New connections: $flatten\arm16_datapath_unit.\qspi_master_unit.$2\tx_oe[3:0] [3:1] = { $flatten\arm16_datapath_unit.\qspi_master_unit.$2\tx_oe[3:0] [0] $flatten\arm16_datapath_unit.\qspi_master_unit.$2\tx_oe[3:0] [0] $flatten\arm16_datapath_unit.\qspi_master_unit.$2\tx_oe[3:0] [0] }
  Optimizing cells in module \tt_um_moein_maleki_arm16.
    Consolidated identical input bits for $mux cell $memory$flatten\arm16_datapath_unit.\demo_rom_unit.$auto$proc_rom.cc:155:do_switch$444$rdmux[0][0][0]$2890:
      Old ports: A=$memory$flatten\arm16_datapath_unit.\demo_rom_unit.$auto$proc_rom.cc:155:do_switch$444$rdmux[0][0][0]$a$2891, B=$memory$flatten\arm16_datapath_unit.\demo_rom_unit.$auto$proc_rom.cc:155:do_switch$444$rdmux[0][0][0]$b$2892, Y=$$flatten\arm16_datapath_unit.\demo_rom_unit.$auto$proc_rom.cc:155:do_switch$444$rdreg[0]$d
      New ports: A={ 3'101 $memory$flatten\arm16_datapath_unit.\demo_rom_unit.$auto$proc_rom.cc:155:do_switch$444$rdmux[0][0][0]$a$2891 [21] 2'10 $memory$flatten\arm16_datapath_unit.\demo_rom_unit.$auto$proc_rom.cc:155:do_switch$444$rdmux[0][0][0]$a$2891 [21] 2'00 $memory$flatten\arm16_datapath_unit.\demo_rom_unit.$auto$proc_rom.cc:155:do_switch$444$rdmux[0][0][0]$a$2891 [18:12] 1'0 $memory$flatten\arm16_datapath_unit.\demo_rom_unit.$auto$proc_rom.cc:155:do_switch$444$rdmux[0][0][0]$a$2891 [1] $memory$flatten\arm16_datapath_unit.\demo_rom_unit.$auto$proc_rom.cc:155:do_switch$444$rdmux[0][0][0]$a$2891 [1] $memory$flatten\arm16_datapath_unit.\demo_rom_unit.$auto$proc_rom.cc:155:do_switch$444$rdmux[0][0][0]$a$2891 [1] $memory$flatten\arm16_datapath_unit.\demo_rom_unit.$auto$proc_rom.cc:155:do_switch$444$rdmux[0][0][0]$a$2891 [1:0] }, B={ $memory$flatten\arm16_datapath_unit.\demo_rom_unit.$auto$proc_rom.cc:155:do_switch$444$rdmux[0][0][0]$b$2892 [28] $memory$flatten\arm16_datapath_unit.\demo_rom_unit.$auto$proc_rom.cc:155:do_switch$444$rdmux[0][0][0]$b$2892 [26:22] $memory$flatten\arm16_datapath_unit.\demo_rom_unit.$auto$proc_rom.cc:155:do_switch$444$rdmux[0][0][0]$b$2892 [4] $memory$flatten\arm16_datapath_unit.\demo_rom_unit.$auto$proc_rom.cc:155:do_switch$444$rdmux[0][0][0]$b$2892 [20:15] $memory$flatten\arm16_datapath_unit.\demo_rom_unit.$auto$proc_rom.cc:155:do_switch$444$rdmux[0][0][0]$b$2892 [12] $memory$flatten\arm16_datapath_unit.\demo_rom_unit.$auto$proc_rom.cc:155:do_switch$444$rdmux[0][0][0]$b$2892 [13:12] $memory$flatten\arm16_datapath_unit.\demo_rom_unit.$auto$proc_rom.cc:155:do_switch$444$rdmux[0][0][0]$b$2892 [4] $memory$flatten\arm16_datapath_unit.\demo_rom_unit.$auto$proc_rom.cc:155:do_switch$444$rdmux[0][0][0]$b$2892 [4:0] }, Y={ $$flatten\arm16_datapath_unit.\demo_rom_unit.$auto$proc_rom.cc:155:do_switch$444$rdreg[0]$d [28] $$flatten\arm16_datapath_unit.\demo_rom_unit.$auto$proc_rom.cc:155:do_switch$444$rdreg[0]$d [26:12] $$flatten\arm16_datapath_unit.\demo_rom_unit.$auto$proc_rom.cc:155:do_switch$444$rdreg[0]$d [8] $$flatten\arm16_datapath_unit.\demo_rom_unit.$auto$proc_rom.cc:155:do_switch$444$rdreg[0]$d [4:0] }
      New connections: { $$flatten\arm16_datapath_unit.\demo_rom_unit.$auto$proc_rom.cc:155:do_switch$444$rdreg[0]$d [30:29] $$flatten\arm16_datapath_unit.\demo_rom_unit.$auto$proc_rom.cc:155:do_switch$444$rdreg[0]$d [27] $$flatten\arm16_datapath_unit.\demo_rom_unit.$auto$proc_rom.cc:155:do_switch$444$rdreg[0]$d [11:9] $$flatten\arm16_datapath_unit.\demo_rom_unit.$auto$proc_rom.cc:155:do_switch$444$rdreg[0]$d [7:5] } = { $$flatten\arm16_datapath_unit.\demo_rom_unit.$auto$proc_rom.cc:155:do_switch$444$rdreg[0]$d [28] $$flatten\arm16_datapath_unit.\demo_rom_unit.$auto$proc_rom.cc:155:do_switch$444$rdreg[0]$d [28] $$flatten\arm16_datapath_unit.\demo_rom_unit.$auto$proc_rom.cc:155:do_switch$444$rdreg[0]$d [8] $$flatten\arm16_datapath_unit.\demo_rom_unit.$auto$proc_rom.cc:155:do_switch$444$rdreg[0]$d [4] $$flatten\arm16_datapath_unit.\demo_rom_unit.$auto$proc_rom.cc:155:do_switch$444$rdreg[0]$d [4] $$flatten\arm16_datapath_unit.\demo_rom_unit.$auto$proc_rom.cc:155:do_switch$444$rdreg[0]$d [8] $$flatten\arm16_datapath_unit.\demo_rom_unit.$auto$proc_rom.cc:155:do_switch$444$rdreg[0]$d [4] $$flatten\arm16_datapath_unit.\demo_rom_unit.$auto$proc_rom.cc:155:do_switch$444$rdreg[0]$d [4] $$flatten\arm16_datapath_unit.\demo_rom_unit.$auto$proc_rom.cc:155:do_switch$444$rdreg[0]$d [4] }
    Consolidated identical input bits for $mux cell $flatten\arm16_datapath_unit.\qspi_master_unit.$procmux$559:
      Old ports: A=4'0001, B=$flatten\arm16_datapath_unit.\qspi_master_unit.$2\tx_oe[3:0], Y=\arm16_datapath_unit.qspi_master_unit.tx_oe
      New ports: A=2'01, B={ $flatten\arm16_datapath_unit.\qspi_master_unit.$2\tx_oe[3:0] [0] $flatten\arm16_datapath_unit.\qspi_master_unit.$2\tx_oe[3:0] [0] }, Y=\arm16_datapath_unit.qspi_master_unit.tx_oe [1:0]
      New connections: \arm16_datapath_unit.qspi_master_unit.tx_oe [3:2] = { \arm16_datapath_unit.qspi_master_unit.tx_oe [1] \arm16_datapath_unit.qspi_master_unit.tx_oe [1] }
  Optimizing cells in module \tt_um_moein_maleki_arm16.
    Consolidated identical input bits for $pmux cell $flatten\arm16_datapath_unit.\qspi_master_unit.$procmux$817:
      Old ports: A=4'0001, B={ \arm16_datapath_unit.qspi_master_unit.tx_oe 4'0000 }, Y=$flatten\arm16_datapath_unit.\qspi_master_unit.$procmux$817_Y
      New ports: A=2'01, B={ \arm16_datapath_unit.qspi_master_unit.tx_oe [1:0] 2'00 }, Y=$flatten\arm16_datapath_unit.\qspi_master_unit.$procmux$817_Y [1:0]
      New connections: $flatten\arm16_datapath_unit.\qspi_master_unit.$procmux$817_Y [3:2] = { $flatten\arm16_datapath_unit.\qspi_master_unit.$procmux$817_Y [1] $flatten\arm16_datapath_unit.\qspi_master_unit.$procmux$817_Y [1] }
  Optimizing cells in module \tt_um_moein_maleki_arm16.
Performed a total of 39 changes.

15.21.5. Executing OPT_MERGE pass (detect identical cells).
Finding identical cells in module `\tt_um_moein_maleki_arm16'.
Computing hashes of 845 cells of `\tt_um_moein_maleki_arm16'.
Finding duplicate cells in `\tt_um_moein_maleki_arm16'.
Computing hashes of 834 cells of `\tt_um_moein_maleki_arm16'.
Finding duplicate cells in `\tt_um_moein_maleki_arm16'.
<suppressed ~33 debug messages>
Removed a total of 11 cells.

15.21.6. Executing OPT_SHARE pass.
    Found cells that share an operand and can be merged by moving the $pmux $flatten\arm16_datapath_unit.\condition_checker_unit.$procmux$1199 in front of them:
        $flatten\arm16_datapath_unit.\condition_checker_unit.$or$src/condition_checker.v:34$191
        $flatten\arm16_datapath_unit.\condition_checker_unit.$or$src/condition_checker.v:30$184

    Found cells that share an operand and can be merged by moving the $pmux $flatten\arm16_datapath_unit.\condition_checker_unit.$procmux$1199 in front of them:
        $flatten\arm16_datapath_unit.\condition_checker_unit.$and$src/condition_checker.v:33$189
        $flatten\arm16_datapath_unit.\condition_checker_unit.$and$src/condition_checker.v:29$182

    Found cells that share an operand and can be merged by moving the $pmux $flatten\arm16_datapath_unit.\vga_renderer_unit.$procmux$448 in front of them:
        $flatten\arm16_datapath_unit.\vga_renderer_unit.$and$src/vga_renderer.v:108$438
        $flatten\arm16_datapath_unit.\vga_renderer_unit.$and$src/vga_renderer.v:106$431
        $flatten\arm16_datapath_unit.\vga_renderer_unit.$and$src/vga_renderer.v:104$424

    Found cells that share an operand and can be merged by moving the $pmux $flatten\arm16_controller_unit.$procmux$1574 in front of them:
        $flatten\arm16_controller_unit.$and$src/arm16_controller.v:143$63
        $flatten\arm16_controller_unit.$and$src/arm16_controller.v:137$56

15.21.7. Executing OPT_DFF pass (perform DFF optimizations).
Adding SRST signal on $$flatten\arm16_datapath_unit.\demo_rom_unit.$auto$proc_rom.cc:155:do_switch$444$rdreg[0] ($dff) from module tt_um_moein_maleki_arm16 (D = { $memory$flatten\arm16_datapath_unit.\demo_rom_unit.$auto$proc_rom.cc:155:do_switch$444$rdmux[0][1][1]$b$2898 [24] $memory$flatten\arm16_datapath_unit.\demo_rom_unit.$auto$proc_rom.cc:155:do_switch$444$rdmux[0][1][1]$b$2898 [17] }, Q = \arm16_datapath_unit.rom_word [26:25], rval = 2'01).
Adding SRST signal on $$flatten\arm16_datapath_unit.\demo_rom_unit.$auto$proc_rom.cc:155:do_switch$444$rdreg[0] ($dff) from module tt_um_moein_maleki_arm16 (D = $memory$flatten\arm16_datapath_unit.\demo_rom_unit.$auto$proc_rom.cc:155:do_switch$444$rdmux[0][1][1]$a$2897 [0], Q = \arm16_datapath_unit.rom_word [23], rval = 1'1).
Adding SRST signal on $$flatten\arm16_datapath_unit.\demo_rom_unit.$auto$proc_rom.cc:155:do_switch$444$rdreg[0] ($dff) from module tt_um_moein_maleki_arm16 (D = { $memory$flatten\arm16_datapath_unit.\demo_rom_unit.$auto$proc_rom.cc:155:do_switch$444$rdmux[0][0][0]$b$2892 [22] $memory$flatten\arm16_datapath_unit.\demo_rom_unit.$auto$proc_rom.cc:155:do_switch$444$rdmux[0][0][0]$b$2892 [20:19] }, Q = { \arm16_datapath_unit.rom_word [22] \arm16_datapath_unit.rom_word [20:19] }, rval = 3'000).

15.21.8. Executing OPT_CLEAN pass (remove unused cells and wires).
Finding unused cells or wires in module \tt_um_moein_maleki_arm16..
Removed 0 unused cells and 103 unused wires.
<suppressed ~1 debug messages>

15.21.9. Executing OPT_EXPR pass (perform const folding).
Optimizing module tt_um_moein_maleki_arm16.
<suppressed ~14 debug messages>

15.21.10. Rerunning OPT passes. (Maybe there is more to do..)

15.21.11. Executing OPT_MUXTREE pass (detect dead branches in mux trees).
Running muxtree optimizer on module \tt_um_moein_maleki_arm16..
  Creating internal representation of mux trees.
  Evaluating internal representation of mux trees.
  Analyzing evaluation results.
Removed 0 multiplexer ports.
<suppressed ~277 debug messages>

15.21.12. Executing OPT_REDUCE pass (consolidate $*mux and $reduce_* inputs).
  Optimizing cells in module \tt_um_moein_maleki_arm16.
    Consolidated identical input bits for $mux cell $memory$flatten\arm16_datapath_unit.\demo_rom_unit.$auto$proc_rom.cc:155:do_switch$444$rdmux[0][2][3]$2908:
      Old ports: A={ $memory$flatten\arm16_datapath_unit.\demo_rom_unit.$auto$proc_rom.cc:155:do_switch$444$rdmux[0][2][0]$b$2901 [13] $memory$flatten\arm16_datapath_unit.\demo_rom_unit.$auto$proc_rom.cc:155:do_switch$444$rdmux[0][2][0]$b$2901 [1] $memory$flatten\arm16_datapath_unit.\demo_rom_unit.$auto$proc_rom.cc:155:do_switch$444$rdmux[0][2][0]$b$2901 [13] 2'00 $memory$flatten\arm16_datapath_unit.\demo_rom_unit.$auto$proc_rom.cc:155:do_switch$444$rdmux[0][2][0]$b$2901 [1] }, B={ 3'011 $memory$flatten\arm16_datapath_unit.\demo_rom_unit.$auto$proc_rom.cc:155:do_switch$444$rdmux[0][2][0]$b$2901 [13] 1'1 $memory$flatten\arm16_datapath_unit.\demo_rom_unit.$auto$proc_rom.cc:155:do_switch$444$rdmux[0][2][0]$b$2901 [1] }, Y={ $memory$flatten\arm16_datapath_unit.\demo_rom_unit.$auto$proc_rom.cc:155:do_switch$444$rdmux[0][1][1]$b$2898 [24] $memory$flatten\arm16_datapath_unit.\demo_rom_unit.$auto$proc_rom.cc:155:do_switch$444$rdmux[0][1][1]$b$2898 [17:16] $memory$flatten\arm16_datapath_unit.\demo_rom_unit.$auto$proc_rom.cc:155:do_switch$444$rdmux[0][1][1]$b$2898 [2:0] }
      New ports: A={ $memory$flatten\arm16_datapath_unit.\demo_rom_unit.$auto$proc_rom.cc:155:do_switch$444$rdmux[0][2][0]$b$2901 [13] $memory$flatten\arm16_datapath_unit.\demo_rom_unit.$auto$proc_rom.cc:155:do_switch$444$rdmux[0][2][0]$b$2901 [1] $memory$flatten\arm16_datapath_unit.\demo_rom_unit.$auto$proc_rom.cc:155:do_switch$444$rdmux[0][2][0]$b$2901 [13] 2'00 }, B={ 3'011 $memory$flatten\arm16_datapath_unit.\demo_rom_unit.$auto$proc_rom.cc:155:do_switch$444$rdmux[0][2][0]$b$2901 [13] 1'1 }, Y={ $memory$flatten\arm16_datapath_unit.\demo_rom_unit.$auto$proc_rom.cc:155:do_switch$444$rdmux[0][1][1]$b$2898 [24] $memory$flatten\arm16_datapath_unit.\demo_rom_unit.$auto$proc_rom.cc:155:do_switch$444$rdmux[0][1][1]$b$2898 [17:16] $memory$flatten\arm16_datapath_unit.\demo_rom_unit.$auto$proc_rom.cc:155:do_switch$444$rdmux[0][1][1]$b$2898 [2:1] }
      New connections: $memory$flatten\arm16_datapath_unit.\demo_rom_unit.$auto$proc_rom.cc:155:do_switch$444$rdmux[0][1][1]$b$2898 [0] = $memory$flatten\arm16_datapath_unit.\demo_rom_unit.$auto$proc_rom.cc:155:do_switch$444$rdmux[0][2][0]$b$2901 [1]
    Consolidated identical input bits for $mux cell $memory$flatten\arm16_datapath_unit.\demo_rom_unit.$auto$proc_rom.cc:155:do_switch$444$rdmux[0][2][1]$2902:
      Old ports: A={ 2'01 $memory$flatten\arm16_datapath_unit.\demo_rom_unit.$auto$proc_rom.cc:155:do_switch$444$rdmux[0][2][0]$b$2901 [13] $memory$flatten\arm16_datapath_unit.\demo_rom_unit.$auto$proc_rom.cc:155:do_switch$444$rdmux[0][2][0]$b$2901 [13] $memory$flatten\arm16_datapath_unit.\demo_rom_unit.$auto$proc_rom.cc:155:do_switch$444$rdmux[0][2][0]$b$2901 [1] $memory$flatten\arm16_datapath_unit.\demo_rom_unit.$auto$proc_rom.cc:155:do_switch$444$rdmux[0][2][0]$b$2901 [1] }, B={ 2'10 $memory$flatten\arm16_datapath_unit.\demo_rom_unit.$auto$proc_rom.cc:155:do_switch$444$rdmux[0][2][0]$b$2901 [13] 1'1 $memory$flatten\arm16_datapath_unit.\demo_rom_unit.$auto$proc_rom.cc:155:do_switch$444$rdmux[0][2][0]$b$2901 [13] $memory$flatten\arm16_datapath_unit.\demo_rom_unit.$auto$proc_rom.cc:155:do_switch$444$rdmux[0][2][0]$b$2901 [1] }, Y={ $memory$flatten\arm16_datapath_unit.\demo_rom_unit.$auto$proc_rom.cc:155:do_switch$444$rdmux[0][1][0]$b$2895 [18:16] $memory$flatten\arm16_datapath_unit.\demo_rom_unit.$auto$proc_rom.cc:155:do_switch$444$rdmux[0][1][0]$b$2895 [14:12] }
      New ports: A={ 2'01 $memory$flatten\arm16_datapath_unit.\demo_rom_unit.$auto$proc_rom.cc:155:do_switch$444$rdmux[0][2][0]$b$2901 [13] $memory$flatten\arm16_datapath_unit.\demo_rom_unit.$auto$proc_rom.cc:155:do_switch$444$rdmux[0][2][0]$b$2901 [1] }, B={ 3'101 $memory$flatten\arm16_datapath_unit.\demo_rom_unit.$auto$proc_rom.cc:155:do_switch$444$rdmux[0][2][0]$b$2901 [13] }, Y={ $memory$flatten\arm16_datapath_unit.\demo_rom_unit.$auto$proc_rom.cc:155:do_switch$444$rdmux[0][1][0]$b$2895 [18:17] $memory$flatten\arm16_datapath_unit.\demo_rom_unit.$auto$proc_rom.cc:155:do_switch$444$rdmux[0][1][0]$b$2895 [14:13] }
      New connections: { $memory$flatten\arm16_datapath_unit.\demo_rom_unit.$auto$proc_rom.cc:155:do_switch$444$rdmux[0][1][0]$b$2895 [16] $memory$flatten\arm16_datapath_unit.\demo_rom_unit.$auto$proc_rom.cc:155:do_switch$444$rdmux[0][1][0]$b$2895 [12] } = { $memory$flatten\arm16_datapath_unit.\demo_rom_unit.$auto$proc_rom.cc:155:do_switch$444$rdmux[0][2][0]$b$2901 [13] $memory$flatten\arm16_datapath_unit.\demo_rom_unit.$auto$proc_rom.cc:155:do_switch$444$rdmux[0][2][0]$b$2901 [1] }
    New ctrl vector for $pmux cell $flatten\arm16_datapath_unit.\condition_checker_unit.$procmux$1199: { $flatten\arm16_datapath_unit.\condition_checker_unit.$procmux$1200_CMP $auto$opt_reduce.cc:137:opt_pmux$3005 $auto$opt_reduce.cc:137:opt_pmux$3003 $flatten\arm16_datapath_unit.\condition_checker_unit.$procmux$1203_CMP $flatten\arm16_datapath_unit.\condition_checker_unit.$procmux$1204_CMP $flatten\arm16_datapath_unit.\condition_checker_unit.$procmux$1207_CMP $flatten\arm16_datapath_unit.\condition_checker_unit.$procmux$1208_CMP $flatten\arm16_datapath_unit.\condition_checker_unit.$procmux$1209_CMP $flatten\arm16_datapath_unit.\condition_checker_unit.$procmux$1210_CMP $flatten\arm16_datapath_unit.\condition_checker_unit.$procmux$1211_CMP $flatten\arm16_datapath_unit.\condition_checker_unit.$procmux$1212_CMP $flatten\arm16_datapath_unit.\condition_checker_unit.$procmux$1213_CMP $flatten\arm16_datapath_unit.\condition_checker_unit.$procmux$1214_CMP }
    New ctrl vector for $pmux cell $flatten\arm16_datapath_unit.\vga_renderer_unit.$procmux$448: { $auto$opt_reduce.cc:137:opt_pmux$3007 $flatten\arm16_datapath_unit.\vga_renderer_unit.$procmux$450_CMP $flatten\arm16_datapath_unit.\vga_renderer_unit.$procmux$452_CMP }
    New ctrl vector for $pmux cell $flatten\arm16_controller_unit.$procmux$1574: $auto$opt_reduce.cc:137:opt_pmux$3009
  Optimizing cells in module \tt_um_moein_maleki_arm16.
Performed a total of 5 changes.

15.21.13. Executing OPT_MERGE pass (detect identical cells).
Finding identical cells in module `\tt_um_moein_maleki_arm16'.
Computing hashes of 836 cells of `\tt_um_moein_maleki_arm16'.
Finding duplicate cells in `\tt_um_moein_maleki_arm16'.
Computing hashes of 835 cells of `\tt_um_moein_maleki_arm16'.
Finding duplicate cells in `\tt_um_moein_maleki_arm16'.
<suppressed ~3 debug messages>
Removed a total of 1 cells.

15.21.14. Executing OPT_SHARE pass.

15.21.15. Executing OPT_DFF pass (perform DFF optimizations).
Adding EN signal on $memory\arm16_datapath_unit.register_file_unit.regs[0]$2648 ($dff) from module tt_um_moein_maleki_arm16 (D = \arm16_datapath_unit.register_file_unit.write_data_in, Q = \arm16_datapath_unit.register_file_unit.regs[0]).
Adding EN signal on $memory\arm16_datapath_unit.register_file_unit.regs[1]$2650 ($dff) from module tt_um_moein_maleki_arm16 (D = \arm16_datapath_unit.register_file_unit.write_data_in, Q = \arm16_datapath_unit.register_file_unit.regs[1]).
Adding EN signal on $memory\arm16_datapath_unit.register_file_unit.regs[2]$2652 ($dff) from module tt_um_moein_maleki_arm16 (D = \arm16_datapath_unit.register_file_unit.write_data_in, Q = \arm16_datapath_unit.register_file_unit.regs[2]).
Adding EN signal on $memory\arm16_datapath_unit.register_file_unit.regs[3]$2654 ($dff) from module tt_um_moein_maleki_arm16 (D = \arm16_datapath_unit.register_file_unit.write_data_in, Q = \arm16_datapath_unit.register_file_unit.regs[3]).
Adding EN signal on $memory\arm16_datapath_unit.register_file_unit.regs[4]$2656 ($dff) from module tt_um_moein_maleki_arm16 (D = \arm16_datapath_unit.register_file_unit.write_data_in, Q = \arm16_datapath_unit.register_file_unit.regs[4]).
Adding EN signal on $memory\arm16_datapath_unit.register_file_unit.regs[5]$2658 ($dff) from module tt_um_moein_maleki_arm16 (D = \arm16_datapath_unit.register_file_unit.write_data_in, Q = \arm16_datapath_unit.register_file_unit.regs[5]).
Adding EN signal on $memory\arm16_datapath_unit.register_file_unit.regs[6]$2660 ($dff) from module tt_um_moein_maleki_arm16 (D = \arm16_datapath_unit.register_file_unit.write_data_in, Q = \arm16_datapath_unit.register_file_unit.regs[6]).
Adding EN signal on $memory\arm16_datapath_unit.register_file_unit.regs[7]$2662 ($dff) from module tt_um_moein_maleki_arm16 (D = \arm16_datapath_unit.register_file_unit.write_data_in, Q = \arm16_datapath_unit.register_file_unit.regs[7]).
Adding EN signal on $memory\arm16_datapath_unit.register_file_unit.regs[8]$2664 ($dff) from module tt_um_moein_maleki_arm16 (D = \arm16_datapath_unit.register_file_unit.write_data_in, Q = \arm16_datapath_unit.register_file_unit.regs[8]).
Adding EN signal on $memory\arm16_datapath_unit.register_file_unit.regs[9]$2666 ($dff) from module tt_um_moein_maleki_arm16 (D = \arm16_datapath_unit.register_file_unit.write_data_in, Q = \arm16_datapath_unit.register_file_unit.regs[9]).
Adding EN signal on $memory\arm16_datapath_unit.register_file_unit.regs[10]$2668 ($dff) from module tt_um_moein_maleki_arm16 (D = \arm16_datapath_unit.register_file_unit.write_data_in, Q = \arm16_datapath_unit.register_file_unit.regs[10]).
Adding EN signal on $memory\arm16_datapath_unit.register_file_unit.regs[11]$2670 ($dff) from module tt_um_moein_maleki_arm16 (D = \arm16_datapath_unit.register_file_unit.write_data_in, Q = \arm16_datapath_unit.register_file_unit.regs[11]).
Adding EN signal on $memory\arm16_datapath_unit.register_file_unit.regs[12]$2672 ($dff) from module tt_um_moein_maleki_arm16 (D = \arm16_datapath_unit.register_file_unit.write_data_in, Q = \arm16_datapath_unit.register_file_unit.regs[12]).
Adding EN signal on $memory\arm16_datapath_unit.register_file_unit.regs[13]$2674 ($dff) from module tt_um_moein_maleki_arm16 (D = \arm16_datapath_unit.register_file_unit.write_data_in, Q = \arm16_datapath_unit.register_file_unit.regs[13]).
Adding EN signal on $memory\arm16_datapath_unit.register_file_unit.regs[14]$2676 ($dff) from module tt_um_moein_maleki_arm16 (D = \arm16_datapath_unit.register_file_unit.write_data_in, Q = \arm16_datapath_unit.register_file_unit.regs[14]).

15.21.16. Executing OPT_CLEAN pass (remove unused cells and wires).
Finding unused cells or wires in module \tt_um_moein_maleki_arm16..
Removed 15 unused cells and 24 unused wires.
<suppressed ~16 debug messages>

15.21.17. Executing OPT_EXPR pass (perform const folding).
Optimizing module tt_um_moein_maleki_arm16.
<suppressed ~1 debug messages>

15.21.18. Rerunning OPT passes. (Maybe there is more to do..)

15.21.19. Executing OPT_MUXTREE pass (detect dead branches in mux trees).
Running muxtree optimizer on module \tt_um_moein_maleki_arm16..
  Creating internal representation of mux trees.
  Evaluating internal representation of mux trees.
  Analyzing evaluation results.
Removed 0 multiplexer ports.
<suppressed ~228 debug messages>

15.21.20. Executing OPT_REDUCE pass (consolidate $*mux and $reduce_* inputs).
  Optimizing cells in module \tt_um_moein_maleki_arm16.
Performed a total of 0 changes.

15.21.21. Executing OPT_MERGE pass (detect identical cells).
Finding identical cells in module `\tt_um_moein_maleki_arm16'.
Computing hashes of 820 cells of `\tt_um_moein_maleki_arm16'.
Finding duplicate cells in `\tt_um_moein_maleki_arm16'.
Removed a total of 0 cells.

15.21.22. Executing OPT_SHARE pass.

15.21.23. Executing OPT_DFF pass (perform DFF optimizations).

15.21.24. Executing OPT_CLEAN pass (remove unused cells and wires).
Finding unused cells or wires in module \tt_um_moein_maleki_arm16..

15.21.25. Executing OPT_EXPR pass (perform const folding).
Optimizing module tt_um_moein_maleki_arm16.

15.21.26. Finished fast OPT passes. (There is nothing left to do.)

15.22. Executing TECHMAP pass (map to technology primitives).

15.22.1. Executing Verilog-2005 frontend: /home/moein/oss-cad-suite/lib/../share/yosys/techmap.v
Parsing Verilog input from `/home/moein/oss-cad-suite/lib/../share/yosys/techmap.v' to AST representation.
Generating RTLIL representation for module `\_90_simplemap_bool_ops'.
Generating RTLIL representation for module `\_90_simplemap_reduce_ops'.
Generating RTLIL representation for module `\_90_simplemap_logic_ops'.
Generating RTLIL representation for module `\_90_simplemap_compare_ops'.
Generating RTLIL representation for module `\_90_simplemap_various'.
Generating RTLIL representation for module `\_90_simplemap_registers'.
Generating RTLIL representation for module `\_90_shift_ops_shr_shl_sshl_sshr'.
Generating RTLIL representation for module `\_90_shift_shiftx'.
Generating RTLIL representation for module `\_90_fa'.
Generating RTLIL representation for module `\_90_lcu_brent_kung'.
Generating RTLIL representation for module `\_90_alu'.
Generating RTLIL representation for module `\_90_macc'.
Generating RTLIL representation for module `\_90_alumacc'.
Generating RTLIL representation for module `$__div_mod_u'.
Generating RTLIL representation for module `$__div_mod_trunc'.
Generating RTLIL representation for module `\_90_div'.
Generating RTLIL representation for module `\_90_mod'.
Generating RTLIL representation for module `$__div_mod_floor'.
Generating RTLIL representation for module `\_90_divfloor'.
Generating RTLIL representation for module `\_90_modfloor'.
Generating RTLIL representation for module `\_90_pow'.
Generating RTLIL representation for module `\_90_demux'.
Generating RTLIL representation for module `\_90_lut'.
Generating RTLIL representation for module `$connect'.
Generating RTLIL representation for module `$input_port'.
Successfully finished Verilog frontend.

15.22.2. Continuing TECHMAP pass.
Using extmapper simplemap for cells of type $dffe.
Using extmapper simplemap for cells of type $reduce_or.
Using extmapper simplemap for cells of type $dff.
Using extmapper simplemap for cells of type $sdff.
Using extmapper simplemap for cells of type $not.
Using extmapper simplemap for cells of type $reduce_and.
Using extmapper simplemap for cells of type $mux.
Using extmapper simplemap for cells of type $pmux.
Using extmapper simplemap for cells of type $and.
Using extmapper simplemap for cells of type $sdffe.
Using template $paramod$constmap:8a7ef9039e7cfe032e412c0650c966f6f8122f6b$paramod$fb9d380efec7abdcae0fb1c8e312791feef7c95c\_90_shift_ops_shr_shl_sshl_sshr for cells of type $shr.
Using template $paramod$78e969f2586efcf3a5b0b0440bcca0db83d5cca2\_90_alu for cells of type $alu.
Using template $paramod$754650b284649a026620fc6856e5b6886cbfe794\_90_alu for cells of type $alu.
Using template $paramod$672a140277c71df8314410f22acc08d55222c3c7\_90_alu for cells of type $alu.
Using template $paramod$32a7b7b86c07519b7537abc18e96f0331f97914d\_90_alu for cells of type $alu.
Using template $paramod$98fdd47e93ebd6ee7b239851ea6e44b4909054e6\_90_alu for cells of type $alu.
Using template $paramod$3ef7d3dd227da7627a99c5e5a6a4deb817573e39\_90_alu for cells of type $alu.
Using template $paramod$c3cd1564c35d873179656addd6052d7ea8b6d991\_90_alu for cells of type $alu.
Using template $paramod$215440792383f7884e57d9c95f84e9552d0bf4ac\_90_alu for cells of type $alu.
Using template $paramod$b8c0a997bce700f23568a5ada79cc6781d1f5ca0\_90_alu for cells of type $alu.
Using template $paramod$081ba1a4a7201ecdb44563d3c3bd7013d1ebf4eb\_90_alu for cells of type $alu.
Using template $paramod$ce0ec84be7047712840b0952f343ee9e63ef75d1\_90_alu for cells of type $alu.
Using template $paramod$713617589782cfade849bb573b5c36106c4b708f\_90_alu for cells of type $alu.
Using template $paramod$fc972a7a46956c1788f3cb5257b53c8f1df2d0cc\_90_alu for cells of type $alu.
Using template $paramod$740b056ede97228d3eae64ea2fdc81f0a33e0fe7\_90_alu for cells of type $alu.
Using template $paramod$f956edc9fe4df758d9fdb10bfc518a364c99e75e\_90_alu for cells of type $alu.
Using template $paramod$ba698a254f9a5947e85cbe7beae6b161eefc5386\_90_alu for cells of type $alu.
Using extmapper simplemap for cells of type $or.
Using template $paramod$dbcdc7e8aa1a4080cea2deda6fdc8772064f4d90\_90_alu for cells of type $alu.
Using template $paramod$befd47b1c77b68561d11d0cb61a0fae29b79f34c\_90_alu for cells of type $alu.
Using template $paramod$cd54e322aa4265ca236096fe4bb634aaec4e39b4\_90_alu for cells of type $alu.
Using template $paramod$00298f3f8094950cb9a5ff2fda48d0d8bde8806c\_90_alu for cells of type $alu.
Using template $paramod$dad13a281fa6a9ffd6dd427a87dc9a952e80e9ea\_90_alu for cells of type $alu.
Using template $paramod$8b1a36ab2238111d2a0f4cb4ef2e14f2a55fc1f9\_90_alu for cells of type $alu.
Using template $paramod$8742280fdebca84e1c87f2a86ed84f62d558f4cc\_90_alu for cells of type $alu.
Using extmapper maccmap for cells of type $macc_v2.
  add \arm16_datapath_unit.ex_pc (16 bits, unsigned)
  add { \arm16_datapath_unit.ex_branch_imm 2'00 } (16 bits, unsigned)
  add 16'0000000000001000 (16 bits, unsigned)
Using extmapper simplemap for cells of type $reduce_bool.
Using extmapper simplemap for cells of type $ne.
Using extmapper simplemap for cells of type $eq.
Using extmapper simplemap for cells of type $logic_not.
Using template $paramod$constmap:88952c1ff051e75f3f1c8b84865a914790fe4508$paramod$d26ceb004b1c92f0df605bf9b3fc829369ac4a34\_90_shift_shiftx for cells of type $shift.
Analyzing pattern of constant bits for this cell:
Creating constmapped module `$paramod$constmap:46d59c0e1e31d2a2b4d2d477e1d35763dea5517b$paramod$d26ceb004b1c92f0df605bf9b3fc829369ac4a34\_90_shift_shiftx'.

15.22.59. Executing OPT_MUXTREE pass (detect dead branches in mux trees).
Running muxtree optimizer on module $paramod$constmap:46d59c0e1e31d2a2b4d2d477e1d35763dea5517b$paramod$d26ceb004b1c92f0df605bf9b3fc829369ac4a34\_90_shift_shiftx..
  Creating internal representation of mux trees.
  Evaluating internal representation of mux trees.
  Analyzing evaluation results.
    dead port 2/2 on $mux $procmux$6028.
    dead port 2/2 on $mux $procmux$6034.
    dead port 2/2 on $mux $procmux$6040.
    dead port 2/2 on $mux $procmux$6046.
    dead port 2/2 on $mux $procmux$6052.
    dead port 2/2 on $mux $procmux$6058.
Removed 6 multiplexer ports.
<suppressed ~1856 debug messages>

15.22.60. Executing OPT_EXPR pass (perform const folding).
Optimizing module $paramod$constmap:46d59c0e1e31d2a2b4d2d477e1d35763dea5517b$paramod$d26ceb004b1c92f0df605bf9b3fc829369ac4a34\_90_shift_shiftx.
<suppressed ~28 debug messages>
Removed 0 unused cells and 11 unused wires.
Using template $paramod$constmap:46d59c0e1e31d2a2b4d2d477e1d35763dea5517b$paramod$d26ceb004b1c92f0df605bf9b3fc829369ac4a34\_90_shift_shiftx for cells of type $shift.
Using template $paramod$constmap:c96aacc3ffd58e713972cd390773c5a4617b6725$paramod$92adee9538f2381d8e5006822c900eb986d754e8\_90_shift_shiftx for cells of type $shiftx.
Using extmapper simplemap for cells of type $xor.
Using template $paramod$constmap:0f24df289edf886cd57ffae38e09d1c0c42aecd5$paramod$b1f8e9a58fee383a65180922397f7058048191fe\_90_shift_ops_shr_shl_sshl_sshr for cells of type $shl.
Using template $paramod$constmap:0f24df289edf886cd57ffae38e09d1c0c42aecd5$paramod$e31da3c1e7d1078ed1477dabeabe646dcd7d3c9b\_90_shift_ops_shr_shl_sshl_sshr for cells of type $shr.
Using extmapper simplemap for cells of type $adff.
Using template $paramod\_90_fa\WIDTH=32'00000000000000000000000000010000 for cells of type $fa.
Using template $paramod$6df0329addda9228fcc2546de2aaf14ad26c98e1\_90_alu for cells of type $alu.
Using template $paramod\_90_fa\WIDTH=32'00000000000000000000000000000111 for cells of type $fa.
Using template $paramod\_90_lcu_brent_kung\WIDTH=32'00000000000000000000000000000111 for cells of type $lcu.
Using extmapper simplemap for cells of type $pos.
Using template $paramod\_90_fa\WIDTH=32'00000000000000000000000000000011 for cells of type $fa.
Using template $paramod\_90_lcu_brent_kung\WIDTH=32'00000000000000000000000000000011 for cells of type $lcu.
Using template $paramod\_90_fa\WIDTH=32'00000000000000000000000000000010 for cells of type $fa.
Using template $paramod\_90_lcu_brent_kung\WIDTH=32'00000000000000000000000000000010 for cells of type $lcu.
Using template $paramod\_90_fa\WIDTH=32'00000000000000000000000000001010 for cells of type $fa.
Using template $paramod\_90_lcu_brent_kung\WIDTH=32'00000000000000000000000000001010 for cells of type $lcu.
Using template $paramod\_90_fa\WIDTH=32'00000000000000000000000000000100 for cells of type $fa.
Using template $paramod\_90_lcu_brent_kung\WIDTH=32'00000000000000000000000000000100 for cells of type $lcu.
Using template $paramod\_90_fa\WIDTH=32'00000000000000000000000000000001 for cells of type $fa.
Using template $paramod\_90_lcu_brent_kung\WIDTH=32'00000000000000000000000000000001 for cells of type $lcu.
Using template $paramod\_90_fa\WIDTH=32'00000000000000000000000000001110 for cells of type $fa.
Using template $paramod\_90_lcu_brent_kung\WIDTH=32'00000000000000000000000000001110 for cells of type $lcu.
Using template $paramod\_90_fa\WIDTH=32'00000000000000000000000000010100 for cells of type $fa.
Using template $paramod\_90_lcu_brent_kung\WIDTH=32'00000000000000000000000000010100 for cells of type $lcu.
Using template $paramod\_90_fa\WIDTH=32'00000000000000000000000000010001 for cells of type $fa.
Using template $paramod\_90_lcu_brent_kung\WIDTH=32'00000000000000000000000000010001 for cells of type $lcu.
Using template $paramod\_90_fa\WIDTH=32'00000000000000000000000000000101 for cells of type $fa.
Using template $paramod\_90_lcu_brent_kung\WIDTH=32'00000000000000000000000000000101 for cells of type $lcu.
Using template $paramod\_90_fa\WIDTH=32'00000000000000000000000000000110 for cells of type $fa.
Using template $paramod\_90_lcu_brent_kung\WIDTH=32'00000000000000000000000000000110 for cells of type $lcu.
Using template $paramod\_90_fa\WIDTH=32'00000000000000000000000000001001 for cells of type $fa.
Using template $paramod\_90_lcu_brent_kung\WIDTH=32'00000000000000000000000000001001 for cells of type $lcu.
Using template $paramod\_90_fa\WIDTH=32'00000000000000000000000000001000 for cells of type $fa.
Using template $paramod\_90_lcu_brent_kung\WIDTH=32'00000000000000000000000000001000 for cells of type $lcu.
Using template $paramod\_90_fa\WIDTH=32'00000000000000000000000000001101 for cells of type $fa.
Using template $paramod\_90_lcu_brent_kung\WIDTH=32'00000000000000000000000000001101 for cells of type $lcu.
Using template $paramod\_90_fa\WIDTH=32'00000000000000000000000000100001 for cells of type $fa.
Using template $paramod\_90_lcu_brent_kung\WIDTH=32'00000000000000000000000000100001 for cells of type $lcu.
Using template $paramod\_90_lcu_brent_kung\WIDTH=32'00000000000000000000000000010000 for cells of type $lcu.
No more expansions possible.
<suppressed ~4539 debug messages>

15.23. Executing OPT pass (performing simple optimizations).

15.23.1. Executing OPT_EXPR pass (perform const folding).
Optimizing module tt_um_moein_maleki_arm16.
<suppressed ~4349 debug messages>

15.23.2. Executing OPT_MERGE pass (detect identical cells).
Finding identical cells in module `\tt_um_moein_maleki_arm16'.
Computing hashes of 5434 cells of `\tt_um_moein_maleki_arm16'.
Finding duplicate cells in `\tt_um_moein_maleki_arm16'.
Computing hashes of 5027 cells of `\tt_um_moein_maleki_arm16'.
Finding duplicate cells in `\tt_um_moein_maleki_arm16'.
Computing hashes of 4901 cells of `\tt_um_moein_maleki_arm16'.
Finding duplicate cells in `\tt_um_moein_maleki_arm16'.
Computing hashes of 4869 cells of `\tt_um_moein_maleki_arm16'.
Finding duplicate cells in `\tt_um_moein_maleki_arm16'.
Computing hashes of 4839 cells of `\tt_um_moein_maleki_arm16'.
Finding duplicate cells in `\tt_um_moein_maleki_arm16'.
Computing hashes of 4809 cells of `\tt_um_moein_maleki_arm16'.
Finding duplicate cells in `\tt_um_moein_maleki_arm16'.
Computing hashes of 4757 cells of `\tt_um_moein_maleki_arm16'.
Finding duplicate cells in `\tt_um_moein_maleki_arm16'.
Computing hashes of 4732 cells of `\tt_um_moein_maleki_arm16'.
Finding duplicate cells in `\tt_um_moein_maleki_arm16'.
Computing hashes of 4731 cells of `\tt_um_moein_maleki_arm16'.
Finding duplicate cells in `\tt_um_moein_maleki_arm16'.
Computing hashes of 4730 cells of `\tt_um_moein_maleki_arm16'.
Finding duplicate cells in `\tt_um_moein_maleki_arm16'.
Computing hashes of 4729 cells of `\tt_um_moein_maleki_arm16'.
Finding duplicate cells in `\tt_um_moein_maleki_arm16'.
Computing hashes of 4728 cells of `\tt_um_moein_maleki_arm16'.
Finding duplicate cells in `\tt_um_moein_maleki_arm16'.
Computing hashes of 4727 cells of `\tt_um_moein_maleki_arm16'.
Finding duplicate cells in `\tt_um_moein_maleki_arm16'.
Computing hashes of 4726 cells of `\tt_um_moein_maleki_arm16'.
Finding duplicate cells in `\tt_um_moein_maleki_arm16'.
Computing hashes of 4725 cells of `\tt_um_moein_maleki_arm16'.
Finding duplicate cells in `\tt_um_moein_maleki_arm16'.
Computing hashes of 4724 cells of `\tt_um_moein_maleki_arm16'.
Finding duplicate cells in `\tt_um_moein_maleki_arm16'.
Computing hashes of 4723 cells of `\tt_um_moein_maleki_arm16'.
Finding duplicate cells in `\tt_um_moein_maleki_arm16'.
Computing hashes of 4722 cells of `\tt_um_moein_maleki_arm16'.
Finding duplicate cells in `\tt_um_moein_maleki_arm16'.
Computing hashes of 4721 cells of `\tt_um_moein_maleki_arm16'.
Finding duplicate cells in `\tt_um_moein_maleki_arm16'.
Computing hashes of 4720 cells of `\tt_um_moein_maleki_arm16'.
Finding duplicate cells in `\tt_um_moein_maleki_arm16'.
Computing hashes of 4719 cells of `\tt_um_moein_maleki_arm16'.
Finding duplicate cells in `\tt_um_moein_maleki_arm16'.
Computing hashes of 4718 cells of `\tt_um_moein_maleki_arm16'.
Finding duplicate cells in `\tt_um_moein_maleki_arm16'.
Computing hashes of 4717 cells of `\tt_um_moein_maleki_arm16'.
Finding duplicate cells in `\tt_um_moein_maleki_arm16'.
Computing hashes of 4716 cells of `\tt_um_moein_maleki_arm16'.
Finding duplicate cells in `\tt_um_moein_maleki_arm16'.
Computing hashes of 4715 cells of `\tt_um_moein_maleki_arm16'.
Finding duplicate cells in `\tt_um_moein_maleki_arm16'.
Computing hashes of 4714 cells of `\tt_um_moein_maleki_arm16'.
Finding duplicate cells in `\tt_um_moein_maleki_arm16'.
Computing hashes of 4713 cells of `\tt_um_moein_maleki_arm16'.
Finding duplicate cells in `\tt_um_moein_maleki_arm16'.
<suppressed ~2163 debug messages>
Removed a total of 721 cells.

15.23.3. Executing OPT_DFF pass (perform DFF optimizations).
Adding SRST signal on $auto$ff.cc:337:slice$3367 ($_DFF_P_) from module tt_um_moein_maleki_arm16 (D = $memory$flatten\arm16_datapath_unit.\demo_rom_unit.$auto$proc_rom.cc:155:do_switch$444$rdmux[0][0][0]$b$2892 [4], Q = \arm16_datapath_unit.rom_word [27], rval = 1'0).
Adding SRST signal on $auto$ff.cc:337:slice$3369 ($_DFF_P_) from module tt_um_moein_maleki_arm16 (D = $memory$flatten\arm16_datapath_unit.\demo_rom_unit.$auto$proc_rom.cc:155:do_switch$444$rdmux[0][1][1]$b$2898 [16], Q = \arm16_datapath_unit.rom_word [30], rval = 1'1).

15.23.4. Executing OPT_CLEAN pass (remove unused cells and wires).
Finding unused cells or wires in module \tt_um_moein_maleki_arm16..
Removed 306 unused cells and 2706 unused wires.
<suppressed ~308 debug messages>

15.23.5. Rerunning OPT passes. (Removed registers in this run.)

15.23.6. Executing OPT_EXPR pass (perform const folding).
Optimizing module tt_um_moein_maleki_arm16.
<suppressed ~33 debug messages>

15.23.7. Executing OPT_MERGE pass (detect identical cells).
Finding identical cells in module `\tt_um_moein_maleki_arm16'.
Computing hashes of 4375 cells of `\tt_um_moein_maleki_arm16'.
Finding duplicate cells in `\tt_um_moein_maleki_arm16'.
Computing hashes of 4373 cells of `\tt_um_moein_maleki_arm16'.
Finding duplicate cells in `\tt_um_moein_maleki_arm16'.
<suppressed ~6 debug messages>
Removed a total of 2 cells.

15.23.8. Executing OPT_DFF pass (perform DFF optimizations).

15.23.9. Executing OPT_CLEAN pass (remove unused cells and wires).
Finding unused cells or wires in module \tt_um_moein_maleki_arm16..
Removed 0 unused cells and 31 unused wires.
<suppressed ~1 debug messages>

15.23.10. Finished fast OPT passes.

15.24. Executing ABC pass (technology mapping using ABC).

15.24.1. Extracting gate netlist of module `\tt_um_moein_maleki_arm16' to `<abc-temp-dir>/input.blif'..
Replacing 2 occurrences of constant undef bits with constant zero bits

15.24.1.1. Executed ABC.
Extracted 3635 gates and 4348 wires to a netlist network with 710 inputs and 395 outputs.
Running ABC script: <abc-temp-dir>/abc.script
ABC: UC Berkeley, ABC 1.01 (compiled Jul 16 2026 03:52:11)
ABC: abc 01> empty
ABC: abc 01> source <abc-temp-dir>/abc.script
ABC: + read_blif <abc-temp-dir>/input.blif 
ABC: + read_library <abc-temp-dir>/stdcells.genlib 
ABC: + strash 
ABC: + &get -n 
ABC: + &fraig -x 
ABC: + &put 
ABC: + scorr 
ABC: Warning: The network is combinational (run "fraig" or "fraig_sweep").
ABC: + dc2 
ABC: + dretime 
ABC: + strash 
ABC: + &get -n 
ABC: + &dch -f 
ABC: + &nf 
ABC: + &put 
ABC: + write_blif <abc-temp-dir>/output.blif 
ABC: 
ABC: YOSYS_ABC_DONE 

15.24.1.2. Re-integrating ABC results.
ABC RESULTS:               AND cells:      757
ABC RESULTS:            ANDNOT cells:      233
ABC RESULTS:               MUX cells:      442
ABC RESULTS:              NAND cells:     1017
ABC RESULTS:               NOR cells:      162
ABC RESULTS:               NOT cells:       28
ABC RESULTS:                OR cells:      325
ABC RESULTS:             ORNOT cells:      188
ABC RESULTS:              XNOR cells:       87
ABC RESULTS:               XOR cells:      102
ABC RESULTS:        internal signals:     3243
ABC RESULTS:           input signals:      710
ABC RESULTS:          output signals:      395
Removing temp directory.
Removing global temp directory.

15.25. Executing OPT pass (performing simple optimizations).

15.25.1. Executing OPT_EXPR pass (perform const folding).
Optimizing module tt_um_moein_maleki_arm16.

15.25.2. Executing OPT_MERGE pass (detect identical cells).
Finding identical cells in module `\tt_um_moein_maleki_arm16'.
Computing hashes of 4079 cells of `\tt_um_moein_maleki_arm16'.
Finding duplicate cells in `\tt_um_moein_maleki_arm16'.
Computing hashes of 4078 cells of `\tt_um_moein_maleki_arm16'.
Finding duplicate cells in `\tt_um_moein_maleki_arm16'.
<suppressed ~3 debug messages>
Removed a total of 1 cells.

15.25.3. Executing OPT_DFF pass (perform DFF optimizations).

15.25.4. Executing OPT_CLEAN pass (remove unused cells and wires).
Finding unused cells or wires in module \tt_um_moein_maleki_arm16..
Removed 0 unused cells and 2701 unused wires.
<suppressed ~150 debug messages>

15.25.5. Finished fast OPT passes.

15.26. Executing HIERARCHY pass (managing design hierarchy).
Attribute `top' found on module `tt_um_moein_maleki_arm16'. Setting top module to tt_um_moein_maleki_arm16.

15.26.1. Analyzing design hierarchy..
Top module:  \tt_um_moein_maleki_arm16

15.26.2. Analyzing design hierarchy..
Top module:  \tt_um_moein_maleki_arm16
Removed 0 unused modules.

15.27. Printing statistics.

=== tt_um_moein_maleki_arm16 ===

        +----------Local Count, excluding submodules.
        | 
     3423 wires
     4981 wire bits
      293 public wires
     1768 public wire bits
        8 ports
       43 port bits
     4078 cells
      233   $_ANDNOT_
      757   $_AND_
      240   $_DFFE_NP_
       36   $_DFFE_PP_
        1   $_DFF_N_
        2   $_DFF_PN1_
       34   $_DFF_P_
      441   $_MUX_
     1017   $_NAND_
      162   $_NOR_
       28   $_NOT_
      188   $_ORNOT_
      325   $_OR_
      168   $_SDFFE_PP0N_
      193   $_SDFFE_PP0P_
       13   $_SDFFE_PP1P_
       11   $_SDFF_PN0_
        2   $_SDFF_PN1_
       23   $_SDFF_PP0_
        2   $_SDFF_PP1_
       87   $_XNOR_
      102   $_XOR_
       13   $scopeinfo

15.28. Executing CHECK pass (checking for obvious problems).
Checking module tt_um_moein_maleki_arm16...
Found and reported 0 problems.

16. Executing DFFLIBMAP pass (mapping DFF cells to sequential cells from liberty file).
  cell sky130_fd_sc_hd__dfxtp_1 (noninv, pins=3, area=20.02) is a direct match for cell type $_DFF_P_.
  cell sky130_fd_sc_hd__dfrtn_1 (noninv, pins=4, area=25.02) is a direct match for cell type $_DFF_NN0_.
  cell sky130_fd_sc_hd__dfrtp_1 (noninv, pins=4, area=25.02) is a direct match for cell type $_DFF_PN0_.
  cell sky130_fd_sc_hd__dfstp_2 (noninv, pins=4, area=26.28) is a direct match for cell type $_DFF_PN1_.
  cell sky130_fd_sc_hd__edfxtp_1 (noninv, pins=4, area=30.03) is a direct match for cell type $_DFFE_PP_.
  cell sky130_fd_sc_hd__dfbbn_1 (noninv, pins=6, area=32.53) is a direct match for cell type $_DFFSR_NNN_.
  cell sky130_fd_sc_hd__dfbbp_1 (noninv, pins=6, area=32.53) is a direct match for cell type $_DFFSR_PNN_.
  final dff cell mappings:
    unmapped dff cell: $_DFF_N_
    \sky130_fd_sc_hd__dfxtp_1 _DFF_P_ (.CLK( C), .D( D), .Q( Q));
    \sky130_fd_sc_hd__dfrtn_1 _DFF_NN0_ (.CLK_N( C), .D( D), .Q( Q), .RESET_B( R));
    unmapped dff cell: $_DFF_NN1_
    unmapped dff cell: $_DFF_NP0_
    unmapped dff cell: $_DFF_NP1_
    \sky130_fd_sc_hd__dfrtp_1 _DFF_PN0_ (.CLK( C), .D( D), .Q( Q), .RESET_B( R));
    \sky130_fd_sc_hd__dfstp_2 _DFF_PN1_ (.CLK( C), .D( D), .Q( Q), .SET_B( R));
    unmapped dff cell: $_DFF_PP0_
    unmapped dff cell: $_DFF_PP1_
    unmapped dff cell: $_DFFE_NN_
    unmapped dff cell: $_DFFE_NP_
    unmapped dff cell: $_DFFE_PN_
    \sky130_fd_sc_hd__edfxtp_1 _DFFE_PP_ (.CLK( C), .D( D), .DE( E), .Q( Q));
    \sky130_fd_sc_hd__dfbbn_1 _DFFSR_NNN_ (.CLK_N( C), .D( D), .Q( Q), .Q_N(~Q), .RESET_B( R), .SET_B( S));
    unmapped dff cell: $_DFFSR_NNP_
    unmapped dff cell: $_DFFSR_NPN_
    unmapped dff cell: $_DFFSR_NPP_
    \sky130_fd_sc_hd__dfbbp_1 _DFFSR_PNN_ (.CLK( C), .D( D), .Q( Q), .Q_N(~Q), .RESET_B( R), .SET_B( S));
    unmapped dff cell: $_DFFSR_PNP_
    unmapped dff cell: $_DFFSR_PPN_
    unmapped dff cell: $_DFFSR_PPP_

16.1. Executing DFFLEGALIZE pass (convert FFs to types supported by the target).
<suppressed ~24 debug messages>
Mapping DFF cells in module `\tt_um_moein_maleki_arm16':
  mapped 276 $_DFFE_PP_ cells to \sky130_fd_sc_hd__edfxtp_1 cells.
  mapped 2 $_DFF_PN1_ cells to \sky130_fd_sc_hd__dfstp_2 cells.
  mapped 447 $_DFF_P_ cells to \sky130_fd_sc_hd__dfxtp_1 cells.

17. Executing ABC pass (technology mapping using ABC).

17.1. Extracting gate netlist of module `\tt_um_moein_maleki_arm16' to `<abc-temp-dir>/input.blif'..
ABC: using cached merged SCL: /tmp/yosys-liberty-scl-cache/yosys_merged_26d78acf.scl (1 files)

17.1.1. Executed ABC.
Extracted 4367 gates and 5104 wires to a netlist network with 735 inputs and 725 outputs.
Running ABC script: <abc-temp-dir>/abc.script
ABC: UC Berkeley, ABC 1.01 (compiled Jul 16 2026 03:52:11)
ABC: abc 01> empty
ABC: abc 01> source <abc-temp-dir>/abc.script
ABC: + read_blif <abc-temp-dir>/input.blif 
ABC: + read_scl /tmp/yosys-liberty-scl-cache/yosys_merged_26d78acf.scl 
ABC: Warning: Detected 9 multi-output cells (for example, "sky130_fd_sc_hd__fa_1").
ABC: + strash 
ABC: + &get -n 
ABC: + &fraig -x 
ABC: + &put 
ABC: + scorr 
ABC: Warning: The network is combinational (run "fraig" or "fraig_sweep").
ABC: + dc2 
ABC: + dretime 
ABC: + strash 
ABC: + &get -n 
ABC: + &dch -f 
ABC: + &nf 
ABC: + &put 
ABC: + write_blif <abc-temp-dir>/output.blif 
ABC: 
ABC: YOSYS_ABC_DONE 

17.1.2. Re-integrating ABC results.
ABC RESULTS:   sky130_fd_sc_hd__a2111oi_0 cells:       16
ABC RESULTS:   sky130_fd_sc_hd__a211o_1 cells:       10
ABC RESULTS:   sky130_fd_sc_hd__a211oi_1 cells:       75
ABC RESULTS:   sky130_fd_sc_hd__a21boi_0 cells:        1
ABC RESULTS:   sky130_fd_sc_hd__a21o_1 cells:        7
ABC RESULTS:   sky130_fd_sc_hd__a21oi_1 cells:      345
ABC RESULTS:   sky130_fd_sc_hd__a221o_1 cells:       11
ABC RESULTS:   sky130_fd_sc_hd__a221oi_1 cells:       64
ABC RESULTS:   sky130_fd_sc_hd__a222oi_1 cells:       22
ABC RESULTS:   sky130_fd_sc_hd__a22o_1 cells:       43
ABC RESULTS:   sky130_fd_sc_hd__a22oi_1 cells:       81
ABC RESULTS:   sky130_fd_sc_hd__a2bb2oi_1 cells:        1
ABC RESULTS:   sky130_fd_sc_hd__a311oi_1 cells:       16
ABC RESULTS:   sky130_fd_sc_hd__a31o_1 cells:        2
ABC RESULTS:   sky130_fd_sc_hd__a31oi_1 cells:       25
ABC RESULTS:   sky130_fd_sc_hd__a32o_1 cells:       13
ABC RESULTS:   sky130_fd_sc_hd__a32oi_1 cells:        9
ABC RESULTS:   sky130_fd_sc_hd__and2_0 cells:       40
ABC RESULTS:   sky130_fd_sc_hd__and3_1 cells:       31
ABC RESULTS:   sky130_fd_sc_hd__and4_1 cells:        3
ABC RESULTS:   sky130_fd_sc_hd__clkinv_1 cells:      292
ABC RESULTS:   sky130_fd_sc_hd__lpflow_inputiso1p_1 cells:       29
ABC RESULTS:   sky130_fd_sc_hd__lpflow_isobufsrc_1 cells:       38
ABC RESULTS:   sky130_fd_sc_hd__maj3_1 cells:        5
ABC RESULTS:   sky130_fd_sc_hd__mux2_1 cells:       52
ABC RESULTS:   sky130_fd_sc_hd__mux2i_1 cells:       99
ABC RESULTS:   sky130_fd_sc_hd__nand2_1 cells:      423
ABC RESULTS:   sky130_fd_sc_hd__nand2b_1 cells:       23
ABC RESULTS:   sky130_fd_sc_hd__nand3_1 cells:       47
ABC RESULTS:   sky130_fd_sc_hd__nand3b_1 cells:        3
ABC RESULTS:   sky130_fd_sc_hd__nand4_1 cells:       16
ABC RESULTS:   sky130_fd_sc_hd__nand4b_1 cells:        3
ABC RESULTS:   sky130_fd_sc_hd__nand4bb_1 cells:        1
ABC RESULTS:   sky130_fd_sc_hd__nor2_1 cells:      541
ABC RESULTS:   sky130_fd_sc_hd__nor2b_1 cells:        7
ABC RESULTS:   sky130_fd_sc_hd__nor3_1 cells:      145
ABC RESULTS:   sky130_fd_sc_hd__nor3b_1 cells:        8
ABC RESULTS:   sky130_fd_sc_hd__nor4_1 cells:       16
ABC RESULTS:   sky130_fd_sc_hd__nor4b_1 cells:        3
ABC RESULTS:   sky130_fd_sc_hd__nor4bb_1 cells:        3
ABC RESULTS:   sky130_fd_sc_hd__o2111a_1 cells:        4
ABC RESULTS:   sky130_fd_sc_hd__o2111ai_1 cells:        6
ABC RESULTS:   sky130_fd_sc_hd__o211a_1 cells:       10
ABC RESULTS:   sky130_fd_sc_hd__o211ai_1 cells:       22
ABC RESULTS:   sky130_fd_sc_hd__o21a_1 cells:        8
ABC RESULTS:   sky130_fd_sc_hd__o21ai_0 cells:      337
ABC RESULTS:   sky130_fd_sc_hd__o21bai_1 cells:        1
ABC RESULTS:   sky130_fd_sc_hd__o221a_1 cells:        1
ABC RESULTS:   sky130_fd_sc_hd__o221ai_1 cells:       21
ABC RESULTS:   sky130_fd_sc_hd__o22a_1 cells:        3
ABC RESULTS:   sky130_fd_sc_hd__o22ai_1 cells:       87
ABC RESULTS:   sky130_fd_sc_hd__o2bb2ai_1 cells:        2
ABC RESULTS:   sky130_fd_sc_hd__o311a_1 cells:        4
ABC RESULTS:   sky130_fd_sc_hd__o311ai_0 cells:        5
ABC RESULTS:   sky130_fd_sc_hd__o31a_1 cells:        1
ABC RESULTS:   sky130_fd_sc_hd__o31ai_1 cells:        9
ABC RESULTS:   sky130_fd_sc_hd__o32a_1 cells:        1
ABC RESULTS:   sky130_fd_sc_hd__o32ai_1 cells:        4
ABC RESULTS:   sky130_fd_sc_hd__o41ai_1 cells:        3
ABC RESULTS:   sky130_fd_sc_hd__or3_1 cells:       14
ABC RESULTS:   sky130_fd_sc_hd__or3b_1 cells:        1
ABC RESULTS:   sky130_fd_sc_hd__or4_1 cells:        3
ABC RESULTS:   sky130_fd_sc_hd__or4b_1 cells:        2
ABC RESULTS:   sky130_fd_sc_hd__xnor2_1 cells:       77
ABC RESULTS:   sky130_fd_sc_hd__xor2_1 cells:       40
ABC RESULTS:        internal signals:     3644
ABC RESULTS:           input signals:      735
ABC RESULTS:          output signals:      725
Removing temp directory.
Removing global temp directory.

18. Executing OPT_CLEAN pass (remove unused cells and wires).
Finding unused cells or wires in module \tt_um_moein_maleki_arm16..
Removed 13 unused cells and 5117 unused wires.
<suppressed ~200 debug messages>

19. Printing statistics.

=== tt_um_moein_maleki_arm16 ===

        +----------Local Count, excluding submodules.
        |        +-Local Area, excluding submodules.
        |        | 
     3303        - wires
     4053        - wire bits
      107        - public wires
      827        - public wire bits
        8        - ports
       43        - port bits
     3960 3.53E+04 cells
       16  140.134   sky130_fd_sc_hd__a2111oi_0
       10   87.584   sky130_fd_sc_hd__a211o_1
       75   563.04   sky130_fd_sc_hd__a211oi_1
        1    7.507   sky130_fd_sc_hd__a21boi_0
        7    52.55   sky130_fd_sc_hd__a21o_1
      345 1.73E+03   sky130_fd_sc_hd__a21oi_1
       11  110.106   sky130_fd_sc_hd__a221o_1
       64  560.538   sky130_fd_sc_hd__a221oi_1
       22  220.211   sky130_fd_sc_hd__a222oi_1
       43  376.611   sky130_fd_sc_hd__a22o_1
       81  608.083   sky130_fd_sc_hd__a22oi_1
        1    8.758   sky130_fd_sc_hd__a2bb2oi_1
       16  140.134   sky130_fd_sc_hd__a311oi_1
        2   17.517   sky130_fd_sc_hd__a31o_1
       25    156.4   sky130_fd_sc_hd__a31oi_1
       13  130.125   sky130_fd_sc_hd__a32o_1
        9   78.826   sky130_fd_sc_hd__a32oi_1
       40   250.24   sky130_fd_sc_hd__and2_0
       31  193.936   sky130_fd_sc_hd__and3_1
        3   26.275   sky130_fd_sc_hd__and4_1
      292  1.1E+03   sky130_fd_sc_hd__clkinv_1
        2    52.55   sky130_fd_sc_hd__dfstp_2
      447 8.95E+03   sky130_fd_sc_hd__dfxtp_1
      276 8.29E+03   sky130_fd_sc_hd__edfxtp_1
       29  181.424   sky130_fd_sc_hd__lpflow_inputiso1p_1
       38  237.728   sky130_fd_sc_hd__lpflow_isobufsrc_1
        5   50.048   sky130_fd_sc_hd__maj3_1
       52  585.562   sky130_fd_sc_hd__mux2_1
       99   990.95   sky130_fd_sc_hd__mux2i_1
      423 1.59E+03   sky130_fd_sc_hd__nand2_1
       23  143.888   sky130_fd_sc_hd__nand2b_1
       47  235.226   sky130_fd_sc_hd__nand3_1
        3   22.522   sky130_fd_sc_hd__nand3b_1
       16  100.096   sky130_fd_sc_hd__nand4_1
        3   26.275   sky130_fd_sc_hd__nand4b_1
        1   11.261   sky130_fd_sc_hd__nand4bb_1
      541 2.03E+03   sky130_fd_sc_hd__nor2_1
        7   43.792   sky130_fd_sc_hd__nor2b_1
      145  725.696   sky130_fd_sc_hd__nor3_1
        8   60.058   sky130_fd_sc_hd__nor3b_1
       16  100.096   sky130_fd_sc_hd__nor4_1
        3   26.275   sky130_fd_sc_hd__nor4b_1
        3   30.029   sky130_fd_sc_hd__nor4bb_1
        4   45.043   sky130_fd_sc_hd__o2111a_1
        6    52.55   sky130_fd_sc_hd__o2111ai_1
       10  100.096   sky130_fd_sc_hd__o211a_1
       22  165.158   sky130_fd_sc_hd__o211ai_1
        8   60.058   sky130_fd_sc_hd__o21a_1
      337 1.69E+03   sky130_fd_sc_hd__o21ai_0
        1    7.507   sky130_fd_sc_hd__o21bai_1
        1   11.261   sky130_fd_sc_hd__o221a_1
       21  183.926   sky130_fd_sc_hd__o221ai_1
        3   26.275   sky130_fd_sc_hd__o22a_1
       87  544.272   sky130_fd_sc_hd__o22ai_1
        2   17.517   sky130_fd_sc_hd__o2bb2ai_1
        4   40.038   sky130_fd_sc_hd__o311a_1
        5   43.792   sky130_fd_sc_hd__o311ai_0
        1    8.758   sky130_fd_sc_hd__o31a_1
        9   67.565   sky130_fd_sc_hd__o31ai_1
        1    10.01   sky130_fd_sc_hd__o32a_1
        4   35.034   sky130_fd_sc_hd__o32ai_1
        3   26.275   sky130_fd_sc_hd__o41ai_1
       14   87.584   sky130_fd_sc_hd__or3_1
        1    8.758   sky130_fd_sc_hd__or3b_1
        3   22.522   sky130_fd_sc_hd__or4_1
        2   20.019   sky130_fd_sc_hd__or4b_1
       77  674.397   sky130_fd_sc_hd__xnor2_1
       40  350.336   sky130_fd_sc_hd__xor2_1

   Chip area for module '\tt_um_moein_maleki_arm16': 35325.129600
     of which used for sequential elements: 17289.081600 (48.94%)

End of script. Logfile hash: ca748f79d5, time: 1.57s, user: 0.81s, system: 0.02s, MEM: 54.88 MB peak
Yosys 0.67+40 (git sha1 45ea2b8d6-dirty, Release, Clang /usr/bin/clang++ 18.1.8)
Time spent: 52% 2x abc (0 sec), 8% 64x opt_expr (0 sec), ...
