
 /----------------------------------------------------------------------------\
 |  yosys -- Yosys Open SYnthesis Suite                                       |
 |  Copyright (C) 2012 - 2026  Claire Xenia Wolf <claire@yosyshq.com>         |
 |  Distributed under an ISC-like license, type "license" to see terms        |
 \----------------------------------------------------------------------------/
 Yosys 0.67+40 (git sha1 45ea2b8d6-dirty, Release, Clang /usr/bin/clang++ 18.1.8)

-- Running command `read_verilog src/alu.v src/arm16_controller.v src/arm16_datapath.v src/barrel_shifter.v src/condition_checker.v src/demo_rom.v src/forwarding_selector.v src/hazard_detector.v src/instruction_decoder.v src/project.v src/qspi_master.v src/register_file.v src/reset_synchronizer.v src/vga_renderer.v; synth -top tt_um_moein_maleki_arm16 -flatten; dfflibmap -liberty /home/moein/.ciel/ciel/sky130/versions/8afc8346a57fe1ab7934ba5a6056ea8b43078e71/sky130A/libs.ref/sky130_fd_sc_hd/lib/sky130_fd_sc_hd__tt_025C_1v80.lib; abc -liberty /home/moein/.ciel/ciel/sky130/versions/8afc8346a57fe1ab7934ba5a6056ea8b43078e71/sky130A/libs.ref/sky130_fd_sc_hd/lib/sky130_fd_sc_hd__tt_025C_1v80.lib; opt_clean -purge; stat -liberty /home/moein/.ciel/ciel/sky130/versions/8afc8346a57fe1ab7934ba5a6056ea8b43078e71/sky130A/libs.ref/sky130_fd_sc_hd/lib/sky130_fd_sc_hd__tt_025C_1v80.lib' --

1. Executing Verilog-2005 frontend: src/alu.v
Parsing Verilog input from `src/alu.v' to AST representation.
Generating RTLIL representation for module `\alu'.
Successfully finished Verilog frontend.

2. Executing Verilog-2005 frontend: src/arm16_controller.v
Parsing Verilog input from `src/arm16_controller.v' to AST representation.
Generating RTLIL representation for module `\arm16_controller'.
Successfully finished Verilog frontend.

3. Executing Verilog-2005 frontend: src/arm16_datapath.v
Parsing Verilog input from `src/arm16_datapath.v' to AST representation.
Generating RTLIL representation for module `\arm16_datapath'.
Successfully finished Verilog frontend.

4. Executing Verilog-2005 frontend: src/barrel_shifter.v
Parsing Verilog input from `src/barrel_shifter.v' to AST representation.
Generating RTLIL representation for module `\barrel_shifter'.
Successfully finished Verilog frontend.

5. Executing Verilog-2005 frontend: src/condition_checker.v
Parsing Verilog input from `src/condition_checker.v' to AST representation.
Generating RTLIL representation for module `\condition_checker'.
Successfully finished Verilog frontend.

6. Executing Verilog-2005 frontend: src/demo_rom.v
Parsing Verilog input from `src/demo_rom.v' to AST representation.
Generating RTLIL representation for module `\demo_rom'.
Successfully finished Verilog frontend.

7. Executing Verilog-2005 frontend: src/forwarding_selector.v
Parsing Verilog input from `src/forwarding_selector.v' to AST representation.
Generating RTLIL representation for module `\forwarding_selector'.
Successfully finished Verilog frontend.

8. Executing Verilog-2005 frontend: src/hazard_detector.v
Parsing Verilog input from `src/hazard_detector.v' to AST representation.
Generating RTLIL representation for module `\hazard_detector'.
Successfully finished Verilog frontend.

9. Executing Verilog-2005 frontend: src/instruction_decoder.v
Parsing Verilog input from `src/instruction_decoder.v' to AST representation.
Generating RTLIL representation for module `\instruction_decoder'.
Successfully finished Verilog frontend.

10. Executing Verilog-2005 frontend: src/project.v
Parsing Verilog input from `src/project.v' to AST representation.
Generating RTLIL representation for module `\tt_um_moein_maleki_arm16'.
Successfully finished Verilog frontend.

11. Executing Verilog-2005 frontend: src/qspi_master.v
Parsing Verilog input from `src/qspi_master.v' to AST representation.
Generating RTLIL representation for module `\qspi_master'.
Successfully finished Verilog frontend.

12. Executing Verilog-2005 frontend: src/register_file.v
Parsing Verilog input from `src/register_file.v' to AST representation.
Generating RTLIL representation for module `\register_file'.
Successfully finished Verilog frontend.

13. Executing Verilog-2005 frontend: src/reset_synchronizer.v
Parsing Verilog input from `src/reset_synchronizer.v' to AST representation.
Generating RTLIL representation for module `\reset_synchronizer'.
Successfully finished Verilog frontend.

14. Executing Verilog-2005 frontend: src/vga_renderer.v
Parsing Verilog input from `src/vga_renderer.v' to AST representation.
Generating RTLIL representation for module `\vga_renderer'.
Successfully finished Verilog frontend.

15. Executing SYNTH pass.

15.1. Executing HIERARCHY pass (managing design hierarchy).

15.1.1. Analyzing design hierarchy..
Top module:  \tt_um_moein_maleki_arm16
Used module:     \reset_synchronizer
Used module:     \arm16_datapath
Used module:         \vga_renderer
Used module:         \qspi_master
Used module:         \alu
Used module:         \barrel_shifter
Used module:         \forwarding_selector
Used module:         \hazard_detector
Used module:         \register_file
Used module:         \condition_checker
Used module:         \instruction_decoder
Used module:         \demo_rom
Used module:     \arm16_controller

15.1.2. Analyzing design hierarchy..
Top module:  \tt_um_moein_maleki_arm16
Used module:     \reset_synchronizer
Used module:     \arm16_datapath
Used module:         \vga_renderer
Used module:         \qspi_master
Used module:         \alu
Used module:         \barrel_shifter
Used module:         \forwarding_selector
Used module:         \hazard_detector
Used module:         \register_file
Used module:         \condition_checker
Used module:         \instruction_decoder
Used module:         \demo_rom
Used module:     \arm16_controller
Removed 0 unused modules.

15.2. Executing PROC pass (convert processes to netlists).

15.2.1. Executing PROC_CLEAN pass (remove empty switches from decision trees).
Cleaned up 0 empty switches.

15.2.2. Executing PROC_RMDEAD pass (remove dead branches from decision trees).
Marked 1 switch rules as full_case in process $proc$src/vga_renderer.v:99$296 in module vga_renderer.
Marked 1 switch rules as full_case in process $proc$src/vga_renderer.v:77$295 in module vga_renderer.
Marked 1 switch rules as full_case in process $proc$src/vga_renderer.v:67$294 in module vga_renderer.
Marked 1 switch rules as full_case in process $proc$src/vga_renderer.v:51$278 in module vga_renderer.
Marked 1 switch rules as full_case in process $proc$src/reset_synchronizer.v:13$260 in module reset_synchronizer.
Marked 1 switch rules as full_case in process $proc$src/register_file.v:20$253 in module register_file.
Marked 4 switch rules as full_case in process $proc$src/instruction_decoder.v:85$236 in module instruction_decoder.
Marked 5 switch rules as full_case in process $proc$src/forwarding_selector.v:17$190 in module forwarding_selector.
Removed 1 dead cases from process $proc$src/demo_rom.v:9$189 in module demo_rom.
Marked 1 switch rules as full_case in process $proc$src/demo_rom.v:9$189 in module demo_rom.
Marked 1 switch rules as full_case in process $proc$src/condition_checker.v:18$173 in module condition_checker.
Marked 3 switch rules as full_case in process $proc$src/barrel_shifter.v:39$167 in module barrel_shifter.
Marked 1 switch rules as full_case in process $proc$src/arm16_datapath.v:425$158 in module arm16_datapath.
Marked 1 switch rules as full_case in process $proc$src/arm16_datapath.v:415$157 in module arm16_datapath.
Marked 1 switch rules as full_case in process $proc$src/arm16_datapath.v:406$156 in module arm16_datapath.
Marked 2 switch rules as full_case in process $proc$src/arm16_datapath.v:389$152 in module arm16_datapath.
Marked 1 switch rules as full_case in process $proc$src/arm16_datapath.v:366$147 in module arm16_datapath.
Marked 1 switch rules as full_case in process $proc$src/arm16_datapath.v:357$146 in module arm16_datapath.
Marked 1 switch rules as full_case in process $proc$src/arm16_datapath.v:337$144 in module arm16_datapath.
Marked 1 switch rules as full_case in process $proc$src/arm16_datapath.v:316$142 in module arm16_datapath.
Marked 1 switch rules as full_case in process $proc$src/arm16_datapath.v:265$127 in module arm16_datapath.
Marked 1 switch rules as full_case in process $proc$src/arm16_datapath.v:252$125 in module arm16_datapath.
Marked 2 switch rules as full_case in process $proc$src/arm16_datapath.v:235$122 in module arm16_datapath.
Marked 3 switch rules as full_case in process $proc$src/arm16_controller.v:101$45 in module arm16_controller.
Marked 9 switch rules as full_case in process $proc$src/arm16_controller.v:61$37 in module arm16_controller.
Marked 1 switch rules as full_case in process $proc$src/arm16_controller.v:53$36 in module arm16_controller.
Marked 1 switch rules as full_case in process $proc$src/alu.v:42$10 in module alu.
Removed a total of 1 dead cases.

15.2.3. Executing PROC_PRUNE pass (remove redundant assignments in processes).
Removed 5 redundant assignments.
Promoted 55 assignments to connections.

15.2.4. Executing PROC_INIT pass (extract init attributes).

15.2.5. Executing PROC_ARST pass (detect async resets in processes).
Found async reset \rst_n in `\reset_synchronizer.$proc$src/reset_synchronizer.v:13$260'.

15.2.6. Executing PROC_ROM pass (convert switches to ROMs).
Converted 2 switches.
<suppressed ~59 debug messages>

15.2.7. Executing PROC_MUX pass (convert decision trees to multiplexers).
Creating decoders for process `\vga_renderer.$proc$src/vga_renderer.v:99$296'.
     1/1: $1\segment_on[0:0]
Creating decoders for process `\vga_renderer.$proc$src/vga_renderer.v:77$295'.
     1/1: $1\segments[6:0]
Creating decoders for process `\vga_renderer.$proc$src/vga_renderer.v:67$294'.
     1/1: $1\nibble[3:0]
Creating decoders for process `\vga_renderer.$proc$src/vga_renderer.v:51$278'.
     1/2: $0\h_count[9:0]
     2/2: $0\v_count[9:0]
Creating decoders for process `\reset_synchronizer.$proc$src/reset_synchronizer.v:13$260'.
     1/2: $0\sync_second[0:0]
     2/2: $0\sync_first[0:0]
Creating decoders for process `\register_file.$proc$src/register_file.v:20$253'.
     1/3: $1$memwr$\regs$src/register_file.v:22$250_EN[15:0]$259
     2/3: $1$memwr$\regs$src/register_file.v:22$250_DATA[15:0]$258
     3/3: $1$memwr$\regs$src/register_file.v:22$250_ADDR[3:0]$257
Creating decoders for process `\instruction_decoder.$proc$src/instruction_decoder.v:85$236'.
     1/36: $3\dest_out[3:0]
     2/36: $4\wb_en_out[0:0]
     3/36: $3\link_out[0:0]
     4/36: $3\is_branch_out[0:0]
     5/36: $2\src2_out[3:0]
     6/36: $3\has_src2_out[0:0]
     7/36: $3\has_src1_out[0:0]
     8/36: $3\wb_en_out[0:0]
     9/36: $2\is_store_out[0:0]
    10/36: $2\is_load_out[0:0]
    11/36: $3\command_out[3:0]
    12/36: $2\memory_out[0:0]
    13/36: $2\dest_out[3:0]
    14/36: $2\link_out[0:0]
    15/36: $2\is_branch_out[0:0]
    16/36: $2\command_out[3:0]
    17/36: $2\has_src2_out[0:0]
    18/36: $2\has_src1_out[0:0]
    19/36: $2\dest_is_pc_out[0:0]
    20/36: $2\immediate_out[0:0]
    21/36: $2\set_flags_out[0:0]
    22/36: $2\wb_en_out[0:0]
    23/36: $1\has_src2_out[0:0]
    24/36: $1\has_src1_out[0:0]
    25/36: $1\dest_is_pc_out[0:0]
    26/36: $1\immediate_out[0:0]
    27/36: $1\command_out[3:0]
    28/36: $1\set_flags_out[0:0]
    29/36: $1\wb_en_out[0:0]
    30/36: $1\src2_out[3:0]
    31/36: $1\dest_out[3:0]
    32/36: $1\memory_out[0:0]
    33/36: $1\link_out[0:0]
    34/36: $1\is_branch_out[0:0]
    35/36: $1\is_store_out[0:0]
    36/36: $1\is_load_out[0:0]
Creating decoders for process `\forwarding_selector.$proc$src/forwarding_selector.v:17$190'.
     1/6: $3\sel2_out[1:0]
     2/6: $2\sel2_out[1:0]
     3/6: $3\sel1_out[1:0]
     4/6: $2\sel1_out[1:0]
     5/6: $1\sel2_out[1:0]
     6/6: $1\sel1_out[1:0]
Creating decoders for process `\demo_rom.$proc$src/demo_rom.v:9$189'.
     1/1: $1\word_out[31:0]
Creating decoders for process `\condition_checker.$proc$src/condition_checker.v:18$173'.
     1/1: $1\met_out[0:0]
Creating decoders for process `\barrel_shifter.$proc$src/barrel_shifter.v:39$167'.
     1/3: $3\result_out[15:0]
     2/3: $2\result_out[15:0]
     3/3: $1\result_out[15:0]
Creating decoders for process `\arm16_datapath.$proc$src/arm16_datapath.v:425$158'.
     1/1: $1\mem_periph_read[15:0]
Creating decoders for process `\arm16_datapath.$proc$src/arm16_datapath.v:415$157'.
     1/1: $1\ex_operand_rm[15:0]
Creating decoders for process `\arm16_datapath.$proc$src/arm16_datapath.v:406$156'.
     1/1: $1\ex_operand_a[15:0]
Creating decoders for process `\arm16_datapath.$proc$src/arm16_datapath.v:389$152'.
     1/3: $0\vsync_q[0:0]
     2/3: $0\meter_value[15:0]
     3/3: $0\retired_count[15:0]
Creating decoders for process `\arm16_datapath.$proc$src/arm16_datapath.v:366$147'.
     1/4: $0\uart_div[15:0]
     2/4: $0\vga_bg[5:0]
     3/4: $0\vga_fg[5:0]
     4/4: $0\vga_val[15:0]
Creating decoders for process `\arm16_datapath.$proc$src/arm16_datapath.v:357$146'.
     1/1: $0\nzcv[3:0]
Creating decoders for process `\arm16_datapath.$proc$src/arm16_datapath.v:337$144'.
     1/6: $0\wb_load_data[15:0]
     2/6: $0\wb_alu_result[15:0]
     3/6: $0\wb_dest[3:0]
     4/6: $0\wb_mem_read[0:0]
     5/6: $0\wb_wb_en[0:0]
     6/6: $0\wb_valid[0:0]
Creating decoders for process `\arm16_datapath.$proc$src/arm16_datapath.v:316$142'.
     1/7: $0\mem_store_data[15:0]
     2/7: $0\mem_alu_result[15:0]
     3/7: $0\mem_dest[3:0]
     4/7: $0\mem_mem_write[0:0]
     5/7: $0\mem_mem_read[0:0]
     6/7: $0\mem_wb_en[0:0]
     7/7: $0\mem_valid[0:0]
Creating decoders for process `\arm16_datapath.$proc$src/arm16_datapath.v:265$127'.
     1/22: $0\ex_flags[3:0]
     2/22: $0\ex_has_src2[0:0]
     3/22: $0\ex_has_src1[0:0]
     4/22: $0\ex_src2[3:0]
     5/22: $0\ex_src1[3:0]
     6/22: $0\ex_val_rm[15:0]
     7/22: $0\ex_val_rn[15:0]
     8/22: $0\ex_branch_imm[23:0]
     9/22: $0\ex_operand2[11:0]
    10/22: $0\ex_memory[0:0]
    11/22: $0\ex_immediate[0:0]
    12/22: $0\ex_command[3:0]
    13/22: $0\ex_dest_is_pc[0:0]
    14/22: $0\ex_dest[3:0]
    15/22: $0\ex_set_flags[0:0]
    16/22: $0\ex_link[0:0]
    17/22: $0\ex_branch[0:0]
    18/22: $0\ex_mem_write[0:0]
    19/22: $0\ex_mem_read[0:0]
    20/22: $0\ex_wb_en[0:0]
    21/22: $0\ex_pc[15:0]
    22/22: $0\ex_valid[0:0]
Creating decoders for process `\arm16_datapath.$proc$src/arm16_datapath.v:252$125'.
     1/3: $0\if_id_valid[0:0]
     2/3: $0\if_id_instr[31:0]
     3/3: $0\if_id_pc[15:0]
Creating decoders for process `\arm16_datapath.$proc$src/arm16_datapath.v:245$124'.
     1/1: $0\fetch_word[31:0]
Creating decoders for process `\arm16_datapath.$proc$src/arm16_datapath.v:235$122'.
     1/1: $0\fetch_addr[15:0]
Creating decoders for process `\arm16_datapath.$proc$src/arm16_datapath.v:226$121'.
     1/3: $0\rom_mode_q[0:0]
     2/3: $0\rx_delay_q[1:0]
     3/3: $0\fwd_en_q[0:0]
Creating decoders for process `\arm16_controller.$proc$src/arm16_controller.v:101$45'.
     1/15: $3\stream_start_out[0:0]
     2/15: $2\addr_sel_out[0:0]
     3/15: $2\data_start_out[0:0]
     4/15: $2\stream_start_out[0:0]
     5/15: $1\addr_sel_out[0:0]
     6/15: $1\data_start_out[0:0]
     7/15: $1\stream_start_out[0:0]
     8/15: $1\if_id_bubble_out[0:0]
     9/15: $1\if_id_load_out[0:0]
    10/15: $1\fetch_src_rom_out[0:0]
    11/15: $1\fetch_word_load_out[0:0]
    12/15: $1\fetch_addr_inc_out[0:0]
    13/15: $1\word_room_out[0:0]
    14/15: $1\word_take_out[0:0]
    15/15: $1\stream_stop_out[0:0]
Creating decoders for process `\arm16_controller.$proc$src/arm16_controller.v:61$37'.
     1/9: $9\next_state[2:0]
     2/9: $8\next_state[2:0]
     3/9: $7\next_state[2:0]
     4/9: $6\next_state[2:0]
     5/9: $5\next_state[2:0]
     6/9: $4\next_state[2:0]
     7/9: $3\next_state[2:0]
     8/9: $2\next_state[2:0]
     9/9: $1\next_state[2:0]
Creating decoders for process `\arm16_controller.$proc$src/arm16_controller.v:53$36'.
     1/1: $0\present_state[2:0]
Creating decoders for process `\alu.$proc$src/alu.v:42$10'.
     1/4: $1\result_out[15:0]
     2/4: $1\arith_out[0:0]
     3/4: $1\overflow_out[0:0]
     4/4: $1\carry_out[0:0]

15.2.8. Executing PROC_DLATCH pass (convert process syncs to latches).
No latch inferred for signal `\vga_renderer.\segment_on' from process `\vga_renderer.$proc$src/vga_renderer.v:99$296'.
No latch inferred for signal `\vga_renderer.\segments' from process `\vga_renderer.$proc$src/vga_renderer.v:77$295'.
No latch inferred for signal `\vga_renderer.\nibble' from process `\vga_renderer.$proc$src/vga_renderer.v:67$294'.
No latch inferred for signal `\instruction_decoder.\valid_out' from process `\instruction_decoder.$proc$src/instruction_decoder.v:85$236'.
No latch inferred for signal `\instruction_decoder.\is_load_out' from process `\instruction_decoder.$proc$src/instruction_decoder.v:85$236'.
No latch inferred for signal `\instruction_decoder.\is_store_out' from process `\instruction_decoder.$proc$src/instruction_decoder.v:85$236'.
No latch inferred for signal `\instruction_decoder.\is_branch_out' from process `\instruction_decoder.$proc$src/instruction_decoder.v:85$236'.
No latch inferred for signal `\instruction_decoder.\link_out' from process `\instruction_decoder.$proc$src/instruction_decoder.v:85$236'.
No latch inferred for signal `\instruction_decoder.\wb_en_out' from process `\instruction_decoder.$proc$src/instruction_decoder.v:85$236'.
No latch inferred for signal `\instruction_decoder.\set_flags_out' from process `\instruction_decoder.$proc$src/instruction_decoder.v:85$236'.
No latch inferred for signal `\instruction_decoder.\command_out' from process `\instruction_decoder.$proc$src/instruction_decoder.v:85$236'.
No latch inferred for signal `\instruction_decoder.\immediate_out' from process `\instruction_decoder.$proc$src/instruction_decoder.v:85$236'.
No latch inferred for signal `\instruction_decoder.\memory_out' from process `\instruction_decoder.$proc$src/instruction_decoder.v:85$236'.
No latch inferred for signal `\instruction_decoder.\dest_out' from process `\instruction_decoder.$proc$src/instruction_decoder.v:85$236'.
No latch inferred for signal `\instruction_decoder.\dest_is_pc_out' from process `\instruction_decoder.$proc$src/instruction_decoder.v:85$236'.
No latch inferred for signal `\instruction_decoder.\src1_out' from process `\instruction_decoder.$proc$src/instruction_decoder.v:85$236'.
No latch inferred for signal `\instruction_decoder.\src2_out' from process `\instruction_decoder.$proc$src/instruction_decoder.v:85$236'.
No latch inferred for signal `\instruction_decoder.\has_src1_out' from process `\instruction_decoder.$proc$src/instruction_decoder.v:85$236'.
No latch inferred for signal `\instruction_decoder.\has_src2_out' from process `\instruction_decoder.$proc$src/instruction_decoder.v:85$236'.
No latch inferred for signal `\forwarding_selector.\sel1_out' from process `\forwarding_selector.$proc$src/forwarding_selector.v:17$190'.
No latch inferred for signal `\forwarding_selector.\sel2_out' from process `\forwarding_selector.$proc$src/forwarding_selector.v:17$190'.
No latch inferred for signal `\demo_rom.\word_out' from process `\demo_rom.$proc$src/demo_rom.v:9$189'.
No latch inferred for signal `\condition_checker.\met_out' from process `\condition_checker.$proc$src/condition_checker.v:18$173'.
No latch inferred for signal `\barrel_shifter.\result_out' from process `\barrel_shifter.$proc$src/barrel_shifter.v:39$167'.
No latch inferred for signal `\arm16_datapath.\mem_periph_read' from process `\arm16_datapath.$proc$src/arm16_datapath.v:425$158'.
No latch inferred for signal `\arm16_datapath.\ex_operand_rm' from process `\arm16_datapath.$proc$src/arm16_datapath.v:415$157'.
No latch inferred for signal `\arm16_datapath.\ex_operand_a' from process `\arm16_datapath.$proc$src/arm16_datapath.v:406$156'.
No latch inferred for signal `\arm16_controller.\stream_start_out' from process `\arm16_controller.$proc$src/arm16_controller.v:101$45'.
No latch inferred for signal `\arm16_controller.\stream_stop_out' from process `\arm16_controller.$proc$src/arm16_controller.v:101$45'.
No latch inferred for signal `\arm16_controller.\data_start_out' from process `\arm16_controller.$proc$src/arm16_controller.v:101$45'.
No latch inferred for signal `\arm16_controller.\data_flash_out' from process `\arm16_controller.$proc$src/arm16_controller.v:101$45'.
No latch inferred for signal `\arm16_controller.\data_write_out' from process `\arm16_controller.$proc$src/arm16_controller.v:101$45'.
No latch inferred for signal `\arm16_controller.\word_take_out' from process `\arm16_controller.$proc$src/arm16_controller.v:101$45'.
No latch inferred for signal `\arm16_controller.\word_room_out' from process `\arm16_controller.$proc$src/arm16_controller.v:101$45'.
No latch inferred for signal `\arm16_controller.\addr_sel_out' from process `\arm16_controller.$proc$src/arm16_controller.v:101$45'.
No latch inferred for signal `\arm16_controller.\fetch_addr_load_out' from process `\arm16_controller.$proc$src/arm16_controller.v:101$45'.
No latch inferred for signal `\arm16_controller.\fetch_addr_inc_out' from process `\arm16_controller.$proc$src/arm16_controller.v:101$45'.
No latch inferred for signal `\arm16_controller.\fetch_word_load_out' from process `\arm16_controller.$proc$src/arm16_controller.v:101$45'.
No latch inferred for signal `\arm16_controller.\fetch_src_rom_out' from process `\arm16_controller.$proc$src/arm16_controller.v:101$45'.
No latch inferred for signal `\arm16_controller.\if_id_load_out' from process `\arm16_controller.$proc$src/arm16_controller.v:101$45'.
No latch inferred for signal `\arm16_controller.\if_id_bubble_out' from process `\arm16_controller.$proc$src/arm16_controller.v:101$45'.
No latch inferred for signal `\arm16_controller.\id_ex_bubble_out' from process `\arm16_controller.$proc$src/arm16_controller.v:101$45'.
No latch inferred for signal `\arm16_controller.\mem_busy_out' from process `\arm16_controller.$proc$src/arm16_controller.v:101$45'.
No latch inferred for signal `\arm16_controller.\next_state' from process `\arm16_controller.$proc$src/arm16_controller.v:61$37'.
No latch inferred for signal `\alu.\result_out' from process `\alu.$proc$src/alu.v:42$10'.
No latch inferred for signal `\alu.\carry_out' from process `\alu.$proc$src/alu.v:42$10'.
No latch inferred for signal `\alu.\overflow_out' from process `\alu.$proc$src/alu.v:42$10'.
No latch inferred for signal `\alu.\arith_out' from process `\alu.$proc$src/alu.v:42$10'.

15.2.9. Executing PROC_DFF pass (convert process syncs to FFs).
Creating register for signal `\vga_renderer.\pins_out' using process `\vga_renderer.$proc$src/vga_renderer.v:51$278'.
  created $dff cell `$procdff$1171' with positive edge clock.
Creating register for signal `\vga_renderer.\h_count' using process `\vga_renderer.$proc$src/vga_renderer.v:51$278'.
  created $dff cell `$procdff$1172' with positive edge clock.
Creating register for signal `\vga_renderer.\v_count' using process `\vga_renderer.$proc$src/vga_renderer.v:51$278'.
  created $dff cell `$procdff$1173' with positive edge clock.
Creating register for signal `\vga_renderer.\active' using process `\vga_renderer.$proc$src/vga_renderer.v:51$278'.
  created $dff cell `$procdff$1174' with positive edge clock.
Creating register for signal `\vga_renderer.\hsync_n' using process `\vga_renderer.$proc$src/vga_renderer.v:51$278'.
  created $dff cell `$procdff$1175' with positive edge clock.
Creating register for signal `\vga_renderer.\vsync_n' using process `\vga_renderer.$proc$src/vga_renderer.v:51$278'.
  created $dff cell `$procdff$1176' with positive edge clock.
Creating register for signal `\reset_synchronizer.\sync_first' using process `\reset_synchronizer.$proc$src/reset_synchronizer.v:13$260'.
  created $adff cell `$procdff$1181' with positive edge clock and positive level reset.
Creating register for signal `\reset_synchronizer.\sync_second' using process `\reset_synchronizer.$proc$src/reset_synchronizer.v:13$260'.
  created $adff cell `$procdff$1186' with positive edge clock and positive level reset.
Creating register for signal `\register_file.$memwr$\regs$src/register_file.v:22$250_ADDR' using process `\register_file.$proc$src/register_file.v:20$253'.
  created $dff cell `$procdff$1187' with negative edge clock.
Creating register for signal `\register_file.$memwr$\regs$src/register_file.v:22$250_DATA' using process `\register_file.$proc$src/register_file.v:20$253'.
  created $dff cell `$procdff$1188' with negative edge clock.
Creating register for signal `\register_file.$memwr$\regs$src/register_file.v:22$250_EN' using process `\register_file.$proc$src/register_file.v:20$253'.
  created $dff cell `$procdff$1189' with negative edge clock.
Creating register for signal `\arm16_datapath.\retired_count' using process `\arm16_datapath.$proc$src/arm16_datapath.v:389$152'.
  created $dff cell `$procdff$1190' with positive edge clock.
Creating register for signal `\arm16_datapath.\meter_value' using process `\arm16_datapath.$proc$src/arm16_datapath.v:389$152'.
  created $dff cell `$procdff$1191' with positive edge clock.
Creating register for signal `\arm16_datapath.\vsync_q' using process `\arm16_datapath.$proc$src/arm16_datapath.v:389$152'.
  created $dff cell `$procdff$1192' with positive edge clock.
Creating register for signal `\arm16_datapath.\vga_val' using process `\arm16_datapath.$proc$src/arm16_datapath.v:366$147'.
  created $dff cell `$procdff$1193' with positive edge clock.
Creating register for signal `\arm16_datapath.\vga_fg' using process `\arm16_datapath.$proc$src/arm16_datapath.v:366$147'.
  created $dff cell `$procdff$1194' with positive edge clock.
Creating register for signal `\arm16_datapath.\vga_bg' using process `\arm16_datapath.$proc$src/arm16_datapath.v:366$147'.
  created $dff cell `$procdff$1195' with positive edge clock.
Creating register for signal `\arm16_datapath.\uart_div' using process `\arm16_datapath.$proc$src/arm16_datapath.v:366$147'.
  created $dff cell `$procdff$1196' with positive edge clock.
Creating register for signal `\arm16_datapath.\nzcv' using process `\arm16_datapath.$proc$src/arm16_datapath.v:357$146'.
  created $dff cell `$procdff$1197' with negative edge clock.
Creating register for signal `\arm16_datapath.\wb_valid' using process `\arm16_datapath.$proc$src/arm16_datapath.v:337$144'.
  created $dff cell `$procdff$1198' with positive edge clock.
Creating register for signal `\arm16_datapath.\wb_wb_en' using process `\arm16_datapath.$proc$src/arm16_datapath.v:337$144'.
  created $dff cell `$procdff$1199' with positive edge clock.
Creating register for signal `\arm16_datapath.\wb_mem_read' using process `\arm16_datapath.$proc$src/arm16_datapath.v:337$144'.
  created $dff cell `$procdff$1200' with positive edge clock.
Creating register for signal `\arm16_datapath.\wb_dest' using process `\arm16_datapath.$proc$src/arm16_datapath.v:337$144'.
  created $dff cell `$procdff$1201' with positive edge clock.
Creating register for signal `\arm16_datapath.\wb_alu_result' using process `\arm16_datapath.$proc$src/arm16_datapath.v:337$144'.
  created $dff cell `$procdff$1202' with positive edge clock.
Creating register for signal `\arm16_datapath.\wb_load_data' using process `\arm16_datapath.$proc$src/arm16_datapath.v:337$144'.
  created $dff cell `$procdff$1203' with positive edge clock.
Creating register for signal `\arm16_datapath.\mem_valid' using process `\arm16_datapath.$proc$src/arm16_datapath.v:316$142'.
  created $dff cell `$procdff$1204' with positive edge clock.
Creating register for signal `\arm16_datapath.\mem_wb_en' using process `\arm16_datapath.$proc$src/arm16_datapath.v:316$142'.
  created $dff cell `$procdff$1205' with positive edge clock.
Creating register for signal `\arm16_datapath.\mem_mem_read' using process `\arm16_datapath.$proc$src/arm16_datapath.v:316$142'.
  created $dff cell `$procdff$1206' with positive edge clock.
Creating register for signal `\arm16_datapath.\mem_mem_write' using process `\arm16_datapath.$proc$src/arm16_datapath.v:316$142'.
  created $dff cell `$procdff$1207' with positive edge clock.
Creating register for signal `\arm16_datapath.\mem_dest' using process `\arm16_datapath.$proc$src/arm16_datapath.v:316$142'.
  created $dff cell `$procdff$1208' with positive edge clock.
Creating register for signal `\arm16_datapath.\mem_alu_result' using process `\arm16_datapath.$proc$src/arm16_datapath.v:316$142'.
  created $dff cell `$procdff$1209' with positive edge clock.
Creating register for signal `\arm16_datapath.\mem_store_data' using process `\arm16_datapath.$proc$src/arm16_datapath.v:316$142'.
  created $dff cell `$procdff$1210' with positive edge clock.
Creating register for signal `\arm16_datapath.\ex_valid' using process `\arm16_datapath.$proc$src/arm16_datapath.v:265$127'.
  created $dff cell `$procdff$1211' with positive edge clock.
Creating register for signal `\arm16_datapath.\ex_pc' using process `\arm16_datapath.$proc$src/arm16_datapath.v:265$127'.
  created $dff cell `$procdff$1212' with positive edge clock.
Creating register for signal `\arm16_datapath.\ex_wb_en' using process `\arm16_datapath.$proc$src/arm16_datapath.v:265$127'.
  created $dff cell `$procdff$1213' with positive edge clock.
Creating register for signal `\arm16_datapath.\ex_mem_read' using process `\arm16_datapath.$proc$src/arm16_datapath.v:265$127'.
  created $dff cell `$procdff$1214' with positive edge clock.
Creating register for signal `\arm16_datapath.\ex_mem_write' using process `\arm16_datapath.$proc$src/arm16_datapath.v:265$127'.
  created $dff cell `$procdff$1215' with positive edge clock.
Creating register for signal `\arm16_datapath.\ex_branch' using process `\arm16_datapath.$proc$src/arm16_datapath.v:265$127'.
  created $dff cell `$procdff$1216' with positive edge clock.
Creating register for signal `\arm16_datapath.\ex_link' using process `\arm16_datapath.$proc$src/arm16_datapath.v:265$127'.
  created $dff cell `$procdff$1217' with positive edge clock.
Creating register for signal `\arm16_datapath.\ex_set_flags' using process `\arm16_datapath.$proc$src/arm16_datapath.v:265$127'.
  created $dff cell `$procdff$1218' with positive edge clock.
Creating register for signal `\arm16_datapath.\ex_dest' using process `\arm16_datapath.$proc$src/arm16_datapath.v:265$127'.
  created $dff cell `$procdff$1219' with positive edge clock.
Creating register for signal `\arm16_datapath.\ex_dest_is_pc' using process `\arm16_datapath.$proc$src/arm16_datapath.v:265$127'.
  created $dff cell `$procdff$1220' with positive edge clock.
Creating register for signal `\arm16_datapath.\ex_command' using process `\arm16_datapath.$proc$src/arm16_datapath.v:265$127'.
  created $dff cell `$procdff$1221' with positive edge clock.
Creating register for signal `\arm16_datapath.\ex_immediate' using process `\arm16_datapath.$proc$src/arm16_datapath.v:265$127'.
  created $dff cell `$procdff$1222' with positive edge clock.
Creating register for signal `\arm16_datapath.\ex_memory' using process `\arm16_datapath.$proc$src/arm16_datapath.v:265$127'.
  created $dff cell `$procdff$1223' with positive edge clock.
Creating register for signal `\arm16_datapath.\ex_operand2' using process `\arm16_datapath.$proc$src/arm16_datapath.v:265$127'.
  created $dff cell `$procdff$1224' with positive edge clock.
Creating register for signal `\arm16_datapath.\ex_branch_imm' using process `\arm16_datapath.$proc$src/arm16_datapath.v:265$127'.
  created $dff cell `$procdff$1225' with positive edge clock.
Creating register for signal `\arm16_datapath.\ex_val_rn' using process `\arm16_datapath.$proc$src/arm16_datapath.v:265$127'.
  created $dff cell `$procdff$1226' with positive edge clock.
Creating register for signal `\arm16_datapath.\ex_val_rm' using process `\arm16_datapath.$proc$src/arm16_datapath.v:265$127'.
  created $dff cell `$procdff$1227' with positive edge clock.
Creating register for signal `\arm16_datapath.\ex_src1' using process `\arm16_datapath.$proc$src/arm16_datapath.v:265$127'.
  created $dff cell `$procdff$1228' with positive edge clock.
Creating register for signal `\arm16_datapath.\ex_src2' using process `\arm16_datapath.$proc$src/arm16_datapath.v:265$127'.
  created $dff cell `$procdff$1229' with positive edge clock.
Creating register for signal `\arm16_datapath.\ex_has_src1' using process `\arm16_datapath.$proc$src/arm16_datapath.v:265$127'.
  created $dff cell `$procdff$1230' with positive edge clock.
Creating register for signal `\arm16_datapath.\ex_has_src2' using process `\arm16_datapath.$proc$src/arm16_datapath.v:265$127'.
  created $dff cell `$procdff$1231' with positive edge clock.
Creating register for signal `\arm16_datapath.\ex_flags' using process `\arm16_datapath.$proc$src/arm16_datapath.v:265$127'.
  created $dff cell `$procdff$1232' with positive edge clock.
Creating register for signal `\arm16_datapath.\if_id_pc' using process `\arm16_datapath.$proc$src/arm16_datapath.v:252$125'.
  created $dff cell `$procdff$1233' with positive edge clock.
Creating register for signal `\arm16_datapath.\if_id_instr' using process `\arm16_datapath.$proc$src/arm16_datapath.v:252$125'.
  created $dff cell `$procdff$1234' with positive edge clock.
Creating register for signal `\arm16_datapath.\if_id_valid' using process `\arm16_datapath.$proc$src/arm16_datapath.v:252$125'.
  created $dff cell `$procdff$1235' with positive edge clock.
Creating register for signal `\arm16_datapath.\fetch_word' using process `\arm16_datapath.$proc$src/arm16_datapath.v:245$124'.
  created $dff cell `$procdff$1236' with positive edge clock.
Creating register for signal `\arm16_datapath.\fetch_addr' using process `\arm16_datapath.$proc$src/arm16_datapath.v:235$122'.
  created $dff cell `$procdff$1237' with positive edge clock.
Creating register for signal `\arm16_datapath.\fwd_en_q' using process `\arm16_datapath.$proc$src/arm16_datapath.v:226$121'.
  created $dff cell `$procdff$1238' with positive edge clock.
Creating register for signal `\arm16_datapath.\rx_delay_q' using process `\arm16_datapath.$proc$src/arm16_datapath.v:226$121'.
  created $dff cell `$procdff$1239' with positive edge clock.
Creating register for signal `\arm16_datapath.\rom_mode_q' using process `\arm16_datapath.$proc$src/arm16_datapath.v:226$121'.
  created $dff cell `$procdff$1240' with positive edge clock.
Creating register for signal `\arm16_controller.\present_state' using process `\arm16_controller.$proc$src/arm16_controller.v:53$36'.
  created $dff cell `$procdff$1241' with positive edge clock.

15.2.10. Executing PROC_MEMWR pass (convert process memory writes to cells).

15.2.11. Executing PROC_CLEAN pass (remove empty switches from decision trees).
Found and cleaned up 1 empty switch in `\vga_renderer.$proc$src/vga_renderer.v:99$296'.
Removing empty process `vga_renderer.$proc$src/vga_renderer.v:99$296'.
Found and cleaned up 1 empty switch in `\vga_renderer.$proc$src/vga_renderer.v:77$295'.
Removing empty process `vga_renderer.$proc$src/vga_renderer.v:77$295'.
Found and cleaned up 1 empty switch in `\vga_renderer.$proc$src/vga_renderer.v:67$294'.
Removing empty process `vga_renderer.$proc$src/vga_renderer.v:67$294'.
Found and cleaned up 2 empty switches in `\vga_renderer.$proc$src/vga_renderer.v:51$278'.
Removing empty process `vga_renderer.$proc$src/vga_renderer.v:51$278'.
Removing empty process `reset_synchronizer.$proc$src/reset_synchronizer.v:13$260'.
Found and cleaned up 1 empty switch in `\register_file.$proc$src/register_file.v:20$253'.
Removing empty process `register_file.$proc$src/register_file.v:20$253'.
Found and cleaned up 4 empty switches in `\instruction_decoder.$proc$src/instruction_decoder.v:85$236'.
Removing empty process `instruction_decoder.$proc$src/instruction_decoder.v:85$236'.
Found and cleaned up 5 empty switches in `\forwarding_selector.$proc$src/forwarding_selector.v:17$190'.
Removing empty process `forwarding_selector.$proc$src/forwarding_selector.v:17$190'.
Found and cleaned up 1 empty switch in `\demo_rom.$proc$src/demo_rom.v:9$189'.
Removing empty process `demo_rom.$proc$src/demo_rom.v:9$189'.
Found and cleaned up 1 empty switch in `\condition_checker.$proc$src/condition_checker.v:18$173'.
Removing empty process `condition_checker.$proc$src/condition_checker.v:18$173'.
Found and cleaned up 3 empty switches in `\barrel_shifter.$proc$src/barrel_shifter.v:39$167'.
Removing empty process `barrel_shifter.$proc$src/barrel_shifter.v:39$167'.
Found and cleaned up 1 empty switch in `\arm16_datapath.$proc$src/arm16_datapath.v:425$158'.
Removing empty process `arm16_datapath.$proc$src/arm16_datapath.v:425$158'.
Found and cleaned up 1 empty switch in `\arm16_datapath.$proc$src/arm16_datapath.v:415$157'.
Removing empty process `arm16_datapath.$proc$src/arm16_datapath.v:415$157'.
Found and cleaned up 1 empty switch in `\arm16_datapath.$proc$src/arm16_datapath.v:406$156'.
Removing empty process `arm16_datapath.$proc$src/arm16_datapath.v:406$156'.
Found and cleaned up 3 empty switches in `\arm16_datapath.$proc$src/arm16_datapath.v:389$152'.
Removing empty process `arm16_datapath.$proc$src/arm16_datapath.v:389$152'.
Found and cleaned up 6 empty switches in `\arm16_datapath.$proc$src/arm16_datapath.v:366$147'.
Removing empty process `arm16_datapath.$proc$src/arm16_datapath.v:366$147'.
Found and cleaned up 2 empty switches in `\arm16_datapath.$proc$src/arm16_datapath.v:357$146'.
Removing empty process `arm16_datapath.$proc$src/arm16_datapath.v:357$146'.
Found and cleaned up 2 empty switches in `\arm16_datapath.$proc$src/arm16_datapath.v:337$144'.
Removing empty process `arm16_datapath.$proc$src/arm16_datapath.v:337$144'.
Found and cleaned up 2 empty switches in `\arm16_datapath.$proc$src/arm16_datapath.v:316$142'.
Removing empty process `arm16_datapath.$proc$src/arm16_datapath.v:316$142'.
Found and cleaned up 2 empty switches in `\arm16_datapath.$proc$src/arm16_datapath.v:265$127'.
Removing empty process `arm16_datapath.$proc$src/arm16_datapath.v:265$127'.
Found and cleaned up 2 empty switches in `\arm16_datapath.$proc$src/arm16_datapath.v:252$125'.
Removing empty process `arm16_datapath.$proc$src/arm16_datapath.v:252$125'.
Found and cleaned up 1 empty switch in `\arm16_datapath.$proc$src/arm16_datapath.v:245$124'.
Removing empty process `arm16_datapath.$proc$src/arm16_datapath.v:245$124'.
Found and cleaned up 3 empty switches in `\arm16_datapath.$proc$src/arm16_datapath.v:235$122'.
Removing empty process `arm16_datapath.$proc$src/arm16_datapath.v:235$122'.
Found and cleaned up 1 empty switch in `\arm16_datapath.$proc$src/arm16_datapath.v:226$121'.
Removing empty process `arm16_datapath.$proc$src/arm16_datapath.v:226$121'.
Found and cleaned up 3 empty switches in `\arm16_controller.$proc$src/arm16_controller.v:101$45'.
Removing empty process `arm16_controller.$proc$src/arm16_controller.v:101$45'.
Found and cleaned up 9 empty switches in `\arm16_controller.$proc$src/arm16_controller.v:61$37'.
Removing empty process `arm16_controller.$proc$src/arm16_controller.v:61$37'.
Found and cleaned up 1 empty switch in `\arm16_controller.$proc$src/arm16_controller.v:53$36'.
Removing empty process `arm16_controller.$proc$src/arm16_controller.v:53$36'.
Found and cleaned up 1 empty switch in `\alu.$proc$src/alu.v:42$10'.
Removing empty process `alu.$proc$src/alu.v:42$10'.
Cleaned up 61 empty switches.

15.2.12. Executing OPT_EXPR pass (perform const folding).
Optimizing module vga_renderer.
<suppressed ~4 debug messages>
Optimizing module reset_synchronizer.
<suppressed ~4 debug messages>
Optimizing module register_file.
Optimizing module qspi_master.
Optimizing module tt_um_moein_maleki_arm16.
Optimizing module instruction_decoder.
<suppressed ~8 debug messages>
Optimizing module hazard_detector.
Optimizing module forwarding_selector.
Optimizing module demo_rom.
Optimizing module condition_checker.
<suppressed ~1 debug messages>
Optimizing module barrel_shifter.
<suppressed ~2 debug messages>
Optimizing module arm16_datapath.
<suppressed ~37 debug messages>
Optimizing module arm16_controller.
<suppressed ~11 debug messages>
Optimizing module alu.
<suppressed ~1 debug messages>

15.3. Executing CHECK pass (checking for obvious problems).
Checking module vga_renderer...
Checking module reset_synchronizer...
Checking module register_file...
Checking module qspi_master...
Checking module tt_um_moein_maleki_arm16...
Checking module instruction_decoder...
Checking module hazard_detector...
Checking module forwarding_selector...
Checking module demo_rom...
Checking module condition_checker...
Checking module barrel_shifter...
Checking module arm16_datapath...
Checking module arm16_controller...
Checking module alu...
Found and reported 0 problems.

15.4. Executing FLATTEN pass (flatten design).
Deleting now unused module vga_renderer.
Deleting now unused module reset_synchronizer.
Deleting now unused module register_file.
Deleting now unused module qspi_master.
Deleting now unused module instruction_decoder.
Deleting now unused module hazard_detector.
Deleting now unused module forwarding_selector.
Deleting now unused module demo_rom.
Deleting now unused module condition_checker.
Deleting now unused module barrel_shifter.
Deleting now unused module arm16_datapath.
Deleting now unused module arm16_controller.
Deleting now unused module alu.
<suppressed ~13 debug messages>

15.5. Executing OPT_EXPR pass (perform const folding).
Optimizing module tt_um_moein_maleki_arm16.
<suppressed ~19 debug messages>

15.6. Executing OPT_CLEAN pass (remove unused cells and wires).
Finding unused cells or wires in module \tt_um_moein_maleki_arm16..
Removed 52 unused cells and 591 unused wires.
<suppressed ~84 debug messages>

15.7. Executing CHECK pass (checking for obvious problems).
Checking module tt_um_moein_maleki_arm16...
Found and reported 0 problems.

15.8. Executing OPT pass (performing simple optimizations).

15.8.1. Executing OPT_EXPR pass (perform const folding).
Optimizing module tt_um_moein_maleki_arm16.

15.8.2. Executing OPT_MERGE pass (detect identical cells).
Finding identical cells in module `\tt_um_moein_maleki_arm16'.
Computing hashes of 696 cells of `\tt_um_moein_maleki_arm16'.
Finding duplicate cells in `\tt_um_moein_maleki_arm16'.
Computing hashes of 578 cells of `\tt_um_moein_maleki_arm16'.
Finding duplicate cells in `\tt_um_moein_maleki_arm16'.
Computing hashes of 575 cells of `\tt_um_moein_maleki_arm16'.
Finding duplicate cells in `\tt_um_moein_maleki_arm16'.
<suppressed ~363 debug messages>
Removed a total of 121 cells.

15.8.3. Executing OPT_MUXTREE pass (detect dead branches in mux trees).
Running muxtree optimizer on module \tt_um_moein_maleki_arm16..
  Creating internal representation of mux trees.
  Evaluating internal representation of mux trees.
  Analyzing evaluation results.
    dead port 2/2 on $mux $flatten\arm16_datapath_unit.\instruction_decoder_unit.$procmux$559.
    dead port 2/2 on $mux $flatten\arm16_datapath_unit.\instruction_decoder_unit.$procmux$545.
    dead port 2/2 on $mux $flatten\arm16_datapath_unit.\instruction_decoder_unit.$procmux$529.
    dead port 2/2 on $mux $flatten\arm16_datapath_unit.\instruction_decoder_unit.$procmux$513.
    dead port 2/2 on $mux $flatten\arm16_datapath_unit.\instruction_decoder_unit.$procmux$499.
    dead port 2/2 on $mux $flatten\arm16_datapath_unit.\instruction_decoder_unit.$procmux$483.
    dead port 2/2 on $mux $flatten\arm16_datapath_unit.\instruction_decoder_unit.$procmux$467.
    dead port 1/2 on $mux $flatten\arm16_datapath_unit.\instruction_decoder_unit.$procmux$451.
    dead port 1/2 on $mux $flatten\arm16_datapath_unit.\instruction_decoder_unit.$procmux$445.
    dead port 1/2 on $mux $flatten\arm16_datapath_unit.\instruction_decoder_unit.$procmux$439.
    dead port 1/2 on $mux $flatten\arm16_datapath_unit.\instruction_decoder_unit.$procmux$433.
    dead port 1/2 on $mux $flatten\arm16_datapath_unit.\instruction_decoder_unit.$procmux$427.
    dead port 1/2 on $mux $flatten\arm16_datapath_unit.\instruction_decoder_unit.$procmux$421.
    dead port 1/2 on $mux $flatten\arm16_datapath_unit.\instruction_decoder_unit.$procmux$415.
    dead port 1/2 on $mux $flatten\arm16_datapath_unit.\instruction_decoder_unit.$procmux$409.
    dead port 1/2 on $mux $flatten\arm16_datapath_unit.\instruction_decoder_unit.$procmux$403.
    dead port 1/2 on $mux $flatten\arm16_datapath_unit.\instruction_decoder_unit.$procmux$397.
    dead port 1/2 on $mux $flatten\arm16_datapath_unit.\instruction_decoder_unit.$procmux$391.
    dead port 1/2 on $mux $flatten\arm16_datapath_unit.\instruction_decoder_unit.$procmux$385.
    dead port 1/2 on $mux $flatten\arm16_datapath_unit.\instruction_decoder_unit.$procmux$382.
    dead port 1/2 on $mux $flatten\arm16_datapath_unit.\instruction_decoder_unit.$procmux$376.
    dead port 1/2 on $mux $flatten\arm16_datapath_unit.\instruction_decoder_unit.$procmux$373.
    dead port 1/2 on $mux $flatten\arm16_datapath_unit.\instruction_decoder_unit.$procmux$367.
    dead port 1/2 on $mux $flatten\arm16_datapath_unit.\instruction_decoder_unit.$procmux$364.
    dead port 1/2 on $mux $flatten\arm16_datapath_unit.\instruction_decoder_unit.$procmux$358.
    dead port 1/2 on $mux $flatten\arm16_datapath_unit.\instruction_decoder_unit.$procmux$355.
    dead port 2/2 on $mux $flatten\arm16_datapath_unit.\forwarding_selector_unit.$procmux$631.
    dead port 2/2 on $mux $flatten\arm16_datapath_unit.\forwarding_selector_unit.$procmux$625.
    dead port 1/2 on $mux $flatten\arm16_datapath_unit.\forwarding_selector_unit.$procmux$623.
    dead port 2/2 on $mux $flatten\arm16_datapath_unit.\forwarding_selector_unit.$procmux$616.
    dead port 2/2 on $mux $flatten\arm16_datapath_unit.\forwarding_selector_unit.$procmux$610.
    dead port 1/2 on $mux $flatten\arm16_datapath_unit.\forwarding_selector_unit.$procmux$608.
    dead port 1/2 on $mux $flatten\arm16_datapath_unit.\barrel_shifter_unit.$procmux$672.
    dead port 1/2 on $mux $flatten\arm16_datapath_unit.\barrel_shifter_unit.$procmux$666.
    dead port 1/2 on $mux $flatten\arm16_datapath_unit.\barrel_shifter_unit.$procmux$663.
    dead port 2/2 on $mux $flatten\arm16_controller_unit.$procmux$980.
    dead port 2/2 on $mux $flatten\arm16_controller_unit.$procmux$1055.
    dead port 1/2 on $mux $flatten\arm16_controller_unit.$procmux$1063.
    dead port 2/2 on $mux $flatten\arm16_controller_unit.$procmux$1065.
    dead port 2/2 on $mux $flatten\arm16_controller_unit.$procmux$1072.
    dead port 1/2 on $mux $flatten\arm16_controller_unit.$procmux$1081.
    dead port 2/2 on $mux $flatten\arm16_controller_unit.$procmux$1083.
    dead port 2/2 on $mux $flatten\arm16_controller_unit.$procmux$1091.
    dead port 1/2 on $mux $flatten\arm16_controller_unit.$procmux$1102.
    dead port 1/2 on $mux $flatten\arm16_controller_unit.$procmux$1105.
    dead port 2/2 on $mux $flatten\arm16_controller_unit.$procmux$1107.
    dead port 1/2 on $mux $flatten\arm16_controller_unit.$procmux$1118.
    dead port 2/2 on $mux $flatten\arm16_controller_unit.$procmux$1120.
    dead port 2/2 on $mux $flatten\arm16_controller_unit.$procmux$1130.
Removed 49 multiplexer ports.
<suppressed ~348 debug messages>

15.8.4. Executing OPT_REDUCE pass (consolidate $*mux and $reduce_* inputs).
  Optimizing cells in module \tt_um_moein_maleki_arm16.
    New ctrl vector for $pmux cell $flatten\arm16_datapath_unit.\instruction_decoder_unit.$procmux$549: $auto$opt_reduce.cc:137:opt_pmux$1257
    New ctrl vector for $pmux cell $flatten\arm16_datapath_unit.\instruction_decoder_unit.$procmux$533: { $auto$opt_reduce.cc:137:opt_pmux$1261 $auto$opt_reduce.cc:137:opt_pmux$1259 }
    New ctrl vector for $pmux cell $flatten\arm16_datapath_unit.\instruction_decoder_unit.$procmux$517: $auto$opt_reduce.cc:137:opt_pmux$1263
    New ctrl vector for $pmux cell $flatten\arm16_datapath_unit.\instruction_decoder_unit.$procmux$503: $auto$opt_reduce.cc:137:opt_pmux$1265
    New ctrl vector for $pmux cell $flatten\arm16_datapath_unit.\instruction_decoder_unit.$procmux$489: $auto$opt_reduce.cc:137:opt_pmux$1267
    New ctrl vector for $pmux cell $flatten\arm16_datapath_unit.\instruction_decoder_unit.$procmux$471: $auto$opt_reduce.cc:137:opt_pmux$1269
    New ctrl vector for $pmux cell $flatten\arm16_datapath_unit.\instruction_decoder_unit.$procmux$455: { $flatten\arm16_datapath_unit.\instruction_decoder_unit.$procmux$550_CMP $flatten\arm16_datapath_unit.\instruction_decoder_unit.$procmux$551_CMP $auto$opt_reduce.cc:137:opt_pmux$1273 $auto$opt_reduce.cc:137:opt_pmux$1271 $flatten\arm16_datapath_unit.\instruction_decoder_unit.$procmux$552_CMP $flatten\arm16_datapath_unit.\instruction_decoder_unit.$procmux$553_CMP $flatten\arm16_datapath_unit.\instruction_decoder_unit.$procmux$554_CMP $flatten\arm16_datapath_unit.\instruction_decoder_unit.$procmux$555_CMP $flatten\arm16_datapath_unit.\instruction_decoder_unit.$procmux$557_CMP }
    Consolidated identical input bits for $mux cell $flatten\arm16_datapath_unit.\register_file_unit.$procmux$343:
      Old ports: A=16'0000000000000000, B=16'1111111111111111, Y=$flatten\arm16_datapath_unit.\register_file_unit.$0$memwr$\regs$src/register_file.v:22$250_EN[15:0]$256
      New ports: A=1'0, B=1'1, Y=$flatten\arm16_datapath_unit.\register_file_unit.$0$memwr$\regs$src/register_file.v:22$250_EN[15:0]$256 [0]
      New connections: $flatten\arm16_datapath_unit.\register_file_unit.$0$memwr$\regs$src/register_file.v:22$250_EN[15:0]$256 [15:1] = { $flatten\arm16_datapath_unit.\register_file_unit.$0$memwr$\regs$src/register_file.v:22$250_EN[15:0]$256 [0] $flatten\arm16_datapath_unit.\register_file_unit.$0$memwr$\regs$src/register_file.v:22$250_EN[15:0]$256 [0] $flatten\arm16_datapath_unit.\register_file_unit.$0$memwr$\regs$src/register_file.v:22$250_EN[15:0]$256 [0] $flatten\arm16_datapath_unit.\register_file_unit.$0$memwr$\regs$src/register_file.v:22$250_EN[15:0]$256 [0] $flatten\arm16_datapath_unit.\register_file_unit.$0$memwr$\regs$src/register_file.v:22$250_EN[15:0]$256 [0] $flatten\arm16_datapath_unit.\register_file_unit.$0$memwr$\regs$src/register_file.v:22$250_EN[15:0]$256 [0] $flatten\arm16_datapath_unit.\register_file_unit.$0$memwr$\regs$src/register_file.v:22$250_EN[15:0]$256 [0] $flatten\arm16_datapath_unit.\register_file_unit.$0$memwr$\regs$src/register_file.v:22$250_EN[15:0]$256 [0] $flatten\arm16_datapath_unit.\register_file_unit.$0$memwr$\regs$src/register_file.v:22$250_EN[15:0]$256 [0] $flatten\arm16_datapath_unit.\register_file_unit.$0$memwr$\regs$src/register_file.v:22$250_EN[15:0]$256 [0] $flatten\arm16_datapath_unit.\register_file_unit.$0$memwr$\regs$src/register_file.v:22$250_EN[15:0]$256 [0] $flatten\arm16_datapath_unit.\register_file_unit.$0$memwr$\regs$src/register_file.v:22$250_EN[15:0]$256 [0] $flatten\arm16_datapath_unit.\register_file_unit.$0$memwr$\regs$src/register_file.v:22$250_EN[15:0]$256 [0] $flatten\arm16_datapath_unit.\register_file_unit.$0$memwr$\regs$src/register_file.v:22$250_EN[15:0]$256 [0] $flatten\arm16_datapath_unit.\register_file_unit.$0$memwr$\regs$src/register_file.v:22$250_EN[15:0]$256 [0] }
    New ctrl vector for $pmux cell $flatten\arm16_datapath_unit.\alu_unit.$procmux$1154: $auto$opt_reduce.cc:137:opt_pmux$1275
    New ctrl vector for $pmux cell $flatten\arm16_controller_unit.$procmux$1012: $auto$opt_reduce.cc:137:opt_pmux$1277
    New ctrl vector for $pmux cell $flatten\arm16_controller_unit.$procmux$1017: $auto$opt_reduce.cc:137:opt_pmux$1279
    New ctrl vector for $pmux cell $flatten\arm16_controller_unit.$procmux$1033: $auto$opt_reduce.cc:137:opt_pmux$1281
  Optimizing cells in module \tt_um_moein_maleki_arm16.
Performed a total of 13 changes.

15.8.5. Executing OPT_MERGE pass (detect identical cells).
Finding identical cells in module `\tt_um_moein_maleki_arm16'.
Computing hashes of 538 cells of `\tt_um_moein_maleki_arm16'.
Finding duplicate cells in `\tt_um_moein_maleki_arm16'.
Computing hashes of 530 cells of `\tt_um_moein_maleki_arm16'.
Finding duplicate cells in `\tt_um_moein_maleki_arm16'.
Computing hashes of 529 cells of `\tt_um_moein_maleki_arm16'.
Finding duplicate cells in `\tt_um_moein_maleki_arm16'.
<suppressed ~27 debug messages>
Removed a total of 9 cells.

15.8.6. Executing OPT_DFF pass (perform DFF optimizations).

15.8.7. Executing OPT_CLEAN pass (remove unused cells and wires).
Finding unused cells or wires in module \tt_um_moein_maleki_arm16..
Removed 0 unused cells and 178 unused wires.
<suppressed ~1 debug messages>

15.8.8. Executing OPT_EXPR pass (perform const folding).
Optimizing module tt_um_moein_maleki_arm16.
<suppressed ~1 debug messages>

15.8.9. Rerunning OPT passes. (Maybe there is more to do..)

15.8.10. Executing OPT_MUXTREE pass (detect dead branches in mux trees).
Running muxtree optimizer on module \tt_um_moein_maleki_arm16..
  Creating internal representation of mux trees.
  Evaluating internal representation of mux trees.
  Analyzing evaluation results.
Removed 0 multiplexer ports.
<suppressed ~299 debug messages>

15.8.11. Executing OPT_REDUCE pass (consolidate $*mux and $reduce_* inputs).
  Optimizing cells in module \tt_um_moein_maleki_arm16.
Performed a total of 0 changes.

15.8.12. Executing OPT_MERGE pass (detect identical cells).
Finding identical cells in module `\tt_um_moein_maleki_arm16'.
Computing hashes of 528 cells of `\tt_um_moein_maleki_arm16'.
Finding duplicate cells in `\tt_um_moein_maleki_arm16'.
Removed a total of 0 cells.

15.8.13. Executing OPT_DFF pass (perform DFF optimizations).

15.8.14. Executing OPT_CLEAN pass (remove unused cells and wires).
Finding unused cells or wires in module \tt_um_moein_maleki_arm16..
Removed 0 unused cells and 1 unused wires.
<suppressed ~1 debug messages>

15.8.15. Executing OPT_EXPR pass (perform const folding).
Optimizing module tt_um_moein_maleki_arm16.

15.8.16. Rerunning OPT passes. (Maybe there is more to do..)

15.8.17. Executing OPT_MUXTREE pass (detect dead branches in mux trees).
Running muxtree optimizer on module \tt_um_moein_maleki_arm16..
  Creating internal representation of mux trees.
  Evaluating internal representation of mux trees.
  Analyzing evaluation results.
Removed 0 multiplexer ports.
<suppressed ~299 debug messages>

15.8.18. Executing OPT_REDUCE pass (consolidate $*mux and $reduce_* inputs).
  Optimizing cells in module \tt_um_moein_maleki_arm16.
Performed a total of 0 changes.

15.8.19. Executing OPT_MERGE pass (detect identical cells).
Finding identical cells in module `\tt_um_moein_maleki_arm16'.
Computing hashes of 528 cells of `\tt_um_moein_maleki_arm16'.
Finding duplicate cells in `\tt_um_moein_maleki_arm16'.
Removed a total of 0 cells.

15.8.20. Executing OPT_DFF pass (perform DFF optimizations).
Handling D = Q on $flatten\arm16_datapath_unit.$procdff$1236 ($dff) from module tt_um_moein_maleki_arm16 (removing D path).

15.8.21. Executing OPT_CLEAN pass (remove unused cells and wires).
Finding unused cells or wires in module \tt_um_moein_maleki_arm16..

15.8.22. Executing OPT_EXPR pass (perform const folding).
Optimizing module tt_um_moein_maleki_arm16.

15.8.23. Rerunning OPT passes. (Maybe there is more to do..)

15.8.24. Executing OPT_MUXTREE pass (detect dead branches in mux trees).
Running muxtree optimizer on module \tt_um_moein_maleki_arm16..
  Creating internal representation of mux trees.
  Evaluating internal representation of mux trees.
  Analyzing evaluation results.
Removed 0 multiplexer ports.
<suppressed ~299 debug messages>

15.8.25. Executing OPT_REDUCE pass (consolidate $*mux and $reduce_* inputs).
  Optimizing cells in module \tt_um_moein_maleki_arm16.
Performed a total of 0 changes.

15.8.26. Executing OPT_MERGE pass (detect identical cells).
Finding identical cells in module `\tt_um_moein_maleki_arm16'.
Computing hashes of 527 cells of `\tt_um_moein_maleki_arm16'.
Finding duplicate cells in `\tt_um_moein_maleki_arm16'.
Removed a total of 0 cells.

15.8.27. Executing OPT_DFF pass (perform DFF optimizations).

15.8.28. Executing OPT_CLEAN pass (remove unused cells and wires).
Finding unused cells or wires in module \tt_um_moein_maleki_arm16..

15.8.29. Executing OPT_EXPR pass (perform const folding).
Optimizing module tt_um_moein_maleki_arm16.

15.8.30. Finished fast OPT passes. (There is nothing left to do.)

15.9. Executing FSM pass (extract and optimize FSM).

15.9.1. Executing FSM_DETECT pass (finding FSMs in design).
Found FSM state register tt_um_moein_maleki_arm16.arm16_datapath_unit.ex_command.
Found FSM state register tt_um_moein_maleki_arm16.arm16_controller_unit.present_state.

15.9.2. Executing FSM_EXTRACT pass (extracting FSM from design).
Extracting FSM `\arm16_datapath_unit.ex_command' from module `\tt_um_moein_maleki_arm16'.
  found $dff cell for state register: $flatten\arm16_datapath_unit.$procdff$1221
  root of input selection tree: $flatten\arm16_datapath_unit.$0\ex_command[3:0]
  found reset state: 4'0000 (guessed from mux tree)
  found ctrl input: $flatten\arm16_datapath_unit.$or$src/arm16_datapath.v:266$130_Y
  found ctrl input: \arm16_controller_unit.mem_busy
  found ctrl input: \arm16_datapath_unit.id_exec
  found state code: 4'0000
  found ctrl input: \arm16_datapath_unit.instruction_decoder_unit.dp_form_ok
  found ctrl input: \arm16_datapath_unit.instruction_decoder_unit.ldst_form_ok
  found ctrl input: \arm16_datapath_unit.if_id_instr [23]
  found state code: 4'0100
  found state code: 4'0010
  found ctrl input: $flatten\arm16_datapath_unit.\instruction_decoder_unit.$procmux$465_CMP
  found ctrl input: $flatten\arm16_datapath_unit.\instruction_decoder_unit.$procmux$463_CMP
  found ctrl input: $flatten\arm16_datapath_unit.\instruction_decoder_unit.$procmux$462_CMP
  found ctrl input: $flatten\arm16_datapath_unit.\instruction_decoder_unit.$procmux$461_CMP
  found ctrl input: $flatten\arm16_datapath_unit.\instruction_decoder_unit.$procmux$460_CMP
  found ctrl input: $auto$opt_reduce.cc:137:opt_pmux$1271
  found ctrl input: $auto$opt_reduce.cc:137:opt_pmux$1273
  found ctrl input: $flatten\arm16_datapath_unit.\instruction_decoder_unit.$procmux$457_CMP
  found ctrl input: $flatten\arm16_datapath_unit.\instruction_decoder_unit.$procmux$456_CMP
  found state code: 4'1000
  found state code: 4'0011
  found state code: 4'0101
  found state code: 4'0111
  found state code: 4'0110
  found state code: 4'0001
  found state code: 4'1001
  found ctrl output: $flatten\arm16_datapath_unit.\alu_unit.$procmux$1148_CMP
  found ctrl output: $flatten\arm16_datapath_unit.\alu_unit.$procmux$1149_CMP
  found ctrl output: $flatten\arm16_datapath_unit.\alu_unit.$procmux$1150_CMP
  found ctrl output: $flatten\arm16_datapath_unit.\alu_unit.$procmux$1151_CMP
  found ctrl output: $flatten\arm16_datapath_unit.\alu_unit.$procmux$1152_CMP
  found ctrl output: $flatten\arm16_datapath_unit.\alu_unit.$procmux$1144_CMP
  found ctrl output: $flatten\arm16_datapath_unit.\alu_unit.$procmux$1145_CMP
  found ctrl output: $flatten\arm16_datapath_unit.\alu_unit.$procmux$1146_CMP
  found ctrl output: $flatten\arm16_datapath_unit.\alu_unit.$procmux$1147_CMP
  ctrl inputs: { \arm16_datapath_unit.id_exec \arm16_datapath_unit.if_id_instr [23] $flatten\arm16_datapath_unit.$or$src/arm16_datapath.v:266$130_Y $flatten\arm16_datapath_unit.\instruction_decoder_unit.$procmux$465_CMP $flatten\arm16_datapath_unit.\instruction_decoder_unit.$procmux$463_CMP $flatten\arm16_datapath_unit.\instruction_decoder_unit.$procmux$462_CMP $flatten\arm16_datapath_unit.\instruction_decoder_unit.$procmux$461_CMP $flatten\arm16_datapath_unit.\instruction_decoder_unit.$procmux$460_CMP $flatten\arm16_datapath_unit.\instruction_decoder_unit.$procmux$457_CMP $flatten\arm16_datapath_unit.\instruction_decoder_unit.$procmux$456_CMP \arm16_datapath_unit.instruction_decoder_unit.ldst_form_ok \arm16_datapath_unit.instruction_decoder_unit.dp_form_ok \arm16_controller_unit.mem_busy $auto$opt_reduce.cc:137:opt_pmux$1271 $auto$opt_reduce.cc:137:opt_pmux$1273 }
  ctrl outputs: { $flatten\arm16_datapath_unit.$0\ex_command[3:0] $flatten\arm16_datapath_unit.\alu_unit.$procmux$1152_CMP $flatten\arm16_datapath_unit.\alu_unit.$procmux$1151_CMP $flatten\arm16_datapath_unit.\alu_unit.$procmux$1150_CMP $flatten\arm16_datapath_unit.\alu_unit.$procmux$1149_CMP $flatten\arm16_datapath_unit.\alu_unit.$procmux$1148_CMP $flatten\arm16_datapath_unit.\alu_unit.$procmux$1147_CMP $flatten\arm16_datapath_unit.\alu_unit.$procmux$1146_CMP $flatten\arm16_datapath_unit.\alu_unit.$procmux$1145_CMP $flatten\arm16_datapath_unit.\alu_unit.$procmux$1144_CMP }
  transition:     4'0000 15'0-0---------0-- ->     4'0000 13'0000000000000
  transition:     4'0000 15'1-0-------000-- ->     4'0000 13'0000000000000
  transition:     4'0000 15'100-------100-- ->     4'0100 13'0100000000000
  transition:     4'0000 15'110-------100-- ->     4'0010 13'0010000000000
  transition:     4'0000 15'1-00000000-1000 ->     4'0000 13'0000000000000
  transition:     4'0000 15'1-0------1-10-- ->     4'1001 13'1001000000000
  transition:     4'0000 15'1-0-----1--10-- ->     4'0001 13'0001000000000
  transition:     4'0000 15'1-0--------10-1 ->     4'0100 13'0100000000000
  transition:     4'0000 15'1-0--------101- ->     4'0110 13'0110000000000
  transition:     4'0000 15'1-0----1---10-- ->     4'0111 13'0111000000000
  transition:     4'0000 15'1-0---1----10-- ->     4'0101 13'0101000000000
  transition:     4'0000 15'1-0--1-----10-- ->     4'0011 13'0011000000000
  transition:     4'0000 15'1-0-1------10-- ->     4'0010 13'0010000000000
  transition:     4'0000 15'1-01-------10-- ->     4'1000 13'1000000000000
  transition:     4'0000 15'--0---------1-- ->     4'0000 13'0000000000000
  transition:     4'0000 15'--1------------ ->     4'0000 13'0000000000000
  transition:     4'1000 15'0-0---------0-- ->     4'0000 13'0000000010000
  transition:     4'1000 15'1-0-------000-- ->     4'0000 13'0000000010000
  transition:     4'1000 15'100-------100-- ->     4'0100 13'0100000010000
  transition:     4'1000 15'110-------100-- ->     4'0010 13'0010000010000
  transition:     4'1000 15'1-00000000-1000 ->     4'0000 13'0000000010000
  transition:     4'1000 15'1-0------1-10-- ->     4'1001 13'1001000010000
  transition:     4'1000 15'1-0-----1--10-- ->     4'0001 13'0001000010000
  transition:     4'1000 15'1-0--------10-1 ->     4'0100 13'0100000010000
  transition:     4'1000 15'1-0--------101- ->     4'0110 13'0110000010000
  transition:     4'1000 15'1-0----1---10-- ->     4'0111 13'0111000010000
  transition:     4'1000 15'1-0---1----10-- ->     4'0101 13'0101000010000
  transition:     4'1000 15'1-0--1-----10-- ->     4'0011 13'0011000010000
  transition:     4'1000 15'1-0-1------10-- ->     4'0010 13'0010000010000
  transition:     4'1000 15'1-01-------10-- ->     4'1000 13'1000000010000
  transition:     4'1000 15'--0---------1-- ->     4'1000 13'1000000010000
  transition:     4'1000 15'--1------------ ->     4'0000 13'0000000010000
  transition:     4'0100 15'0-0---------0-- ->     4'0000 13'0000000000010
  transition:     4'0100 15'1-0-------000-- ->     4'0000 13'0000000000010
  transition:     4'0100 15'100-------100-- ->     4'0100 13'0100000000010
  transition:     4'0100 15'110-------100-- ->     4'0010 13'0010000000010
  transition:     4'0100 15'1-00000000-1000 ->     4'0000 13'0000000000010
  transition:     4'0100 15'1-0------1-10-- ->     4'1001 13'1001000000010
  transition:     4'0100 15'1-0-----1--10-- ->     4'0001 13'0001000000010
  transition:     4'0100 15'1-0--------10-1 ->     4'0100 13'0100000000010
  transition:     4'0100 15'1-0--------101- ->     4'0110 13'0110000000010
  transition:     4'0100 15'1-0----1---10-- ->     4'0111 13'0111000000010
  transition:     4'0100 15'1-0---1----10-- ->     4'0101 13'0101000000010
  transition:     4'0100 15'1-0--1-----10-- ->     4'0011 13'0011000000010
  transition:     4'0100 15'1-0-1------10-- ->     4'0010 13'0010000000010
  transition:     4'0100 15'1-01-------10-- ->     4'1000 13'1000000000010
  transition:     4'0100 15'--0---------1-- ->     4'0100 13'0100000000010
  transition:     4'0100 15'--1------------ ->     4'0000 13'0000000000010
  transition:     4'0010 15'0-0---------0-- ->     4'0000 13'0000000001000
  transition:     4'0010 15'1-0-------000-- ->     4'0000 13'0000000001000
  transition:     4'0010 15'100-------100-- ->     4'0100 13'0100000001000
  transition:     4'0010 15'110-------100-- ->     4'0010 13'0010000001000
  transition:     4'0010 15'1-00000000-1000 ->     4'0000 13'0000000001000
  transition:     4'0010 15'1-0------1-10-- ->     4'1001 13'1001000001000
  transition:     4'0010 15'1-0-----1--10-- ->     4'0001 13'0001000001000
  transition:     4'0010 15'1-0--------10-1 ->     4'0100 13'0100000001000
  transition:     4'0010 15'1-0--------101- ->     4'0110 13'0110000001000
  transition:     4'0010 15'1-0----1---10-- ->     4'0111 13'0111000001000
  transition:     4'0010 15'1-0---1----10-- ->     4'0101 13'0101000001000
  transition:     4'0010 15'1-0--1-----10-- ->     4'0011 13'0011000001000
  transition:     4'0010 15'1-0-1------10-- ->     4'0010 13'0010000001000
  transition:     4'0010 15'1-01-------10-- ->     4'1000 13'1000000001000
  transition:     4'0010 15'--0---------1-- ->     4'0010 13'0010000001000
  transition:     4'0010 15'--1------------ ->     4'0000 13'0000000001000
  transition:     4'0110 15'0-0---------0-- ->     4'0000 13'0000001000000
  transition:     4'0110 15'1-0-------000-- ->     4'0000 13'0000001000000
  transition:     4'0110 15'100-------100-- ->     4'0100 13'0100001000000
  transition:     4'0110 15'110-------100-- ->     4'0010 13'0010001000000
  transition:     4'0110 15'1-00000000-1000 ->     4'0000 13'0000001000000
  transition:     4'0110 15'1-0------1-10-- ->     4'1001 13'1001001000000
  transition:     4'0110 15'1-0-----1--10-- ->     4'0001 13'0001001000000
  transition:     4'0110 15'1-0--------10-1 ->     4'0100 13'0100001000000
  transition:     4'0110 15'1-0--------101- ->     4'0110 13'0110001000000
  transition:     4'0110 15'1-0----1---10-- ->     4'0111 13'0111001000000
  transition:     4'0110 15'1-0---1----10-- ->     4'0101 13'0101001000000
  transition:     4'0110 15'1-0--1-----10-- ->     4'0011 13'0011001000000
  transition:     4'0110 15'1-0-1------10-- ->     4'0010 13'0010001000000
  transition:     4'0110 15'1-01-------10-- ->     4'1000 13'1000001000000
  transition:     4'0110 15'--0---------1-- ->     4'0110 13'0110001000000
  transition:     4'0110 15'--1------------ ->     4'0000 13'0000001000000
  transition:     4'0001 15'0-0---------0-- ->     4'0000 13'0000100000000
  transition:     4'0001 15'1-0-------000-- ->     4'0000 13'0000100000000
  transition:     4'0001 15'100-------100-- ->     4'0100 13'0100100000000
  transition:     4'0001 15'110-------100-- ->     4'0010 13'0010100000000
  transition:     4'0001 15'1-00000000-1000 ->     4'0000 13'0000100000000
  transition:     4'0001 15'1-0------1-10-- ->     4'1001 13'1001100000000
  transition:     4'0001 15'1-0-----1--10-- ->     4'0001 13'0001100000000
  transition:     4'0001 15'1-0--------10-1 ->     4'0100 13'0100100000000
  transition:     4'0001 15'1-0--------101- ->     4'0110 13'0110100000000
  transition:     4'0001 15'1-0----1---10-- ->     4'0111 13'0111100000000
  transition:     4'0001 15'1-0---1----10-- ->     4'0101 13'0101100000000
  transition:     4'0001 15'1-0--1-----10-- ->     4'0011 13'0011100000000
  transition:     4'0001 15'1-0-1------10-- ->     4'0010 13'0010100000000
  transition:     4'0001 15'1-01-------10-- ->     4'1000 13'1000100000000
  transition:     4'0001 15'--0---------1-- ->     4'0001 13'0001100000000
  transition:     4'0001 15'--1------------ ->     4'0000 13'0000100000000
  transition:     4'1001 15'0-0---------0-- ->     4'0000 13'0000010000000
  transition:     4'1001 15'1-0-------000-- ->     4'0000 13'0000010000000
  transition:     4'1001 15'100-------100-- ->     4'0100 13'0100010000000
  transition:     4'1001 15'110-------100-- ->     4'0010 13'0010010000000
  transition:     4'1001 15'1-00000000-1000 ->     4'0000 13'0000010000000
  transition:     4'1001 15'1-0------1-10-- ->     4'1001 13'1001010000000
  transition:     4'1001 15'1-0-----1--10-- ->     4'0001 13'0001010000000
  transition:     4'1001 15'1-0--------10-1 ->     4'0100 13'0100010000000
  transition:     4'1001 15'1-0--------101- ->     4'0110 13'0110010000000
  transition:     4'1001 15'1-0----1---10-- ->     4'0111 13'0111010000000
  transition:     4'1001 15'1-0---1----10-- ->     4'0101 13'0101010000000
  transition:     4'1001 15'1-0--1-----10-- ->     4'0011 13'0011010000000
  transition:     4'1001 15'1-0-1------10-- ->     4'0010 13'0010010000000
  transition:     4'1001 15'1-01-------10-- ->     4'1000 13'1000010000000
  transition:     4'1001 15'--0---------1-- ->     4'1001 13'1001010000000
  transition:     4'1001 15'--1------------ ->     4'0000 13'0000010000000
  transition:     4'0101 15'0-0---------0-- ->     4'0000 13'0000000000001
  transition:     4'0101 15'1-0-------000-- ->     4'0000 13'0000000000001
  transition:     4'0101 15'100-------100-- ->     4'0100 13'0100000000001
  transition:     4'0101 15'110-------100-- ->     4'0010 13'0010000000001
  transition:     4'0101 15'1-00000000-1000 ->     4'0000 13'0000000000001
  transition:     4'0101 15'1-0------1-10-- ->     4'1001 13'1001000000001
  transition:     4'0101 15'1-0-----1--10-- ->     4'0001 13'0001000000001
  transition:     4'0101 15'1-0--------10-1 ->     4'0100 13'0100000000001
  transition:     4'0101 15'1-0--------101- ->     4'0110 13'0110000000001
  transition:     4'0101 15'1-0----1---10-- ->     4'0111 13'0111000000001
  transition:     4'0101 15'1-0---1----10-- ->     4'0101 13'0101000000001
  transition:     4'0101 15'1-0--1-----10-- ->     4'0011 13'0011000000001
  transition:     4'0101 15'1-0-1------10-- ->     4'0010 13'0010000000001
  transition:     4'0101 15'1-01-------10-- ->     4'1000 13'1000000000001
  transition:     4'0101 15'--0---------1-- ->     4'0101 13'0101000000001
  transition:     4'0101 15'--1------------ ->     4'0000 13'0000000000001
  transition:     4'0011 15'0-0---------0-- ->     4'0000 13'0000000000100
  transition:     4'0011 15'1-0-------000-- ->     4'0000 13'0000000000100
  transition:     4'0011 15'100-------100-- ->     4'0100 13'0100000000100
  transition:     4'0011 15'110-------100-- ->     4'0010 13'0010000000100
  transition:     4'0011 15'1-00000000-1000 ->     4'0000 13'0000000000100
  transition:     4'0011 15'1-0------1-10-- ->     4'1001 13'1001000000100
  transition:     4'0011 15'1-0-----1--10-- ->     4'0001 13'0001000000100
  transition:     4'0011 15'1-0--------10-1 ->     4'0100 13'0100000000100
  transition:     4'0011 15'1-0--------101- ->     4'0110 13'0110000000100
  transition:     4'0011 15'1-0----1---10-- ->     4'0111 13'0111000000100
  transition:     4'0011 15'1-0---1----10-- ->     4'0101 13'0101000000100
  transition:     4'0011 15'1-0--1-----10-- ->     4'0011 13'0011000000100
  transition:     4'0011 15'1-0-1------10-- ->     4'0010 13'0010000000100
  transition:     4'0011 15'1-01-------10-- ->     4'1000 13'1000000000100
  transition:     4'0011 15'--0---------1-- ->     4'0011 13'0011000000100
  transition:     4'0011 15'--1------------ ->     4'0000 13'0000000000100
  transition:     4'0111 15'0-0---------0-- ->     4'0000 13'0000000100000
  transition:     4'0111 15'1-0-------000-- ->     4'0000 13'0000000100000
  transition:     4'0111 15'100-------100-- ->     4'0100 13'0100000100000
  transition:     4'0111 15'110-------100-- ->     4'0010 13'0010000100000
  transition:     4'0111 15'1-00000000-1000 ->     4'0000 13'0000000100000
  transition:     4'0111 15'1-0------1-10-- ->     4'1001 13'1001000100000
  transition:     4'0111 15'1-0-----1--10-- ->     4'0001 13'0001000100000
  transition:     4'0111 15'1-0--------10-1 ->     4'0100 13'0100000100000
  transition:     4'0111 15'1-0--------101- ->     4'0110 13'0110000100000
  transition:     4'0111 15'1-0----1---10-- ->     4'0111 13'0111000100000
  transition:     4'0111 15'1-0---1----10-- ->     4'0101 13'0101000100000
  transition:     4'0111 15'1-0--1-----10-- ->     4'0011 13'0011000100000
  transition:     4'0111 15'1-0-1------10-- ->     4'0010 13'0010000100000
  transition:     4'0111 15'1-01-------10-- ->     4'1000 13'1000000100000
  transition:     4'0111 15'--0---------1-- ->     4'0111 13'0111000100000
  transition:     4'0111 15'--1------------ ->     4'0000 13'0000000100000
Extracting FSM `\arm16_controller_unit.present_state' from module `\tt_um_moein_maleki_arm16'.
  found $dff cell for state register: $flatten\arm16_controller_unit.$procdff$1241
  root of input selection tree: $flatten\arm16_controller_unit.$0\present_state[2:0]
  found reset state: 3'000 (guessed from mux tree)
  found ctrl input: \reset_synchronizer_unit.sync_second
  found ctrl input: $flatten\arm16_controller_unit.$eq$src/arm16_controller.v:49$28_Y
  found ctrl input: $flatten\arm16_controller_unit.$procmux$1013_CMP
  found ctrl input: $flatten\arm16_controller_unit.$procmux$1030_CMP
  found ctrl input: $flatten\arm16_controller_unit.$procmux$1014_CMP
  found ctrl input: $flatten\arm16_controller_unit.$procmux$1002_CMP
  found state code: 3'000
  found ctrl input: \arm16_controller_unit.data_done_in
  found ctrl input: \arm16_controller_unit.abort
  found ctrl input: \arm16_controller_unit.fetch_ready
  found state code: 3'010
  found state code: 3'001
  found ctrl input: \arm16_datapath_unit.rom_mode_q
  found ctrl input: \arm16_controller_unit.mem_access_in
  found ctrl input: \arm16_controller_unit.redirect_in
  found state code: 3'100
  found ctrl output: $flatten\arm16_controller_unit.$procmux$1030_CMP
  found ctrl output: $flatten\arm16_controller_unit.$procmux$1014_CMP
  found ctrl output: $flatten\arm16_controller_unit.$procmux$1013_CMP
  found ctrl output: $flatten\arm16_controller_unit.$procmux$1002_CMP
  found ctrl output: $flatten\arm16_controller_unit.$eq$src/arm16_controller.v:49$28_Y
  found ctrl output: $flatten\arm16_controller_unit.$ne$src/arm16_controller.v:49$26_Y
  ctrl inputs: { \reset_synchronizer_unit.sync_second \arm16_datapath_unit.rom_mode_q \arm16_controller_unit.data_done_in \arm16_controller_unit.redirect_in \arm16_controller_unit.mem_access_in \arm16_controller_unit.fetch_ready \arm16_controller_unit.abort }
  ctrl outputs: { $flatten\arm16_controller_unit.$ne$src/arm16_controller.v:49$26_Y $flatten\arm16_controller_unit.$eq$src/arm16_controller.v:49$28_Y $flatten\arm16_controller_unit.$0\present_state[2:0] $flatten\arm16_controller_unit.$procmux$1002_CMP $flatten\arm16_controller_unit.$procmux$1013_CMP $flatten\arm16_controller_unit.$procmux$1014_CMP $flatten\arm16_controller_unit.$procmux$1030_CMP }
  transition:      3'000 7'00-00-- ->      3'010 9'100101000
  transition:      3'000 7'00-10-- ->      3'000 9'100001000
  transition:      3'000 7'00--1-- ->      3'100 9'101001000
  transition:      3'000 7'01----- ->      3'001 9'100011000
  transition:      3'000 7'1------ ->      3'000 9'100001000
  transition:      3'100 7'0------ ->      3'100 9'111000000
  transition:      3'100 7'1------ ->      3'000 9'110000000
  transition:      3'010 7'0-----0 ->      3'010 9'100100001
  transition:      3'010 7'0-----1 ->      3'000 9'100000001
  transition:      3'010 7'1------ ->      3'000 9'100000001
  transition:      3'001 7'0------ ->      3'001 9'000010010
  transition:      3'001 7'1------ ->      3'000 9'000000010

15.9.3. Executing FSM_OPT pass (simple optimizations of FSMs).
Optimizing FSM `$fsm$\arm16_controller_unit.present_state$1293' from module `\tt_um_moein_maleki_arm16'.
  Removing unused input signal \arm16_controller_unit.data_done_in.
  Removing unused input signal \arm16_controller_unit.fetch_ready.
Optimizing FSM `$fsm$\arm16_datapath_unit.ex_command$1282' from module `\tt_um_moein_maleki_arm16'.

15.9.4. Executing OPT_CLEAN pass (remove unused cells and wires).
Finding unused cells or wires in module \tt_um_moein_maleki_arm16..
Removed 33 unused cells and 35 unused wires.
<suppressed ~38 debug messages>

15.9.5. Executing FSM_OPT pass (simple optimizations of FSMs).
Optimizing FSM `$fsm$\arm16_datapath_unit.ex_command$1282' from module `\tt_um_moein_maleki_arm16'.
  Removing unused output signal $flatten\arm16_datapath_unit.$0\ex_command[3:0] [0].
  Removing unused output signal $flatten\arm16_datapath_unit.$0\ex_command[3:0] [1].
  Removing unused output signal $flatten\arm16_datapath_unit.$0\ex_command[3:0] [2].
  Removing unused output signal $flatten\arm16_datapath_unit.$0\ex_command[3:0] [3].
Optimizing FSM `$fsm$\arm16_controller_unit.present_state$1293' from module `\tt_um_moein_maleki_arm16'.
  Removing unused output signal $flatten\arm16_controller_unit.$procmux$1030_CMP.
  Removing unused output signal $flatten\arm16_controller_unit.$0\present_state[2:0] [0].
  Removing unused output signal $flatten\arm16_controller_unit.$0\present_state[2:0] [1].
  Removing unused output signal $flatten\arm16_controller_unit.$0\present_state[2:0] [2].

15.9.6. Executing FSM_RECODE pass (re-assigning FSM state encoding).
Recoding FSM `$fsm$\arm16_datapath_unit.ex_command$1282' from module `\tt_um_moein_maleki_arm16' using `auto' encoding:
  mapping auto encoding to `one-hot` for this FSM.
  0000 -> ---------1
  1000 -> --------1-
  0100 -> -------1--
  0010 -> ------1---
  0110 -> -----1----
  0001 -> ----1-----
  1001 -> ---1------
  0101 -> --1-------
  0011 -> -1--------
  0111 -> 1---------
Recoding FSM `$fsm$\arm16_controller_unit.present_state$1293' from module `\tt_um_moein_maleki_arm16' using `auto' encoding:
  mapping auto encoding to `one-hot` for this FSM.
  000 -> ---1
  100 -> --1-
  010 -> -1--
  001 -> 1---

15.9.7. Executing FSM_INFO pass (dumping all available information on FSM cells).

FSM `$fsm$\arm16_datapath_unit.ex_command$1282' from module `tt_um_moein_maleki_arm16':
-------------------------------------

  Information on FSM $fsm$\arm16_datapath_unit.ex_command$1282 (\arm16_datapath_unit.ex_command):

  Number of input signals:   15
  Number of output signals:   9
  Number of state bits:      10

  Input signals:
    0: $auto$opt_reduce.cc:137:opt_pmux$1273
    1: $auto$opt_reduce.cc:137:opt_pmux$1271
    2: \arm16_controller_unit.mem_busy
    3: \arm16_datapath_unit.instruction_decoder_unit.dp_form_ok
    4: \arm16_datapath_unit.instruction_decoder_unit.ldst_form_ok
    5: $flatten\arm16_datapath_unit.\instruction_decoder_unit.$procmux$456_CMP
    6: $flatten\arm16_datapath_unit.\instruction_decoder_unit.$procmux$457_CMP
    7: $flatten\arm16_datapath_unit.\instruction_decoder_unit.$procmux$460_CMP
    8: $flatten\arm16_datapath_unit.\instruction_decoder_unit.$procmux$461_CMP
    9: $flatten\arm16_datapath_unit.\instruction_decoder_unit.$procmux$462_CMP
   10: $flatten\arm16_datapath_unit.\instruction_decoder_unit.$procmux$463_CMP
   11: $flatten\arm16_datapath_unit.\instruction_decoder_unit.$procmux$465_CMP
   12: $flatten\arm16_datapath_unit.$or$src/arm16_datapath.v:266$130_Y
   13: \arm16_datapath_unit.if_id_instr [23]
   14: \arm16_datapath_unit.id_exec

  Output signals:
    0: $flatten\arm16_datapath_unit.\alu_unit.$procmux$1144_CMP
    1: $flatten\arm16_datapath_unit.\alu_unit.$procmux$1145_CMP
    2: $flatten\arm16_datapath_unit.\alu_unit.$procmux$1146_CMP
    3: $flatten\arm16_datapath_unit.\alu_unit.$procmux$1147_CMP
    4: $flatten\arm16_datapath_unit.\alu_unit.$procmux$1148_CMP
    5: $flatten\arm16_datapath_unit.\alu_unit.$procmux$1149_CMP
    6: $flatten\arm16_datapath_unit.\alu_unit.$procmux$1150_CMP
    7: $flatten\arm16_datapath_unit.\alu_unit.$procmux$1151_CMP
    8: $flatten\arm16_datapath_unit.\alu_unit.$procmux$1152_CMP

  State encoding:
    0: 10'---------1  <RESET STATE>
    1: 10'--------1-
    2: 10'-------1--
    3: 10'------1---
    4: 10'-----1----
    5: 10'----1-----
    6: 10'---1------
    7: 10'--1-------
    8: 10'-1--------
    9: 10'1---------

  Transition Table (state_in, ctrl_in, state_out, ctrl_out):
      0:     0 15'1-00000000-1000   ->     0 9'000000000
      1:     0 15'1-0-------000--   ->     0 9'000000000
      2:     0 15'0-0---------0--   ->     0 9'000000000
      3:     0 15'--0---------1--   ->     0 9'000000000
      4:     0 15'--1------------   ->     0 9'000000000
      5:     0 15'1-01-------10--   ->     1 9'000000000
      6:     0 15'1-0--------10-1   ->     2 9'000000000
      7:     0 15'100-------100--   ->     2 9'000000000
      8:     0 15'110-------100--   ->     3 9'000000000
      9:     0 15'1-0-1------10--   ->     3 9'000000000
     10:     0 15'1-0--------101-   ->     4 9'000000000
     11:     0 15'1-0-----1--10--   ->     5 9'000000000
     12:     0 15'1-0------1-10--   ->     6 9'000000000
     13:     0 15'1-0---1----10--   ->     7 9'000000000
     14:     0 15'1-0--1-----10--   ->     8 9'000000000
     15:     0 15'1-0----1---10--   ->     9 9'000000000
     16:     1 15'1-00000000-1000   ->     0 9'000010000
     17:     1 15'1-0-------000--   ->     0 9'000010000
     18:     1 15'0-0---------0--   ->     0 9'000010000
     19:     1 15'--1------------   ->     0 9'000010000
     20:     1 15'1-01-------10--   ->     1 9'000010000
     21:     1 15'--0---------1--   ->     1 9'000010000
     22:     1 15'1-0--------10-1   ->     2 9'000010000
     23:     1 15'100-------100--   ->     2 9'000010000
     24:     1 15'110-------100--   ->     3 9'000010000
     25:     1 15'1-0-1------10--   ->     3 9'000010000
     26:     1 15'1-0--------101-   ->     4 9'000010000
     27:     1 15'1-0-----1--10--   ->     5 9'000010000
     28:     1 15'1-0------1-10--   ->     6 9'000010000
     29:     1 15'1-0---1----10--   ->     7 9'000010000
     30:     1 15'1-0--1-----10--   ->     8 9'000010000
     31:     1 15'1-0----1---10--   ->     9 9'000010000
     32:     2 15'1-00000000-1000   ->     0 9'000000010
     33:     2 15'1-0-------000--   ->     0 9'000000010
     34:     2 15'0-0---------0--   ->     0 9'000000010
     35:     2 15'--1------------   ->     0 9'000000010
     36:     2 15'1-01-------10--   ->     1 9'000000010
     37:     2 15'1-0--------10-1   ->     2 9'000000010
     38:     2 15'100-------100--   ->     2 9'000000010
     39:     2 15'--0---------1--   ->     2 9'000000010
     40:     2 15'110-------100--   ->     3 9'000000010
     41:     2 15'1-0-1------10--   ->     3 9'000000010
     42:     2 15'1-0--------101-   ->     4 9'000000010
     43:     2 15'1-0-----1--10--   ->     5 9'000000010
     44:     2 15'1-0------1-10--   ->     6 9'000000010
     45:     2 15'1-0---1----10--   ->     7 9'000000010
     46:     2 15'1-0--1-----10--   ->     8 9'000000010
     47:     2 15'1-0----1---10--   ->     9 9'000000010
     48:     3 15'1-00000000-1000   ->     0 9'000001000
     49:     3 15'1-0-------000--   ->     0 9'000001000
     50:     3 15'0-0---------0--   ->     0 9'000001000
     51:     3 15'--1------------   ->     0 9'000001000
     52:     3 15'1-01-------10--   ->     1 9'000001000
     53:     3 15'1-0--------10-1   ->     2 9'000001000
     54:     3 15'100-------100--   ->     2 9'000001000
     55:     3 15'110-------100--   ->     3 9'000001000
     56:     3 15'1-0-1------10--   ->     3 9'000001000
     57:     3 15'--0---------1--   ->     3 9'000001000
     58:     3 15'1-0--------101-   ->     4 9'000001000
     59:     3 15'1-0-----1--10--   ->     5 9'000001000
     60:     3 15'1-0------1-10--   ->     6 9'000001000
     61:     3 15'1-0---1----10--   ->     7 9'000001000
     62:     3 15'1-0--1-----10--   ->     8 9'000001000
     63:     3 15'1-0----1---10--   ->     9 9'000001000
     64:     4 15'1-00000000-1000   ->     0 9'001000000
     65:     4 15'1-0-------000--   ->     0 9'001000000
     66:     4 15'0-0---------0--   ->     0 9'001000000
     67:     4 15'--1------------   ->     0 9'001000000
     68:     4 15'1-01-------10--   ->     1 9'001000000
     69:     4 15'1-0--------10-1   ->     2 9'001000000
     70:     4 15'100-------100--   ->     2 9'001000000
     71:     4 15'110-------100--   ->     3 9'001000000
     72:     4 15'1-0-1------10--   ->     3 9'001000000
     73:     4 15'1-0--------101-   ->     4 9'001000000
     74:     4 15'--0---------1--   ->     4 9'001000000
     75:     4 15'1-0-----1--10--   ->     5 9'001000000
     76:     4 15'1-0------1-10--   ->     6 9'001000000
     77:     4 15'1-0---1----10--   ->     7 9'001000000
     78:     4 15'1-0--1-----10--   ->     8 9'001000000
     79:     4 15'1-0----1---10--   ->     9 9'001000000
     80:     5 15'1-00000000-1000   ->     0 9'100000000
     81:     5 15'1-0-------000--   ->     0 9'100000000
     82:     5 15'0-0---------0--   ->     0 9'100000000
     83:     5 15'--1------------   ->     0 9'100000000
     84:     5 15'1-01-------10--   ->     1 9'100000000
     85:     5 15'1-0--------10-1   ->     2 9'100000000
     86:     5 15'100-------100--   ->     2 9'100000000
     87:     5 15'110-------100--   ->     3 9'100000000
     88:     5 15'1-0-1------10--   ->     3 9'100000000
     89:     5 15'1-0--------101-   ->     4 9'100000000
     90:     5 15'1-0-----1--10--   ->     5 9'100000000
     91:     5 15'--0---------1--   ->     5 9'100000000
     92:     5 15'1-0------1-10--   ->     6 9'100000000
     93:     5 15'1-0---1----10--   ->     7 9'100000000
     94:     5 15'1-0--1-----10--   ->     8 9'100000000
     95:     5 15'1-0----1---10--   ->     9 9'100000000
     96:     6 15'1-00000000-1000   ->     0 9'010000000
     97:     6 15'1-0-------000--   ->     0 9'010000000
     98:     6 15'0-0---------0--   ->     0 9'010000000
     99:     6 15'--1------------   ->     0 9'010000000
    100:     6 15'1-01-------10--   ->     1 9'010000000
    101:     6 15'1-0--------10-1   ->     2 9'010000000
    102:     6 15'100-------100--   ->     2 9'010000000
    103:     6 15'110-------100--   ->     3 9'010000000
    104:     6 15'1-0-1------10--   ->     3 9'010000000
    105:     6 15'1-0--------101-   ->     4 9'010000000
    106:     6 15'1-0-----1--10--   ->     5 9'010000000
    107:     6 15'1-0------1-10--   ->     6 9'010000000
    108:     6 15'--0---------1--   ->     6 9'010000000
    109:     6 15'1-0---1----10--   ->     7 9'010000000
    110:     6 15'1-0--1-----10--   ->     8 9'010000000
    111:     6 15'1-0----1---10--   ->     9 9'010000000
    112:     7 15'1-00000000-1000   ->     0 9'000000001
    113:     7 15'1-0-------000--   ->     0 9'000000001
    114:     7 15'0-0---------0--   ->     0 9'000000001
    115:     7 15'--1------------   ->     0 9'000000001
    116:     7 15'1-01-------10--   ->     1 9'000000001
    117:     7 15'1-0--------10-1   ->     2 9'000000001
    118:     7 15'100-------100--   ->     2 9'000000001
    119:     7 15'110-------100--   ->     3 9'000000001
    120:     7 15'1-0-1------10--   ->     3 9'000000001
    121:     7 15'1-0--------101-   ->     4 9'000000001
    122:     7 15'1-0-----1--10--   ->     5 9'000000001
    123:     7 15'1-0------1-10--   ->     6 9'000000001
    124:     7 15'1-0---1----10--   ->     7 9'000000001
    125:     7 15'--0---------1--   ->     7 9'000000001
    126:     7 15'1-0--1-----10--   ->     8 9'000000001
    127:     7 15'1-0----1---10--   ->     9 9'000000001
    128:     8 15'1-00000000-1000   ->     0 9'000000100
    129:     8 15'1-0-------000--   ->     0 9'000000100
    130:     8 15'0-0---------0--   ->     0 9'000000100
    131:     8 15'--1------------   ->     0 9'000000100
    132:     8 15'1-01-------10--   ->     1 9'000000100
    133:     8 15'1-0--------10-1   ->     2 9'000000100
    134:     8 15'100-------100--   ->     2 9'000000100
    135:     8 15'110-------100--   ->     3 9'000000100
    136:     8 15'1-0-1------10--   ->     3 9'000000100
    137:     8 15'1-0--------101-   ->     4 9'000000100
    138:     8 15'1-0-----1--10--   ->     5 9'000000100
    139:     8 15'1-0------1-10--   ->     6 9'000000100
    140:     8 15'1-0---1----10--   ->     7 9'000000100
    141:     8 15'1-0--1-----10--   ->     8 9'000000100
    142:     8 15'--0---------1--   ->     8 9'000000100
    143:     8 15'1-0----1---10--   ->     9 9'000000100
    144:     9 15'1-00000000-1000   ->     0 9'000100000
    145:     9 15'1-0-------000--   ->     0 9'000100000
    146:     9 15'0-0---------0--   ->     0 9'000100000
    147:     9 15'--1------------   ->     0 9'000100000
    148:     9 15'1-01-------10--   ->     1 9'000100000
    149:     9 15'1-0--------10-1   ->     2 9'000100000
    150:     9 15'100-------100--   ->     2 9'000100000
    151:     9 15'110-------100--   ->     3 9'000100000
    152:     9 15'1-0-1------10--   ->     3 9'000100000
    153:     9 15'1-0--------101-   ->     4 9'000100000
    154:     9 15'1-0-----1--10--   ->     5 9'000100000
    155:     9 15'1-0------1-10--   ->     6 9'000100000
    156:     9 15'1-0---1----10--   ->     7 9'000100000
    157:     9 15'1-0--1-----10--   ->     8 9'000100000
    158:     9 15'1-0----1---10--   ->     9 9'000100000
    159:     9 15'--0---------1--   ->     9 9'000100000

-------------------------------------

FSM `$fsm$\arm16_controller_unit.present_state$1293' from module `tt_um_moein_maleki_arm16':
-------------------------------------

  Information on FSM $fsm$\arm16_controller_unit.present_state$1293 (\arm16_controller_unit.present_state):

  Number of input signals:    5
  Number of output signals:   5
  Number of state bits:       4

  Input signals:
    0: \arm16_controller_unit.abort
    1: \arm16_controller_unit.mem_access_in
    2: \arm16_controller_unit.redirect_in
    3: \arm16_datapath_unit.rom_mode_q
    4: \reset_synchronizer_unit.sync_second

  Output signals:
    0: $flatten\arm16_controller_unit.$procmux$1014_CMP
    1: $flatten\arm16_controller_unit.$procmux$1013_CMP
    2: $flatten\arm16_controller_unit.$procmux$1002_CMP
    3: $flatten\arm16_controller_unit.$eq$src/arm16_controller.v:49$28_Y
    4: $flatten\arm16_controller_unit.$ne$src/arm16_controller.v:49$26_Y

  State encoding:
    0:     4'---1  <RESET STATE>
    1:     4'--1-
    2:     4'-1--
    3:     4'1---

  Transition Table (state_in, ctrl_in, state_out, ctrl_out):
      0:     0 5'0010-   ->     0 5'10100
      1:     0 5'1----   ->     0 5'10100
      2:     0 5'00-1-   ->     1 5'10100
      3:     0 5'0000-   ->     2 5'10100
      4:     0 5'01---   ->     3 5'10100
      5:     1 5'1----   ->     0 5'11000
      6:     1 5'0----   ->     1 5'11000
      7:     2 5'0---1   ->     0 5'10000
      8:     2 5'1----   ->     0 5'10000
      9:     2 5'0---0   ->     2 5'10000
     10:     3 5'1----   ->     0 5'00001
     11:     3 5'0----   ->     3 5'00001

-------------------------------------

15.9.8. Executing FSM_MAP pass (mapping FSMs to basic logic).
Mapping FSM `$fsm$\arm16_datapath_unit.ex_command$1282' from module `\tt_um_moein_maleki_arm16'.
Mapping FSM `$fsm$\arm16_controller_unit.present_state$1293' from module `\tt_um_moein_maleki_arm16'.

15.10. Executing OPT pass (performing simple optimizations).

15.10.1. Executing OPT_EXPR pass (perform const folding).
Optimizing module tt_um_moein_maleki_arm16.
<suppressed ~8 debug messages>

15.10.2. Executing OPT_MERGE pass (detect identical cells).
Finding identical cells in module `\tt_um_moein_maleki_arm16'.
Computing hashes of 560 cells of `\tt_um_moein_maleki_arm16'.
Finding duplicate cells in `\tt_um_moein_maleki_arm16'.
Computing hashes of 550 cells of `\tt_um_moein_maleki_arm16'.
Finding duplicate cells in `\tt_um_moein_maleki_arm16'.
<suppressed ~30 debug messages>
Removed a total of 10 cells.

15.10.3. Executing OPT_MUXTREE pass (detect dead branches in mux trees).
Running muxtree optimizer on module \tt_um_moein_maleki_arm16..
  Creating internal representation of mux trees.
  Evaluating internal representation of mux trees.
  Analyzing evaluation results.
Removed 0 multiplexer ports.
<suppressed ~281 debug messages>

15.10.4. Executing OPT_REDUCE pass (consolidate $*mux and $reduce_* inputs).
  Optimizing cells in module \tt_um_moein_maleki_arm16.
Performed a total of 0 changes.

15.10.5. Executing OPT_MERGE pass (detect identical cells).
Finding identical cells in module `\tt_um_moein_maleki_arm16'.
Computing hashes of 550 cells of `\tt_um_moein_maleki_arm16'.
Finding duplicate cells in `\tt_um_moein_maleki_arm16'.
Removed a total of 0 cells.

15.10.6. Executing OPT_DFF pass (perform DFF optimizations).
Adding SRST signal on $flatten\arm16_datapath_unit.$procdff$1229 ($dff) from module tt_um_moein_maleki_arm16 (D = $flatten\arm16_datapath_unit.$procmux$823_Y, Q = \arm16_datapath_unit.ex_src2, rval = 4'0000).
Adding EN signal on $auto$ff.cc:337:slice$1428 ($sdff) from module tt_um_moein_maleki_arm16 (D = \arm16_datapath_unit.hazard_detector_unit.id_src2_in, Q = \arm16_datapath_unit.ex_src2).
Adding SRST signal on $flatten\arm16_datapath_unit.$procdff$1230 ($dff) from module tt_um_moein_maleki_arm16 (D = $flatten\arm16_datapath_unit.$procmux$818_Y, Q = \arm16_datapath_unit.ex_has_src1, rval = 1'0).
Adding EN signal on $auto$ff.cc:337:slice$1430 ($sdff) from module tt_um_moein_maleki_arm16 (D = $flatten\arm16_datapath_unit.$and$src/arm16_datapath.v:309$140_Y, Q = \arm16_datapath_unit.ex_has_src1).
Adding SRST signal on $flatten\arm16_datapath_unit.$procdff$1228 ($dff) from module tt_um_moein_maleki_arm16 (D = $flatten\arm16_datapath_unit.$procmux$828_Y, Q = \arm16_datapath_unit.ex_src1, rval = 4'0000).
Adding EN signal on $auto$ff.cc:337:slice$1432 ($sdff) from module tt_um_moein_maleki_arm16 (D = \arm16_datapath_unit.if_id_instr [19:16], Q = \arm16_datapath_unit.ex_src1).
Adding SRST signal on $flatten\arm16_datapath_unit.$procdff$1227 ($dff) from module tt_um_moein_maleki_arm16 (D = $flatten\arm16_datapath_unit.$procmux$833_Y, Q = \arm16_datapath_unit.ex_val_rm, rval = 16'0000000000000000).
Adding EN signal on $auto$ff.cc:337:slice$1434 ($sdff) from module tt_um_moein_maleki_arm16 (D = \arm16_datapath_unit.id_val_rm, Q = \arm16_datapath_unit.ex_val_rm).
Adding SRST signal on $flatten\arm16_datapath_unit.$procdff$1231 ($dff) from module tt_um_moein_maleki_arm16 (D = $flatten\arm16_datapath_unit.$procmux$813_Y, Q = \arm16_datapath_unit.ex_has_src2, rval = 1'0).
Adding EN signal on $auto$ff.cc:337:slice$1436 ($sdff) from module tt_um_moein_maleki_arm16 (D = $flatten\arm16_datapath_unit.$and$src/arm16_datapath.v:310$141_Y, Q = \arm16_datapath_unit.ex_has_src2).
Adding SRST signal on $flatten\arm16_datapath_unit.$procdff$1226 ($dff) from module tt_um_moein_maleki_arm16 (D = $flatten\arm16_datapath_unit.$procmux$838_Y, Q = \arm16_datapath_unit.ex_val_rn, rval = 16'0000000000000000).
Adding EN signal on $auto$ff.cc:337:slice$1438 ($sdff) from module tt_um_moein_maleki_arm16 (D = \arm16_datapath_unit.id_val_rn, Q = \arm16_datapath_unit.ex_val_rn).
Adding SRST signal on $flatten\arm16_datapath_unit.$procdff$1225 ($dff) from module tt_um_moein_maleki_arm16 (D = $flatten\arm16_datapath_unit.$procmux$843_Y, Q = \arm16_datapath_unit.ex_branch_imm, rval = 24'000000000000000000000000).
Adding EN signal on $auto$ff.cc:337:slice$1440 ($sdff) from module tt_um_moein_maleki_arm16 (D = \arm16_datapath_unit.if_id_instr [23:0], Q = \arm16_datapath_unit.ex_branch_imm).
Adding SRST signal on $flatten\arm16_datapath_unit.$procdff$1224 ($dff) from module tt_um_moein_maleki_arm16 (D = $flatten\arm16_datapath_unit.$procmux$848_Y, Q = \arm16_datapath_unit.ex_operand2, rval = 12'000000000000).
Adding EN signal on $auto$ff.cc:337:slice$1442 ($sdff) from module tt_um_moein_maleki_arm16 (D = \arm16_datapath_unit.if_id_instr [11:0], Q = \arm16_datapath_unit.ex_operand2).
Adding SRST signal on $flatten\arm16_datapath_unit.$procdff$1232 ($dff) from module tt_um_moein_maleki_arm16 (D = $flatten\arm16_datapath_unit.$procmux$808_Y, Q = \arm16_datapath_unit.ex_flags, rval = 4'0000).
Adding EN signal on $auto$ff.cc:337:slice$1444 ($sdff) from module tt_um_moein_maleki_arm16 (D = \arm16_datapath_unit.nzcv, Q = \arm16_datapath_unit.ex_flags).
Adding SRST signal on $flatten\arm16_datapath_unit.$procdff$1223 ($dff) from module tt_um_moein_maleki_arm16 (D = $flatten\arm16_datapath_unit.$procmux$853_Y, Q = \arm16_datapath_unit.ex_memory, rval = 1'0).
Adding EN signal on $auto$ff.cc:337:slice$1446 ($sdff) from module tt_um_moein_maleki_arm16 (D = \arm16_datapath_unit.id_memory, Q = \arm16_datapath_unit.ex_memory).
Adding SRST signal on $flatten\arm16_datapath_unit.$procdff$1233 ($dff) from module tt_um_moein_maleki_arm16 (D = $flatten\arm16_datapath_unit.$procmux$928_Y, Q = \arm16_datapath_unit.if_id_pc, rval = 16'0000000000000000).
Adding EN signal on $auto$ff.cc:337:slice$1448 ($sdff) from module tt_um_moein_maleki_arm16 (D = \arm16_datapath_unit.fetch_addr, Q = \arm16_datapath_unit.if_id_pc).
Adding SRST signal on $flatten\arm16_datapath_unit.$procdff$1222 ($dff) from module tt_um_moein_maleki_arm16 (D = $flatten\arm16_datapath_unit.$procmux$858_Y, Q = \arm16_datapath_unit.ex_immediate, rval = 1'0).
Adding EN signal on $auto$ff.cc:337:slice$1450 ($sdff) from module tt_um_moein_maleki_arm16 (D = \arm16_datapath_unit.id_immediate, Q = \arm16_datapath_unit.ex_immediate).
Adding SRST signal on $flatten\arm16_datapath_unit.$procdff$1220 ($dff) from module tt_um_moein_maleki_arm16 (D = $flatten\arm16_datapath_unit.$procmux$868_Y, Q = \arm16_datapath_unit.ex_dest_is_pc, rval = 1'0).
Adding EN signal on $auto$ff.cc:337:slice$1452 ($sdff) from module tt_um_moein_maleki_arm16 (D = $flatten\arm16_datapath_unit.$and$src/arm16_datapath.v:299$138_Y, Q = \arm16_datapath_unit.ex_dest_is_pc).
Adding SRST signal on $flatten\arm16_datapath_unit.$procdff$1234 ($dff) from module tt_um_moein_maleki_arm16 (D = $flatten\arm16_datapath_unit.$procmux$923_Y, Q = \arm16_datapath_unit.if_id_instr, rval = 32'11110000000000000000000000000000).
Adding EN signal on $auto$ff.cc:337:slice$1454 ($sdff) from module tt_um_moein_maleki_arm16 (D = \arm16_datapath_unit.presented_word, Q = \arm16_datapath_unit.if_id_instr).
Adding SRST signal on $flatten\arm16_datapath_unit.$procdff$1219 ($dff) from module tt_um_moein_maleki_arm16 (D = $flatten\arm16_datapath_unit.$procmux$873_Y, Q = \arm16_datapath_unit.ex_dest, rval = 4'0000).
Adding EN signal on $auto$ff.cc:337:slice$1456 ($sdff) from module tt_um_moein_maleki_arm16 (D = \arm16_datapath_unit.id_dest, Q = \arm16_datapath_unit.ex_dest).
Adding SRST signal on $flatten\arm16_datapath_unit.$procdff$1218 ($dff) from module tt_um_moein_maleki_arm16 (D = $flatten\arm16_datapath_unit.$procmux$878_Y, Q = \arm16_datapath_unit.ex_set_flags, rval = 1'0).
Adding EN signal on $auto$ff.cc:337:slice$1458 ($sdff) from module tt_um_moein_maleki_arm16 (D = $flatten\arm16_datapath_unit.$and$src/arm16_datapath.v:297$137_Y, Q = \arm16_datapath_unit.ex_set_flags).
Adding SRST signal on $flatten\arm16_datapath_unit.$procdff$1235 ($dff) from module tt_um_moein_maleki_arm16 (D = $flatten\arm16_datapath_unit.$procmux$918_Y, Q = \arm16_datapath_unit.if_id_valid, rval = 1'0).
Adding EN signal on $auto$ff.cc:337:slice$1460 ($sdff) from module tt_um_moein_maleki_arm16 (D = 1'1, Q = \arm16_datapath_unit.if_id_valid).
Adding SRST signal on $flatten\arm16_datapath_unit.$procdff$1217 ($dff) from module tt_um_moein_maleki_arm16 (D = $flatten\arm16_datapath_unit.$procmux$883_Y, Q = \arm16_datapath_unit.ex_link, rval = 1'0).
Adding EN signal on $auto$ff.cc:337:slice$1462 ($sdff) from module tt_um_moein_maleki_arm16 (D = $flatten\arm16_datapath_unit.$and$src/arm16_datapath.v:296$136_Y, Q = \arm16_datapath_unit.ex_link).
Adding SRST signal on $flatten\arm16_datapath_unit.$procdff$1237 ($dff) from module tt_um_moein_maleki_arm16 (D = $flatten\arm16_datapath_unit.$procmux$938_Y, Q = \arm16_datapath_unit.fetch_addr, rval = 16'0000000000000000).
Adding EN signal on $auto$ff.cc:337:slice$1464 ($sdff) from module tt_um_moein_maleki_arm16 (D = $flatten\arm16_datapath_unit.$procmux$938_Y, Q = \arm16_datapath_unit.fetch_addr).
Adding EN signal on $flatten\arm16_datapath_unit.$procdff$1238 ($dff) from module tt_um_moein_maleki_arm16 (D = \ui_in [0], Q = \arm16_datapath_unit.fwd_en_q).
Adding SRST signal on $flatten\arm16_datapath_unit.$procdff$1216 ($dff) from module tt_um_moein_maleki_arm16 (D = $flatten\arm16_datapath_unit.$procmux$888_Y, Q = \arm16_datapath_unit.ex_branch, rval = 1'0).
Adding EN signal on $auto$ff.cc:337:slice$1469 ($sdff) from module tt_um_moein_maleki_arm16 (D = $flatten\arm16_datapath_unit.$and$src/arm16_datapath.v:295$135_Y, Q = \arm16_datapath_unit.ex_branch).
Adding EN signal on $flatten\arm16_datapath_unit.$procdff$1240 ($dff) from module tt_um_moein_maleki_arm16 (D = \ui_in [6], Q = \arm16_datapath_unit.rom_mode_q).
Adding SRST signal on $flatten\arm16_datapath_unit.\vga_renderer_unit.$procdff$1171 ($dff) from module tt_um_moein_maleki_arm16 (D = { $flatten\arm16_datapath_unit.\vga_renderer_unit.$ternary$src/vga_renderer.v:48$276_Y [0] $flatten\arm16_datapath_unit.\vga_renderer_unit.$ternary$src/vga_renderer.v:48$276_Y [2] $flatten\arm16_datapath_unit.\vga_renderer_unit.$ternary$src/vga_renderer.v:48$276_Y [4] $flatten\arm16_datapath_unit.\vga_renderer_unit.$ternary$src/vga_renderer.v:48$276_Y [1] $flatten\arm16_datapath_unit.\vga_renderer_unit.$ternary$src/vga_renderer.v:48$276_Y [3] $flatten\arm16_datapath_unit.\vga_renderer_unit.$ternary$src/vga_renderer.v:48$276_Y [5] }, Q = { \arm16_datapath_unit.vga_renderer_unit.pins_out [6:4] \arm16_datapath_unit.vga_renderer_unit.pins_out [2:0] }, rval = 6'000000).
Adding SRST signal on $flatten\arm16_datapath_unit.\vga_renderer_unit.$procdff$1172 ($dff) from module tt_um_moein_maleki_arm16 (D = $flatten\arm16_datapath_unit.\vga_renderer_unit.$add$src/vga_renderer.v:56$279_Y, Q = \arm16_datapath_unit.vga_renderer_unit.h_count, rval = 10'0000000000).
Adding SRST signal on $flatten\arm16_datapath_unit.\vga_renderer_unit.$procdff$1173 ($dff) from module tt_um_moein_maleki_arm16 (D = $flatten\arm16_datapath_unit.\vga_renderer_unit.$procmux$337_Y, Q = \arm16_datapath_unit.vga_renderer_unit.v_count, rval = 10'0000000000).
Adding EN signal on $auto$ff.cc:337:slice$1477 ($sdff) from module tt_um_moein_maleki_arm16 (D = $flatten\arm16_datapath_unit.\vga_renderer_unit.$ternary$src/vga_renderer.v:58$282_Y, Q = \arm16_datapath_unit.vga_renderer_unit.v_count).
Adding SRST signal on $flatten\arm16_datapath_unit.$procdff$1215 ($dff) from module tt_um_moein_maleki_arm16 (D = $flatten\arm16_datapath_unit.$procmux$893_Y, Q = \arm16_datapath_unit.ex_mem_write, rval = 1'0).
Adding EN signal on $auto$ff.cc:337:slice$1479 ($sdff) from module tt_um_moein_maleki_arm16 (D = $flatten\arm16_datapath_unit.$and$src/arm16_datapath.v:294$134_Y, Q = \arm16_datapath_unit.ex_mem_write).
Adding SRST signal on $flatten\arm16_datapath_unit.$procdff$1214 ($dff) from module tt_um_moein_maleki_arm16 (D = $flatten\arm16_datapath_unit.$procmux$898_Y, Q = \arm16_datapath_unit.ex_mem_read, rval = 1'0).
Adding EN signal on $auto$ff.cc:337:slice$1481 ($sdff) from module tt_um_moein_maleki_arm16 (D = $flatten\arm16_datapath_unit.$and$src/arm16_datapath.v:293$133_Y, Q = \arm16_datapath_unit.ex_mem_read).
Adding SRST signal on $flatten\arm16_datapath_unit.$procdff$1213 ($dff) from module tt_um_moein_maleki_arm16 (D = $flatten\arm16_datapath_unit.$procmux$903_Y, Q = \arm16_datapath_unit.ex_wb_en, rval = 1'0).
Adding EN signal on $auto$ff.cc:337:slice$1483 ($sdff) from module tt_um_moein_maleki_arm16 (D = $flatten\arm16_datapath_unit.$and$src/arm16_datapath.v:292$132_Y, Q = \arm16_datapath_unit.ex_wb_en).
Adding SRST signal on $flatten\arm16_datapath_unit.$procdff$1212 ($dff) from module tt_um_moein_maleki_arm16 (D = $flatten\arm16_datapath_unit.$procmux$908_Y, Q = \arm16_datapath_unit.ex_pc, rval = 16'0000000000000000).
Adding EN signal on $auto$ff.cc:337:slice$1485 ($sdff) from module tt_um_moein_maleki_arm16 (D = \arm16_datapath_unit.if_id_pc, Q = \arm16_datapath_unit.ex_pc).
Adding SRST signal on $flatten\arm16_datapath_unit.$procdff$1211 ($dff) from module tt_um_moein_maleki_arm16 (D = $flatten\arm16_datapath_unit.$procmux$913_Y, Q = \arm16_datapath_unit.ex_valid, rval = 1'0).
Adding EN signal on $auto$ff.cc:337:slice$1487 ($sdff) from module tt_um_moein_maleki_arm16 (D = \arm16_datapath_unit.hazard_detector_unit.id_valid_in, Q = \arm16_datapath_unit.ex_valid).
Adding SRST signal on $flatten\arm16_datapath_unit.$procdff$1210 ($dff) from module tt_um_moein_maleki_arm16 (D = $flatten\arm16_datapath_unit.$procmux$773_Y, Q = \arm16_datapath_unit.mem_store_data, rval = 16'0000000000000000).
Adding EN signal on $auto$ff.cc:337:slice$1489 ($sdff) from module tt_um_moein_maleki_arm16 (D = \arm16_datapath_unit.barrel_shifter_unit.value_in, Q = \arm16_datapath_unit.mem_store_data).
Adding SRST signal on $flatten\arm16_datapath_unit.$procdff$1209 ($dff) from module tt_um_moein_maleki_arm16 (D = $flatten\arm16_datapath_unit.$procmux$778_Y, Q = \arm16_datapath_unit.mem_alu_result, rval = 16'0000000000000000).
Adding EN signal on $auto$ff.cc:337:slice$1491 ($sdff) from module tt_um_moein_maleki_arm16 (D = \arm16_datapath_unit.ex_result, Q = \arm16_datapath_unit.mem_alu_result).
Adding SRST signal on $flatten\arm16_datapath_unit.$procdff$1208 ($dff) from module tt_um_moein_maleki_arm16 (D = $flatten\arm16_datapath_unit.$procmux$783_Y, Q = \arm16_datapath_unit.mem_dest, rval = 4'0000).
Adding EN signal on $auto$ff.cc:337:slice$1493 ($sdff) from module tt_um_moein_maleki_arm16 (D = \arm16_datapath_unit.ex_dest, Q = \arm16_datapath_unit.mem_dest).
Adding SRST signal on $flatten\arm16_datapath_unit.$procdff$1207 ($dff) from module tt_um_moein_maleki_arm16 (D = $flatten\arm16_datapath_unit.$procmux$788_Y, Q = \arm16_datapath_unit.mem_mem_write, rval = 1'0).
Adding EN signal on $auto$ff.cc:337:slice$1495 ($sdff) from module tt_um_moein_maleki_arm16 (D = \arm16_datapath_unit.ex_mem_write, Q = \arm16_datapath_unit.mem_mem_write).
Adding SRST signal on $flatten\arm16_datapath_unit.$procdff$1206 ($dff) from module tt_um_moein_maleki_arm16 (D = $flatten\arm16_datapath_unit.$procmux$793_Y, Q = \arm16_datapath_unit.mem_mem_read, rval = 1'0).
Adding EN signal on $auto$ff.cc:337:slice$1497 ($sdff) from module tt_um_moein_maleki_arm16 (D = \arm16_datapath_unit.ex_mem_read, Q = \arm16_datapath_unit.mem_mem_read).
Adding SRST signal on $flatten\arm16_datapath_unit.$procdff$1205 ($dff) from module tt_um_moein_maleki_arm16 (D = $flatten\arm16_datapath_unit.$procmux$798_Y, Q = \arm16_datapath_unit.mem_wb_en, rval = 1'0).
Adding EN signal on $auto$ff.cc:337:slice$1499 ($sdff) from module tt_um_moein_maleki_arm16 (D = \arm16_datapath_unit.ex_wb_en, Q = \arm16_datapath_unit.mem_wb_en).
Adding SRST signal on $flatten\arm16_datapath_unit.$procdff$1204 ($dff) from module tt_um_moein_maleki_arm16 (D = $flatten\arm16_datapath_unit.$procmux$803_Y, Q = \arm16_datapath_unit.mem_valid, rval = 1'0).
Adding EN signal on $auto$ff.cc:337:slice$1501 ($sdff) from module tt_um_moein_maleki_arm16 (D = \arm16_datapath_unit.ex_valid, Q = \arm16_datapath_unit.mem_valid).
Adding SRST signal on $flatten\arm16_datapath_unit.$procdff$1203 ($dff) from module tt_um_moein_maleki_arm16 (D = $flatten\arm16_datapath_unit.$procmux$743_Y, Q = \arm16_datapath_unit.wb_load_data, rval = 16'0000000000000000).
Adding EN signal on $auto$ff.cc:337:slice$1503 ($sdff) from module tt_um_moein_maleki_arm16 (D = \arm16_datapath_unit.mem_load_data, Q = \arm16_datapath_unit.wb_load_data).
Adding SRST signal on $flatten\arm16_datapath_unit.$procdff$1202 ($dff) from module tt_um_moein_maleki_arm16 (D = $flatten\arm16_datapath_unit.$procmux$748_Y, Q = \arm16_datapath_unit.wb_alu_result, rval = 16'0000000000000000).
Adding EN signal on $auto$ff.cc:337:slice$1505 ($sdff) from module tt_um_moein_maleki_arm16 (D = \arm16_datapath_unit.mem_alu_result, Q = \arm16_datapath_unit.wb_alu_result).
Adding SRST signal on $flatten\arm16_datapath_unit.$procdff$1201 ($dff) from module tt_um_moein_maleki_arm16 (D = $flatten\arm16_datapath_unit.$procmux$753_Y, Q = \arm16_datapath_unit.wb_dest, rval = 4'0000).
Adding EN signal on $auto$ff.cc:337:slice$1507 ($sdff) from module tt_um_moein_maleki_arm16 (D = \arm16_datapath_unit.mem_dest, Q = \arm16_datapath_unit.wb_dest).
Adding SRST signal on $flatten\arm16_datapath_unit.$procdff$1200 ($dff) from module tt_um_moein_maleki_arm16 (D = $flatten\arm16_datapath_unit.$procmux$758_Y, Q = \arm16_datapath_unit.wb_mem_read, rval = 1'0).
Adding EN signal on $auto$ff.cc:337:slice$1509 ($sdff) from module tt_um_moein_maleki_arm16 (D = \arm16_datapath_unit.mem_mem_read, Q = \arm16_datapath_unit.wb_mem_read).
Adding SRST signal on $flatten\arm16_datapath_unit.$procdff$1199 ($dff) from module tt_um_moein_maleki_arm16 (D = $flatten\arm16_datapath_unit.$procmux$763_Y, Q = \arm16_datapath_unit.wb_wb_en, rval = 1'0).
Adding EN signal on $auto$ff.cc:337:slice$1511 ($sdff) from module tt_um_moein_maleki_arm16 (D = \arm16_datapath_unit.mem_wb_en, Q = \arm16_datapath_unit.wb_wb_en).
Adding SRST signal on $flatten\arm16_datapath_unit.$procdff$1198 ($dff) from module tt_um_moein_maleki_arm16 (D = $flatten\arm16_datapath_unit.$procmux$768_Y, Q = \arm16_datapath_unit.wb_valid, rval = 1'0).
Adding EN signal on $auto$ff.cc:337:slice$1513 ($sdff) from module tt_um_moein_maleki_arm16 (D = \arm16_datapath_unit.mem_valid, Q = \arm16_datapath_unit.wb_valid).
Adding SRST signal on $flatten\arm16_datapath_unit.$procdff$1197 ($dff) from module tt_um_moein_maleki_arm16 (D = $flatten\arm16_datapath_unit.$procmux$738_Y, Q = \arm16_datapath_unit.nzcv, rval = 4'0000).
Adding EN signal on $auto$ff.cc:337:slice$1515 ($sdff) from module tt_um_moein_maleki_arm16 (D = { \arm16_datapath_unit.alu_result [15] \arm16_datapath_unit.alu_zero \arm16_datapath_unit.flags_next [1:0] }, Q = \arm16_datapath_unit.nzcv).
Adding SRST signal on $flatten\arm16_datapath_unit.$procdff$1196 ($dff) from module tt_um_moein_maleki_arm16 (D = $flatten\arm16_datapath_unit.$procmux$712_Y, Q = \arm16_datapath_unit.uart_div, rval = 16'0000000011011001).
Adding EN signal on $auto$ff.cc:337:slice$1517 ($sdff) from module tt_um_moein_maleki_arm16 (D = \arm16_datapath_unit.mem_store_data, Q = \arm16_datapath_unit.uart_div).
Adding SRST signal on $flatten\arm16_datapath_unit.$procdff$1195 ($dff) from module tt_um_moein_maleki_arm16 (D = $flatten\arm16_datapath_unit.$procmux$719_Y, Q = \arm16_datapath_unit.vga_bg, rval = 6'000000).
Adding EN signal on $auto$ff.cc:337:slice$1521 ($sdff) from module tt_um_moein_maleki_arm16 (D = \arm16_datapath_unit.mem_store_data [5:0], Q = \arm16_datapath_unit.vga_bg).
Adding SRST signal on $flatten\arm16_datapath_unit.$procdff$1194 ($dff) from module tt_um_moein_maleki_arm16 (D = $flatten\arm16_datapath_unit.$procmux$726_Y, Q = \arm16_datapath_unit.vga_fg, rval = 6'111111).
Adding EN signal on $auto$ff.cc:337:slice$1525 ($sdff) from module tt_um_moein_maleki_arm16 (D = \arm16_datapath_unit.mem_store_data [5:0], Q = \arm16_datapath_unit.vga_fg).
Adding SRST signal on $flatten\arm16_datapath_unit.$procdff$1193 ($dff) from module tt_um_moein_maleki_arm16 (D = $flatten\arm16_datapath_unit.$procmux$733_Y, Q = \arm16_datapath_unit.vga_val, rval = 16'0000000000000000).
Adding EN signal on $auto$ff.cc:337:slice$1529 ($sdff) from module tt_um_moein_maleki_arm16 (D = \arm16_datapath_unit.mem_store_data, Q = \arm16_datapath_unit.vga_val).
Adding SRST signal on $flatten\arm16_datapath_unit.$procdff$1192 ($dff) from module tt_um_moein_maleki_arm16 (D = \arm16_datapath_unit.vga_renderer_unit.vsync_n, Q = \arm16_datapath_unit.vsync_q, rval = 1'1).
Adding SRST signal on $flatten\arm16_datapath_unit.$procdff$1191 ($dff) from module tt_um_moein_maleki_arm16 (D = $flatten\arm16_datapath_unit.$procmux$697_Y, Q = \arm16_datapath_unit.meter_value, rval = 16'0000000000000000).
Adding EN signal on $auto$ff.cc:337:slice$1534 ($sdff) from module tt_um_moein_maleki_arm16 (D = \arm16_datapath_unit.retired_count, Q = \arm16_datapath_unit.meter_value).
Adding SRST signal on $flatten\arm16_datapath_unit.$procdff$1190 ($dff) from module tt_um_moein_maleki_arm16 (D = $flatten\arm16_datapath_unit.$procmux$702_Y [15:1], Q = \arm16_datapath_unit.retired_count [15:1], rval = 15'000000000000000).
Adding SRST signal on $flatten\arm16_datapath_unit.$procdff$1190 ($dff) from module tt_um_moein_maleki_arm16 (D = $flatten\arm16_datapath_unit.$procmux$705_Y [0], Q = \arm16_datapath_unit.retired_count [0], rval = 1'0).
Adding EN signal on $auto$ff.cc:337:slice$1539 ($sdff) from module tt_um_moein_maleki_arm16 (D = $flatten\arm16_datapath_unit.$procmux$705_Y [0], Q = \arm16_datapath_unit.retired_count [0]).
Adding EN signal on $auto$ff.cc:337:slice$1536 ($sdff) from module tt_um_moein_maleki_arm16 (D = $flatten\arm16_datapath_unit.$add$src/arm16_datapath.v:400$155_Y [15:1], Q = \arm16_datapath_unit.retired_count [15:1]).

15.10.7. Executing OPT_CLEAN pass (remove unused cells and wires).
Finding unused cells or wires in module \tt_um_moein_maleki_arm16..
Removed 100 unused cells and 133 unused wires.
<suppressed ~102 debug messages>

15.10.8. Executing OPT_EXPR pass (perform const folding).
Optimizing module tt_um_moein_maleki_arm16.
<suppressed ~2 debug messages>

15.10.9. Rerunning OPT passes. (Maybe there is more to do..)

15.10.10. Executing OPT_MUXTREE pass (detect dead branches in mux trees).
Running muxtree optimizer on module \tt_um_moein_maleki_arm16..
  Creating internal representation of mux trees.
  Evaluating internal representation of mux trees.
  Analyzing evaluation results.
Removed 0 multiplexer ports.
<suppressed ~144 debug messages>

15.10.11. Executing OPT_REDUCE pass (consolidate $*mux and $reduce_* inputs).
  Optimizing cells in module \tt_um_moein_maleki_arm16.
Performed a total of 0 changes.

15.10.12. Executing OPT_MERGE pass (detect identical cells).
Finding identical cells in module `\tt_um_moein_maleki_arm16'.
Computing hashes of 460 cells of `\tt_um_moein_maleki_arm16'.
Finding duplicate cells in `\tt_um_moein_maleki_arm16'.
Removed a total of 0 cells.

15.10.13. Executing OPT_DFF pass (perform DFF optimizations).

15.10.14. Executing OPT_CLEAN pass (remove unused cells and wires).
Finding unused cells or wires in module \tt_um_moein_maleki_arm16..

15.10.15. Executing OPT_EXPR pass (perform const folding).
Optimizing module tt_um_moein_maleki_arm16.

15.10.16. Finished fast OPT passes. (There is nothing left to do.)

15.11. Executing WREDUCE pass (reducing word size of cells).
Removed top 28 address bits (of 32) from memory init port tt_um_moein_maleki_arm16.$flatten\arm16_datapath_unit.\vga_renderer_unit.$auto$mem.cc:351:emit$316 ($flatten\arm16_datapath_unit.\vga_renderer_unit.$auto$proc_rom.cc:155:do_switch$314).
Removed top 28 address bits (of 32) from memory init port tt_um_moein_maleki_arm16.$flatten\arm16_datapath_unit.\demo_rom_unit.$auto$mem.cc:351:emit$320 ($flatten\arm16_datapath_unit.\demo_rom_unit.$auto$proc_rom.cc:155:do_switch$318).
Removed top 2 bits (of 4) from FF cell tt_um_moein_maleki_arm16.$auto$ff.cc:337:slice$1445 ($sdffe).
Removed top 10 bits (of 24) from FF cell tt_um_moein_maleki_arm16.$auto$ff.cc:337:slice$1441 ($sdffe).
Removed top 1 bits (of 2) from port B of cell tt_um_moein_maleki_arm16.$auto$fsm_map.cc:77:implement_pattern_cache$1419 ($eq).
Removed top 2 bits (of 3) from port B of cell tt_um_moein_maleki_arm16.$auto$fsm_map.cc:77:implement_pattern_cache$1401 ($eq).
Removed top 2 bits (of 4) from port B of cell tt_um_moein_maleki_arm16.$auto$fsm_map.cc:77:implement_pattern_cache$1394 ($eq).
Removed top 1 bits (of 2) from port B of cell tt_um_moein_maleki_arm16.$auto$fsm_map.cc:77:implement_pattern_cache$1390 ($eq).
Removed top 1 bits (of 2) from port B of cell tt_um_moein_maleki_arm16.$auto$fsm_map.cc:77:implement_pattern_cache$1381 ($eq).
Removed top 3 bits (of 10) from port B of cell tt_um_moein_maleki_arm16.$flatten\arm16_datapath_unit.\vga_renderer_unit.$ge$src/vga_renderer.v:40$264 ($ge).
Removed top 2 bits (of 10) from port B of cell tt_um_moein_maleki_arm16.$flatten\arm16_datapath_unit.\vga_renderer_unit.$ge$src/vga_renderer.v:41$267 ($ge).
Removed top 1 bits (of 10) from port B of cell tt_um_moein_maleki_arm16.$flatten\arm16_datapath_unit.\vga_renderer_unit.$lt$src/vga_renderer.v:41$268 ($lt).
Removed top 3 bits (of 10) from port B of cell tt_um_moein_maleki_arm16.$flatten\arm16_datapath_unit.\vga_renderer_unit.$sub$src/vga_renderer.v:42$270 ($sub).
Removed top 1 bits (of 10) from port Y of cell tt_um_moein_maleki_arm16.$flatten\arm16_datapath_unit.\vga_renderer_unit.$sub$src/vga_renderer.v:42$270 ($sub).
Removed top 1 bits (of 10) from port A of cell tt_um_moein_maleki_arm16.$flatten\arm16_datapath_unit.\vga_renderer_unit.$sub$src/vga_renderer.v:42$270 ($sub).
Removed top 2 bits (of 10) from port B of cell tt_um_moein_maleki_arm16.$flatten\arm16_datapath_unit.\vga_renderer_unit.$sub$src/vga_renderer.v:43$271 ($sub).
Removed top 2 bits (of 10) from port Y of cell tt_um_moein_maleki_arm16.$flatten\arm16_datapath_unit.\vga_renderer_unit.$sub$src/vga_renderer.v:43$271 ($sub).
Removed top 2 bits (of 10) from port A of cell tt_um_moein_maleki_arm16.$flatten\arm16_datapath_unit.\vga_renderer_unit.$sub$src/vga_renderer.v:43$271 ($sub).
Removed top 9 bits (of 10) from port B of cell tt_um_moein_maleki_arm16.$flatten\arm16_datapath_unit.\vga_renderer_unit.$add$src/vga_renderer.v:56$279 ($add).
Removed top 9 bits (of 10) from port B of cell tt_um_moein_maleki_arm16.$flatten\arm16_datapath_unit.\vga_renderer_unit.$add$src/vga_renderer.v:58$281 ($add).
Removed top 1 bits (of 10) from port B of cell tt_um_moein_maleki_arm16.$flatten\arm16_datapath_unit.\vga_renderer_unit.$lt$src/vga_renderer.v:61$284 ($lt).
Removed top 1 bits (of 10) from port B of cell tt_um_moein_maleki_arm16.$flatten\arm16_datapath_unit.\vga_renderer_unit.$ge$src/vga_renderer.v:63$290 ($ge).
Removed top 1 bits (of 10) from port B of cell tt_um_moein_maleki_arm16.$flatten\arm16_datapath_unit.\vga_renderer_unit.$lt$src/vga_renderer.v:63$291 ($lt).
Removed top 1 bits (of 2) from port B of cell tt_um_moein_maleki_arm16.$flatten\arm16_datapath_unit.\vga_renderer_unit.$eq$src/vga_renderer.v:106$311 ($eq).
Removed top 1 bits (of 3) from port B of cell tt_um_moein_maleki_arm16.$flatten\arm16_datapath_unit.\vga_renderer_unit.$procmux$324_CMP0 ($eq).
Removed top 1 bits (of 3) from port B of cell tt_um_moein_maleki_arm16.$flatten\arm16_datapath_unit.\vga_renderer_unit.$procmux$325_CMP0 ($eq).
Removed top 2 bits (of 3) from port B of cell tt_um_moein_maleki_arm16.$flatten\arm16_datapath_unit.\vga_renderer_unit.$procmux$326_CMP0 ($eq).
Removed top 1 bits (of 2) from port B of cell tt_um_moein_maleki_arm16.$flatten\arm16_datapath_unit.\vga_renderer_unit.$procmux$332_CMP0 ($eq).
Removed top 1 bits (of 17) from port A of cell tt_um_moein_maleki_arm16.$flatten\arm16_datapath_unit.\alu_unit.$add$src/alu.v:36$3 ($add).
Removed top 1 bits (of 17) from port B of cell tt_um_moein_maleki_arm16.$flatten\arm16_datapath_unit.\alu_unit.$add$src/alu.v:36$3 ($add).
Removed top 16 bits (of 17) from port B of cell tt_um_moein_maleki_arm16.$flatten\arm16_datapath_unit.\alu_unit.$add$src/alu.v:36$4 ($add).
Removed top 16 bits (of 17) from port B of cell tt_um_moein_maleki_arm16.$flatten\arm16_datapath_unit.\alu_unit.$add$src/alu.v:37$6 ($add).
Removed top 1 bits (of 17) from port A of cell tt_um_moein_maleki_arm16.$flatten\arm16_datapath_unit.\alu_unit.$add$src/alu.v:38$7 ($add).
Removed top 1 bits (of 17) from port B of cell tt_um_moein_maleki_arm16.$flatten\arm16_datapath_unit.\alu_unit.$add$src/alu.v:38$7 ($add).
Removed top 16 bits (of 17) from port B of cell tt_um_moein_maleki_arm16.$flatten\arm16_datapath_unit.\alu_unit.$add$src/alu.v:38$8 ($add).
Removed top 16 bits (of 32) from port Y of cell tt_um_moein_maleki_arm16.$flatten\arm16_datapath_unit.\barrel_shifter_unit.$shr$src/barrel_shifter.v:32$161 ($shr).
Removed top 1 bits (of 5) from port B of cell tt_um_moein_maleki_arm16.$flatten\arm16_datapath_unit.\barrel_shifter_unit.$sub$src/barrel_shifter.v:37$164 ($sub).
Removed top 1 bits (of 2) from port B of cell tt_um_moein_maleki_arm16.$flatten\arm16_datapath_unit.\barrel_shifter_unit.$procmux$660_CMP0 ($eq).
Removed top 1 bits (of 4) from port B of cell tt_um_moein_maleki_arm16.$flatten\arm16_datapath_unit.\condition_checker_unit.$procmux$649_CMP0 ($eq).
Removed top 1 bits (of 4) from port B of cell tt_um_moein_maleki_arm16.$flatten\arm16_datapath_unit.\condition_checker_unit.$procmux$650_CMP0 ($eq).
Removed top 1 bits (of 4) from port B of cell tt_um_moein_maleki_arm16.$flatten\arm16_datapath_unit.\condition_checker_unit.$procmux$651_CMP0 ($eq).
Removed top 1 bits (of 4) from port B of cell tt_um_moein_maleki_arm16.$flatten\arm16_datapath_unit.\condition_checker_unit.$procmux$652_CMP0 ($eq).
Removed top 2 bits (of 4) from port B of cell tt_um_moein_maleki_arm16.$flatten\arm16_datapath_unit.\condition_checker_unit.$procmux$653_CMP0 ($eq).
Removed top 2 bits (of 4) from port B of cell tt_um_moein_maleki_arm16.$flatten\arm16_datapath_unit.\condition_checker_unit.$procmux$654_CMP0 ($eq).
Removed top 3 bits (of 4) from port B of cell tt_um_moein_maleki_arm16.$flatten\arm16_datapath_unit.\condition_checker_unit.$procmux$655_CMP0 ($eq).
Removed top 1 bits (of 2) from port B of cell tt_um_moein_maleki_arm16.$flatten\arm16_datapath_unit.\instruction_decoder_unit.$eq$src/instruction_decoder.v:83$224 ($eq).
Removed top 1 bits (of 4) from port B of cell tt_um_moein_maleki_arm16.$flatten\arm16_datapath_unit.\instruction_decoder_unit.$procmux$553_CMP0 ($eq).
Removed top 1 bits (of 4) from port B of cell tt_um_moein_maleki_arm16.$flatten\arm16_datapath_unit.\instruction_decoder_unit.$procmux$554_CMP0 ($eq).
Removed top 1 bits (of 4) from port B of cell tt_um_moein_maleki_arm16.$flatten\arm16_datapath_unit.\instruction_decoder_unit.$procmux$555_CMP0 ($eq).
Removed top 2 bits (of 4) from port B of cell tt_um_moein_maleki_arm16.$flatten\arm16_datapath_unit.\instruction_decoder_unit.$procmux$556_CMP0 ($eq).
Removed top 3 bits (of 4) from port B of cell tt_um_moein_maleki_arm16.$flatten\arm16_datapath_unit.\instruction_decoder_unit.$procmux$557_CMP0 ($eq).
Removed top 15 bits (of 16) from mux cell tt_um_moein_maleki_arm16.$flatten\arm16_datapath_unit.$procmux$705 ($mux).
Removed top 15 bits (of 16) from mux cell tt_um_moein_maleki_arm16.$flatten\arm16_datapath_unit.$procmux$702 ($mux).
Removed top 1 bits (of 2) from port B of cell tt_um_moein_maleki_arm16.$flatten\arm16_datapath_unit.$procmux$692_CMP0 ($eq).
Removed top 1 bits (of 2) from port B of cell tt_um_moein_maleki_arm16.$flatten\arm16_datapath_unit.$procmux$688_CMP0 ($eq).
Removed top 6 bits (of 7) from port B of cell tt_um_moein_maleki_arm16.$flatten\arm16_datapath_unit.$procmux$683_CMP0 ($eq).
Removed top 4 bits (of 7) from port B of cell tt_um_moein_maleki_arm16.$flatten\arm16_datapath_unit.$procmux$682_CMP0 ($eq).
Removed top 4 bits (of 7) from port B of cell tt_um_moein_maleki_arm16.$flatten\arm16_datapath_unit.$procmux$681_CMP0 ($eq).
Removed top 3 bits (of 7) from port B of cell tt_um_moein_maleki_arm16.$flatten\arm16_datapath_unit.$procmux$680_CMP0 ($eq).
Removed top 3 bits (of 7) from port B of cell tt_um_moein_maleki_arm16.$flatten\arm16_datapath_unit.$procmux$679_CMP0 ($eq).
Removed top 8 bits (of 32) from port A of cell tt_um_moein_maleki_arm16.$flatten\arm16_datapath_unit.\barrel_shifter_unit.$shr$src/barrel_shifter.v:30$160 ($shr).
Removed top 16 bits (of 32) from port Y of cell tt_um_moein_maleki_arm16.$flatten\arm16_datapath_unit.\barrel_shifter_unit.$shr$src/barrel_shifter.v:30$160 ($shr).
Removed top 15 bits (of 16) from port B of cell tt_um_moein_maleki_arm16.$flatten\arm16_datapath_unit.$add$src/arm16_datapath.v:400$155 ($add).
Removed top 13 bits (of 16) from port B of cell tt_um_moein_maleki_arm16.$flatten\arm16_datapath_unit.$add$src/arm16_datapath.v:241$123 ($add).
Removed top 12 bits (of 16) from port B of cell tt_um_moein_maleki_arm16.$flatten\arm16_datapath_unit.$add$src/arm16_datapath.v:197$87 ($add).
Removed top 13 bits (of 16) from port B of cell tt_um_moein_maleki_arm16.$flatten\arm16_datapath_unit.$add$src/arm16_datapath.v:196$86 ($add).
Removed top 12 bits (of 16) from port B of cell tt_um_moein_maleki_arm16.$flatten\arm16_datapath_unit.$add$src/arm16_datapath.v:191$81 ($add).
Removed top 15 bits (of 16) from wire tt_um_moein_maleki_arm16.$flatten\arm16_datapath_unit.$procmux$702_Y.
Removed top 15 bits (of 16) from wire tt_um_moein_maleki_arm16.$flatten\arm16_datapath_unit.$procmux$705_Y.

15.12. Executing PEEPOPT pass (run peephole optimizers).

15.13. Executing OPT_CLEAN pass (remove unused cells and wires).
Finding unused cells or wires in module \tt_um_moein_maleki_arm16..
Removed 0 unused cells and 2 unused wires.
<suppressed ~1 debug messages>

15.14. Executing ALUMACC pass (create $alu and $macc cells).
Extracting $alu and $macc cells in module tt_um_moein_maleki_arm16:
  creating $macc model for $flatten\arm16_datapath_unit.$add$src/arm16_datapath.v:400$155 ($add).
  creating $macc model for $flatten\arm16_datapath_unit.\barrel_shifter_unit.$sub$src/barrel_shifter.v:37$164 ($sub).
  creating $macc model for $flatten\arm16_datapath_unit.\alu_unit.$add$src/alu.v:38$8 ($add).
  creating $macc model for $flatten\arm16_datapath_unit.\alu_unit.$add$src/alu.v:38$7 ($add).
  creating $macc model for $flatten\arm16_datapath_unit.\alu_unit.$add$src/alu.v:37$6 ($add).
  creating $macc model for $flatten\arm16_datapath_unit.\alu_unit.$add$src/alu.v:36$4 ($add).
  creating $macc model for $flatten\arm16_datapath_unit.\alu_unit.$add$src/alu.v:36$3 ($add).
  creating $macc model for $flatten\arm16_datapath_unit.\vga_renderer_unit.$add$src/vga_renderer.v:58$281 ($add).
  creating $macc model for $flatten\arm16_datapath_unit.\vga_renderer_unit.$add$src/vga_renderer.v:56$279 ($add).
  creating $macc model for $flatten\arm16_datapath_unit.\vga_renderer_unit.$sub$src/vga_renderer.v:43$271 ($sub).
  creating $macc model for $flatten\arm16_datapath_unit.\vga_renderer_unit.$sub$src/vga_renderer.v:42$270 ($sub).
  creating $macc model for $flatten\arm16_datapath_unit.$add$src/arm16_datapath.v:191$81 ($add).
  creating $macc model for $flatten\arm16_datapath_unit.$add$src/arm16_datapath.v:198$88 ($add).
  creating $macc model for $flatten\arm16_datapath_unit.$add$src/arm16_datapath.v:197$87 ($add).
  creating $macc model for $flatten\arm16_datapath_unit.$add$src/arm16_datapath.v:241$123 ($add).
  creating $macc model for $flatten\arm16_datapath_unit.$add$src/arm16_datapath.v:196$86 ($add).
  merging $macc model for $flatten\arm16_datapath_unit.$add$src/arm16_datapath.v:197$87 into $flatten\arm16_datapath_unit.$add$src/arm16_datapath.v:198$88.
  creating $alu model for $macc $flatten\arm16_datapath_unit.$add$src/arm16_datapath.v:241$123.
  creating $alu model for $macc $flatten\arm16_datapath_unit.$add$src/arm16_datapath.v:196$86.
  creating $alu model for $macc $flatten\arm16_datapath_unit.$add$src/arm16_datapath.v:191$81.
  creating $alu model for $macc $flatten\arm16_datapath_unit.\vga_renderer_unit.$sub$src/vga_renderer.v:42$270.
  creating $alu model for $macc $flatten\arm16_datapath_unit.\vga_renderer_unit.$sub$src/vga_renderer.v:43$271.
  creating $alu model for $macc $flatten\arm16_datapath_unit.\vga_renderer_unit.$add$src/vga_renderer.v:56$279.
  creating $alu model for $macc $flatten\arm16_datapath_unit.\vga_renderer_unit.$add$src/vga_renderer.v:58$281.
  creating $alu model for $macc $flatten\arm16_datapath_unit.\alu_unit.$add$src/alu.v:36$3.
  creating $alu model for $macc $flatten\arm16_datapath_unit.\alu_unit.$add$src/alu.v:36$4.
  creating $alu model for $macc $flatten\arm16_datapath_unit.\alu_unit.$add$src/alu.v:37$6.
  creating $alu model for $macc $flatten\arm16_datapath_unit.\alu_unit.$add$src/alu.v:38$7.
  creating $alu model for $macc $flatten\arm16_datapath_unit.\alu_unit.$add$src/alu.v:38$8.
  creating $alu model for $macc $flatten\arm16_datapath_unit.\barrel_shifter_unit.$sub$src/barrel_shifter.v:37$164.
  creating $alu model for $macc $flatten\arm16_datapath_unit.$add$src/arm16_datapath.v:400$155.
  creating $macc cell for $flatten\arm16_datapath_unit.$add$src/arm16_datapath.v:198$88: $auto$alumacc.cc:382:replace_macc$1546
  creating $alu model for $flatten\arm16_datapath_unit.\vga_renderer_unit.$lt$src/vga_renderer.v:63$291 ($lt): new $alu
  creating $alu model for $flatten\arm16_datapath_unit.\vga_renderer_unit.$ge$src/vga_renderer.v:63$290 ($ge): new $alu
  creating $alu model for $flatten\arm16_datapath_unit.\vga_renderer_unit.$lt$src/vga_renderer.v:62$287 ($lt): new $alu
  creating $alu model for $flatten\arm16_datapath_unit.\vga_renderer_unit.$ge$src/vga_renderer.v:62$286 ($ge): new $alu
  creating $alu model for $flatten\arm16_datapath_unit.\vga_renderer_unit.$lt$src/vga_renderer.v:61$284 ($lt): new $alu
  creating $alu model for $flatten\arm16_datapath_unit.\vga_renderer_unit.$lt$src/vga_renderer.v:61$283 ($lt): new $alu
  creating $alu model for $flatten\arm16_datapath_unit.\vga_renderer_unit.$lt$src/vga_renderer.v:41$268 ($lt): new $alu
  creating $alu model for $flatten\arm16_datapath_unit.\vga_renderer_unit.$ge$src/vga_renderer.v:41$267 ($ge): new $alu
  creating $alu model for $flatten\arm16_datapath_unit.\vga_renderer_unit.$lt$src/vga_renderer.v:40$265 ($lt): new $alu
  creating $alu model for $flatten\arm16_datapath_unit.\vga_renderer_unit.$ge$src/vga_renderer.v:40$264 ($ge): new $alu
  creating $alu cell for $flatten\arm16_datapath_unit.\vga_renderer_unit.$ge$src/vga_renderer.v:40$264: $auto$alumacc.cc:512:replace_alu$1557
  creating $alu cell for $flatten\arm16_datapath_unit.\vga_renderer_unit.$lt$src/vga_renderer.v:40$265: $auto$alumacc.cc:512:replace_alu$1570
  creating $alu cell for $flatten\arm16_datapath_unit.\vga_renderer_unit.$ge$src/vga_renderer.v:41$267: $auto$alumacc.cc:512:replace_alu$1575
  creating $alu cell for $flatten\arm16_datapath_unit.\vga_renderer_unit.$lt$src/vga_renderer.v:41$268: $auto$alumacc.cc:512:replace_alu$1588
  creating $alu cell for $flatten\arm16_datapath_unit.\vga_renderer_unit.$lt$src/vga_renderer.v:61$283: $auto$alumacc.cc:512:replace_alu$1593
  creating $alu cell for $flatten\arm16_datapath_unit.\vga_renderer_unit.$lt$src/vga_renderer.v:61$284: $auto$alumacc.cc:512:replace_alu$1598
  creating $alu cell for $flatten\arm16_datapath_unit.\vga_renderer_unit.$ge$src/vga_renderer.v:62$286: $auto$alumacc.cc:512:replace_alu$1603
  creating $alu cell for $flatten\arm16_datapath_unit.\vga_renderer_unit.$lt$src/vga_renderer.v:62$287: $auto$alumacc.cc:512:replace_alu$1616
  creating $alu cell for $flatten\arm16_datapath_unit.\vga_renderer_unit.$ge$src/vga_renderer.v:63$290: $auto$alumacc.cc:512:replace_alu$1621
  creating $alu cell for $flatten\arm16_datapath_unit.\vga_renderer_unit.$lt$src/vga_renderer.v:63$291: $auto$alumacc.cc:512:replace_alu$1634
  creating $alu cell for $flatten\arm16_datapath_unit.$add$src/arm16_datapath.v:400$155: $auto$alumacc.cc:512:replace_alu$1639
  creating $alu cell for $flatten\arm16_datapath_unit.\barrel_shifter_unit.$sub$src/barrel_shifter.v:37$164: $auto$alumacc.cc:512:replace_alu$1642
  creating $alu cell for $flatten\arm16_datapath_unit.\alu_unit.$add$src/alu.v:38$8: $auto$alumacc.cc:512:replace_alu$1645
  creating $alu cell for $flatten\arm16_datapath_unit.\alu_unit.$add$src/alu.v:38$7: $auto$alumacc.cc:512:replace_alu$1648
  creating $alu cell for $flatten\arm16_datapath_unit.\alu_unit.$add$src/alu.v:37$6: $auto$alumacc.cc:512:replace_alu$1651
  creating $alu cell for $flatten\arm16_datapath_unit.\alu_unit.$add$src/alu.v:36$4: $auto$alumacc.cc:512:replace_alu$1654
  creating $alu cell for $flatten\arm16_datapath_unit.\alu_unit.$add$src/alu.v:36$3: $auto$alumacc.cc:512:replace_alu$1657
  creating $alu cell for $flatten\arm16_datapath_unit.\vga_renderer_unit.$add$src/vga_renderer.v:58$281: $auto$alumacc.cc:512:replace_alu$1660
  creating $alu cell for $flatten\arm16_datapath_unit.\vga_renderer_unit.$add$src/vga_renderer.v:56$279: $auto$alumacc.cc:512:replace_alu$1663
  creating $alu cell for $flatten\arm16_datapath_unit.\vga_renderer_unit.$sub$src/vga_renderer.v:43$271: $auto$alumacc.cc:512:replace_alu$1666
  creating $alu cell for $flatten\arm16_datapath_unit.\vga_renderer_unit.$sub$src/vga_renderer.v:42$270: $auto$alumacc.cc:512:replace_alu$1669
  creating $alu cell for $flatten\arm16_datapath_unit.$add$src/arm16_datapath.v:191$81: $auto$alumacc.cc:512:replace_alu$1672
  creating $alu cell for $flatten\arm16_datapath_unit.$add$src/arm16_datapath.v:196$86: $auto$alumacc.cc:512:replace_alu$1675
  creating $alu cell for $flatten\arm16_datapath_unit.$add$src/arm16_datapath.v:241$123: $auto$alumacc.cc:512:replace_alu$1678
  created 24 $alu and 1 $macc cells.

15.15. Executing SHARE pass (SAT-based resource sharing).
Found 9 cells in module tt_um_moein_maleki_arm16 that may be considered for resource sharing.
  Analyzing resource sharing options for $flatten\arm16_datapath_unit.\vga_renderer_unit.$auto$mem.cc:305:emit$315 ($memrd_v2):
    Found 5 activation_patterns using ctrl signal { $flatten\arm16_datapath_unit.\vga_renderer_unit.$procmux$327_CMP $flatten\arm16_datapath_unit.\vga_renderer_unit.$procmux$326_CMP $flatten\arm16_datapath_unit.\vga_renderer_unit.$procmux$325_CMP $flatten\arm16_datapath_unit.\vga_renderer_unit.$procmux$324_CMP $flatten\arm16_datapath_unit.\vga_renderer_unit.$procmux$323_CMP }.
    No candidates found.
  Analyzing resource sharing options for $flatten\arm16_datapath_unit.\barrel_shifter_unit.$shr$src/barrel_shifter.v:32$161 ($shr):
    Found 13 activation_patterns using ctrl signal { \arm16_datapath_unit.alu_arith \arm16_datapath_unit.ex_command [9:1] \arm16_datapath_unit.ex_immediate \arm16_datapath_unit.ex_memory $flatten\arm16_datapath_unit.\barrel_shifter_unit.$procmux$661_CMP $flatten\arm16_datapath_unit.\barrel_shifter_unit.$procmux$660_CMP $flatten\arm16_datapath_unit.\barrel_shifter_unit.$procmux$659_CMP }.
    Found 2 candidates: $flatten\arm16_datapath_unit.\barrel_shifter_unit.$shr$src/barrel_shifter.v:35$163 $flatten\arm16_datapath_unit.\barrel_shifter_unit.$shr$src/barrel_shifter.v:30$160
    Analyzing resource sharing with $flatten\arm16_datapath_unit.\barrel_shifter_unit.$shr$src/barrel_shifter.v:35$163 ($shr):
      Found 26 activation_patterns using ctrl signal { \arm16_datapath_unit.alu_arith \arm16_datapath_unit.ex_command [9:1] \arm16_datapath_unit.ex_immediate \arm16_datapath_unit.ex_memory \arm16_datapath_unit.ex_operand2 [11] $flatten\arm16_datapath_unit.\barrel_shifter_unit.$procmux$660_CMP $flatten\arm16_datapath_unit.\barrel_shifter_unit.$procmux$659_CMP $flatten\arm16_datapath_unit.\barrel_shifter_unit.$eq$src/barrel_shifter.v:49$170_Y }.
      Activation pattern for cell $flatten\arm16_datapath_unit.\barrel_shifter_unit.$shr$src/barrel_shifter.v:32$161: { \arm16_datapath_unit.ex_command [3] \arm16_datapath_unit.ex_immediate \arm16_datapath_unit.ex_memory $flatten\arm16_datapath_unit.\barrel_shifter_unit.$procmux$661_CMP $flatten\arm16_datapath_unit.\barrel_shifter_unit.$procmux$660_CMP $flatten\arm16_datapath_unit.\barrel_shifter_unit.$procmux$659_CMP } = 6'100000
      Activation pattern for cell $flatten\arm16_datapath_unit.\barrel_shifter_unit.$shr$src/barrel_shifter.v:32$161: { \arm16_datapath_unit.ex_command [8] \arm16_datapath_unit.ex_immediate \arm16_datapath_unit.ex_memory $flatten\arm16_datapath_unit.\barrel_shifter_unit.$procmux$661_CMP $flatten\arm16_datapath_unit.\barrel_shifter_unit.$procmux$660_CMP $flatten\arm16_datapath_unit.\barrel_shifter_unit.$procmux$659_CMP } = 6'100000
      Activation pattern for cell $flatten\arm16_datapath_unit.\barrel_shifter_unit.$shr$src/barrel_shifter.v:32$161: { \arm16_datapath_unit.ex_command [4] \arm16_datapath_unit.ex_immediate \arm16_datapath_unit.ex_memory $flatten\arm16_datapath_unit.\barrel_shifter_unit.$procmux$661_CMP $flatten\arm16_datapath_unit.\barrel_shifter_unit.$procmux$660_CMP $flatten\arm16_datapath_unit.\barrel_shifter_unit.$procmux$659_CMP } = 6'100000
      Activation pattern for cell $flatten\arm16_datapath_unit.\barrel_shifter_unit.$shr$src/barrel_shifter.v:32$161: { \arm16_datapath_unit.ex_command [9] \arm16_datapath_unit.ex_immediate \arm16_datapath_unit.ex_memory $flatten\arm16_datapath_unit.\barrel_shifter_unit.$procmux$661_CMP $flatten\arm16_datapath_unit.\barrel_shifter_unit.$procmux$660_CMP $flatten\arm16_datapath_unit.\barrel_shifter_unit.$procmux$659_CMP } = 6'100000
      Activation pattern for cell $flatten\arm16_datapath_unit.\barrel_shifter_unit.$shr$src/barrel_shifter.v:32$161: { \arm16_datapath_unit.ex_command [1] \arm16_datapath_unit.ex_immediate \arm16_datapath_unit.ex_memory $flatten\arm16_datapath_unit.\barrel_shifter_unit.$procmux$661_CMP $flatten\arm16_datapath_unit.\barrel_shifter_unit.$procmux$660_CMP $flatten\arm16_datapath_unit.\barrel_shifter_unit.$procmux$659_CMP } = 6'100000
      Activation pattern for cell $flatten\arm16_datapath_unit.\barrel_shifter_unit.$shr$src/barrel_shifter.v:32$161: { \arm16_datapath_unit.alu_arith \arm16_datapath_unit.ex_command [8] \arm16_datapath_unit.ex_immediate \arm16_datapath_unit.ex_memory $flatten\arm16_datapath_unit.\barrel_shifter_unit.$procmux$661_CMP $flatten\arm16_datapath_unit.\barrel_shifter_unit.$procmux$660_CMP $flatten\arm16_datapath_unit.\barrel_shifter_unit.$procmux$659_CMP } = 7'1100000
      Activation pattern for cell $flatten\arm16_datapath_unit.\barrel_shifter_unit.$shr$src/barrel_shifter.v:32$161: { \arm16_datapath_unit.alu_arith \arm16_datapath_unit.ex_command [3] \arm16_datapath_unit.ex_immediate \arm16_datapath_unit.ex_memory $flatten\arm16_datapath_unit.\barrel_shifter_unit.$procmux$661_CMP $flatten\arm16_datapath_unit.\barrel_shifter_unit.$procmux$660_CMP $flatten\arm16_datapath_unit.\barrel_shifter_unit.$procmux$659_CMP } = 7'1100000
      Activation pattern for cell $flatten\arm16_datapath_unit.\barrel_shifter_unit.$shr$src/barrel_shifter.v:32$161: { \arm16_datapath_unit.ex_command [6] \arm16_datapath_unit.ex_immediate \arm16_datapath_unit.ex_memory $flatten\arm16_datapath_unit.\barrel_shifter_unit.$procmux$661_CMP $flatten\arm16_datapath_unit.\barrel_shifter_unit.$procmux$660_CMP $flatten\arm16_datapath_unit.\barrel_shifter_unit.$procmux$659_CMP } = 6'100000
      Activation pattern for cell $flatten\arm16_datapath_unit.\barrel_shifter_unit.$shr$src/barrel_shifter.v:32$161: { \arm16_datapath_unit.ex_command [2] \arm16_datapath_unit.ex_immediate \arm16_datapath_unit.ex_memory $flatten\arm16_datapath_unit.\barrel_shifter_unit.$procmux$661_CMP $flatten\arm16_datapath_unit.\barrel_shifter_unit.$procmux$660_CMP $flatten\arm16_datapath_unit.\barrel_shifter_unit.$procmux$659_CMP } = 6'100000
      Activation pattern for cell $flatten\arm16_datapath_unit.\barrel_shifter_unit.$shr$src/barrel_shifter.v:32$161: { \arm16_datapath_unit.alu_arith \arm16_datapath_unit.ex_command [2] \arm16_datapath_unit.ex_immediate \arm16_datapath_unit.ex_memory $flatten\arm16_datapath_unit.\barrel_shifter_unit.$procmux$661_CMP $flatten\arm16_datapath_unit.\barrel_shifter_unit.$procmux$660_CMP $flatten\arm16_datapath_unit.\barrel_shifter_unit.$procmux$659_CMP } = 7'1100000
      Activation pattern for cell $flatten\arm16_datapath_unit.\barrel_shifter_unit.$shr$src/barrel_shifter.v:32$161: { \arm16_datapath_unit.ex_command [7] \arm16_datapath_unit.ex_immediate \arm16_datapath_unit.ex_memory $flatten\arm16_datapath_unit.\barrel_shifter_unit.$procmux$661_CMP $flatten\arm16_datapath_unit.\barrel_shifter_unit.$procmux$660_CMP $flatten\arm16_datapath_unit.\barrel_shifter_unit.$procmux$659_CMP } = 6'100000
      Activation pattern for cell $flatten\arm16_datapath_unit.\barrel_shifter_unit.$shr$src/barrel_shifter.v:32$161: { \arm16_datapath_unit.alu_arith \arm16_datapath_unit.ex_command [7] \arm16_datapath_unit.ex_immediate \arm16_datapath_unit.ex_memory $flatten\arm16_datapath_unit.\barrel_shifter_unit.$procmux$661_CMP $flatten\arm16_datapath_unit.\barrel_shifter_unit.$procmux$660_CMP $flatten\arm16_datapath_unit.\barrel_shifter_unit.$procmux$659_CMP } = 7'1100000
      Activation pattern for cell $flatten\arm16_datapath_unit.\barrel_shifter_unit.$shr$src/barrel_shifter.v:32$161: { \arm16_datapath_unit.ex_command [5] \arm16_datapath_unit.ex_immediate \arm16_datapath_unit.ex_memory $flatten\arm16_datapath_unit.\barrel_shifter_unit.$procmux$661_CMP $flatten\arm16_datapath_unit.\barrel_shifter_unit.$procmux$660_CMP $flatten\arm16_datapath_unit.\barrel_shifter_unit.$procmux$659_CMP } = 6'100000
      Activation pattern for cell $flatten\arm16_datapath_unit.\barrel_shifter_unit.$shr$src/barrel_shifter.v:35$163: { \arm16_datapath_unit.ex_command [5] \arm16_datapath_unit.ex_immediate \arm16_datapath_unit.ex_memory \arm16_datapath_unit.ex_operand2 [11] $flatten\arm16_datapath_unit.\barrel_shifter_unit.$procmux$660_CMP } = 5'10001
      Activation pattern for cell $flatten\arm16_datapath_unit.\barrel_shifter_unit.$shr$src/barrel_shifter.v:35$163: { \arm16_datapath_unit.alu_arith \arm16_datapath_unit.ex_command [7] \arm16_datapath_unit.ex_immediate \arm16_datapath_unit.ex_memory \arm16_datapath_unit.ex_operand2 [11] $flatten\arm16_datapath_unit.\barrel_shifter_unit.$procmux$660_CMP } = 6'110001
      Activation pattern for cell $flatten\arm16_datapath_unit.\barrel_shifter_unit.$shr$src/barrel_shifter.v:35$163: { \arm16_datapath_unit.ex_command [7] \arm16_datapath_unit.ex_immediate \arm16_datapath_unit.ex_memory \arm16_datapath_unit.ex_operand2 [11] $flatten\arm16_datapath_unit.\barrel_shifter_unit.$procmux$660_CMP } = 5'10001
      Activation pattern for cell $flatten\arm16_datapath_unit.\barrel_shifter_unit.$shr$src/barrel_shifter.v:35$163: { \arm16_datapath_unit.alu_arith \arm16_datapath_unit.ex_command [2] \arm16_datapath_unit.ex_immediate \arm16_datapath_unit.ex_memory \arm16_datapath_unit.ex_operand2 [11] $flatten\arm16_datapath_unit.\barrel_shifter_unit.$procmux$660_CMP } = 6'110001
      Activation pattern for cell $flatten\arm16_datapath_unit.\barrel_shifter_unit.$shr$src/barrel_shifter.v:35$163: { \arm16_datapath_unit.ex_command [2] \arm16_datapath_unit.ex_immediate \arm16_datapath_unit.ex_memory \arm16_datapath_unit.ex_operand2 [11] $flatten\arm16_datapath_unit.\barrel_shifter_unit.$procmux$660_CMP } = 5'10001
      Activation pattern for cell $flatten\arm16_datapath_unit.\barrel_shifter_unit.$shr$src/barrel_shifter.v:35$163: { \arm16_datapath_unit.ex_command [6] \arm16_datapath_unit.ex_immediate \arm16_datapath_unit.ex_memory \arm16_datapath_unit.ex_operand2 [11] $flatten\arm16_datapath_unit.\barrel_shifter_unit.$procmux$660_CMP } = 5'10001
      Activation pattern for cell $flatten\arm16_datapath_unit.\barrel_shifter_unit.$shr$src/barrel_shifter.v:35$163: { \arm16_datapath_unit.alu_arith \arm16_datapath_unit.ex_command [3] \arm16_datapath_unit.ex_immediate \arm16_datapath_unit.ex_memory \arm16_datapath_unit.ex_operand2 [11] $flatten\arm16_datapath_unit.\barrel_shifter_unit.$procmux$660_CMP } = 6'110001
      Activation pattern for cell $flatten\arm16_datapath_unit.\barrel_shifter_unit.$shr$src/barrel_shifter.v:35$163: { \arm16_datapath_unit.alu_arith \arm16_datapath_unit.ex_command [8] \arm16_datapath_unit.ex_immediate \arm16_datapath_unit.ex_memory \arm16_datapath_unit.ex_operand2 [11] $flatten\arm16_datapath_unit.\barrel_shifter_unit.$procmux$660_CMP } = 6'110001
      Activation pattern for cell $flatten\arm16_datapath_unit.\barrel_shifter_unit.$shr$src/barrel_shifter.v:35$163: { \arm16_datapath_unit.ex_command [1] \arm16_datapath_unit.ex_immediate \arm16_datapath_unit.ex_memory \arm16_datapath_unit.ex_operand2 [11] $flatten\arm16_datapath_unit.\barrel_shifter_unit.$procmux$660_CMP } = 5'10001
      Activation pattern for cell $flatten\arm16_datapath_unit.\barrel_shifter_unit.$shr$src/barrel_shifter.v:35$163: { \arm16_datapath_unit.ex_command [9] \arm16_datapath_unit.ex_immediate \arm16_datapath_unit.ex_memory \arm16_datapath_unit.ex_operand2 [11] $flatten\arm16_datapath_unit.\barrel_shifter_unit.$procmux$660_CMP } = 5'10001
      Activation pattern for cell $flatten\arm16_datapath_unit.\barrel_shifter_unit.$shr$src/barrel_shifter.v:35$163: { \arm16_datapath_unit.ex_command [4] \arm16_datapath_unit.ex_immediate \arm16_datapath_unit.ex_memory \arm16_datapath_unit.ex_operand2 [11] $flatten\arm16_datapath_unit.\barrel_shifter_unit.$procmux$660_CMP } = 5'10001
      Activation pattern for cell $flatten\arm16_datapath_unit.\barrel_shifter_unit.$shr$src/barrel_shifter.v:35$163: { \arm16_datapath_unit.ex_command [8] \arm16_datapath_unit.ex_immediate \arm16_datapath_unit.ex_memory \arm16_datapath_unit.ex_operand2 [11] $flatten\arm16_datapath_unit.\barrel_shifter_unit.$procmux$660_CMP } = 5'10001
      Activation pattern for cell $flatten\arm16_datapath_unit.\barrel_shifter_unit.$shr$src/barrel_shifter.v:35$163: { \arm16_datapath_unit.ex_command [3] \arm16_datapath_unit.ex_immediate \arm16_datapath_unit.ex_memory \arm16_datapath_unit.ex_operand2 [11] $flatten\arm16_datapath_unit.\barrel_shifter_unit.$procmux$660_CMP } = 5'10001
      Activation pattern for cell $flatten\arm16_datapath_unit.\barrel_shifter_unit.$shr$src/barrel_shifter.v:35$163: { \arm16_datapath_unit.ex_command [5] \arm16_datapath_unit.ex_immediate \arm16_datapath_unit.ex_memory \arm16_datapath_unit.ex_operand2 [11] $flatten\arm16_datapath_unit.\barrel_shifter_unit.$procmux$659_CMP $flatten\arm16_datapath_unit.\barrel_shifter_unit.$eq$src/barrel_shifter.v:49$170_Y } = 6'100010
      Activation pattern for cell $flatten\arm16_datapath_unit.\barrel_shifter_unit.$shr$src/barrel_shifter.v:35$163: { \arm16_datapath_unit.alu_arith \arm16_datapath_unit.ex_command [7] \arm16_datapath_unit.ex_immediate \arm16_datapath_unit.ex_memory \arm16_datapath_unit.ex_operand2 [11] $flatten\arm16_datapath_unit.\barrel_shifter_unit.$procmux$659_CMP $flatten\arm16_datapath_unit.\barrel_shifter_unit.$eq$src/barrel_shifter.v:49$170_Y } = 7'1100010
      Activation pattern for cell $flatten\arm16_datapath_unit.\barrel_shifter_unit.$shr$src/barrel_shifter.v:35$163: { \arm16_datapath_unit.ex_command [7] \arm16_datapath_unit.ex_immediate \arm16_datapath_unit.ex_memory \arm16_datapath_unit.ex_operand2 [11] $flatten\arm16_datapath_unit.\barrel_shifter_unit.$procmux$659_CMP $flatten\arm16_datapath_unit.\barrel_shifter_unit.$eq$src/barrel_shifter.v:49$170_Y } = 6'100010
      Activation pattern for cell $flatten\arm16_datapath_unit.\barrel_shifter_unit.$shr$src/barrel_shifter.v:35$163: { \arm16_datapath_unit.alu_arith \arm16_datapath_unit.ex_command [2] \arm16_datapath_unit.ex_immediate \arm16_datapath_unit.ex_memory \arm16_datapath_unit.ex_operand2 [11] $flatten\arm16_datapath_unit.\barrel_shifter_unit.$procmux$659_CMP $flatten\arm16_datapath_unit.\barrel_shifter_unit.$eq$src/barrel_shifter.v:49$170_Y } = 7'1100010
      Activation pattern for cell $flatten\arm16_datapath_unit.\barrel_shifter_unit.$shr$src/barrel_shifter.v:35$163: { \arm16_datapath_unit.ex_command [2] \arm16_datapath_unit.ex_immediate \arm16_datapath_unit.ex_memory \arm16_datapath_unit.ex_operand2 [11] $flatten\arm16_datapath_unit.\barrel_shifter_unit.$procmux$659_CMP $flatten\arm16_datapath_unit.\barrel_shifter_unit.$eq$src/barrel_shifter.v:49$170_Y } = 6'100010
      Activation pattern for cell $flatten\arm16_datapath_unit.\barrel_shifter_unit.$shr$src/barrel_shifter.v:35$163: { \arm16_datapath_unit.ex_command [6] \arm16_datapath_unit.ex_immediate \arm16_datapath_unit.ex_memory \arm16_datapath_unit.ex_operand2 [11] $flatten\arm16_datapath_unit.\barrel_shifter_unit.$procmux$659_CMP $flatten\arm16_datapath_unit.\barrel_shifter_unit.$eq$src/barrel_shifter.v:49$170_Y } = 6'100010
      Activation pattern for cell $flatten\arm16_datapath_unit.\barrel_shifter_unit.$shr$src/barrel_shifter.v:35$163: { \arm16_datapath_unit.alu_arith \arm16_datapath_unit.ex_command [3] \arm16_datapath_unit.ex_immediate \arm16_datapath_unit.ex_memory \arm16_datapath_unit.ex_operand2 [11] $flatten\arm16_datapath_unit.\barrel_shifter_unit.$procmux$659_CMP $flatten\arm16_datapath_unit.\barrel_shifter_unit.$eq$src/barrel_shifter.v:49$170_Y } = 7'1100010
      Activation pattern for cell $flatten\arm16_datapath_unit.\barrel_shifter_unit.$shr$src/barrel_shifter.v:35$163: { \arm16_datapath_unit.alu_arith \arm16_datapath_unit.ex_command [8] \arm16_datapath_unit.ex_immediate \arm16_datapath_unit.ex_memory \arm16_datapath_unit.ex_operand2 [11] $flatten\arm16_datapath_unit.\barrel_shifter_unit.$procmux$659_CMP $flatten\arm16_datapath_unit.\barrel_shifter_unit.$eq$src/barrel_shifter.v:49$170_Y } = 7'1100010
      Activation pattern for cell $flatten\arm16_datapath_unit.\barrel_shifter_unit.$shr$src/barrel_shifter.v:35$163: { \arm16_datapath_unit.ex_command [1] \arm16_datapath_unit.ex_immediate \arm16_datapath_unit.ex_memory \arm16_datapath_unit.ex_operand2 [11] $flatten\arm16_datapath_unit.\barrel_shifter_unit.$procmux$659_CMP $flatten\arm16_datapath_unit.\barrel_shifter_unit.$eq$src/barrel_shifter.v:49$170_Y } = 6'100010
      Activation pattern for cell $flatten\arm16_datapath_unit.\barrel_shifter_unit.$shr$src/barrel_shifter.v:35$163: { \arm16_datapath_unit.ex_command [9] \arm16_datapath_unit.ex_immediate \arm16_datapath_unit.ex_memory \arm16_datapath_unit.ex_operand2 [11] $flatten\arm16_datapath_unit.\barrel_shifter_unit.$procmux$659_CMP $flatten\arm16_datapath_unit.\barrel_shifter_unit.$eq$src/barrel_shifter.v:49$170_Y } = 6'100010
      Activation pattern for cell $flatten\arm16_datapath_unit.\barrel_shifter_unit.$shr$src/barrel_shifter.v:35$163: { \arm16_datapath_unit.ex_command [4] \arm16_datapath_unit.ex_immediate \arm16_datapath_unit.ex_memory \arm16_datapath_unit.ex_operand2 [11] $flatten\arm16_datapath_unit.\barrel_shifter_unit.$procmux$659_CMP $flatten\arm16_datapath_unit.\barrel_shifter_unit.$eq$src/barrel_shifter.v:49$170_Y } = 6'100010
      Activation pattern for cell $flatten\arm16_datapath_unit.\barrel_shifter_unit.$shr$src/barrel_shifter.v:35$163: { \arm16_datapath_unit.ex_command [8] \arm16_datapath_unit.ex_immediate \arm16_datapath_unit.ex_memory \arm16_datapath_unit.ex_operand2 [11] $flatten\arm16_datapath_unit.\barrel_shifter_unit.$procmux$659_CMP $flatten\arm16_datapath_unit.\barrel_shifter_unit.$eq$src/barrel_shifter.v:49$170_Y } = 6'100010
      Activation pattern for cell $flatten\arm16_datapath_unit.\barrel_shifter_unit.$shr$src/barrel_shifter.v:35$163: { \arm16_datapath_unit.ex_command [3] \arm16_datapath_unit.ex_immediate \arm16_datapath_unit.ex_memory \arm16_datapath_unit.ex_operand2 [11] $flatten\arm16_datapath_unit.\barrel_shifter_unit.$procmux$659_CMP $flatten\arm16_datapath_unit.\barrel_shifter_unit.$eq$src/barrel_shifter.v:49$170_Y } = 6'100010
      According to the SAT solver this pair of cells can be shared. (Pattern only case)
      Simplified activation pattern for cell $flatten\arm16_datapath_unit.\barrel_shifter_unit.$shr$src/barrel_shifter.v:32$161: { $flatten\arm16_datapath_unit.\barrel_shifter_unit.$procmux$660_CMP $flatten\arm16_datapath_unit.\barrel_shifter_unit.$procmux$659_CMP } = 2'00
      Simplified activation pattern for cell $flatten\arm16_datapath_unit.\barrel_shifter_unit.$shr$src/barrel_shifter.v:35$163: $flatten\arm16_datapath_unit.\barrel_shifter_unit.$procmux$659_CMP = 1'1
      Simplified activation pattern for cell $flatten\arm16_datapath_unit.\barrel_shifter_unit.$shr$src/barrel_shifter.v:35$163: $flatten\arm16_datapath_unit.\barrel_shifter_unit.$procmux$660_CMP = 1'1
      Activation signal for $flatten\arm16_datapath_unit.\barrel_shifter_unit.$shr$src/barrel_shifter.v:32$161: $auto$share.cc:1062:make_cell_activation_logic$1681
      New cell: $auto$share.cc:663:make_supercell$1688 ($shr)
  Analyzing resource sharing options for $auto$share.cc:663:make_supercell$1688 ($shr):
    Found 39 activation_patterns using ctrl signal { \arm16_datapath_unit.alu_arith \arm16_datapath_unit.ex_command [9:1] \arm16_datapath_unit.ex_immediate \arm16_datapath_unit.ex_memory \arm16_datapath_unit.ex_operand2 [11] $flatten\arm16_datapath_unit.\barrel_shifter_unit.$procmux$661_CMP $flatten\arm16_datapath_unit.\barrel_shifter_unit.$procmux$660_CMP $flatten\arm16_datapath_unit.\barrel_shifter_unit.$procmux$659_CMP $flatten\arm16_datapath_unit.\barrel_shifter_unit.$eq$src/barrel_shifter.v:49$170_Y }.
    Found 1 candidates: $flatten\arm16_datapath_unit.\barrel_shifter_unit.$shr$src/barrel_shifter.v:30$160
    Analyzing resource sharing with $flatten\arm16_datapath_unit.\barrel_shifter_unit.$shr$src/barrel_shifter.v:30$160 ($shr):
      Found 13 activation_patterns using ctrl signal { \arm16_datapath_unit.alu_arith \arm16_datapath_unit.ex_command [9:1] \arm16_datapath_unit.ex_immediate \arm16_datapath_unit.ex_memory }.
      Activation pattern for cell $auto$share.cc:663:make_supercell$1688: { \arm16_datapath_unit.ex_command [3] \arm16_datapath_unit.ex_immediate \arm16_datapath_unit.ex_memory $flatten\arm16_datapath_unit.\barrel_shifter_unit.$procmux$661_CMP $flatten\arm16_datapath_unit.\barrel_shifter_unit.$procmux$660_CMP $flatten\arm16_datapath_unit.\barrel_shifter_unit.$procmux$659_CMP } = 6'100000
      Activation pattern for cell $auto$share.cc:663:make_supercell$1688: { \arm16_datapath_unit.ex_command [8] \arm16_datapath_unit.ex_immediate \arm16_datapath_unit.ex_memory $flatten\arm16_datapath_unit.\barrel_shifter_unit.$procmux$661_CMP $flatten\arm16_datapath_unit.\barrel_shifter_unit.$procmux$660_CMP $flatten\arm16_datapath_unit.\barrel_shifter_unit.$procmux$659_CMP } = 6'100000
      Activation pattern for cell $auto$share.cc:663:make_supercell$1688: { \arm16_datapath_unit.ex_command [4] \arm16_datapath_unit.ex_immediate \arm16_datapath_unit.ex_memory $flatten\arm16_datapath_unit.\barrel_shifter_unit.$procmux$661_CMP $flatten\arm16_datapath_unit.\barrel_shifter_unit.$procmux$660_CMP $flatten\arm16_datapath_unit.\barrel_shifter_unit.$procmux$659_CMP } = 6'100000
      Activation pattern for cell $auto$share.cc:663:make_supercell$1688: { \arm16_datapath_unit.ex_command [9] \arm16_datapath_unit.ex_immediate \arm16_datapath_unit.ex_memory $flatten\arm16_datapath_unit.\barrel_shifter_unit.$procmux$661_CMP $flatten\arm16_datapath_unit.\barrel_shifter_unit.$procmux$660_CMP $flatten\arm16_datapath_unit.\barrel_shifter_unit.$procmux$659_CMP } = 6'100000
      Activation pattern for cell $auto$share.cc:663:make_supercell$1688: { \arm16_datapath_unit.ex_command [1] \arm16_datapath_unit.ex_immediate \arm16_datapath_unit.ex_memory $flatten\arm16_datapath_unit.\barrel_shifter_unit.$procmux$661_CMP $flatten\arm16_datapath_unit.\barrel_shifter_unit.$procmux$660_CMP $flatten\arm16_datapath_unit.\barrel_shifter_unit.$procmux$659_CMP } = 6'100000
      Activation pattern for cell $auto$share.cc:663:make_supercell$1688: { \arm16_datapath_unit.alu_arith \arm16_datapath_unit.ex_command [8] \arm16_datapath_unit.ex_immediate \arm16_datapath_unit.ex_memory $flatten\arm16_datapath_unit.\barrel_shifter_unit.$procmux$661_CMP $flatten\arm16_datapath_unit.\barrel_shifter_unit.$procmux$660_CMP $flatten\arm16_datapath_unit.\barrel_shifter_unit.$procmux$659_CMP } = 7'1100000
      Activation pattern for cell $auto$share.cc:663:make_supercell$1688: { \arm16_datapath_unit.alu_arith \arm16_datapath_unit.ex_command [3] \arm16_datapath_unit.ex_immediate \arm16_datapath_unit.ex_memory $flatten\arm16_datapath_unit.\barrel_shifter_unit.$procmux$661_CMP $flatten\arm16_datapath_unit.\barrel_shifter_unit.$procmux$660_CMP $flatten\arm16_datapath_unit.\barrel_shifter_unit.$procmux$659_CMP } = 7'1100000
      Activation pattern for cell $auto$share.cc:663:make_supercell$1688: { \arm16_datapath_unit.ex_command [6] \arm16_datapath_unit.ex_immediate \arm16_datapath_unit.ex_memory $flatten\arm16_datapath_unit.\barrel_shifter_unit.$procmux$661_CMP $flatten\arm16_datapath_unit.\barrel_shifter_unit.$procmux$660_CMP $flatten\arm16_datapath_unit.\barrel_shifter_unit.$procmux$659_CMP } = 6'100000
      Activation pattern for cell $auto$share.cc:663:make_supercell$1688: { \arm16_datapath_unit.ex_command [2] \arm16_datapath_unit.ex_immediate \arm16_datapath_unit.ex_memory $flatten\arm16_datapath_unit.\barrel_shifter_unit.$procmux$661_CMP $flatten\arm16_datapath_unit.\barrel_shifter_unit.$procmux$660_CMP $flatten\arm16_datapath_unit.\barrel_shifter_unit.$procmux$659_CMP } = 6'100000
      Activation pattern for cell $auto$share.cc:663:make_supercell$1688: { \arm16_datapath_unit.alu_arith \arm16_datapath_unit.ex_command [2] \arm16_datapath_unit.ex_immediate \arm16_datapath_unit.ex_memory $flatten\arm16_datapath_unit.\barrel_shifter_unit.$procmux$661_CMP $flatten\arm16_datapath_unit.\barrel_shifter_unit.$procmux$660_CMP $flatten\arm16_datapath_unit.\barrel_shifter_unit.$procmux$659_CMP } = 7'1100000
      Activation pattern for cell $auto$share.cc:663:make_supercell$1688: { \arm16_datapath_unit.ex_command [7] \arm16_datapath_unit.ex_immediate \arm16_datapath_unit.ex_memory $flatten\arm16_datapath_unit.\barrel_shifter_unit.$procmux$661_CMP $flatten\arm16_datapath_unit.\barrel_shifter_unit.$procmux$660_CMP $flatten\arm16_datapath_unit.\barrel_shifter_unit.$procmux$659_CMP } = 6'100000
      Activation pattern for cell $auto$share.cc:663:make_supercell$1688: { \arm16_datapath_unit.alu_arith \arm16_datapath_unit.ex_command [7] \arm16_datapath_unit.ex_immediate \arm16_datapath_unit.ex_memory $flatten\arm16_datapath_unit.\barrel_shifter_unit.$procmux$661_CMP $flatten\arm16_datapath_unit.\barrel_shifter_unit.$procmux$660_CMP $flatten\arm16_datapath_unit.\barrel_shifter_unit.$procmux$659_CMP } = 7'1100000
      Activation pattern for cell $auto$share.cc:663:make_supercell$1688: { \arm16_datapath_unit.ex_command [5] \arm16_datapath_unit.ex_immediate \arm16_datapath_unit.ex_memory $flatten\arm16_datapath_unit.\barrel_shifter_unit.$procmux$661_CMP $flatten\arm16_datapath_unit.\barrel_shifter_unit.$procmux$660_CMP $flatten\arm16_datapath_unit.\barrel_shifter_unit.$procmux$659_CMP } = 6'100000
      Activation pattern for cell $auto$share.cc:663:make_supercell$1688: { \arm16_datapath_unit.ex_command [5] \arm16_datapath_unit.ex_immediate \arm16_datapath_unit.ex_memory \arm16_datapath_unit.ex_operand2 [11] $flatten\arm16_datapath_unit.\barrel_shifter_unit.$procmux$660_CMP } = 5'10001
      Activation pattern for cell $auto$share.cc:663:make_supercell$1688: { \arm16_datapath_unit.alu_arith \arm16_datapath_unit.ex_command [7] \arm16_datapath_unit.ex_immediate \arm16_datapath_unit.ex_memory \arm16_datapath_unit.ex_operand2 [11] $flatten\arm16_datapath_unit.\barrel_shifter_unit.$procmux$660_CMP } = 6'110001
      Activation pattern for cell $auto$share.cc:663:make_supercell$1688: { \arm16_datapath_unit.ex_command [7] \arm16_datapath_unit.ex_immediate \arm16_datapath_unit.ex_memory \arm16_datapath_unit.ex_operand2 [11] $flatten\arm16_datapath_unit.\barrel_shifter_unit.$procmux$660_CMP } = 5'10001
      Activation pattern for cell $auto$share.cc:663:make_supercell$1688: { \arm16_datapath_unit.alu_arith \arm16_datapath_unit.ex_command [2] \arm16_datapath_unit.ex_immediate \arm16_datapath_unit.ex_memory \arm16_datapath_unit.ex_operand2 [11] $flatten\arm16_datapath_unit.\barrel_shifter_unit.$procmux$660_CMP } = 6'110001
      Activation pattern for cell $auto$share.cc:663:make_supercell$1688: { \arm16_datapath_unit.ex_command [2] \arm16_datapath_unit.ex_immediate \arm16_datapath_unit.ex_memory \arm16_datapath_unit.ex_operand2 [11] $flatten\arm16_datapath_unit.\barrel_shifter_unit.$procmux$660_CMP } = 5'10001
      Activation pattern for cell $auto$share.cc:663:make_supercell$1688: { \arm16_datapath_unit.ex_command [6] \arm16_datapath_unit.ex_immediate \arm16_datapath_unit.ex_memory \arm16_datapath_unit.ex_operand2 [11] $flatten\arm16_datapath_unit.\barrel_shifter_unit.$procmux$660_CMP } = 5'10001
      Activation pattern for cell $auto$share.cc:663:make_supercell$1688: { \arm16_datapath_unit.alu_arith \arm16_datapath_unit.ex_command [3] \arm16_datapath_unit.ex_immediate \arm16_datapath_unit.ex_memory \arm16_datapath_unit.ex_operand2 [11] $flatten\arm16_datapath_unit.\barrel_shifter_unit.$procmux$660_CMP } = 6'110001
      Activation pattern for cell $auto$share.cc:663:make_supercell$1688: { \arm16_datapath_unit.alu_arith \arm16_datapath_unit.ex_command [8] \arm16_datapath_unit.ex_immediate \arm16_datapath_unit.ex_memory \arm16_datapath_unit.ex_operand2 [11] $flatten\arm16_datapath_unit.\barrel_shifter_unit.$procmux$660_CMP } = 6'110001
      Activation pattern for cell $auto$share.cc:663:make_supercell$1688: { \arm16_datapath_unit.ex_command [1] \arm16_datapath_unit.ex_immediate \arm16_datapath_unit.ex_memory \arm16_datapath_unit.ex_operand2 [11] $flatten\arm16_datapath_unit.\barrel_shifter_unit.$procmux$660_CMP } = 5'10001
      Activation pattern for cell $auto$share.cc:663:make_supercell$1688: { \arm16_datapath_unit.ex_command [9] \arm16_datapath_unit.ex_immediate \arm16_datapath_unit.ex_memory \arm16_datapath_unit.ex_operand2 [11] $flatten\arm16_datapath_unit.\barrel_shifter_unit.$procmux$660_CMP } = 5'10001
      Activation pattern for cell $auto$share.cc:663:make_supercell$1688: { \arm16_datapath_unit.ex_command [4] \arm16_datapath_unit.ex_immediate \arm16_datapath_unit.ex_memory \arm16_datapath_unit.ex_operand2 [11] $flatten\arm16_datapath_unit.\barrel_shifter_unit.$procmux$660_CMP } = 5'10001
      Activation pattern for cell $auto$share.cc:663:make_supercell$1688: { \arm16_datapath_unit.ex_command [8] \arm16_datapath_unit.ex_immediate \arm16_datapath_unit.ex_memory \arm16_datapath_unit.ex_operand2 [11] $flatten\arm16_datapath_unit.\barrel_shifter_unit.$procmux$660_CMP } = 5'10001
      Activation pattern for cell $auto$share.cc:663:make_supercell$1688: { \arm16_datapath_unit.ex_command [3] \arm16_datapath_unit.ex_immediate \arm16_datapath_unit.ex_memory \arm16_datapath_unit.ex_operand2 [11] $flatten\arm16_datapath_unit.\barrel_shifter_unit.$procmux$660_CMP } = 5'10001
      Activation pattern for cell $auto$share.cc:663:make_supercell$1688: { \arm16_datapath_unit.ex_command [5] \arm16_datapath_unit.ex_immediate \arm16_datapath_unit.ex_memory \arm16_datapath_unit.ex_operand2 [11] $flatten\arm16_datapath_unit.\barrel_shifter_unit.$procmux$659_CMP $flatten\arm16_datapath_unit.\barrel_shifter_unit.$eq$src/barrel_shifter.v:49$170_Y } = 6'100010
      Activation pattern for cell $auto$share.cc:663:make_supercell$1688: { \arm16_datapath_unit.alu_arith \arm16_datapath_unit.ex_command [7] \arm16_datapath_unit.ex_immediate \arm16_datapath_unit.ex_memory \arm16_datapath_unit.ex_operand2 [11] $flatten\arm16_datapath_unit.\barrel_shifter_unit.$procmux$659_CMP $flatten\arm16_datapath_unit.\barrel_shifter_unit.$eq$src/barrel_shifter.v:49$170_Y } = 7'1100010
      Activation pattern for cell $auto$share.cc:663:make_supercell$1688: { \arm16_datapath_unit.ex_command [7] \arm16_datapath_unit.ex_immediate \arm16_datapath_unit.ex_memory \arm16_datapath_unit.ex_operand2 [11] $flatten\arm16_datapath_unit.\barrel_shifter_unit.$procmux$659_CMP $flatten\arm16_datapath_unit.\barrel_shifter_unit.$eq$src/barrel_shifter.v:49$170_Y } = 6'100010
      Activation pattern for cell $auto$share.cc:663:make_supercell$1688: { \arm16_datapath_unit.alu_arith \arm16_datapath_unit.ex_command [2] \arm16_datapath_unit.ex_immediate \arm16_datapath_unit.ex_memory \arm16_datapath_unit.ex_operand2 [11] $flatten\arm16_datapath_unit.\barrel_shifter_unit.$procmux$659_CMP $flatten\arm16_datapath_unit.\barrel_shifter_unit.$eq$src/barrel_shifter.v:49$170_Y } = 7'1100010
      Activation pattern for cell $auto$share.cc:663:make_supercell$1688: { \arm16_datapath_unit.ex_command [2] \arm16_datapath_unit.ex_immediate \arm16_datapath_unit.ex_memory \arm16_datapath_unit.ex_operand2 [11] $flatten\arm16_datapath_unit.\barrel_shifter_unit.$procmux$659_CMP $flatten\arm16_datapath_unit.\barrel_shifter_unit.$eq$src/barrel_shifter.v:49$170_Y } = 6'100010
      Activation pattern for cell $auto$share.cc:663:make_supercell$1688: { \arm16_datapath_unit.ex_command [6] \arm16_datapath_unit.ex_immediate \arm16_datapath_unit.ex_memory \arm16_datapath_unit.ex_operand2 [11] $flatten\arm16_datapath_unit.\barrel_shifter_unit.$procmux$659_CMP $flatten\arm16_datapath_unit.\barrel_shifter_unit.$eq$src/barrel_shifter.v:49$170_Y } = 6'100010
      Activation pattern for cell $auto$share.cc:663:make_supercell$1688: { \arm16_datapath_unit.alu_arith \arm16_datapath_unit.ex_command [3] \arm16_datapath_unit.ex_immediate \arm16_datapath_unit.ex_memory \arm16_datapath_unit.ex_operand2 [11] $flatten\arm16_datapath_unit.\barrel_shifter_unit.$procmux$659_CMP $flatten\arm16_datapath_unit.\barrel_shifter_unit.$eq$src/barrel_shifter.v:49$170_Y } = 7'1100010
      Activation pattern for cell $auto$share.cc:663:make_supercell$1688: { \arm16_datapath_unit.alu_arith \arm16_datapath_unit.ex_command [8] \arm16_datapath_unit.ex_immediate \arm16_datapath_unit.ex_memory \arm16_datapath_unit.ex_operand2 [11] $flatten\arm16_datapath_unit.\barrel_shifter_unit.$procmux$659_CMP $flatten\arm16_datapath_unit.\barrel_shifter_unit.$eq$src/barrel_shifter.v:49$170_Y } = 7'1100010
      Activation pattern for cell $auto$share.cc:663:make_supercell$1688: { \arm16_datapath_unit.ex_command [1] \arm16_datapath_unit.ex_immediate \arm16_datapath_unit.ex_memory \arm16_datapath_unit.ex_operand2 [11] $flatten\arm16_datapath_unit.\barrel_shifter_unit.$procmux$659_CMP $flatten\arm16_datapath_unit.\barrel_shifter_unit.$eq$src/barrel_shifter.v:49$170_Y } = 6'100010
      Activation pattern for cell $auto$share.cc:663:make_supercell$1688: { \arm16_datapath_unit.ex_command [9] \arm16_datapath_unit.ex_immediate \arm16_datapath_unit.ex_memory \arm16_datapath_unit.ex_operand2 [11] $flatten\arm16_datapath_unit.\barrel_shifter_unit.$procmux$659_CMP $flatten\arm16_datapath_unit.\barrel_shifter_unit.$eq$src/barrel_shifter.v:49$170_Y } = 6'100010
      Activation pattern for cell $auto$share.cc:663:make_supercell$1688: { \arm16_datapath_unit.ex_command [4] \arm16_datapath_unit.ex_immediate \arm16_datapath_unit.ex_memory \arm16_datapath_unit.ex_operand2 [11] $flatten\arm16_datapath_unit.\barrel_shifter_unit.$procmux$659_CMP $flatten\arm16_datapath_unit.\barrel_shifter_unit.$eq$src/barrel_shifter.v:49$170_Y } = 6'100010
      Activation pattern for cell $auto$share.cc:663:make_supercell$1688: { \arm16_datapath_unit.ex_command [8] \arm16_datapath_unit.ex_immediate \arm16_datapath_unit.ex_memory \arm16_datapath_unit.ex_operand2 [11] $flatten\arm16_datapath_unit.\barrel_shifter_unit.$procmux$659_CMP $flatten\arm16_datapath_unit.\barrel_shifter_unit.$eq$src/barrel_shifter.v:49$170_Y } = 6'100010
      Activation pattern for cell $auto$share.cc:663:make_supercell$1688: { \arm16_datapath_unit.ex_command [3] \arm16_datapath_unit.ex_immediate \arm16_datapath_unit.ex_memory \arm16_datapath_unit.ex_operand2 [11] $flatten\arm16_datapath_unit.\barrel_shifter_unit.$procmux$659_CMP $flatten\arm16_datapath_unit.\barrel_shifter_unit.$eq$src/barrel_shifter.v:49$170_Y } = 6'100010
      Activation pattern for cell $flatten\arm16_datapath_unit.\barrel_shifter_unit.$shr$src/barrel_shifter.v:30$160: { \arm16_datapath_unit.ex_command [5] \arm16_datapath_unit.ex_immediate \arm16_datapath_unit.ex_memory } = 3'110
      Activation pattern for cell $flatten\arm16_datapath_unit.\barrel_shifter_unit.$shr$src/barrel_shifter.v:30$160: { \arm16_datapath_unit.alu_arith \arm16_datapath_unit.ex_command [7] \arm16_datapath_unit.ex_immediate \arm16_datapath_unit.ex_memory } = 4'1110
      Activation pattern for cell $flatten\arm16_datapath_unit.\barrel_shifter_unit.$shr$src/barrel_shifter.v:30$160: { \arm16_datapath_unit.ex_command [7] \arm16_datapath_unit.ex_immediate \arm16_datapath_unit.ex_memory } = 3'110
      Activation pattern for cell $flatten\arm16_datapath_unit.\barrel_shifter_unit.$shr$src/barrel_shifter.v:30$160: { \arm16_datapath_unit.alu_arith \arm16_datapath_unit.ex_command [2] \arm16_datapath_unit.ex_immediate \arm16_datapath_unit.ex_memory } = 4'1110
      Activation pattern for cell $flatten\arm16_datapath_unit.\barrel_shifter_unit.$shr$src/barrel_shifter.v:30$160: { \arm16_datapath_unit.ex_command [2] \arm16_datapath_unit.ex_immediate \arm16_datapath_unit.ex_memory } = 3'110
      Activation pattern for cell $flatten\arm16_datapath_unit.\barrel_shifter_unit.$shr$src/barrel_shifter.v:30$160: { \arm16_datapath_unit.ex_command [6] \arm16_datapath_unit.ex_immediate \arm16_datapath_unit.ex_memory } = 3'110
      Activation pattern for cell $flatten\arm16_datapath_unit.\barrel_shifter_unit.$shr$src/barrel_shifter.v:30$160: { \arm16_datapath_unit.alu_arith \arm16_datapath_unit.ex_command [3] \arm16_datapath_unit.ex_immediate \arm16_datapath_unit.ex_memory } = 4'1110
      Activation pattern for cell $flatten\arm16_datapath_unit.\barrel_shifter_unit.$shr$src/barrel_shifter.v:30$160: { \arm16_datapath_unit.alu_arith \arm16_datapath_unit.ex_command [8] \arm16_datapath_unit.ex_immediate \arm16_datapath_unit.ex_memory } = 4'1110
      Activation pattern for cell $flatten\arm16_datapath_unit.\barrel_shifter_unit.$shr$src/barrel_shifter.v:30$160: { \arm16_datapath_unit.ex_command [1] \arm16_datapath_unit.ex_immediate \arm16_datapath_unit.ex_memory } = 3'110
      Activation pattern for cell $flatten\arm16_datapath_unit.\barrel_shifter_unit.$shr$src/barrel_shifter.v:30$160: { \arm16_datapath_unit.ex_command [9] \arm16_datapath_unit.ex_immediate \arm16_datapath_unit.ex_memory } = 3'110
      Activation pattern for cell $flatten\arm16_datapath_unit.\barrel_shifter_unit.$shr$src/barrel_shifter.v:30$160: { \arm16_datapath_unit.ex_command [4] \arm16_datapath_unit.ex_immediate \arm16_datapath_unit.ex_memory } = 3'110
      Activation pattern for cell $flatten\arm16_datapath_unit.\barrel_shifter_unit.$shr$src/barrel_shifter.v:30$160: { \arm16_datapath_unit.ex_command [8] \arm16_datapath_unit.ex_immediate \arm16_datapath_unit.ex_memory } = 3'110
      Activation pattern for cell $flatten\arm16_datapath_unit.\barrel_shifter_unit.$shr$src/barrel_shifter.v:30$160: { \arm16_datapath_unit.ex_command [3] \arm16_datapath_unit.ex_immediate \arm16_datapath_unit.ex_memory } = 3'110
      According to the SAT solver this pair of cells can be shared. (Pattern only case)
      Simplified activation pattern for cell $auto$share.cc:663:make_supercell$1688: \arm16_datapath_unit.ex_immediate = 1'0
      Simplified activation pattern for cell $flatten\arm16_datapath_unit.\barrel_shifter_unit.$shr$src/barrel_shifter.v:30$160: \arm16_datapath_unit.ex_immediate = 1'1
      Activation signal for $auto$share.cc:663:make_supercell$1688: $auto$share.cc:1062:make_cell_activation_logic$1691
      New cell: $auto$share.cc:663:make_supercell$1698 ($shr)
  Analyzing resource sharing options for $auto$share.cc:663:make_supercell$1698 ($shr):
    Found 52 activation_patterns using ctrl signal { \arm16_datapath_unit.alu_arith \arm16_datapath_unit.ex_command [9:1] \arm16_datapath_unit.ex_immediate \arm16_datapath_unit.ex_memory \arm16_datapath_unit.ex_operand2 [11] $flatten\arm16_datapath_unit.\barrel_shifter_unit.$procmux$661_CMP $flatten\arm16_datapath_unit.\barrel_shifter_unit.$procmux$660_CMP $flatten\arm16_datapath_unit.\barrel_shifter_unit.$procmux$659_CMP $flatten\arm16_datapath_unit.\barrel_shifter_unit.$eq$src/barrel_shifter.v:49$170_Y }.
    No candidates found.
  Analyzing resource sharing options for $flatten\arm16_datapath_unit.\barrel_shifter_unit.$shl$src/barrel_shifter.v:37$165 ($shl):
    Found 13 activation_patterns using ctrl signal { \arm16_datapath_unit.alu_arith \arm16_datapath_unit.ex_command [9:1] \arm16_datapath_unit.ex_immediate \arm16_datapath_unit.ex_memory \arm16_datapath_unit.ex_operand2 [11] $flatten\arm16_datapath_unit.\barrel_shifter_unit.$procmux$659_CMP $flatten\arm16_datapath_unit.\barrel_shifter_unit.$eq$src/barrel_shifter.v:49$170_Y }.
    Found 1 candidates: $flatten\arm16_datapath_unit.\barrel_shifter_unit.$shl$src/barrel_shifter.v:34$162
    Analyzing resource sharing with $flatten\arm16_datapath_unit.\barrel_shifter_unit.$shl$src/barrel_shifter.v:34$162 ($shl):
      Found 13 activation_patterns using ctrl signal { \arm16_datapath_unit.alu_arith \arm16_datapath_unit.ex_command [9:1] \arm16_datapath_unit.ex_immediate \arm16_datapath_unit.ex_memory \arm16_datapath_unit.ex_operand2 [11] $flatten\arm16_datapath_unit.\barrel_shifter_unit.$procmux$661_CMP }.
      Activation pattern for cell $flatten\arm16_datapath_unit.\barrel_shifter_unit.$shl$src/barrel_shifter.v:37$165: { \arm16_datapath_unit.ex_command [5] \arm16_datapath_unit.ex_immediate \arm16_datapath_unit.ex_memory \arm16_datapath_unit.ex_operand2 [11] $flatten\arm16_datapath_unit.\barrel_shifter_unit.$procmux$659_CMP $flatten\arm16_datapath_unit.\barrel_shifter_unit.$eq$src/barrel_shifter.v:49$170_Y } = 6'100010
      Activation pattern for cell $flatten\arm16_datapath_unit.\barrel_shifter_unit.$shl$src/barrel_shifter.v:37$165: { \arm16_datapath_unit.alu_arith \arm16_datapath_unit.ex_command [7] \arm16_datapath_unit.ex_immediate \arm16_datapath_unit.ex_memory \arm16_datapath_unit.ex_operand2 [11] $flatten\arm16_datapath_unit.\barrel_shifter_unit.$procmux$659_CMP $flatten\arm16_datapath_unit.\barrel_shifter_unit.$eq$src/barrel_shifter.v:49$170_Y } = 7'1100010
      Activation pattern for cell $flatten\arm16_datapath_unit.\barrel_shifter_unit.$shl$src/barrel_shifter.v:37$165: { \arm16_datapath_unit.ex_command [7] \arm16_datapath_unit.ex_immediate \arm16_datapath_unit.ex_memory \arm16_datapath_unit.ex_operand2 [11] $flatten\arm16_datapath_unit.\barrel_shifter_unit.$procmux$659_CMP $flatten\arm16_datapath_unit.\barrel_shifter_unit.$eq$src/barrel_shifter.v:49$170_Y } = 6'100010
      Activation pattern for cell $flatten\arm16_datapath_unit.\barrel_shifter_unit.$shl$src/barrel_shifter.v:37$165: { \arm16_datapath_unit.alu_arith \arm16_datapath_unit.ex_command [2] \arm16_datapath_unit.ex_immediate \arm16_datapath_unit.ex_memory \arm16_datapath_unit.ex_operand2 [11] $flatten\arm16_datapath_unit.\barrel_shifter_unit.$procmux$659_CMP $flatten\arm16_datapath_unit.\barrel_shifter_unit.$eq$src/barrel_shifter.v:49$170_Y } = 7'1100010
      Activation pattern for cell $flatten\arm16_datapath_unit.\barrel_shifter_unit.$shl$src/barrel_shifter.v:37$165: { \arm16_datapath_unit.ex_command [2] \arm16_datapath_unit.ex_immediate \arm16_datapath_unit.ex_memory \arm16_datapath_unit.ex_operand2 [11] $flatten\arm16_datapath_unit.\barrel_shifter_unit.$procmux$659_CMP $flatten\arm16_datapath_unit.\barrel_shifter_unit.$eq$src/barrel_shifter.v:49$170_Y } = 6'100010
      Activation pattern for cell $flatten\arm16_datapath_unit.\barrel_shifter_unit.$shl$src/barrel_shifter.v:37$165: { \arm16_datapath_unit.ex_command [6] \arm16_datapath_unit.ex_immediate \arm16_datapath_unit.ex_memory \arm16_datapath_unit.ex_operand2 [11] $flatten\arm16_datapath_unit.\barrel_shifter_unit.$procmux$659_CMP $flatten\arm16_datapath_unit.\barrel_shifter_unit.$eq$src/barrel_shifter.v:49$170_Y } = 6'100010
      Activation pattern for cell $flatten\arm16_datapath_unit.\barrel_shifter_unit.$shl$src/barrel_shifter.v:37$165: { \arm16_datapath_unit.alu_arith \arm16_datapath_unit.ex_command [3] \arm16_datapath_unit.ex_immediate \arm16_datapath_unit.ex_memory \arm16_datapath_unit.ex_operand2 [11] $flatten\arm16_datapath_unit.\barrel_shifter_unit.$procmux$659_CMP $flatten\arm16_datapath_unit.\barrel_shifter_unit.$eq$src/barrel_shifter.v:49$170_Y } = 7'1100010
      Activation pattern for cell $flatten\arm16_datapath_unit.\barrel_shifter_unit.$shl$src/barrel_shifter.v:37$165: { \arm16_datapath_unit.alu_arith \arm16_datapath_unit.ex_command [8] \arm16_datapath_unit.ex_immediate \arm16_datapath_unit.ex_memory \arm16_datapath_unit.ex_operand2 [11] $flatten\arm16_datapath_unit.\barrel_shifter_unit.$procmux$659_CMP $flatten\arm16_datapath_unit.\barrel_shifter_unit.$eq$src/barrel_shifter.v:49$170_Y } = 7'1100010
      Activation pattern for cell $flatten\arm16_datapath_unit.\barrel_shifter_unit.$shl$src/barrel_shifter.v:37$165: { \arm16_datapath_unit.ex_command [1] \arm16_datapath_unit.ex_immediate \arm16_datapath_unit.ex_memory \arm16_datapath_unit.ex_operand2 [11] $flatten\arm16_datapath_unit.\barrel_shifter_unit.$procmux$659_CMP $flatten\arm16_datapath_unit.\barrel_shifter_unit.$eq$src/barrel_shifter.v:49$170_Y } = 6'100010
      Activation pattern for cell $flatten\arm16_datapath_unit.\barrel_shifter_unit.$shl$src/barrel_shifter.v:37$165: { \arm16_datapath_unit.ex_command [9] \arm16_datapath_unit.ex_immediate \arm16_datapath_unit.ex_memory \arm16_datapath_unit.ex_operand2 [11] $flatten\arm16_datapath_unit.\barrel_shifter_unit.$procmux$659_CMP $flatten\arm16_datapath_unit.\barrel_shifter_unit.$eq$src/barrel_shifter.v:49$170_Y } = 6'100010
      Activation pattern for cell $flatten\arm16_datapath_unit.\barrel_shifter_unit.$shl$src/barrel_shifter.v:37$165: { \arm16_datapath_unit.ex_command [4] \arm16_datapath_unit.ex_immediate \arm16_datapath_unit.ex_memory \arm16_datapath_unit.ex_operand2 [11] $flatten\arm16_datapath_unit.\barrel_shifter_unit.$procmux$659_CMP $flatten\arm16_datapath_unit.\barrel_shifter_unit.$eq$src/barrel_shifter.v:49$170_Y } = 6'100010
      Activation pattern for cell $flatten\arm16_datapath_unit.\barrel_shifter_unit.$shl$src/barrel_shifter.v:37$165: { \arm16_datapath_unit.ex_command [8] \arm16_datapath_unit.ex_immediate \arm16_datapath_unit.ex_memory \arm16_datapath_unit.ex_operand2 [11] $flatten\arm16_datapath_unit.\barrel_shifter_unit.$procmux$659_CMP $flatten\arm16_datapath_unit.\barrel_shifter_unit.$eq$src/barrel_shifter.v:49$170_Y } = 6'100010
      Activation pattern for cell $flatten\arm16_datapath_unit.\barrel_shifter_unit.$shl$src/barrel_shifter.v:37$165: { \arm16_datapath_unit.ex_command [3] \arm16_datapath_unit.ex_immediate \arm16_datapath_unit.ex_memory \arm16_datapath_unit.ex_operand2 [11] $flatten\arm16_datapath_unit.\barrel_shifter_unit.$procmux$659_CMP $flatten\arm16_datapath_unit.\barrel_shifter_unit.$eq$src/barrel_shifter.v:49$170_Y } = 6'100010
      Activation pattern for cell $flatten\arm16_datapath_unit.\barrel_shifter_unit.$shl$src/barrel_shifter.v:34$162: { \arm16_datapath_unit.ex_command [5] \arm16_datapath_unit.ex_immediate \arm16_datapath_unit.ex_memory \arm16_datapath_unit.ex_operand2 [11] $flatten\arm16_datapath_unit.\barrel_shifter_unit.$procmux$661_CMP } = 5'10001
      Activation pattern for cell $flatten\arm16_datapath_unit.\barrel_shifter_unit.$shl$src/barrel_shifter.v:34$162: { \arm16_datapath_unit.alu_arith \arm16_datapath_unit.ex_command [7] \arm16_datapath_unit.ex_immediate \arm16_datapath_unit.ex_memory \arm16_datapath_unit.ex_operand2 [11] $flatten\arm16_datapath_unit.\barrel_shifter_unit.$procmux$661_CMP } = 6'110001
      Activation pattern for cell $flatten\arm16_datapath_unit.\barrel_shifter_unit.$shl$src/barrel_shifter.v:34$162: { \arm16_datapath_unit.ex_command [7] \arm16_datapath_unit.ex_immediate \arm16_datapath_unit.ex_memory \arm16_datapath_unit.ex_operand2 [11] $flatten\arm16_datapath_unit.\barrel_shifter_unit.$procmux$661_CMP } = 5'10001
      Activation pattern for cell $flatten\arm16_datapath_unit.\barrel_shifter_unit.$shl$src/barrel_shifter.v:34$162: { \arm16_datapath_unit.alu_arith \arm16_datapath_unit.ex_command [2] \arm16_datapath_unit.ex_immediate \arm16_datapath_unit.ex_memory \arm16_datapath_unit.ex_operand2 [11] $flatten\arm16_datapath_unit.\barrel_shifter_unit.$procmux$661_CMP } = 6'110001
      Activation pattern for cell $flatten\arm16_datapath_unit.\barrel_shifter_unit.$shl$src/barrel_shifter.v:34$162: { \arm16_datapath_unit.ex_command [2] \arm16_datapath_unit.ex_immediate \arm16_datapath_unit.ex_memory \arm16_datapath_unit.ex_operand2 [11] $flatten\arm16_datapath_unit.\barrel_shifter_unit.$procmux$661_CMP } = 5'10001
      Activation pattern for cell $flatten\arm16_datapath_unit.\barrel_shifter_unit.$shl$src/barrel_shifter.v:34$162: { \arm16_datapath_unit.ex_command [6] \arm16_datapath_unit.ex_immediate \arm16_datapath_unit.ex_memory \arm16_datapath_unit.ex_operand2 [11] $flatten\arm16_datapath_unit.\barrel_shifter_unit.$procmux$661_CMP } = 5'10001
      Activation pattern for cell $flatten\arm16_datapath_unit.\barrel_shifter_unit.$shl$src/barrel_shifter.v:34$162: { \arm16_datapath_unit.alu_arith \arm16_datapath_unit.ex_command [3] \arm16_datapath_unit.ex_immediate \arm16_datapath_unit.ex_memory \arm16_datapath_unit.ex_operand2 [11] $flatten\arm16_datapath_unit.\barrel_shifter_unit.$procmux$661_CMP } = 6'110001
      Activation pattern for cell $flatten\arm16_datapath_unit.\barrel_shifter_unit.$shl$src/barrel_shifter.v:34$162: { \arm16_datapath_unit.alu_arith \arm16_datapath_unit.ex_command [8] \arm16_datapath_unit.ex_immediate \arm16_datapath_unit.ex_memory \arm16_datapath_unit.ex_operand2 [11] $flatten\arm16_datapath_unit.\barrel_shifter_unit.$procmux$661_CMP } = 6'110001
      Activation pattern for cell $flatten\arm16_datapath_unit.\barrel_shifter_unit.$shl$src/barrel_shifter.v:34$162: { \arm16_datapath_unit.ex_command [1] \arm16_datapath_unit.ex_immediate \arm16_datapath_unit.ex_memory \arm16_datapath_unit.ex_operand2 [11] $flatten\arm16_datapath_unit.\barrel_shifter_unit.$procmux$661_CMP } = 5'10001
      Activation pattern for cell $flatten\arm16_datapath_unit.\barrel_shifter_unit.$shl$src/barrel_shifter.v:34$162: { \arm16_datapath_unit.ex_command [9] \arm16_datapath_unit.ex_immediate \arm16_datapath_unit.ex_memory \arm16_datapath_unit.ex_operand2 [11] $flatten\arm16_datapath_unit.\barrel_shifter_unit.$procmux$661_CMP } = 5'10001
      Activation pattern for cell $flatten\arm16_datapath_unit.\barrel_shifter_unit.$shl$src/barrel_shifter.v:34$162: { \arm16_datapath_unit.ex_command [4] \arm16_datapath_unit.ex_immediate \arm16_datapath_unit.ex_memory \arm16_datapath_unit.ex_operand2 [11] $flatten\arm16_datapath_unit.\barrel_shifter_unit.$procmux$661_CMP } = 5'10001
      Activation pattern for cell $flatten\arm16_datapath_unit.\barrel_shifter_unit.$shl$src/barrel_shifter.v:34$162: { \arm16_datapath_unit.ex_command [8] \arm16_datapath_unit.ex_immediate \arm16_datapath_unit.ex_memory \arm16_datapath_unit.ex_operand2 [11] $flatten\arm16_datapath_unit.\barrel_shifter_unit.$procmux$661_CMP } = 5'10001
      Activation pattern for cell $flatten\arm16_datapath_unit.\barrel_shifter_unit.$shl$src/barrel_shifter.v:34$162: { \arm16_datapath_unit.ex_command [3] \arm16_datapath_unit.ex_immediate \arm16_datapath_unit.ex_memory \arm16_datapath_unit.ex_operand2 [11] $flatten\arm16_datapath_unit.\barrel_shifter_unit.$procmux$661_CMP } = 5'10001
      Size of SAT problem: 5 cells, 125 variables, 559 clauses
      According to the SAT solver this pair of cells can be shared.
      Activation signal for $flatten\arm16_datapath_unit.\barrel_shifter_unit.$shl$src/barrel_shifter.v:34$162: $auto$share.cc:1072:make_cell_activation_logic$1715
      New cell: $auto$share.cc:663:make_supercell$1722 ($shl)
  Analyzing resource sharing options for $auto$share.cc:663:make_supercell$1722 ($shl):
    Found 26 activation_patterns using ctrl signal { \arm16_datapath_unit.alu_arith \arm16_datapath_unit.ex_command [9:1] \arm16_datapath_unit.ex_immediate \arm16_datapath_unit.ex_memory \arm16_datapath_unit.ex_operand2 [11] $flatten\arm16_datapath_unit.\barrel_shifter_unit.$procmux$661_CMP $flatten\arm16_datapath_unit.\barrel_shifter_unit.$procmux$659_CMP $flatten\arm16_datapath_unit.\barrel_shifter_unit.$eq$src/barrel_shifter.v:49$170_Y }.
    No candidates found.
  Analyzing resource sharing options for $flatten\arm16_datapath_unit.\demo_rom_unit.$auto$mem.cc:305:emit$319 ($memrd_v2):
    Found 1 activation_patterns using ctrl signal \arm16_datapath_unit.fetch_src_rom_in.
    No candidates found.
  Analyzing resource sharing options for $flatten\arm16_datapath_unit.\register_file_unit.$memrd$\regs$src/register_file.v:17$251 ($memrd):
    Found 1 activation_patterns using ctrl signal $flatten\arm16_datapath_unit.$eq$src/arm16_datapath.v:192$82_Y.
    Found 1 candidates: $flatten\arm16_datapath_unit.\register_file_unit.$memrd$\regs$src/register_file.v:18$252
    Analyzing resource sharing with $flatten\arm16_datapath_unit.\register_file_unit.$memrd$\regs$src/register_file.v:18$252 ($memrd):
      Found 1 activation_patterns using ctrl signal $flatten\arm16_datapath_unit.$eq$src/arm16_datapath.v:193$84_Y.
      Activation pattern for cell $flatten\arm16_datapath_unit.\register_file_unit.$memrd$\regs$src/register_file.v:17$251: $flatten\arm16_datapath_unit.$eq$src/arm16_datapath.v:192$82_Y = 1'0
      Activation pattern for cell $flatten\arm16_datapath_unit.\register_file_unit.$memrd$\regs$src/register_file.v:18$252: $flatten\arm16_datapath_unit.$eq$src/arm16_datapath.v:193$84_Y = 1'0
      Size of SAT problem: 20 cells, 199 variables, 488 clauses
      According to the SAT solver this pair of cells can not be shared.
      Model from SAT solver: { $flatten\arm16_datapath_unit.$eq$src/arm16_datapath.v:192$82_Y $flatten\arm16_datapath_unit.$eq$src/arm16_datapath.v:193$84_Y } = 2'00
  Analyzing resource sharing options for $flatten\arm16_datapath_unit.\register_file_unit.$memrd$\regs$src/register_file.v:18$252 ($memrd):
    Found 1 activation_patterns using ctrl signal $flatten\arm16_datapath_unit.$eq$src/arm16_datapath.v:193$84_Y.
    No candidates found.
Removing 6 cells in module tt_um_moein_maleki_arm16:
  Removing cell $flatten\arm16_datapath_unit.\barrel_shifter_unit.$shl$src/barrel_shifter.v:34$162 ($shl).
  Removing cell $flatten\arm16_datapath_unit.\barrel_shifter_unit.$shl$src/barrel_shifter.v:37$165 ($shl).
  Removing cell $flatten\arm16_datapath_unit.\barrel_shifter_unit.$shr$src/barrel_shifter.v:30$160 ($shr).
  Removing cell $auto$share.cc:663:make_supercell$1688 ($shr).
  Removing cell $flatten\arm16_datapath_unit.\barrel_shifter_unit.$shr$src/barrel_shifter.v:35$163 ($shr).
  Removing cell $flatten\arm16_datapath_unit.\barrel_shifter_unit.$shr$src/barrel_shifter.v:32$161 ($shr).

15.16. Executing OPT pass (performing simple optimizations).

15.16.1. Executing OPT_EXPR pass (perform const folding).
Optimizing module tt_um_moein_maleki_arm16.
<suppressed ~5 debug messages>

15.16.2. Executing OPT_MERGE pass (detect identical cells).
Finding identical cells in module `\tt_um_moein_maleki_arm16'.
Computing hashes of 510 cells of `\tt_um_moein_maleki_arm16'.
Finding duplicate cells in `\tt_um_moein_maleki_arm16'.
Computing hashes of 507 cells of `\tt_um_moein_maleki_arm16'.
Finding duplicate cells in `\tt_um_moein_maleki_arm16'.
<suppressed ~9 debug messages>
Removed a total of 3 cells.

15.16.3. Executing OPT_MUXTREE pass (detect dead branches in mux trees).
Running muxtree optimizer on module \tt_um_moein_maleki_arm16..
  Creating internal representation of mux trees.
  Evaluating internal representation of mux trees.
  Analyzing evaluation results.
Removed 0 multiplexer ports.
<suppressed ~153 debug messages>

15.16.4. Executing OPT_REDUCE pass (consolidate $*mux and $reduce_* inputs).
  Optimizing cells in module \tt_um_moein_maleki_arm16.
Performed a total of 0 changes.

15.16.5. Executing OPT_MERGE pass (detect identical cells).
Finding identical cells in module `\tt_um_moein_maleki_arm16'.
Computing hashes of 507 cells of `\tt_um_moein_maleki_arm16'.
Finding duplicate cells in `\tt_um_moein_maleki_arm16'.
Removed a total of 0 cells.

15.16.6. Executing OPT_DFF pass (perform DFF optimizations).

15.16.7. Executing OPT_CLEAN pass (remove unused cells and wires).
Finding unused cells or wires in module \tt_um_moein_maleki_arm16..
Removed 2 unused cells and 17 unused wires.
<suppressed ~7 debug messages>

15.16.8. Executing OPT_EXPR pass (perform const folding).
Optimizing module tt_um_moein_maleki_arm16.

15.16.9. Rerunning OPT passes. (Maybe there is more to do..)

15.16.10. Executing OPT_MUXTREE pass (detect dead branches in mux trees).
Running muxtree optimizer on module \tt_um_moein_maleki_arm16..
  Creating internal representation of mux trees.
  Evaluating internal representation of mux trees.
  Analyzing evaluation results.
Removed 0 multiplexer ports.
<suppressed ~153 debug messages>

15.16.11. Executing OPT_REDUCE pass (consolidate $*mux and $reduce_* inputs).
  Optimizing cells in module \tt_um_moein_maleki_arm16.
Performed a total of 0 changes.

15.16.12. Executing OPT_MERGE pass (detect identical cells).
Finding identical cells in module `\tt_um_moein_maleki_arm16'.
Computing hashes of 502 cells of `\tt_um_moein_maleki_arm16'.
Finding duplicate cells in `\tt_um_moein_maleki_arm16'.
Removed a total of 0 cells.

15.16.13. Executing OPT_DFF pass (perform DFF optimizations).

15.16.14. Executing OPT_CLEAN pass (remove unused cells and wires).
Finding unused cells or wires in module \tt_um_moein_maleki_arm16..

15.16.15. Executing OPT_EXPR pass (perform const folding).
Optimizing module tt_um_moein_maleki_arm16.

15.16.16. Finished fast OPT passes. (There is nothing left to do.)

15.17. Executing MEMORY pass.

15.17.1. Executing OPT_MEM pass (optimize memories).
tt_um_moein_maleki_arm16.$flatten\arm16_datapath_unit.\demo_rom_unit.$auto$proc_rom.cc:155:do_switch$318: removing const-0 lane 28
Performed a total of 1 transformations.

15.17.2. Executing OPT_MEM_PRIORITY pass (removing unnecessary memory write priority relations).
Performed a total of 0 transformations.

15.17.3. Executing OPT_MEM_FEEDBACK pass (finding memory read-to-write feedback paths).
  Analyzing tt_um_moein_maleki_arm16.arm16_datapath_unit.register_file_unit.regs write port 0.

15.17.4. Executing MEMORY_BMUX2ROM pass (converting muxes to ROMs).

15.17.5. Executing MEMORY_DFF pass (merging $dff cells to $memrd).
Checking read port `$flatten\arm16_datapath_unit.\demo_rom_unit.$auto$proc_rom.cc:155:do_switch$318'[0] in module `\tt_um_moein_maleki_arm16': merging output FF to cell.
Checking read port `\arm16_datapath_unit.register_file_unit.regs'[0] in module `\tt_um_moein_maleki_arm16': FF found, but with a mux select that doesn't seem to correspond to transparency logic.
Checking read port `\arm16_datapath_unit.register_file_unit.regs'[1] in module `\tt_um_moein_maleki_arm16': FF found, but with a mux select that doesn't seem to correspond to transparency logic.
Checking read port `$flatten\arm16_datapath_unit.\vga_renderer_unit.$auto$proc_rom.cc:155:do_switch$314'[0] in module `\tt_um_moein_maleki_arm16': no output FF found.
Checking read port address `\arm16_datapath_unit.register_file_unit.regs'[0] in module `\tt_um_moein_maleki_arm16': no address FF found.
Checking read port address `\arm16_datapath_unit.register_file_unit.regs'[1] in module `\tt_um_moein_maleki_arm16': no address FF found.
Checking read port address `$flatten\arm16_datapath_unit.\vga_renderer_unit.$auto$proc_rom.cc:155:do_switch$314'[0] in module `\tt_um_moein_maleki_arm16': no address FF found.

15.17.6. Executing OPT_CLEAN pass (remove unused cells and wires).
Finding unused cells or wires in module \tt_um_moein_maleki_arm16..

15.17.7. Executing MEMORY_SHARE pass (consolidating $memrd/$memwr cells).
Consolidating read ports of memory tt_um_moein_maleki_arm16.arm16_datapath_unit.register_file_unit.regs by address:

15.17.8. Executing OPT_MEM_WIDEN pass (optimize memories where all ports are wide).
Performed a total of 0 transformations.

15.17.9. Executing OPT_CLEAN pass (remove unused cells and wires).
Finding unused cells or wires in module \tt_um_moein_maleki_arm16..

15.17.10. Executing MEMORY_COLLECT pass (generating $mem cells).

15.18. Executing OPT_CLEAN pass (remove unused cells and wires).
Finding unused cells or wires in module \tt_um_moein_maleki_arm16..

15.19. Executing OPT pass (performing simple optimizations).

15.19.1. Executing OPT_EXPR pass (perform const folding).
Optimizing module tt_um_moein_maleki_arm16.
<suppressed ~105 debug messages>

15.19.2. Executing OPT_MERGE pass (detect identical cells).
Finding identical cells in module `\tt_um_moein_maleki_arm16'.
Computing hashes of 543 cells of `\tt_um_moein_maleki_arm16'.
Finding duplicate cells in `\tt_um_moein_maleki_arm16'.
Computing hashes of 499 cells of `\tt_um_moein_maleki_arm16'.
Finding duplicate cells in `\tt_um_moein_maleki_arm16'.
<suppressed ~132 debug messages>
Removed a total of 44 cells.

15.19.3. Executing OPT_DFF pass (perform DFF optimizations).
Adding EN signal on $auto$ff.cc:337:slice$1465 ($sdffe) from module tt_um_moein_maleki_arm16 (D = $flatten\arm16_datapath_unit.$procmux$938_Y [1:0], Q = \arm16_datapath_unit.fetch_addr [1:0]).
Setting constant 0-bit at position 0 on $auto$ff.cc:337:slice$1455 ($sdffe) from module tt_um_moein_maleki_arm16.
Setting constant 0-bit at position 1 on $auto$ff.cc:337:slice$1455 ($sdffe) from module tt_um_moein_maleki_arm16.
Setting constant 0-bit at position 2 on $auto$ff.cc:337:slice$1455 ($sdffe) from module tt_um_moein_maleki_arm16.
Setting constant 0-bit at position 3 on $auto$ff.cc:337:slice$1455 ($sdffe) from module tt_um_moein_maleki_arm16.
Setting constant 0-bit at position 4 on $auto$ff.cc:337:slice$1455 ($sdffe) from module tt_um_moein_maleki_arm16.
Setting constant 0-bit at position 5 on $auto$ff.cc:337:slice$1455 ($sdffe) from module tt_um_moein_maleki_arm16.
Setting constant 0-bit at position 6 on $auto$ff.cc:337:slice$1455 ($sdffe) from module tt_um_moein_maleki_arm16.
Setting constant 0-bit at position 7 on $auto$ff.cc:337:slice$1455 ($sdffe) from module tt_um_moein_maleki_arm16.
Setting constant 0-bit at position 8 on $auto$ff.cc:337:slice$1455 ($sdffe) from module tt_um_moein_maleki_arm16.
Setting constant 0-bit at position 9 on $auto$ff.cc:337:slice$1455 ($sdffe) from module tt_um_moein_maleki_arm16.
Setting constant 0-bit at position 10 on $auto$ff.cc:337:slice$1455 ($sdffe) from module tt_um_moein_maleki_arm16.
Setting constant 0-bit at position 11 on $auto$ff.cc:337:slice$1455 ($sdffe) from module tt_um_moein_maleki_arm16.
Setting constant 0-bit at position 12 on $auto$ff.cc:337:slice$1455 ($sdffe) from module tt_um_moein_maleki_arm16.
Setting constant 0-bit at position 13 on $auto$ff.cc:337:slice$1455 ($sdffe) from module tt_um_moein_maleki_arm16.
Setting constant 0-bit at position 14 on $auto$ff.cc:337:slice$1455 ($sdffe) from module tt_um_moein_maleki_arm16.
Setting constant 0-bit at position 15 on $auto$ff.cc:337:slice$1455 ($sdffe) from module tt_um_moein_maleki_arm16.
Setting constant 0-bit at position 16 on $auto$ff.cc:337:slice$1455 ($sdffe) from module tt_um_moein_maleki_arm16.
Setting constant 0-bit at position 17 on $auto$ff.cc:337:slice$1455 ($sdffe) from module tt_um_moein_maleki_arm16.
Setting constant 0-bit at position 18 on $auto$ff.cc:337:slice$1455 ($sdffe) from module tt_um_moein_maleki_arm16.
Setting constant 0-bit at position 19 on $auto$ff.cc:337:slice$1455 ($sdffe) from module tt_um_moein_maleki_arm16.
Setting constant 0-bit at position 20 on $auto$ff.cc:337:slice$1455 ($sdffe) from module tt_um_moein_maleki_arm16.
Setting constant 0-bit at position 21 on $auto$ff.cc:337:slice$1455 ($sdffe) from module tt_um_moein_maleki_arm16.
Setting constant 0-bit at position 22 on $auto$ff.cc:337:slice$1455 ($sdffe) from module tt_um_moein_maleki_arm16.
Setting constant 0-bit at position 23 on $auto$ff.cc:337:slice$1455 ($sdffe) from module tt_um_moein_maleki_arm16.
Setting constant 0-bit at position 24 on $auto$ff.cc:337:slice$1455 ($sdffe) from module tt_um_moein_maleki_arm16.
Setting constant 0-bit at position 25 on $auto$ff.cc:337:slice$1455 ($sdffe) from module tt_um_moein_maleki_arm16.
Setting constant 0-bit at position 26 on $auto$ff.cc:337:slice$1455 ($sdffe) from module tt_um_moein_maleki_arm16.
Setting constant 0-bit at position 27 on $auto$ff.cc:337:slice$1455 ($sdffe) from module tt_um_moein_maleki_arm16.
Setting constant 1-bit at position 29 on $auto$ff.cc:337:slice$1455 ($sdffe) from module tt_um_moein_maleki_arm16.
Setting constant 1-bit at position 30 on $auto$ff.cc:337:slice$1455 ($sdffe) from module tt_um_moein_maleki_arm16.
Setting constant 1-bit at position 31 on $auto$ff.cc:337:slice$1455 ($sdffe) from module tt_um_moein_maleki_arm16.

15.19.4. Executing OPT_CLEAN pass (remove unused cells and wires).
Finding unused cells or wires in module \tt_um_moein_maleki_arm16..
Removed 2 unused cells and 97 unused wires.
<suppressed ~3 debug messages>

15.19.5. Rerunning OPT passes. (Removed registers in this run.)

15.19.6. Executing OPT_EXPR pass (perform const folding).
Optimizing module tt_um_moein_maleki_arm16.
<suppressed ~1 debug messages>

15.19.7. Executing OPT_MERGE pass (detect identical cells).
Finding identical cells in module `\tt_um_moein_maleki_arm16'.
Computing hashes of 499 cells of `\tt_um_moein_maleki_arm16'.
Finding duplicate cells in `\tt_um_moein_maleki_arm16'.
Removed a total of 0 cells.

15.19.8. Executing OPT_DFF pass (perform DFF optimizations).

15.19.9. Executing OPT_CLEAN pass (remove unused cells and wires).
Finding unused cells or wires in module \tt_um_moein_maleki_arm16..
Removed 0 unused cells and 1 unused wires.
<suppressed ~1 debug messages>

15.19.10. Finished fast OPT passes.

15.20. Executing MEMORY_MAP pass (converting memories to logic and flip-flops).
Mapping memory $flatten\arm16_datapath_unit.\demo_rom_unit.$auto$proc_rom.cc:155:do_switch$318 in module \tt_um_moein_maleki_arm16:
  created 16 $dff cells and 0 static cells of width 31.
Extracted data FF from read port 0 of tt_um_moein_maleki_arm16.$flatten\arm16_datapath_unit.\demo_rom_unit.$auto$proc_rom.cc:155:do_switch$318: $$flatten\arm16_datapath_unit.\demo_rom_unit.$auto$proc_rom.cc:155:do_switch$318$rdreg[0]
  read interface: 1 $dff and 15 $mux cells.
  write interface: 0 write mux blocks.
Mapping memory \arm16_datapath_unit.register_file_unit.regs in module \tt_um_moein_maleki_arm16:
  created 15 $dff cells and 0 static cells of width 16.
  read interface: 0 $dff and 30 $mux cells.
  write interface: 15 write mux blocks.
Mapping memory $flatten\arm16_datapath_unit.\vga_renderer_unit.$auto$proc_rom.cc:155:do_switch$314 in module \tt_um_moein_maleki_arm16:
  created 16 $dff cells and 0 static cells of width 7.
  read interface: 0 $dff and 15 $mux cells.
  write interface: 0 write mux blocks.

15.21. Executing OPT pass (performing simple optimizations).

15.21.1. Executing OPT_EXPR pass (perform const folding).
Optimizing module tt_um_moein_maleki_arm16.
<suppressed ~30 debug messages>

15.21.2. Executing OPT_MERGE pass (detect identical cells).
Finding identical cells in module `\tt_um_moein_maleki_arm16'.
Computing hashes of 629 cells of `\tt_um_moein_maleki_arm16'.
Finding duplicate cells in `\tt_um_moein_maleki_arm16'.
Removed a total of 0 cells.

15.21.3. Executing OPT_MUXTREE pass (detect dead branches in mux trees).
Running muxtree optimizer on module \tt_um_moein_maleki_arm16..
  Creating internal representation of mux trees.
  Evaluating internal representation of mux trees.
  Analyzing evaluation results.
Removed 0 multiplexer ports.
<suppressed ~216 debug messages>

15.21.4. Executing OPT_REDUCE pass (consolidate $*mux and $reduce_* inputs).
  Optimizing cells in module \tt_um_moein_maleki_arm16.
    Consolidated identical input bits for $mux cell $memory$flatten\arm16_datapath_unit.\vga_renderer_unit.$auto$proc_rom.cc:155:do_switch$314$rdmux[0][3][2]$2198:
      Old ports: A=7'1100110, B=7'1101101, Y=$memory$flatten\arm16_datapath_unit.\vga_renderer_unit.$auto$proc_rom.cc:155:do_switch$314$rdmux[0][2][1]$a$2184
      New ports: A=2'10, B=2'01, Y=$memory$flatten\arm16_datapath_unit.\vga_renderer_unit.$auto$proc_rom.cc:155:do_switch$314$rdmux[0][2][1]$a$2184 [1:0]
      New connections: $memory$flatten\arm16_datapath_unit.\vga_renderer_unit.$auto$proc_rom.cc:155:do_switch$314$rdmux[0][2][1]$a$2184 [6:2] = { 3'110 $memory$flatten\arm16_datapath_unit.\vga_renderer_unit.$auto$proc_rom.cc:155:do_switch$314$rdmux[0][2][1]$a$2184 [0] 1'1 }
    Consolidated identical input bits for $mux cell $memory$flatten\arm16_datapath_unit.\vga_renderer_unit.$auto$proc_rom.cc:155:do_switch$314$rdmux[0][3][1]$2195:
      Old ports: A=7'1011011, B=7'1001111, Y=$memory$flatten\arm16_datapath_unit.\vga_renderer_unit.$auto$proc_rom.cc:155:do_switch$314$rdmux[0][2][0]$b$2182
      New ports: A=2'10, B=2'01, Y={ $memory$flatten\arm16_datapath_unit.\vga_renderer_unit.$auto$proc_rom.cc:155:do_switch$314$rdmux[0][2][0]$b$2182 [4] $memory$flatten\arm16_datapath_unit.\vga_renderer_unit.$auto$proc_rom.cc:155:do_switch$314$rdmux[0][2][0]$b$2182 [2] }
      New connections: { $memory$flatten\arm16_datapath_unit.\vga_renderer_unit.$auto$proc_rom.cc:155:do_switch$314$rdmux[0][2][0]$b$2182 [6:5] $memory$flatten\arm16_datapath_unit.\vga_renderer_unit.$auto$proc_rom.cc:155:do_switch$314$rdmux[0][2][0]$b$2182 [3] $memory$flatten\arm16_datapath_unit.\vga_renderer_unit.$auto$proc_rom.cc:155:do_switch$314$rdmux[0][2][0]$b$2182 [1:0] } = 5'10111
    Consolidated identical input bits for $mux cell $memory$flatten\arm16_datapath_unit.\vga_renderer_unit.$auto$proc_rom.cc:155:do_switch$314$rdmux[0][3][0]$2192:
      Old ports: A=7'0111111, B=7'0000110, Y=$memory$flatten\arm16_datapath_unit.\vga_renderer_unit.$auto$proc_rom.cc:155:do_switch$314$rdmux[0][2][0]$a$2181
      New ports: A=1'1, B=1'0, Y=$memory$flatten\arm16_datapath_unit.\vga_renderer_unit.$auto$proc_rom.cc:155:do_switch$314$rdmux[0][2][0]$a$2181 [0]
      New connections: $memory$flatten\arm16_datapath_unit.\vga_renderer_unit.$auto$proc_rom.cc:155:do_switch$314$rdmux[0][2][0]$a$2181 [6:1] = { 1'0 $memory$flatten\arm16_datapath_unit.\vga_renderer_unit.$auto$proc_rom.cc:155:do_switch$314$rdmux[0][2][0]$a$2181 [0] $memory$flatten\arm16_datapath_unit.\vga_renderer_unit.$auto$proc_rom.cc:155:do_switch$314$rdmux[0][2][0]$a$2181 [0] $memory$flatten\arm16_datapath_unit.\vga_renderer_unit.$auto$proc_rom.cc:155:do_switch$314$rdmux[0][2][0]$a$2181 [0] 2'11 }
    Consolidated identical input bits for $mux cell $memory$flatten\arm16_datapath_unit.\vga_renderer_unit.$auto$proc_rom.cc:155:do_switch$314$rdmux[0][3][6]$2210:
      Old ports: A=7'0111001, B=7'1011110, Y=$memory$flatten\arm16_datapath_unit.\vga_renderer_unit.$auto$proc_rom.cc:155:do_switch$314$rdmux[0][2][3]$a$2190
      New ports: A=2'01, B=2'10, Y=$memory$flatten\arm16_datapath_unit.\vga_renderer_unit.$auto$proc_rom.cc:155:do_switch$314$rdmux[0][2][3]$a$2190 [1:0]
      New connections: $memory$flatten\arm16_datapath_unit.\vga_renderer_unit.$auto$proc_rom.cc:155:do_switch$314$rdmux[0][2][3]$a$2190 [6:2] = { $memory$flatten\arm16_datapath_unit.\vga_renderer_unit.$auto$proc_rom.cc:155:do_switch$314$rdmux[0][2][3]$a$2190 [1:0] 2'11 $memory$flatten\arm16_datapath_unit.\vga_renderer_unit.$auto$proc_rom.cc:155:do_switch$314$rdmux[0][2][3]$a$2190 [1] }
    Consolidated identical input bits for $mux cell $memory$flatten\arm16_datapath_unit.\vga_renderer_unit.$auto$proc_rom.cc:155:do_switch$314$rdmux[0][3][5]$2207:
      Old ports: A=7'1110111, B=7'1111100, Y=$memory$flatten\arm16_datapath_unit.\vga_renderer_unit.$auto$proc_rom.cc:155:do_switch$314$rdmux[0][2][2]$b$2188
      New ports: A=2'01, B=2'10, Y={ $memory$flatten\arm16_datapath_unit.\vga_renderer_unit.$auto$proc_rom.cc:155:do_switch$314$rdmux[0][2][2]$b$2188 [3] $memory$flatten\arm16_datapath_unit.\vga_renderer_unit.$auto$proc_rom.cc:155:do_switch$314$rdmux[0][2][2]$b$2188 [0] }
      New connections: { $memory$flatten\arm16_datapath_unit.\vga_renderer_unit.$auto$proc_rom.cc:155:do_switch$314$rdmux[0][2][2]$b$2188 [6:4] $memory$flatten\arm16_datapath_unit.\vga_renderer_unit.$auto$proc_rom.cc:155:do_switch$314$rdmux[0][2][2]$b$2188 [2:1] } = { 4'1111 $memory$flatten\arm16_datapath_unit.\vga_renderer_unit.$auto$proc_rom.cc:155:do_switch$314$rdmux[0][2][2]$b$2188 [0] }
    Consolidated identical input bits for $mux cell $memory$flatten\arm16_datapath_unit.\vga_renderer_unit.$auto$proc_rom.cc:155:do_switch$314$rdmux[0][3][4]$2204:
      Old ports: A=7'1111111, B=7'1101111, Y=$memory$flatten\arm16_datapath_unit.\vga_renderer_unit.$auto$proc_rom.cc:155:do_switch$314$rdmux[0][2][2]$a$2187
      New ports: A=1'1, B=1'0, Y=$memory$flatten\arm16_datapath_unit.\vga_renderer_unit.$auto$proc_rom.cc:155:do_switch$314$rdmux[0][2][2]$a$2187 [4]
      New connections: { $memory$flatten\arm16_datapath_unit.\vga_renderer_unit.$auto$proc_rom.cc:155:do_switch$314$rdmux[0][2][2]$a$2187 [6:5] $memory$flatten\arm16_datapath_unit.\vga_renderer_unit.$auto$proc_rom.cc:155:do_switch$314$rdmux[0][2][2]$a$2187 [3:0] } = 6'111111
    Consolidated identical input bits for $mux cell $memory$flatten\arm16_datapath_unit.\vga_renderer_unit.$auto$proc_rom.cc:155:do_switch$314$rdmux[0][3][3]$2201:
      Old ports: A=7'1111101, B=7'0000111, Y=$memory$flatten\arm16_datapath_unit.\vga_renderer_unit.$auto$proc_rom.cc:155:do_switch$314$rdmux[0][2][1]$b$2185
      New ports: A=2'10, B=2'01, Y={ $memory$flatten\arm16_datapath_unit.\vga_renderer_unit.$auto$proc_rom.cc:155:do_switch$314$rdmux[0][2][1]$b$2185 [3] $memory$flatten\arm16_datapath_unit.\vga_renderer_unit.$auto$proc_rom.cc:155:do_switch$314$rdmux[0][2][1]$b$2185 [1] }
      New connections: { $memory$flatten\arm16_datapath_unit.\vga_renderer_unit.$auto$proc_rom.cc:155:do_switch$314$rdmux[0][2][1]$b$2185 [6:4] $memory$flatten\arm16_datapath_unit.\vga_renderer_unit.$auto$proc_rom.cc:155:do_switch$314$rdmux[0][2][1]$b$2185 [2] $memory$flatten\arm16_datapath_unit.\vga_renderer_unit.$auto$proc_rom.cc:155:do_switch$314$rdmux[0][2][1]$b$2185 [0] } = { $memory$flatten\arm16_datapath_unit.\vga_renderer_unit.$auto$proc_rom.cc:155:do_switch$314$rdmux[0][2][1]$b$2185 [3] $memory$flatten\arm16_datapath_unit.\vga_renderer_unit.$auto$proc_rom.cc:155:do_switch$314$rdmux[0][2][1]$b$2185 [3] $memory$flatten\arm16_datapath_unit.\vga_renderer_unit.$auto$proc_rom.cc:155:do_switch$314$rdmux[0][2][1]$b$2185 [3] 2'11 }
    Consolidated identical input bits for $mux cell $memory$flatten\arm16_datapath_unit.\demo_rom_unit.$auto$proc_rom.cc:155:do_switch$318$rdmux[0][3][6]$1923:
      Old ports: A=31'0000010100010101010000000000001, B=31'1110101100000011010000000000000, Y=$memory$flatten\arm16_datapath_unit.\demo_rom_unit.$auto$proc_rom.cc:155:do_switch$318$rdmux[0][2][3]$a$1903
      New ports: A=2'01, B=2'10, Y={ $memory$flatten\arm16_datapath_unit.\demo_rom_unit.$auto$proc_rom.cc:155:do_switch$318$rdmux[0][2][3]$a$1903 [16] $memory$flatten\arm16_datapath_unit.\demo_rom_unit.$auto$proc_rom.cc:155:do_switch$318$rdmux[0][2][3]$a$1903 [0] }
      New connections: { $memory$flatten\arm16_datapath_unit.\demo_rom_unit.$auto$proc_rom.cc:155:do_switch$318$rdmux[0][2][3]$a$1903 [30:17] $memory$flatten\arm16_datapath_unit.\demo_rom_unit.$auto$proc_rom.cc:155:do_switch$318$rdmux[0][2][3]$a$1903 [15:1] } = { $memory$flatten\arm16_datapath_unit.\demo_rom_unit.$auto$proc_rom.cc:155:do_switch$318$rdmux[0][2][3]$a$1903 [16] $memory$flatten\arm16_datapath_unit.\demo_rom_unit.$auto$proc_rom.cc:155:do_switch$318$rdmux[0][2][3]$a$1903 [16] $memory$flatten\arm16_datapath_unit.\demo_rom_unit.$auto$proc_rom.cc:155:do_switch$318$rdmux[0][2][3]$a$1903 [16] 1'0 $memory$flatten\arm16_datapath_unit.\demo_rom_unit.$auto$proc_rom.cc:155:do_switch$318$rdmux[0][2][3]$a$1903 [16] $memory$flatten\arm16_datapath_unit.\demo_rom_unit.$auto$proc_rom.cc:155:do_switch$318$rdmux[0][2][3]$a$1903 [0] $memory$flatten\arm16_datapath_unit.\demo_rom_unit.$auto$proc_rom.cc:155:do_switch$318$rdmux[0][2][3]$a$1903 [16] 4'1000 $memory$flatten\arm16_datapath_unit.\demo_rom_unit.$auto$proc_rom.cc:155:do_switch$318$rdmux[0][2][3]$a$1903 [0] 1'0 $memory$flatten\arm16_datapath_unit.\demo_rom_unit.$auto$proc_rom.cc:155:do_switch$318$rdmux[0][2][3]$a$1903 [0] 15'101000000000000 }
    Consolidated identical input bits for $mux cell $memory$flatten\arm16_datapath_unit.\demo_rom_unit.$auto$proc_rom.cc:155:do_switch$318$rdmux[0][3][5]$1920:
      Old ports: A=31'1110010010010000000000000000110, B=31'1110011010100000000000000000000, Y=$memory$flatten\arm16_datapath_unit.\demo_rom_unit.$auto$proc_rom.cc:155:do_switch$318$rdmux[0][2][2]$b$1901
      New ports: A=2'01, B=2'10, Y={ $memory$flatten\arm16_datapath_unit.\demo_rom_unit.$auto$proc_rom.cc:155:do_switch$318$rdmux[0][2][2]$b$1901 [20] $memory$flatten\arm16_datapath_unit.\demo_rom_unit.$auto$proc_rom.cc:155:do_switch$318$rdmux[0][2][2]$b$1901 [1] }
      New connections: { $memory$flatten\arm16_datapath_unit.\demo_rom_unit.$auto$proc_rom.cc:155:do_switch$318$rdmux[0][2][2]$b$1901 [30:21] $memory$flatten\arm16_datapath_unit.\demo_rom_unit.$auto$proc_rom.cc:155:do_switch$318$rdmux[0][2][2]$b$1901 [19:2] $memory$flatten\arm16_datapath_unit.\demo_rom_unit.$auto$proc_rom.cc:155:do_switch$318$rdmux[0][2][2]$b$1901 [0] } = { 6'111001 $memory$flatten\arm16_datapath_unit.\demo_rom_unit.$auto$proc_rom.cc:155:do_switch$318$rdmux[0][2][2]$b$1901 [20] 3'010 $memory$flatten\arm16_datapath_unit.\demo_rom_unit.$auto$proc_rom.cc:155:do_switch$318$rdmux[0][2][2]$b$1901 [1] 16'0000000000000000 $memory$flatten\arm16_datapath_unit.\demo_rom_unit.$auto$proc_rom.cc:155:do_switch$318$rdmux[0][2][2]$b$1901 [1] 1'0 }
    Consolidated identical input bits for $mux cell $memory$flatten\arm16_datapath_unit.\demo_rom_unit.$auto$proc_rom.cc:155:do_switch$318$rdmux[0][3][4]$1917:
      Old ports: A=31'1110010100001100111000000000001, B=31'1110010100001111000000000000001, Y=$memory$flatten\arm16_datapath_unit.\demo_rom_unit.$auto$proc_rom.cc:155:do_switch$318$rdmux[0][2][2]$a$1900
      New ports: A=2'01, B=2'10, Y={ $memory$flatten\arm16_datapath_unit.\demo_rom_unit.$auto$proc_rom.cc:155:do_switch$318$rdmux[0][2][2]$a$1900 [15] $memory$flatten\arm16_datapath_unit.\demo_rom_unit.$auto$proc_rom.cc:155:do_switch$318$rdmux[0][2][2]$a$1900 [12] }
      New connections: { $memory$flatten\arm16_datapath_unit.\demo_rom_unit.$auto$proc_rom.cc:155:do_switch$318$rdmux[0][2][2]$a$1900 [30:16] $memory$flatten\arm16_datapath_unit.\demo_rom_unit.$auto$proc_rom.cc:155:do_switch$318$rdmux[0][2][2]$a$1900 [14:13] $memory$flatten\arm16_datapath_unit.\demo_rom_unit.$auto$proc_rom.cc:155:do_switch$318$rdmux[0][2][2]$a$1900 [11:0] } = { 14'11100101000011 $memory$flatten\arm16_datapath_unit.\demo_rom_unit.$auto$proc_rom.cc:155:do_switch$318$rdmux[0][2][2]$a$1900 [15] $memory$flatten\arm16_datapath_unit.\demo_rom_unit.$auto$proc_rom.cc:155:do_switch$318$rdmux[0][2][2]$a$1900 [12] $memory$flatten\arm16_datapath_unit.\demo_rom_unit.$auto$proc_rom.cc:155:do_switch$318$rdmux[0][2][2]$a$1900 [12] 12'000000000001 }
    Consolidated identical input bits for $mux cell $memory$flatten\arm16_datapath_unit.\demo_rom_unit.$auto$proc_rom.cc:155:do_switch$318$rdmux[0][3][3]$1914:
      Old ports: A=31'1110010100001000101000000000001, B=31'1110010100001010110000000000001, Y=$memory$flatten\arm16_datapath_unit.\demo_rom_unit.$auto$proc_rom.cc:155:do_switch$318$rdmux[0][2][1]$b$1898
      New ports: A=2'01, B=2'10, Y=$memory$flatten\arm16_datapath_unit.\demo_rom_unit.$auto$proc_rom.cc:155:do_switch$318$rdmux[0][2][1]$b$1898 [13:12]
      New connections: { $memory$flatten\arm16_datapath_unit.\demo_rom_unit.$auto$proc_rom.cc:155:do_switch$318$rdmux[0][2][1]$b$1898 [30:14] $memory$flatten\arm16_datapath_unit.\demo_rom_unit.$auto$proc_rom.cc:155:do_switch$318$rdmux[0][2][1]$b$1898 [11:0] } = { 14'11100101000010 $memory$flatten\arm16_datapath_unit.\demo_rom_unit.$auto$proc_rom.cc:155:do_switch$318$rdmux[0][2][1]$b$1898 [13] 14'01000000000001 }
    Consolidated identical input bits for $mux cell $memory$flatten\arm16_datapath_unit.\demo_rom_unit.$auto$proc_rom.cc:155:do_switch$318$rdmux[0][3][2]$1911:
      Old ports: A=31'1110010100000100011000000000001, B=31'1110010100000110100000000000001, Y=$memory$flatten\arm16_datapath_unit.\demo_rom_unit.$auto$proc_rom.cc:155:do_switch$318$rdmux[0][2][1]$a$1897
      New ports: A=2'01, B=2'10, Y={ $memory$flatten\arm16_datapath_unit.\demo_rom_unit.$auto$proc_rom.cc:155:do_switch$318$rdmux[0][2][1]$a$1897 [14] $memory$flatten\arm16_datapath_unit.\demo_rom_unit.$auto$proc_rom.cc:155:do_switch$318$rdmux[0][2][1]$a$1897 [12] }
      New connections: { $memory$flatten\arm16_datapath_unit.\demo_rom_unit.$auto$proc_rom.cc:155:do_switch$318$rdmux[0][2][1]$a$1897 [30:15] $memory$flatten\arm16_datapath_unit.\demo_rom_unit.$auto$proc_rom.cc:155:do_switch$318$rdmux[0][2][1]$a$1897 [13] $memory$flatten\arm16_datapath_unit.\demo_rom_unit.$auto$proc_rom.cc:155:do_switch$318$rdmux[0][2][1]$a$1897 [11:0] } = { 14'11100101000001 $memory$flatten\arm16_datapath_unit.\demo_rom_unit.$auto$proc_rom.cc:155:do_switch$318$rdmux[0][2][1]$a$1897 [14] 1'0 $memory$flatten\arm16_datapath_unit.\demo_rom_unit.$auto$proc_rom.cc:155:do_switch$318$rdmux[0][2][1]$a$1897 [12] 12'000000000001 }
    Consolidated identical input bits for $mux cell $memory$flatten\arm16_datapath_unit.\demo_rom_unit.$auto$proc_rom.cc:155:do_switch$318$rdmux[0][3][1]$1908:
      Old ports: A=31'1110011101000000001110011111111, B=31'1110010100000000010000000000001, Y=$memory$flatten\arm16_datapath_unit.\demo_rom_unit.$auto$proc_rom.cc:155:do_switch$318$rdmux[0][2][0]$b$1895
      New ports: A=2'01, B=2'10, Y={ $memory$flatten\arm16_datapath_unit.\demo_rom_unit.$auto$proc_rom.cc:155:do_switch$318$rdmux[0][2][0]$b$1895 [13] $memory$flatten\arm16_datapath_unit.\demo_rom_unit.$auto$proc_rom.cc:155:do_switch$318$rdmux[0][2][0]$b$1895 [1] }
      New connections: { $memory$flatten\arm16_datapath_unit.\demo_rom_unit.$auto$proc_rom.cc:155:do_switch$318$rdmux[0][2][0]$b$1895 [30:14] $memory$flatten\arm16_datapath_unit.\demo_rom_unit.$auto$proc_rom.cc:155:do_switch$318$rdmux[0][2][0]$b$1895 [12:2] $memory$flatten\arm16_datapath_unit.\demo_rom_unit.$auto$proc_rom.cc:155:do_switch$318$rdmux[0][2][0]$b$1895 [0] } = { 6'111001 $memory$flatten\arm16_datapath_unit.\demo_rom_unit.$auto$proc_rom.cc:155:do_switch$318$rdmux[0][2][0]$b$1895 [1] 2'10 $memory$flatten\arm16_datapath_unit.\demo_rom_unit.$auto$proc_rom.cc:155:do_switch$318$rdmux[0][2][0]$b$1895 [1] 7'0000000 $memory$flatten\arm16_datapath_unit.\demo_rom_unit.$auto$proc_rom.cc:155:do_switch$318$rdmux[0][2][0]$b$1895 [1] $memory$flatten\arm16_datapath_unit.\demo_rom_unit.$auto$proc_rom.cc:155:do_switch$318$rdmux[0][2][0]$b$1895 [1] $memory$flatten\arm16_datapath_unit.\demo_rom_unit.$auto$proc_rom.cc:155:do_switch$318$rdmux[0][2][0]$b$1895 [1] 2'00 $memory$flatten\arm16_datapath_unit.\demo_rom_unit.$auto$proc_rom.cc:155:do_switch$318$rdmux[0][2][0]$b$1895 [1] $memory$flatten\arm16_datapath_unit.\demo_rom_unit.$auto$proc_rom.cc:155:do_switch$318$rdmux[0][2][0]$b$1895 [1] $memory$flatten\arm16_datapath_unit.\demo_rom_unit.$auto$proc_rom.cc:155:do_switch$318$rdmux[0][2][0]$b$1895 [1] $memory$flatten\arm16_datapath_unit.\demo_rom_unit.$auto$proc_rom.cc:155:do_switch$318$rdmux[0][2][0]$b$1895 [1] $memory$flatten\arm16_datapath_unit.\demo_rom_unit.$auto$proc_rom.cc:155:do_switch$318$rdmux[0][2][0]$b$1895 [1] $memory$flatten\arm16_datapath_unit.\demo_rom_unit.$auto$proc_rom.cc:155:do_switch$318$rdmux[0][2][0]$b$1895 [1] 1'1 }
    Consolidated identical input bits for $mux cell $memory$flatten\arm16_datapath_unit.\demo_rom_unit.$auto$proc_rom.cc:155:do_switch$318$rdmux[0][3][0]$1905:
      Old ports: A=31'1110011101000000000000000000000, B=31'1110011101000001010000000000000, Y=$memory$flatten\arm16_datapath_unit.\demo_rom_unit.$auto$proc_rom.cc:155:do_switch$318$rdmux[0][2][0]$a$1894
      New ports: A=1'0, B=1'1, Y=$memory$flatten\arm16_datapath_unit.\demo_rom_unit.$auto$proc_rom.cc:155:do_switch$318$rdmux[0][2][0]$a$1894 [13]
      New connections: { $memory$flatten\arm16_datapath_unit.\demo_rom_unit.$auto$proc_rom.cc:155:do_switch$318$rdmux[0][2][0]$a$1894 [30:14] $memory$flatten\arm16_datapath_unit.\demo_rom_unit.$auto$proc_rom.cc:155:do_switch$318$rdmux[0][2][0]$a$1894 [12:0] } = { 15'111001110100000 $memory$flatten\arm16_datapath_unit.\demo_rom_unit.$auto$proc_rom.cc:155:do_switch$318$rdmux[0][2][0]$a$1894 [13] 14'00000000000000 }
    Consolidated identical input bits for $mux cell $auto$share.cc:657:make_supercell$1696:
      Old ports: A=\arm16_datapath_unit.ex_operand2 [10:7], B={ \arm16_datapath_unit.ex_operand2 [10:8] 1'0 }, Y=$auto$share.cc:654:make_supercell$1694
      New ports: A=\arm16_datapath_unit.ex_operand2 [7], B=1'0, Y=$auto$share.cc:654:make_supercell$1694 [0]
      New connections: $auto$share.cc:654:make_supercell$1694 [3:1] = \arm16_datapath_unit.ex_operand2 [10:8]
    Consolidated identical input bits for $mux cell $auto$share.cc:656:make_supercell$1685:
      Old ports: A={ 16'0000000000000000 \arm16_datapath_unit.barrel_shifter_unit.value_in }, B={ \arm16_datapath_unit.barrel_shifter_unit.value_in \arm16_datapath_unit.barrel_shifter_unit.value_in }, Y=$auto$share.cc:653:make_supercell$1683
      New ports: A=16'0000000000000000, B=\arm16_datapath_unit.barrel_shifter_unit.value_in, Y=$auto$share.cc:653:make_supercell$1683 [31:16]
      New connections: $auto$share.cc:653:make_supercell$1683 [15:0] = \arm16_datapath_unit.barrel_shifter_unit.value_in
    Consolidated identical input bits for $mux cell $memory$flatten\arm16_datapath_unit.\demo_rom_unit.$auto$proc_rom.cc:155:do_switch$318$rdmux[0][3][7]$1926:
      Old ports: A=31'1111010111111111111111111110011, B=31'1111010111111111111111111111110, Y=$memory$flatten\arm16_datapath_unit.\demo_rom_unit.$auto$proc_rom.cc:155:do_switch$318$rdmux[0][2][3]$b$1904
      New ports: A=2'01, B=2'10, Y={ $memory$flatten\arm16_datapath_unit.\demo_rom_unit.$auto$proc_rom.cc:155:do_switch$318$rdmux[0][2][3]$b$1904 [2] $memory$flatten\arm16_datapath_unit.\demo_rom_unit.$auto$proc_rom.cc:155:do_switch$318$rdmux[0][2][3]$b$1904 [0] }
      New connections: { $memory$flatten\arm16_datapath_unit.\demo_rom_unit.$auto$proc_rom.cc:155:do_switch$318$rdmux[0][2][3]$b$1904 [30:3] $memory$flatten\arm16_datapath_unit.\demo_rom_unit.$auto$proc_rom.cc:155:do_switch$318$rdmux[0][2][3]$b$1904 [1] } = { 27'111101011111111111111111111 $memory$flatten\arm16_datapath_unit.\demo_rom_unit.$auto$proc_rom.cc:155:do_switch$318$rdmux[0][2][3]$b$1904 [2] 1'1 }
    Consolidated identical input bits for $mux cell $flatten\arm16_datapath_unit.\forwarding_selector_unit.$procmux$620:
      Old ports: A=2'00, B=2'10, Y=$flatten\arm16_datapath_unit.\forwarding_selector_unit.$3\sel1_out[1:0]
      New ports: A=1'0, B=1'1, Y=$flatten\arm16_datapath_unit.\forwarding_selector_unit.$3\sel1_out[1:0] [1]
      New connections: $flatten\arm16_datapath_unit.\forwarding_selector_unit.$3\sel1_out[1:0] [0] = 1'0
    Consolidated identical input bits for $mux cell $flatten\arm16_datapath_unit.\forwarding_selector_unit.$procmux$605:
      Old ports: A=2'00, B=2'10, Y=$flatten\arm16_datapath_unit.\forwarding_selector_unit.$3\sel2_out[1:0]
      New ports: A=1'0, B=1'1, Y=$flatten\arm16_datapath_unit.\forwarding_selector_unit.$3\sel2_out[1:0] [1]
      New connections: $flatten\arm16_datapath_unit.\forwarding_selector_unit.$3\sel2_out[1:0] [0] = 1'0
    Consolidated identical input bits for $mux cell $auto$share.cc:656:make_supercell$1719:
      Old ports: A={ \arm16_datapath_unit.barrel_shifter_unit.value_in [15] \arm16_datapath_unit.barrel_shifter_unit.value_in [15] \arm16_datapath_unit.barrel_shifter_unit.value_in [15] \arm16_datapath_unit.barrel_shifter_unit.value_in [15] \arm16_datapath_unit.barrel_shifter_unit.value_in [15] \arm16_datapath_unit.barrel_shifter_unit.value_in [15] \arm16_datapath_unit.barrel_shifter_unit.value_in [15] \arm16_datapath_unit.barrel_shifter_unit.value_in [15] \arm16_datapath_unit.barrel_shifter_unit.value_in [15] \arm16_datapath_unit.barrel_shifter_unit.value_in [15] \arm16_datapath_unit.barrel_shifter_unit.value_in [15] \arm16_datapath_unit.barrel_shifter_unit.value_in [15] \arm16_datapath_unit.barrel_shifter_unit.value_in [15] \arm16_datapath_unit.barrel_shifter_unit.value_in [15] \arm16_datapath_unit.barrel_shifter_unit.value_in [15] \arm16_datapath_unit.barrel_shifter_unit.value_in [15] }, B=\arm16_datapath_unit.barrel_shifter_unit.value_in, Y=$auto$share.cc:653:make_supercell$1717
      New ports: A={ \arm16_datapath_unit.barrel_shifter_unit.value_in [15] \arm16_datapath_unit.barrel_shifter_unit.value_in [15] \arm16_datapath_unit.barrel_shifter_unit.value_in [15] \arm16_datapath_unit.barrel_shifter_unit.value_in [15] \arm16_datapath_unit.barrel_shifter_unit.value_in [15] \arm16_datapath_unit.barrel_shifter_unit.value_in [15] \arm16_datapath_unit.barrel_shifter_unit.value_in [15] \arm16_datapath_unit.barrel_shifter_unit.value_in [15] \arm16_datapath_unit.barrel_shifter_unit.value_in [15] \arm16_datapath_unit.barrel_shifter_unit.value_in [15] \arm16_datapath_unit.barrel_shifter_unit.value_in [15] \arm16_datapath_unit.barrel_shifter_unit.value_in [15] \arm16_datapath_unit.barrel_shifter_unit.value_in [15] \arm16_datapath_unit.barrel_shifter_unit.value_in [15] \arm16_datapath_unit.barrel_shifter_unit.value_in [15] }, B=\arm16_datapath_unit.barrel_shifter_unit.value_in [14:0], Y=$auto$share.cc:653:make_supercell$1717 [14:0]
      New connections: $auto$share.cc:653:make_supercell$1717 [15] = \arm16_datapath_unit.barrel_shifter_unit.value_in [15]
    Consolidated identical input bits for $mux cell $memory$flatten\arm16_datapath_unit.\vga_renderer_unit.$auto$proc_rom.cc:155:do_switch$314$rdmux[0][3][7]$2213:
      Old ports: A=7'1111001, B=7'1110001, Y=$memory$flatten\arm16_datapath_unit.\vga_renderer_unit.$auto$proc_rom.cc:155:do_switch$314$rdmux[0][2][3]$b$2191
      New ports: A=1'1, B=1'0, Y=$memory$flatten\arm16_datapath_unit.\vga_renderer_unit.$auto$proc_rom.cc:155:do_switch$314$rdmux[0][2][3]$b$2191 [3]
      New connections: { $memory$flatten\arm16_datapath_unit.\vga_renderer_unit.$auto$proc_rom.cc:155:do_switch$314$rdmux[0][2][3]$b$2191 [6:4] $memory$flatten\arm16_datapath_unit.\vga_renderer_unit.$auto$proc_rom.cc:155:do_switch$314$rdmux[0][2][3]$b$2191 [2:0] } = 6'111001
  Optimizing cells in module \tt_um_moein_maleki_arm16.
    Consolidated identical input bits for $mux cell $memory$flatten\arm16_datapath_unit.\vga_renderer_unit.$auto$proc_rom.cc:155:do_switch$314$rdmux[0][2][3]$2189:
      Old ports: A=$memory$flatten\arm16_datapath_unit.\vga_renderer_unit.$auto$proc_rom.cc:155:do_switch$314$rdmux[0][2][3]$a$2190, B=$memory$flatten\arm16_datapath_unit.\vga_renderer_unit.$auto$proc_rom.cc:155:do_switch$314$rdmux[0][2][3]$b$2191, Y=$memory$flatten\arm16_datapath_unit.\vga_renderer_unit.$auto$proc_rom.cc:155:do_switch$314$rdmux[0][1][1]$b$2179
      New ports: A={ $memory$flatten\arm16_datapath_unit.\vga_renderer_unit.$auto$proc_rom.cc:155:do_switch$314$rdmux[0][2][3]$a$2190 [1] 1'1 $memory$flatten\arm16_datapath_unit.\vga_renderer_unit.$auto$proc_rom.cc:155:do_switch$314$rdmux[0][2][3]$a$2190 [1:0] }, B={ 1'1 $memory$flatten\arm16_datapath_unit.\vga_renderer_unit.$auto$proc_rom.cc:155:do_switch$314$rdmux[0][2][3]$b$2191 [3] 2'01 }, Y={ $memory$flatten\arm16_datapath_unit.\vga_renderer_unit.$auto$proc_rom.cc:155:do_switch$314$rdmux[0][1][1]$b$2179 [6] $memory$flatten\arm16_datapath_unit.\vga_renderer_unit.$auto$proc_rom.cc:155:do_switch$314$rdmux[0][1][1]$b$2179 [3] $memory$flatten\arm16_datapath_unit.\vga_renderer_unit.$auto$proc_rom.cc:155:do_switch$314$rdmux[0][1][1]$b$2179 [1:0] }
      New connections: { $memory$flatten\arm16_datapath_unit.\vga_renderer_unit.$auto$proc_rom.cc:155:do_switch$314$rdmux[0][1][1]$b$2179 [5:4] $memory$flatten\arm16_datapath_unit.\vga_renderer_unit.$auto$proc_rom.cc:155:do_switch$314$rdmux[0][1][1]$b$2179 [2] } = { $memory$flatten\arm16_datapath_unit.\vga_renderer_unit.$auto$proc_rom.cc:155:do_switch$314$rdmux[0][1][1]$b$2179 [0] 1'1 $memory$flatten\arm16_datapath_unit.\vga_renderer_unit.$auto$proc_rom.cc:155:do_switch$314$rdmux[0][1][1]$b$2179 [1] }
    Consolidated identical input bits for $mux cell $memory$flatten\arm16_datapath_unit.\vga_renderer_unit.$auto$proc_rom.cc:155:do_switch$314$rdmux[0][2][2]$2186:
      Old ports: A=$memory$flatten\arm16_datapath_unit.\vga_renderer_unit.$auto$proc_rom.cc:155:do_switch$314$rdmux[0][2][2]$a$2187, B=$memory$flatten\arm16_datapath_unit.\vga_renderer_unit.$auto$proc_rom.cc:155:do_switch$314$rdmux[0][2][2]$b$2188, Y=$memory$flatten\arm16_datapath_unit.\vga_renderer_unit.$auto$proc_rom.cc:155:do_switch$314$rdmux[0][1][1]$a$2178
      New ports: A={ $memory$flatten\arm16_datapath_unit.\vga_renderer_unit.$auto$proc_rom.cc:155:do_switch$314$rdmux[0][2][2]$a$2187 [4] 2'11 }, B={ 1'1 $memory$flatten\arm16_datapath_unit.\vga_renderer_unit.$auto$proc_rom.cc:155:do_switch$314$rdmux[0][2][2]$b$2188 [3] $memory$flatten\arm16_datapath_unit.\vga_renderer_unit.$auto$proc_rom.cc:155:do_switch$314$rdmux[0][2][2]$b$2188 [0] }, Y={ $memory$flatten\arm16_datapath_unit.\vga_renderer_unit.$auto$proc_rom.cc:155:do_switch$314$rdmux[0][1][1]$a$2178 [4:3] $memory$flatten\arm16_datapath_unit.\vga_renderer_unit.$auto$proc_rom.cc:155:do_switch$314$rdmux[0][1][1]$a$2178 [0] }
      New connections: { $memory$flatten\arm16_datapath_unit.\vga_renderer_unit.$auto$proc_rom.cc:155:do_switch$314$rdmux[0][1][1]$a$2178 [6:5] $memory$flatten\arm16_datapath_unit.\vga_renderer_unit.$auto$proc_rom.cc:155:do_switch$314$rdmux[0][1][1]$a$2178 [2:1] } = { 3'111 $memory$flatten\arm16_datapath_unit.\vga_renderer_unit.$auto$proc_rom.cc:155:do_switch$314$rdmux[0][1][1]$a$2178 [0] }
    Consolidated identical input bits for $mux cell $memory$flatten\arm16_datapath_unit.\vga_renderer_unit.$auto$proc_rom.cc:155:do_switch$314$rdmux[0][2][1]$2183:
      Old ports: A=$memory$flatten\arm16_datapath_unit.\vga_renderer_unit.$auto$proc_rom.cc:155:do_switch$314$rdmux[0][2][1]$a$2184, B=$memory$flatten\arm16_datapath_unit.\vga_renderer_unit.$auto$proc_rom.cc:155:do_switch$314$rdmux[0][2][1]$b$2185, Y=$memory$flatten\arm16_datapath_unit.\vga_renderer_unit.$auto$proc_rom.cc:155:do_switch$314$rdmux[0][1][0]$b$2176
      New ports: A={ 2'10 $memory$flatten\arm16_datapath_unit.\vga_renderer_unit.$auto$proc_rom.cc:155:do_switch$314$rdmux[0][2][1]$a$2184 [0] $memory$flatten\arm16_datapath_unit.\vga_renderer_unit.$auto$proc_rom.cc:155:do_switch$314$rdmux[0][2][1]$a$2184 [1:0] }, B={ $memory$flatten\arm16_datapath_unit.\vga_renderer_unit.$auto$proc_rom.cc:155:do_switch$314$rdmux[0][2][1]$b$2185 [3] $memory$flatten\arm16_datapath_unit.\vga_renderer_unit.$auto$proc_rom.cc:155:do_switch$314$rdmux[0][2][1]$b$2185 [3] $memory$flatten\arm16_datapath_unit.\vga_renderer_unit.$auto$proc_rom.cc:155:do_switch$314$rdmux[0][2][1]$b$2185 [3] $memory$flatten\arm16_datapath_unit.\vga_renderer_unit.$auto$proc_rom.cc:155:do_switch$314$rdmux[0][2][1]$b$2185 [1] 1'1 }, Y={ $memory$flatten\arm16_datapath_unit.\vga_renderer_unit.$auto$proc_rom.cc:155:do_switch$314$rdmux[0][1][0]$b$2176 [5:3] $memory$flatten\arm16_datapath_unit.\vga_renderer_unit.$auto$proc_rom.cc:155:do_switch$314$rdmux[0][1][0]$b$2176 [1:0] }
      New connections: { $memory$flatten\arm16_datapath_unit.\vga_renderer_unit.$auto$proc_rom.cc:155:do_switch$314$rdmux[0][1][0]$b$2176 [6] $memory$flatten\arm16_datapath_unit.\vga_renderer_unit.$auto$proc_rom.cc:155:do_switch$314$rdmux[0][1][0]$b$2176 [2] } = { $memory$flatten\arm16_datapath_unit.\vga_renderer_unit.$auto$proc_rom.cc:155:do_switch$314$rdmux[0][1][0]$b$2176 [5] 1'1 }
    Consolidated identical input bits for $mux cell $memory$flatten\arm16_datapath_unit.\vga_renderer_unit.$auto$proc_rom.cc:155:do_switch$314$rdmux[0][2][0]$2180:
      Old ports: A=$memory$flatten\arm16_datapath_unit.\vga_renderer_unit.$auto$proc_rom.cc:155:do_switch$314$rdmux[0][2][0]$a$2181, B=$memory$flatten\arm16_datapath_unit.\vga_renderer_unit.$auto$proc_rom.cc:155:do_switch$314$rdmux[0][2][0]$b$2182, Y=$memory$flatten\arm16_datapath_unit.\vga_renderer_unit.$auto$proc_rom.cc:155:do_switch$314$rdmux[0][1][0]$a$2175
      New ports: A={ 1'0 $memory$flatten\arm16_datapath_unit.\vga_renderer_unit.$auto$proc_rom.cc:155:do_switch$314$rdmux[0][2][0]$a$2181 [0] $memory$flatten\arm16_datapath_unit.\vga_renderer_unit.$auto$proc_rom.cc:155:do_switch$314$rdmux[0][2][0]$a$2181 [0] 1'1 $memory$flatten\arm16_datapath_unit.\vga_renderer_unit.$auto$proc_rom.cc:155:do_switch$314$rdmux[0][2][0]$a$2181 [0] }, B={ 2'10 $memory$flatten\arm16_datapath_unit.\vga_renderer_unit.$auto$proc_rom.cc:155:do_switch$314$rdmux[0][2][0]$b$2182 [4] $memory$flatten\arm16_datapath_unit.\vga_renderer_unit.$auto$proc_rom.cc:155:do_switch$314$rdmux[0][2][0]$b$2182 [2] 1'1 }, Y={ $memory$flatten\arm16_datapath_unit.\vga_renderer_unit.$auto$proc_rom.cc:155:do_switch$314$rdmux[0][1][0]$a$2175 [6:4] $memory$flatten\arm16_datapath_unit.\vga_renderer_unit.$auto$proc_rom.cc:155:do_switch$314$rdmux[0][1][0]$a$2175 [2] $memory$flatten\arm16_datapath_unit.\vga_renderer_unit.$auto$proc_rom.cc:155:do_switch$314$rdmux[0][1][0]$a$2175 [0] }
      New connections: { $memory$flatten\arm16_datapath_unit.\vga_renderer_unit.$auto$proc_rom.cc:155:do_switch$314$rdmux[0][1][0]$a$2175 [3] $memory$flatten\arm16_datapath_unit.\vga_renderer_unit.$auto$proc_rom.cc:155:do_switch$314$rdmux[0][1][0]$a$2175 [1] } = { $memory$flatten\arm16_datapath_unit.\vga_renderer_unit.$auto$proc_rom.cc:155:do_switch$314$rdmux[0][1][0]$a$2175 [0] 1'1 }
    Consolidated identical input bits for $mux cell $memory$flatten\arm16_datapath_unit.\demo_rom_unit.$auto$proc_rom.cc:155:do_switch$318$rdmux[0][2][3]$1902:
      Old ports: A=$memory$flatten\arm16_datapath_unit.\demo_rom_unit.$auto$proc_rom.cc:155:do_switch$318$rdmux[0][2][3]$a$1903, B=$memory$flatten\arm16_datapath_unit.\demo_rom_unit.$auto$proc_rom.cc:155:do_switch$318$rdmux[0][2][3]$b$1904, Y=$memory$flatten\arm16_datapath_unit.\demo_rom_unit.$auto$proc_rom.cc:155:do_switch$318$rdmux[0][1][1]$b$1892
      New ports: A={ $memory$flatten\arm16_datapath_unit.\demo_rom_unit.$auto$proc_rom.cc:155:do_switch$318$rdmux[0][2][3]$a$1903 [16] $memory$flatten\arm16_datapath_unit.\demo_rom_unit.$auto$proc_rom.cc:155:do_switch$318$rdmux[0][2][3]$a$1903 [0] $memory$flatten\arm16_datapath_unit.\demo_rom_unit.$auto$proc_rom.cc:155:do_switch$318$rdmux[0][2][3]$a$1903 [16] 2'00 $memory$flatten\arm16_datapath_unit.\demo_rom_unit.$auto$proc_rom.cc:155:do_switch$318$rdmux[0][2][3]$a$1903 [0] }, B={ 3'011 $memory$flatten\arm16_datapath_unit.\demo_rom_unit.$auto$proc_rom.cc:155:do_switch$318$rdmux[0][2][3]$b$1904 [2] 1'1 $memory$flatten\arm16_datapath_unit.\demo_rom_unit.$auto$proc_rom.cc:155:do_switch$318$rdmux[0][2][3]$b$1904 [0] }, Y={ $memory$flatten\arm16_datapath_unit.\demo_rom_unit.$auto$proc_rom.cc:155:do_switch$318$rdmux[0][1][1]$b$1892 [24] $memory$flatten\arm16_datapath_unit.\demo_rom_unit.$auto$proc_rom.cc:155:do_switch$318$rdmux[0][1][1]$b$1892 [17:16] $memory$flatten\arm16_datapath_unit.\demo_rom_unit.$auto$proc_rom.cc:155:do_switch$318$rdmux[0][1][1]$b$1892 [2:0] }
      New connections: { $memory$flatten\arm16_datapath_unit.\demo_rom_unit.$auto$proc_rom.cc:155:do_switch$318$rdmux[0][1][1]$b$1892 [30:25] $memory$flatten\arm16_datapath_unit.\demo_rom_unit.$auto$proc_rom.cc:155:do_switch$318$rdmux[0][1][1]$b$1892 [23:18] $memory$flatten\arm16_datapath_unit.\demo_rom_unit.$auto$proc_rom.cc:155:do_switch$318$rdmux[0][1][1]$b$1892 [15:3] } = { $memory$flatten\arm16_datapath_unit.\demo_rom_unit.$auto$proc_rom.cc:155:do_switch$318$rdmux[0][1][1]$b$1892 [16] $memory$flatten\arm16_datapath_unit.\demo_rom_unit.$auto$proc_rom.cc:155:do_switch$318$rdmux[0][1][1]$b$1892 [16] $memory$flatten\arm16_datapath_unit.\demo_rom_unit.$auto$proc_rom.cc:155:do_switch$318$rdmux[0][1][1]$b$1892 [16] $memory$flatten\arm16_datapath_unit.\demo_rom_unit.$auto$proc_rom.cc:155:do_switch$318$rdmux[0][1][1]$b$1892 [1] $memory$flatten\arm16_datapath_unit.\demo_rom_unit.$auto$proc_rom.cc:155:do_switch$318$rdmux[0][1][1]$b$1892 [24] $memory$flatten\arm16_datapath_unit.\demo_rom_unit.$auto$proc_rom.cc:155:do_switch$318$rdmux[0][1][1]$b$1892 [17] 1'1 $memory$flatten\arm16_datapath_unit.\demo_rom_unit.$auto$proc_rom.cc:155:do_switch$318$rdmux[0][1][1]$b$1892 [1] $memory$flatten\arm16_datapath_unit.\demo_rom_unit.$auto$proc_rom.cc:155:do_switch$318$rdmux[0][1][1]$b$1892 [1] $memory$flatten\arm16_datapath_unit.\demo_rom_unit.$auto$proc_rom.cc:155:do_switch$318$rdmux[0][1][1]$b$1892 [1] $memory$flatten\arm16_datapath_unit.\demo_rom_unit.$auto$proc_rom.cc:155:do_switch$318$rdmux[0][1][1]$b$1892 [17] $memory$flatten\arm16_datapath_unit.\demo_rom_unit.$auto$proc_rom.cc:155:do_switch$318$rdmux[0][1][1]$b$1892 [1] 1'1 $memory$flatten\arm16_datapath_unit.\demo_rom_unit.$auto$proc_rom.cc:155:do_switch$318$rdmux[0][1][1]$b$1892 [1] 1'1 $memory$flatten\arm16_datapath_unit.\demo_rom_unit.$auto$proc_rom.cc:155:do_switch$318$rdmux[0][1][1]$b$1892 [1] $memory$flatten\arm16_datapath_unit.\demo_rom_unit.$auto$proc_rom.cc:155:do_switch$318$rdmux[0][1][1]$b$1892 [1] $memory$flatten\arm16_datapath_unit.\demo_rom_unit.$auto$proc_rom.cc:155:do_switch$318$rdmux[0][1][1]$b$1892 [1] $memory$flatten\arm16_datapath_unit.\demo_rom_unit.$auto$proc_rom.cc:155:do_switch$318$rdmux[0][1][1]$b$1892 [1] $memory$flatten\arm16_datapath_unit.\demo_rom_unit.$auto$proc_rom.cc:155:do_switch$318$rdmux[0][1][1]$b$1892 [1] $memory$flatten\arm16_datapath_unit.\demo_rom_unit.$auto$proc_rom.cc:155:do_switch$318$rdmux[0][1][1]$b$1892 [1] $memory$flatten\arm16_datapath_unit.\demo_rom_unit.$auto$proc_rom.cc:155:do_switch$318$rdmux[0][1][1]$b$1892 [1] $memory$flatten\arm16_datapath_unit.\demo_rom_unit.$auto$proc_rom.cc:155:do_switch$318$rdmux[0][1][1]$b$1892 [1] $memory$flatten\arm16_datapath_unit.\demo_rom_unit.$auto$proc_rom.cc:155:do_switch$318$rdmux[0][1][1]$b$1892 [1] $memory$flatten\arm16_datapath_unit.\demo_rom_unit.$auto$proc_rom.cc:155:do_switch$318$rdmux[0][1][1]$b$1892 [2] }
    Consolidated identical input bits for $mux cell $memory$flatten\arm16_datapath_unit.\demo_rom_unit.$auto$proc_rom.cc:155:do_switch$318$rdmux[0][2][2]$1899:
      Old ports: A=$memory$flatten\arm16_datapath_unit.\demo_rom_unit.$auto$proc_rom.cc:155:do_switch$318$rdmux[0][2][2]$a$1900, B=$memory$flatten\arm16_datapath_unit.\demo_rom_unit.$auto$proc_rom.cc:155:do_switch$318$rdmux[0][2][2]$b$1901, Y=$memory$flatten\arm16_datapath_unit.\demo_rom_unit.$auto$proc_rom.cc:155:do_switch$318$rdmux[0][1][1]$a$1891
      New ports: A={ 2'00 $memory$flatten\arm16_datapath_unit.\demo_rom_unit.$auto$proc_rom.cc:155:do_switch$318$rdmux[0][2][2]$a$1900 [15] $memory$flatten\arm16_datapath_unit.\demo_rom_unit.$auto$proc_rom.cc:155:do_switch$318$rdmux[0][2][2]$a$1900 [12] 2'01 }, B={ 1'1 $memory$flatten\arm16_datapath_unit.\demo_rom_unit.$auto$proc_rom.cc:155:do_switch$318$rdmux[0][2][2]$b$1901 [20] 2'00 $memory$flatten\arm16_datapath_unit.\demo_rom_unit.$auto$proc_rom.cc:155:do_switch$318$rdmux[0][2][2]$b$1901 [1] 1'0 }, Y={ $memory$flatten\arm16_datapath_unit.\demo_rom_unit.$auto$proc_rom.cc:155:do_switch$318$rdmux[0][1][1]$a$1891 [22] $memory$flatten\arm16_datapath_unit.\demo_rom_unit.$auto$proc_rom.cc:155:do_switch$318$rdmux[0][1][1]$a$1891 [20] $memory$flatten\arm16_datapath_unit.\demo_rom_unit.$auto$proc_rom.cc:155:do_switch$318$rdmux[0][1][1]$a$1891 [15] $memory$flatten\arm16_datapath_unit.\demo_rom_unit.$auto$proc_rom.cc:155:do_switch$318$rdmux[0][1][1]$a$1891 [12] $memory$flatten\arm16_datapath_unit.\demo_rom_unit.$auto$proc_rom.cc:155:do_switch$318$rdmux[0][1][1]$a$1891 [1:0] }
      New connections: { $memory$flatten\arm16_datapath_unit.\demo_rom_unit.$auto$proc_rom.cc:155:do_switch$318$rdmux[0][1][1]$a$1891 [30:23] $memory$flatten\arm16_datapath_unit.\demo_rom_unit.$auto$proc_rom.cc:155:do_switch$318$rdmux[0][1][1]$a$1891 [21] $memory$flatten\arm16_datapath_unit.\demo_rom_unit.$auto$proc_rom.cc:155:do_switch$318$rdmux[0][1][1]$a$1891 [19:16] $memory$flatten\arm16_datapath_unit.\demo_rom_unit.$auto$proc_rom.cc:155:do_switch$318$rdmux[0][1][1]$a$1891 [14:13] $memory$flatten\arm16_datapath_unit.\demo_rom_unit.$auto$proc_rom.cc:155:do_switch$318$rdmux[0][1][1]$a$1891 [11:2] } = { 6'111001 $memory$flatten\arm16_datapath_unit.\demo_rom_unit.$auto$proc_rom.cc:155:do_switch$318$rdmux[0][1][1]$a$1891 [20] $memory$flatten\arm16_datapath_unit.\demo_rom_unit.$auto$proc_rom.cc:155:do_switch$318$rdmux[0][1][1]$a$1891 [0] 1'0 $memory$flatten\arm16_datapath_unit.\demo_rom_unit.$auto$proc_rom.cc:155:do_switch$318$rdmux[0][1][1]$a$1891 [1:0] $memory$flatten\arm16_datapath_unit.\demo_rom_unit.$auto$proc_rom.cc:155:do_switch$318$rdmux[0][1][1]$a$1891 [0] $memory$flatten\arm16_datapath_unit.\demo_rom_unit.$auto$proc_rom.cc:155:do_switch$318$rdmux[0][1][1]$a$1891 [15] $memory$flatten\arm16_datapath_unit.\demo_rom_unit.$auto$proc_rom.cc:155:do_switch$318$rdmux[0][1][1]$a$1891 [12] $memory$flatten\arm16_datapath_unit.\demo_rom_unit.$auto$proc_rom.cc:155:do_switch$318$rdmux[0][1][1]$a$1891 [12] 9'000000000 $memory$flatten\arm16_datapath_unit.\demo_rom_unit.$auto$proc_rom.cc:155:do_switch$318$rdmux[0][1][1]$a$1891 [1] }
    Consolidated identical input bits for $mux cell $memory$flatten\arm16_datapath_unit.\demo_rom_unit.$auto$proc_rom.cc:155:do_switch$318$rdmux[0][2][1]$1896:
      Old ports: A=$memory$flatten\arm16_datapath_unit.\demo_rom_unit.$auto$proc_rom.cc:155:do_switch$318$rdmux[0][2][1]$a$1897, B=$memory$flatten\arm16_datapath_unit.\demo_rom_unit.$auto$proc_rom.cc:155:do_switch$318$rdmux[0][2][1]$b$1898, Y=$memory$flatten\arm16_datapath_unit.\demo_rom_unit.$auto$proc_rom.cc:155:do_switch$318$rdmux[0][1][0]$b$1889
      New ports: A={ 2'01 $memory$flatten\arm16_datapath_unit.\demo_rom_unit.$auto$proc_rom.cc:155:do_switch$318$rdmux[0][2][1]$a$1897 [14] $memory$flatten\arm16_datapath_unit.\demo_rom_unit.$auto$proc_rom.cc:155:do_switch$318$rdmux[0][2][1]$a$1897 [14] $memory$flatten\arm16_datapath_unit.\demo_rom_unit.$auto$proc_rom.cc:155:do_switch$318$rdmux[0][2][1]$a$1897 [12] $memory$flatten\arm16_datapath_unit.\demo_rom_unit.$auto$proc_rom.cc:155:do_switch$318$rdmux[0][2][1]$a$1897 [12] }, B={ 2'10 $memory$flatten\arm16_datapath_unit.\demo_rom_unit.$auto$proc_rom.cc:155:do_switch$318$rdmux[0][2][1]$b$1898 [13] 1'1 $memory$flatten\arm16_datapath_unit.\demo_rom_unit.$auto$proc_rom.cc:155:do_switch$318$rdmux[0][2][1]$b$1898 [13:12] }, Y={ $memory$flatten\arm16_datapath_unit.\demo_rom_unit.$auto$proc_rom.cc:155:do_switch$318$rdmux[0][1][0]$b$1889 [18:16] $memory$flatten\arm16_datapath_unit.\demo_rom_unit.$auto$proc_rom.cc:155:do_switch$318$rdmux[0][1][0]$b$1889 [14:12] }
      New connections: { $memory$flatten\arm16_datapath_unit.\demo_rom_unit.$auto$proc_rom.cc:155:do_switch$318$rdmux[0][1][0]$b$1889 [30:19] $memory$flatten\arm16_datapath_unit.\demo_rom_unit.$auto$proc_rom.cc:155:do_switch$318$rdmux[0][1][0]$b$1889 [15] $memory$flatten\arm16_datapath_unit.\demo_rom_unit.$auto$proc_rom.cc:155:do_switch$318$rdmux[0][1][0]$b$1889 [11:0] } = 25'1110010100000000000000001
    Consolidated identical input bits for $mux cell $memory$flatten\arm16_datapath_unit.\demo_rom_unit.$auto$proc_rom.cc:155:do_switch$318$rdmux[0][2][0]$1893:
      Old ports: A=$memory$flatten\arm16_datapath_unit.\demo_rom_unit.$auto$proc_rom.cc:155:do_switch$318$rdmux[0][2][0]$a$1894, B=$memory$flatten\arm16_datapath_unit.\demo_rom_unit.$auto$proc_rom.cc:155:do_switch$318$rdmux[0][2][0]$b$1895, Y=$memory$flatten\arm16_datapath_unit.\demo_rom_unit.$auto$proc_rom.cc:155:do_switch$318$rdmux[0][1][0]$a$1888
      New ports: A={ 1'1 $memory$flatten\arm16_datapath_unit.\demo_rom_unit.$auto$proc_rom.cc:155:do_switch$318$rdmux[0][2][0]$a$1894 [13] $memory$flatten\arm16_datapath_unit.\demo_rom_unit.$auto$proc_rom.cc:155:do_switch$318$rdmux[0][2][0]$a$1894 [13] 2'00 }, B={ $memory$flatten\arm16_datapath_unit.\demo_rom_unit.$auto$proc_rom.cc:155:do_switch$318$rdmux[0][2][0]$b$1895 [1] 1'0 $memory$flatten\arm16_datapath_unit.\demo_rom_unit.$auto$proc_rom.cc:155:do_switch$318$rdmux[0][2][0]$b$1895 [13] $memory$flatten\arm16_datapath_unit.\demo_rom_unit.$auto$proc_rom.cc:155:do_switch$318$rdmux[0][2][0]$b$1895 [1] 1'1 }, Y={ $memory$flatten\arm16_datapath_unit.\demo_rom_unit.$auto$proc_rom.cc:155:do_switch$318$rdmux[0][1][0]$a$1888 [21] $memory$flatten\arm16_datapath_unit.\demo_rom_unit.$auto$proc_rom.cc:155:do_switch$318$rdmux[0][1][0]$a$1888 [15] $memory$flatten\arm16_datapath_unit.\demo_rom_unit.$auto$proc_rom.cc:155:do_switch$318$rdmux[0][1][0]$a$1888 [13] $memory$flatten\arm16_datapath_unit.\demo_rom_unit.$auto$proc_rom.cc:155:do_switch$318$rdmux[0][1][0]$a$1888 [1:0] }
      New connections: { $memory$flatten\arm16_datapath_unit.\demo_rom_unit.$auto$proc_rom.cc:155:do_switch$318$rdmux[0][1][0]$a$1888 [30:22] $memory$flatten\arm16_datapath_unit.\demo_rom_unit.$auto$proc_rom.cc:155:do_switch$318$rdmux[0][1][0]$a$1888 [20:16] $memory$flatten\arm16_datapath_unit.\demo_rom_unit.$auto$proc_rom.cc:155:do_switch$318$rdmux[0][1][0]$a$1888 [14] $memory$flatten\arm16_datapath_unit.\demo_rom_unit.$auto$proc_rom.cc:155:do_switch$318$rdmux[0][1][0]$a$1888 [12:2] } = { 6'111001 $memory$flatten\arm16_datapath_unit.\demo_rom_unit.$auto$proc_rom.cc:155:do_switch$318$rdmux[0][1][0]$a$1888 [21] 8'10000000 $memory$flatten\arm16_datapath_unit.\demo_rom_unit.$auto$proc_rom.cc:155:do_switch$318$rdmux[0][1][0]$a$1888 [1] $memory$flatten\arm16_datapath_unit.\demo_rom_unit.$auto$proc_rom.cc:155:do_switch$318$rdmux[0][1][0]$a$1888 [1] $memory$flatten\arm16_datapath_unit.\demo_rom_unit.$auto$proc_rom.cc:155:do_switch$318$rdmux[0][1][0]$a$1888 [1] 2'00 $memory$flatten\arm16_datapath_unit.\demo_rom_unit.$auto$proc_rom.cc:155:do_switch$318$rdmux[0][1][0]$a$1888 [1] $memory$flatten\arm16_datapath_unit.\demo_rom_unit.$auto$proc_rom.cc:155:do_switch$318$rdmux[0][1][0]$a$1888 [1] $memory$flatten\arm16_datapath_unit.\demo_rom_unit.$auto$proc_rom.cc:155:do_switch$318$rdmux[0][1][0]$a$1888 [1] $memory$flatten\arm16_datapath_unit.\demo_rom_unit.$auto$proc_rom.cc:155:do_switch$318$rdmux[0][1][0]$a$1888 [1] $memory$flatten\arm16_datapath_unit.\demo_rom_unit.$auto$proc_rom.cc:155:do_switch$318$rdmux[0][1][0]$a$1888 [1] $memory$flatten\arm16_datapath_unit.\demo_rom_unit.$auto$proc_rom.cc:155:do_switch$318$rdmux[0][1][0]$a$1888 [1] }
  Optimizing cells in module \tt_um_moein_maleki_arm16.
    Consolidated identical input bits for $mux cell $memory$flatten\arm16_datapath_unit.\demo_rom_unit.$auto$proc_rom.cc:155:do_switch$318$rdmux[0][1][1]$1890:
      Old ports: A=$memory$flatten\arm16_datapath_unit.\demo_rom_unit.$auto$proc_rom.cc:155:do_switch$318$rdmux[0][1][1]$a$1891, B=$memory$flatten\arm16_datapath_unit.\demo_rom_unit.$auto$proc_rom.cc:155:do_switch$318$rdmux[0][1][1]$b$1892, Y=$memory$flatten\arm16_datapath_unit.\demo_rom_unit.$auto$proc_rom.cc:155:do_switch$318$rdmux[0][0][0]$b$1886
      New ports: A={ 3'101 $memory$flatten\arm16_datapath_unit.\demo_rom_unit.$auto$proc_rom.cc:155:do_switch$318$rdmux[0][1][1]$a$1891 [20] $memory$flatten\arm16_datapath_unit.\demo_rom_unit.$auto$proc_rom.cc:155:do_switch$318$rdmux[0][1][1]$a$1891 [0] $memory$flatten\arm16_datapath_unit.\demo_rom_unit.$auto$proc_rom.cc:155:do_switch$318$rdmux[0][1][1]$a$1891 [22] $memory$flatten\arm16_datapath_unit.\demo_rom_unit.$auto$proc_rom.cc:155:do_switch$318$rdmux[0][1][1]$a$1891 [20] $memory$flatten\arm16_datapath_unit.\demo_rom_unit.$auto$proc_rom.cc:155:do_switch$318$rdmux[0][1][1]$a$1891 [1:0] $memory$flatten\arm16_datapath_unit.\demo_rom_unit.$auto$proc_rom.cc:155:do_switch$318$rdmux[0][1][1]$a$1891 [0] $memory$flatten\arm16_datapath_unit.\demo_rom_unit.$auto$proc_rom.cc:155:do_switch$318$rdmux[0][1][1]$a$1891 [15] $memory$flatten\arm16_datapath_unit.\demo_rom_unit.$auto$proc_rom.cc:155:do_switch$318$rdmux[0][1][1]$a$1891 [15] $memory$flatten\arm16_datapath_unit.\demo_rom_unit.$auto$proc_rom.cc:155:do_switch$318$rdmux[0][1][1]$a$1891 [12] $memory$flatten\arm16_datapath_unit.\demo_rom_unit.$auto$proc_rom.cc:155:do_switch$318$rdmux[0][1][1]$a$1891 [12] 2'00 $memory$flatten\arm16_datapath_unit.\demo_rom_unit.$auto$proc_rom.cc:155:do_switch$318$rdmux[0][1][1]$a$1891 [1] $memory$flatten\arm16_datapath_unit.\demo_rom_unit.$auto$proc_rom.cc:155:do_switch$318$rdmux[0][1][1]$a$1891 [1:0] }, B={ $memory$flatten\arm16_datapath_unit.\demo_rom_unit.$auto$proc_rom.cc:155:do_switch$318$rdmux[0][1][1]$b$1892 [16] $memory$flatten\arm16_datapath_unit.\demo_rom_unit.$auto$proc_rom.cc:155:do_switch$318$rdmux[0][1][1]$b$1892 [24] $memory$flatten\arm16_datapath_unit.\demo_rom_unit.$auto$proc_rom.cc:155:do_switch$318$rdmux[0][1][1]$b$1892 [17] $memory$flatten\arm16_datapath_unit.\demo_rom_unit.$auto$proc_rom.cc:155:do_switch$318$rdmux[0][1][1]$b$1892 [24] 1'1 $memory$flatten\arm16_datapath_unit.\demo_rom_unit.$auto$proc_rom.cc:155:do_switch$318$rdmux[0][1][1]$b$1892 [1] $memory$flatten\arm16_datapath_unit.\demo_rom_unit.$auto$proc_rom.cc:155:do_switch$318$rdmux[0][1][1]$b$1892 [1] $memory$flatten\arm16_datapath_unit.\demo_rom_unit.$auto$proc_rom.cc:155:do_switch$318$rdmux[0][1][1]$b$1892 [17] $memory$flatten\arm16_datapath_unit.\demo_rom_unit.$auto$proc_rom.cc:155:do_switch$318$rdmux[0][1][1]$b$1892 [1] $memory$flatten\arm16_datapath_unit.\demo_rom_unit.$auto$proc_rom.cc:155:do_switch$318$rdmux[0][1][1]$b$1892 [17:16] 2'11 $memory$flatten\arm16_datapath_unit.\demo_rom_unit.$auto$proc_rom.cc:155:do_switch$318$rdmux[0][1][1]$b$1892 [1] $memory$flatten\arm16_datapath_unit.\demo_rom_unit.$auto$proc_rom.cc:155:do_switch$318$rdmux[0][1][1]$b$1892 [1] $memory$flatten\arm16_datapath_unit.\demo_rom_unit.$auto$proc_rom.cc:155:do_switch$318$rdmux[0][1][1]$b$1892 [2] $memory$flatten\arm16_datapath_unit.\demo_rom_unit.$auto$proc_rom.cc:155:do_switch$318$rdmux[0][1][1]$b$1892 [2:0] }, Y={ $memory$flatten\arm16_datapath_unit.\demo_rom_unit.$auto$proc_rom.cc:155:do_switch$318$rdmux[0][0][0]$b$1886 [28] $memory$flatten\arm16_datapath_unit.\demo_rom_unit.$auto$proc_rom.cc:155:do_switch$318$rdmux[0][0][0]$b$1886 [26:22] $memory$flatten\arm16_datapath_unit.\demo_rom_unit.$auto$proc_rom.cc:155:do_switch$318$rdmux[0][0][0]$b$1886 [20:15] $memory$flatten\arm16_datapath_unit.\demo_rom_unit.$auto$proc_rom.cc:155:do_switch$318$rdmux[0][0][0]$b$1886 [13:12] $memory$flatten\arm16_datapath_unit.\demo_rom_unit.$auto$proc_rom.cc:155:do_switch$318$rdmux[0][0][0]$b$1886 [4:0] }
      New connections: { $memory$flatten\arm16_datapath_unit.\demo_rom_unit.$auto$proc_rom.cc:155:do_switch$318$rdmux[0][0][0]$b$1886 [30:29] $memory$flatten\arm16_datapath_unit.\demo_rom_unit.$auto$proc_rom.cc:155:do_switch$318$rdmux[0][0][0]$b$1886 [27] $memory$flatten\arm16_datapath_unit.\demo_rom_unit.$auto$proc_rom.cc:155:do_switch$318$rdmux[0][0][0]$b$1886 [21] $memory$flatten\arm16_datapath_unit.\demo_rom_unit.$auto$proc_rom.cc:155:do_switch$318$rdmux[0][0][0]$b$1886 [14] $memory$flatten\arm16_datapath_unit.\demo_rom_unit.$auto$proc_rom.cc:155:do_switch$318$rdmux[0][0][0]$b$1886 [11:5] } = { $memory$flatten\arm16_datapath_unit.\demo_rom_unit.$auto$proc_rom.cc:155:do_switch$318$rdmux[0][0][0]$b$1886 [28] $memory$flatten\arm16_datapath_unit.\demo_rom_unit.$auto$proc_rom.cc:155:do_switch$318$rdmux[0][0][0]$b$1886 [28] $memory$flatten\arm16_datapath_unit.\demo_rom_unit.$auto$proc_rom.cc:155:do_switch$318$rdmux[0][0][0]$b$1886 [4] $memory$flatten\arm16_datapath_unit.\demo_rom_unit.$auto$proc_rom.cc:155:do_switch$318$rdmux[0][0][0]$b$1886 [4] $memory$flatten\arm16_datapath_unit.\demo_rom_unit.$auto$proc_rom.cc:155:do_switch$318$rdmux[0][0][0]$b$1886 [12] $memory$flatten\arm16_datapath_unit.\demo_rom_unit.$auto$proc_rom.cc:155:do_switch$318$rdmux[0][0][0]$b$1886 [4] $memory$flatten\arm16_datapath_unit.\demo_rom_unit.$auto$proc_rom.cc:155:do_switch$318$rdmux[0][0][0]$b$1886 [4] $memory$flatten\arm16_datapath_unit.\demo_rom_unit.$auto$proc_rom.cc:155:do_switch$318$rdmux[0][0][0]$b$1886 [4] $memory$flatten\arm16_datapath_unit.\demo_rom_unit.$auto$proc_rom.cc:155:do_switch$318$rdmux[0][0][0]$b$1886 [4] $memory$flatten\arm16_datapath_unit.\demo_rom_unit.$auto$proc_rom.cc:155:do_switch$318$rdmux[0][0][0]$b$1886 [4] $memory$flatten\arm16_datapath_unit.\demo_rom_unit.$auto$proc_rom.cc:155:do_switch$318$rdmux[0][0][0]$b$1886 [4] $memory$flatten\arm16_datapath_unit.\demo_rom_unit.$auto$proc_rom.cc:155:do_switch$318$rdmux[0][0][0]$b$1886 [4] }
    Consolidated identical input bits for $mux cell $memory$flatten\arm16_datapath_unit.\demo_rom_unit.$auto$proc_rom.cc:155:do_switch$318$rdmux[0][1][0]$1887:
      Old ports: A=$memory$flatten\arm16_datapath_unit.\demo_rom_unit.$auto$proc_rom.cc:155:do_switch$318$rdmux[0][1][0]$a$1888, B=$memory$flatten\arm16_datapath_unit.\demo_rom_unit.$auto$proc_rom.cc:155:do_switch$318$rdmux[0][1][0]$b$1889, Y=$memory$flatten\arm16_datapath_unit.\demo_rom_unit.$auto$proc_rom.cc:155:do_switch$318$rdmux[0][0][0]$a$1885
      New ports: A={ $memory$flatten\arm16_datapath_unit.\demo_rom_unit.$auto$proc_rom.cc:155:do_switch$318$rdmux[0][1][0]$a$1888 [21] 3'000 $memory$flatten\arm16_datapath_unit.\demo_rom_unit.$auto$proc_rom.cc:155:do_switch$318$rdmux[0][1][0]$a$1888 [15] 1'0 $memory$flatten\arm16_datapath_unit.\demo_rom_unit.$auto$proc_rom.cc:155:do_switch$318$rdmux[0][1][0]$a$1888 [13] $memory$flatten\arm16_datapath_unit.\demo_rom_unit.$auto$proc_rom.cc:155:do_switch$318$rdmux[0][1][0]$a$1888 [1] $memory$flatten\arm16_datapath_unit.\demo_rom_unit.$auto$proc_rom.cc:155:do_switch$318$rdmux[0][1][0]$a$1888 [1:0] }, B={ 1'0 $memory$flatten\arm16_datapath_unit.\demo_rom_unit.$auto$proc_rom.cc:155:do_switch$318$rdmux[0][1][0]$b$1889 [18:16] 1'0 $memory$flatten\arm16_datapath_unit.\demo_rom_unit.$auto$proc_rom.cc:155:do_switch$318$rdmux[0][1][0]$b$1889 [14:12] 2'01 }, Y={ $memory$flatten\arm16_datapath_unit.\demo_rom_unit.$auto$proc_rom.cc:155:do_switch$318$rdmux[0][0][0]$a$1885 [21] $memory$flatten\arm16_datapath_unit.\demo_rom_unit.$auto$proc_rom.cc:155:do_switch$318$rdmux[0][0][0]$a$1885 [18:12] $memory$flatten\arm16_datapath_unit.\demo_rom_unit.$auto$proc_rom.cc:155:do_switch$318$rdmux[0][0][0]$a$1885 [1:0] }
      New connections: { $memory$flatten\arm16_datapath_unit.\demo_rom_unit.$auto$proc_rom.cc:155:do_switch$318$rdmux[0][0][0]$a$1885 [30:22] $memory$flatten\arm16_datapath_unit.\demo_rom_unit.$auto$proc_rom.cc:155:do_switch$318$rdmux[0][0][0]$a$1885 [20:19] $memory$flatten\arm16_datapath_unit.\demo_rom_unit.$auto$proc_rom.cc:155:do_switch$318$rdmux[0][0][0]$a$1885 [11:2] } = { 6'111001 $memory$flatten\arm16_datapath_unit.\demo_rom_unit.$auto$proc_rom.cc:155:do_switch$318$rdmux[0][0][0]$a$1885 [21] 4'1000 $memory$flatten\arm16_datapath_unit.\demo_rom_unit.$auto$proc_rom.cc:155:do_switch$318$rdmux[0][0][0]$a$1885 [1] $memory$flatten\arm16_datapath_unit.\demo_rom_unit.$auto$proc_rom.cc:155:do_switch$318$rdmux[0][0][0]$a$1885 [1] 2'00 $memory$flatten\arm16_datapath_unit.\demo_rom_unit.$auto$proc_rom.cc:155:do_switch$318$rdmux[0][0][0]$a$1885 [1] $memory$flatten\arm16_datapath_unit.\demo_rom_unit.$auto$proc_rom.cc:155:do_switch$318$rdmux[0][0][0]$a$1885 [1] $memory$flatten\arm16_datapath_unit.\demo_rom_unit.$auto$proc_rom.cc:155:do_switch$318$rdmux[0][0][0]$a$1885 [1] $memory$flatten\arm16_datapath_unit.\demo_rom_unit.$auto$proc_rom.cc:155:do_switch$318$rdmux[0][0][0]$a$1885 [1] $memory$flatten\arm16_datapath_unit.\demo_rom_unit.$auto$proc_rom.cc:155:do_switch$318$rdmux[0][0][0]$a$1885 [1] $memory$flatten\arm16_datapath_unit.\demo_rom_unit.$auto$proc_rom.cc:155:do_switch$318$rdmux[0][0][0]$a$1885 [1] }
  Optimizing cells in module \tt_um_moein_maleki_arm16.
    Consolidated identical input bits for $mux cell $memory$flatten\arm16_datapath_unit.\demo_rom_unit.$auto$proc_rom.cc:155:do_switch$318$rdmux[0][0][0]$1884:
      Old ports: A=$memory$flatten\arm16_datapath_unit.\demo_rom_unit.$auto$proc_rom.cc:155:do_switch$318$rdmux[0][0][0]$a$1885, B=$memory$flatten\arm16_datapath_unit.\demo_rom_unit.$auto$proc_rom.cc:155:do_switch$318$rdmux[0][0][0]$b$1886, Y=$$flatten\arm16_datapath_unit.\demo_rom_unit.$auto$proc_rom.cc:155:do_switch$318$rdreg[0]$d
      New ports: A={ 3'101 $memory$flatten\arm16_datapath_unit.\demo_rom_unit.$auto$proc_rom.cc:155:do_switch$318$rdmux[0][0][0]$a$1885 [21] 2'10 $memory$flatten\arm16_datapath_unit.\demo_rom_unit.$auto$proc_rom.cc:155:do_switch$318$rdmux[0][0][0]$a$1885 [21] 2'00 $memory$flatten\arm16_datapath_unit.\demo_rom_unit.$auto$proc_rom.cc:155:do_switch$318$rdmux[0][0][0]$a$1885 [18:12] 1'0 $memory$flatten\arm16_datapath_unit.\demo_rom_unit.$auto$proc_rom.cc:155:do_switch$318$rdmux[0][0][0]$a$1885 [1] $memory$flatten\arm16_datapath_unit.\demo_rom_unit.$auto$proc_rom.cc:155:do_switch$318$rdmux[0][0][0]$a$1885 [1] $memory$flatten\arm16_datapath_unit.\demo_rom_unit.$auto$proc_rom.cc:155:do_switch$318$rdmux[0][0][0]$a$1885 [1] $memory$flatten\arm16_datapath_unit.\demo_rom_unit.$auto$proc_rom.cc:155:do_switch$318$rdmux[0][0][0]$a$1885 [1:0] }, B={ $memory$flatten\arm16_datapath_unit.\demo_rom_unit.$auto$proc_rom.cc:155:do_switch$318$rdmux[0][0][0]$b$1886 [28] $memory$flatten\arm16_datapath_unit.\demo_rom_unit.$auto$proc_rom.cc:155:do_switch$318$rdmux[0][0][0]$b$1886 [26:22] $memory$flatten\arm16_datapath_unit.\demo_rom_unit.$auto$proc_rom.cc:155:do_switch$318$rdmux[0][0][0]$b$1886 [4] $memory$flatten\arm16_datapath_unit.\demo_rom_unit.$auto$proc_rom.cc:155:do_switch$318$rdmux[0][0][0]$b$1886 [20:15] $memory$flatten\arm16_datapath_unit.\demo_rom_unit.$auto$proc_rom.cc:155:do_switch$318$rdmux[0][0][0]$b$1886 [12] $memory$flatten\arm16_datapath_unit.\demo_rom_unit.$auto$proc_rom.cc:155:do_switch$318$rdmux[0][0][0]$b$1886 [13:12] $memory$flatten\arm16_datapath_unit.\demo_rom_unit.$auto$proc_rom.cc:155:do_switch$318$rdmux[0][0][0]$b$1886 [4] $memory$flatten\arm16_datapath_unit.\demo_rom_unit.$auto$proc_rom.cc:155:do_switch$318$rdmux[0][0][0]$b$1886 [4:0] }, Y={ $$flatten\arm16_datapath_unit.\demo_rom_unit.$auto$proc_rom.cc:155:do_switch$318$rdreg[0]$d [28] $$flatten\arm16_datapath_unit.\demo_rom_unit.$auto$proc_rom.cc:155:do_switch$318$rdreg[0]$d [26:12] $$flatten\arm16_datapath_unit.\demo_rom_unit.$auto$proc_rom.cc:155:do_switch$318$rdreg[0]$d [8] $$flatten\arm16_datapath_unit.\demo_rom_unit.$auto$proc_rom.cc:155:do_switch$318$rdreg[0]$d [4:0] }
      New connections: { $$flatten\arm16_datapath_unit.\demo_rom_unit.$auto$proc_rom.cc:155:do_switch$318$rdreg[0]$d [30:29] $$flatten\arm16_datapath_unit.\demo_rom_unit.$auto$proc_rom.cc:155:do_switch$318$rdreg[0]$d [27] $$flatten\arm16_datapath_unit.\demo_rom_unit.$auto$proc_rom.cc:155:do_switch$318$rdreg[0]$d [11:9] $$flatten\arm16_datapath_unit.\demo_rom_unit.$auto$proc_rom.cc:155:do_switch$318$rdreg[0]$d [7:5] } = { $$flatten\arm16_datapath_unit.\demo_rom_unit.$auto$proc_rom.cc:155:do_switch$318$rdreg[0]$d [28] $$flatten\arm16_datapath_unit.\demo_rom_unit.$auto$proc_rom.cc:155:do_switch$318$rdreg[0]$d [28] $$flatten\arm16_datapath_unit.\demo_rom_unit.$auto$proc_rom.cc:155:do_switch$318$rdreg[0]$d [8] $$flatten\arm16_datapath_unit.\demo_rom_unit.$auto$proc_rom.cc:155:do_switch$318$rdreg[0]$d [4] $$flatten\arm16_datapath_unit.\demo_rom_unit.$auto$proc_rom.cc:155:do_switch$318$rdreg[0]$d [4] $$flatten\arm16_datapath_unit.\demo_rom_unit.$auto$proc_rom.cc:155:do_switch$318$rdreg[0]$d [8] $$flatten\arm16_datapath_unit.\demo_rom_unit.$auto$proc_rom.cc:155:do_switch$318$rdreg[0]$d [4] $$flatten\arm16_datapath_unit.\demo_rom_unit.$auto$proc_rom.cc:155:do_switch$318$rdreg[0]$d [4] $$flatten\arm16_datapath_unit.\demo_rom_unit.$auto$proc_rom.cc:155:do_switch$318$rdreg[0]$d [4] }
  Optimizing cells in module \tt_um_moein_maleki_arm16.
Performed a total of 32 changes.

15.21.5. Executing OPT_MERGE pass (detect identical cells).
Finding identical cells in module `\tt_um_moein_maleki_arm16'.
Computing hashes of 629 cells of `\tt_um_moein_maleki_arm16'.
Finding duplicate cells in `\tt_um_moein_maleki_arm16'.
Computing hashes of 618 cells of `\tt_um_moein_maleki_arm16'.
Finding duplicate cells in `\tt_um_moein_maleki_arm16'.
<suppressed ~33 debug messages>
Removed a total of 11 cells.

15.21.6. Executing OPT_SHARE pass.
    Found cells that share an operand and can be merged by moving the $pmux $flatten\arm16_datapath_unit.\condition_checker_unit.$procmux$641 in front of them:
        $flatten\arm16_datapath_unit.\condition_checker_unit.$or$src/condition_checker.v:34$188
        $flatten\arm16_datapath_unit.\condition_checker_unit.$or$src/condition_checker.v:30$181

    Found cells that share an operand and can be merged by moving the $pmux $flatten\arm16_datapath_unit.\condition_checker_unit.$procmux$641 in front of them:
        $flatten\arm16_datapath_unit.\condition_checker_unit.$and$src/condition_checker.v:33$186
        $flatten\arm16_datapath_unit.\condition_checker_unit.$and$src/condition_checker.v:29$179

    Found cells that share an operand and can be merged by moving the $pmux $flatten\arm16_datapath_unit.\alu_unit.$procmux$1160 in front of them:
        $flatten\arm16_datapath_unit.\alu_unit.$and$src/alu.v:74$25
        $flatten\arm16_datapath_unit.\alu_unit.$and$src/alu.v:68$22

    Found cells that share an operand and can be merged by moving the $pmux $flatten\arm16_datapath_unit.\alu_unit.$procmux$1160 in front of them:
        $flatten\arm16_datapath_unit.\alu_unit.$and$src/alu.v:62$19
        $flatten\arm16_datapath_unit.\alu_unit.$and$src/alu.v:56$16

    Found cells that share an operand and can be merged by moving the $pmux $flatten\arm16_datapath_unit.\vga_renderer_unit.$procmux$322 in front of them:
        $flatten\arm16_datapath_unit.\vga_renderer_unit.$and$src/vga_renderer.v:106$312
        $flatten\arm16_datapath_unit.\vga_renderer_unit.$and$src/vga_renderer.v:104$305
        $flatten\arm16_datapath_unit.\vga_renderer_unit.$and$src/vga_renderer.v:102$298

15.21.7. Executing OPT_DFF pass (perform DFF optimizations).

15.21.8. Executing OPT_CLEAN pass (remove unused cells and wires).
Finding unused cells or wires in module \tt_um_moein_maleki_arm16..
Removed 0 unused cells and 105 unused wires.
<suppressed ~1 debug messages>

15.21.9. Executing OPT_EXPR pass (perform const folding).
Optimizing module tt_um_moein_maleki_arm16.
<suppressed ~11 debug messages>

15.21.10. Rerunning OPT passes. (Maybe there is more to do..)

15.21.11. Executing OPT_MUXTREE pass (detect dead branches in mux trees).
Running muxtree optimizer on module \tt_um_moein_maleki_arm16..
  Creating internal representation of mux trees.
  Evaluating internal representation of mux trees.
  Analyzing evaluation results.
Removed 0 multiplexer ports.
<suppressed ~224 debug messages>

15.21.12. Executing OPT_REDUCE pass (consolidate $*mux and $reduce_* inputs).
  Optimizing cells in module \tt_um_moein_maleki_arm16.
    Consolidated identical input bits for $mux cell $memory$flatten\arm16_datapath_unit.\demo_rom_unit.$auto$proc_rom.cc:155:do_switch$318$rdmux[0][2][3]$1902:
      Old ports: A={ $memory$flatten\arm16_datapath_unit.\demo_rom_unit.$auto$proc_rom.cc:155:do_switch$318$rdmux[0][2][0]$b$1895 [13] $memory$flatten\arm16_datapath_unit.\demo_rom_unit.$auto$proc_rom.cc:155:do_switch$318$rdmux[0][2][0]$b$1895 [1] $memory$flatten\arm16_datapath_unit.\demo_rom_unit.$auto$proc_rom.cc:155:do_switch$318$rdmux[0][2][0]$b$1895 [13] 2'00 $memory$flatten\arm16_datapath_unit.\demo_rom_unit.$auto$proc_rom.cc:155:do_switch$318$rdmux[0][2][0]$b$1895 [1] }, B={ 3'011 $memory$flatten\arm16_datapath_unit.\demo_rom_unit.$auto$proc_rom.cc:155:do_switch$318$rdmux[0][2][0]$b$1895 [13] 1'1 $memory$flatten\arm16_datapath_unit.\demo_rom_unit.$auto$proc_rom.cc:155:do_switch$318$rdmux[0][2][0]$b$1895 [1] }, Y={ $memory$flatten\arm16_datapath_unit.\demo_rom_unit.$auto$proc_rom.cc:155:do_switch$318$rdmux[0][1][1]$b$1892 [24] $memory$flatten\arm16_datapath_unit.\demo_rom_unit.$auto$proc_rom.cc:155:do_switch$318$rdmux[0][1][1]$b$1892 [17:16] $memory$flatten\arm16_datapath_unit.\demo_rom_unit.$auto$proc_rom.cc:155:do_switch$318$rdmux[0][1][1]$b$1892 [2:0] }
      New ports: A={ $memory$flatten\arm16_datapath_unit.\demo_rom_unit.$auto$proc_rom.cc:155:do_switch$318$rdmux[0][2][0]$b$1895 [13] $memory$flatten\arm16_datapath_unit.\demo_rom_unit.$auto$proc_rom.cc:155:do_switch$318$rdmux[0][2][0]$b$1895 [1] $memory$flatten\arm16_datapath_unit.\demo_rom_unit.$auto$proc_rom.cc:155:do_switch$318$rdmux[0][2][0]$b$1895 [13] 2'00 }, B={ 3'011 $memory$flatten\arm16_datapath_unit.\demo_rom_unit.$auto$proc_rom.cc:155:do_switch$318$rdmux[0][2][0]$b$1895 [13] 1'1 }, Y={ $memory$flatten\arm16_datapath_unit.\demo_rom_unit.$auto$proc_rom.cc:155:do_switch$318$rdmux[0][1][1]$b$1892 [24] $memory$flatten\arm16_datapath_unit.\demo_rom_unit.$auto$proc_rom.cc:155:do_switch$318$rdmux[0][1][1]$b$1892 [17:16] $memory$flatten\arm16_datapath_unit.\demo_rom_unit.$auto$proc_rom.cc:155:do_switch$318$rdmux[0][1][1]$b$1892 [2:1] }
      New connections: $memory$flatten\arm16_datapath_unit.\demo_rom_unit.$auto$proc_rom.cc:155:do_switch$318$rdmux[0][1][1]$b$1892 [0] = $memory$flatten\arm16_datapath_unit.\demo_rom_unit.$auto$proc_rom.cc:155:do_switch$318$rdmux[0][2][0]$b$1895 [1]
    Consolidated identical input bits for $mux cell $memory$flatten\arm16_datapath_unit.\demo_rom_unit.$auto$proc_rom.cc:155:do_switch$318$rdmux[0][2][1]$1896:
      Old ports: A={ 2'01 $memory$flatten\arm16_datapath_unit.\demo_rom_unit.$auto$proc_rom.cc:155:do_switch$318$rdmux[0][2][0]$b$1895 [13] $memory$flatten\arm16_datapath_unit.\demo_rom_unit.$auto$proc_rom.cc:155:do_switch$318$rdmux[0][2][0]$b$1895 [13] $memory$flatten\arm16_datapath_unit.\demo_rom_unit.$auto$proc_rom.cc:155:do_switch$318$rdmux[0][2][0]$b$1895 [1] $memory$flatten\arm16_datapath_unit.\demo_rom_unit.$auto$proc_rom.cc:155:do_switch$318$rdmux[0][2][0]$b$1895 [1] }, B={ 2'10 $memory$flatten\arm16_datapath_unit.\demo_rom_unit.$auto$proc_rom.cc:155:do_switch$318$rdmux[0][2][0]$b$1895 [13] 1'1 $memory$flatten\arm16_datapath_unit.\demo_rom_unit.$auto$proc_rom.cc:155:do_switch$318$rdmux[0][2][0]$b$1895 [13] $memory$flatten\arm16_datapath_unit.\demo_rom_unit.$auto$proc_rom.cc:155:do_switch$318$rdmux[0][2][0]$b$1895 [1] }, Y={ $memory$flatten\arm16_datapath_unit.\demo_rom_unit.$auto$proc_rom.cc:155:do_switch$318$rdmux[0][1][0]$b$1889 [18:16] $memory$flatten\arm16_datapath_unit.\demo_rom_unit.$auto$proc_rom.cc:155:do_switch$318$rdmux[0][1][0]$b$1889 [14:12] }
      New ports: A={ 2'01 $memory$flatten\arm16_datapath_unit.\demo_rom_unit.$auto$proc_rom.cc:155:do_switch$318$rdmux[0][2][0]$b$1895 [13] $memory$flatten\arm16_datapath_unit.\demo_rom_unit.$auto$proc_rom.cc:155:do_switch$318$rdmux[0][2][0]$b$1895 [1] }, B={ 3'101 $memory$flatten\arm16_datapath_unit.\demo_rom_unit.$auto$proc_rom.cc:155:do_switch$318$rdmux[0][2][0]$b$1895 [13] }, Y={ $memory$flatten\arm16_datapath_unit.\demo_rom_unit.$auto$proc_rom.cc:155:do_switch$318$rdmux[0][1][0]$b$1889 [18:17] $memory$flatten\arm16_datapath_unit.\demo_rom_unit.$auto$proc_rom.cc:155:do_switch$318$rdmux[0][1][0]$b$1889 [14:13] }
      New connections: { $memory$flatten\arm16_datapath_unit.\demo_rom_unit.$auto$proc_rom.cc:155:do_switch$318$rdmux[0][1][0]$b$1889 [16] $memory$flatten\arm16_datapath_unit.\demo_rom_unit.$auto$proc_rom.cc:155:do_switch$318$rdmux[0][1][0]$b$1889 [12] } = { $memory$flatten\arm16_datapath_unit.\demo_rom_unit.$auto$proc_rom.cc:155:do_switch$318$rdmux[0][2][0]$b$1895 [13] $memory$flatten\arm16_datapath_unit.\demo_rom_unit.$auto$proc_rom.cc:155:do_switch$318$rdmux[0][2][0]$b$1895 [1] }
    New ctrl vector for $pmux cell $flatten\arm16_datapath_unit.\condition_checker_unit.$procmux$641: { $flatten\arm16_datapath_unit.\condition_checker_unit.$procmux$642_CMP $auto$opt_reduce.cc:137:opt_pmux$2234 $auto$opt_reduce.cc:137:opt_pmux$2232 $flatten\arm16_datapath_unit.\condition_checker_unit.$procmux$645_CMP $flatten\arm16_datapath_unit.\condition_checker_unit.$procmux$646_CMP $flatten\arm16_datapath_unit.\condition_checker_unit.$procmux$649_CMP $flatten\arm16_datapath_unit.\condition_checker_unit.$procmux$650_CMP $flatten\arm16_datapath_unit.\condition_checker_unit.$procmux$651_CMP $flatten\arm16_datapath_unit.\condition_checker_unit.$procmux$652_CMP $flatten\arm16_datapath_unit.\condition_checker_unit.$procmux$653_CMP $flatten\arm16_datapath_unit.\condition_checker_unit.$procmux$654_CMP $flatten\arm16_datapath_unit.\condition_checker_unit.$procmux$655_CMP $flatten\arm16_datapath_unit.\condition_checker_unit.$procmux$656_CMP }
    New ctrl vector for $pmux cell $flatten\arm16_datapath_unit.\alu_unit.$procmux$1160: { $auto$opt_reduce.cc:137:opt_pmux$2238 $auto$opt_reduce.cc:137:opt_pmux$2236 }
    New ctrl vector for $pmux cell $flatten\arm16_datapath_unit.\vga_renderer_unit.$procmux$322: { $auto$opt_reduce.cc:137:opt_pmux$2240 $flatten\arm16_datapath_unit.\vga_renderer_unit.$procmux$324_CMP $flatten\arm16_datapath_unit.\vga_renderer_unit.$procmux$326_CMP }
  Optimizing cells in module \tt_um_moein_maleki_arm16.
Performed a total of 5 changes.

15.21.13. Executing OPT_MERGE pass (detect identical cells).
Finding identical cells in module `\tt_um_moein_maleki_arm16'.
Computing hashes of 617 cells of `\tt_um_moein_maleki_arm16'.
Finding duplicate cells in `\tt_um_moein_maleki_arm16'.
Removed a total of 0 cells.

15.21.14. Executing OPT_SHARE pass.
    Found cells that share an operand and can be merged by moving the $mux $auto$opt_share.cc:246:merge_operators$2223 in front of them:
        $flatten\arm16_datapath_unit.\alu_unit.$ne$src/alu.v:74$24
        $flatten\arm16_datapath_unit.\alu_unit.$ne$src/alu.v:68$21

    Found cells that share an operand and can be merged by moving the $mux $auto$opt_share.cc:246:merge_operators$2226 in front of them:
        $flatten\arm16_datapath_unit.\alu_unit.$ne$src/alu.v:62$18
        $flatten\arm16_datapath_unit.\alu_unit.$ne$src/alu.v:56$15

15.21.15. Executing OPT_DFF pass (perform DFF optimizations).
Adding EN signal on $memory\arm16_datapath_unit.register_file_unit.regs[0]$1929 ($dff) from module tt_um_moein_maleki_arm16 (D = \arm16_datapath_unit.register_file_unit.write_data_in, Q = \arm16_datapath_unit.register_file_unit.regs[0]).
Adding EN signal on $memory\arm16_datapath_unit.register_file_unit.regs[1]$1931 ($dff) from module tt_um_moein_maleki_arm16 (D = \arm16_datapath_unit.register_file_unit.write_data_in, Q = \arm16_datapath_unit.register_file_unit.regs[1]).
Adding EN signal on $memory\arm16_datapath_unit.register_file_unit.regs[2]$1933 ($dff) from module tt_um_moein_maleki_arm16 (D = \arm16_datapath_unit.register_file_unit.write_data_in, Q = \arm16_datapath_unit.register_file_unit.regs[2]).
Adding EN signal on $memory\arm16_datapath_unit.register_file_unit.regs[3]$1935 ($dff) from module tt_um_moein_maleki_arm16 (D = \arm16_datapath_unit.register_file_unit.write_data_in, Q = \arm16_datapath_unit.register_file_unit.regs[3]).
Adding EN signal on $memory\arm16_datapath_unit.register_file_unit.regs[4]$1937 ($dff) from module tt_um_moein_maleki_arm16 (D = \arm16_datapath_unit.register_file_unit.write_data_in, Q = \arm16_datapath_unit.register_file_unit.regs[4]).
Adding EN signal on $memory\arm16_datapath_unit.register_file_unit.regs[5]$1939 ($dff) from module tt_um_moein_maleki_arm16 (D = \arm16_datapath_unit.register_file_unit.write_data_in, Q = \arm16_datapath_unit.register_file_unit.regs[5]).
Adding EN signal on $memory\arm16_datapath_unit.register_file_unit.regs[6]$1941 ($dff) from module tt_um_moein_maleki_arm16 (D = \arm16_datapath_unit.register_file_unit.write_data_in, Q = \arm16_datapath_unit.register_file_unit.regs[6]).
Adding EN signal on $memory\arm16_datapath_unit.register_file_unit.regs[7]$1943 ($dff) from module tt_um_moein_maleki_arm16 (D = \arm16_datapath_unit.register_file_unit.write_data_in, Q = \arm16_datapath_unit.register_file_unit.regs[7]).
Adding EN signal on $memory\arm16_datapath_unit.register_file_unit.regs[8]$1945 ($dff) from module tt_um_moein_maleki_arm16 (D = \arm16_datapath_unit.register_file_unit.write_data_in, Q = \arm16_datapath_unit.register_file_unit.regs[8]).
Adding EN signal on $memory\arm16_datapath_unit.register_file_unit.regs[9]$1947 ($dff) from module tt_um_moein_maleki_arm16 (D = \arm16_datapath_unit.register_file_unit.write_data_in, Q = \arm16_datapath_unit.register_file_unit.regs[9]).
Adding EN signal on $memory\arm16_datapath_unit.register_file_unit.regs[10]$1949 ($dff) from module tt_um_moein_maleki_arm16 (D = \arm16_datapath_unit.register_file_unit.write_data_in, Q = \arm16_datapath_unit.register_file_unit.regs[10]).
Adding EN signal on $memory\arm16_datapath_unit.register_file_unit.regs[11]$1951 ($dff) from module tt_um_moein_maleki_arm16 (D = \arm16_datapath_unit.register_file_unit.write_data_in, Q = \arm16_datapath_unit.register_file_unit.regs[11]).
Adding EN signal on $memory\arm16_datapath_unit.register_file_unit.regs[12]$1953 ($dff) from module tt_um_moein_maleki_arm16 (D = \arm16_datapath_unit.register_file_unit.write_data_in, Q = \arm16_datapath_unit.register_file_unit.regs[12]).
Adding EN signal on $memory\arm16_datapath_unit.register_file_unit.regs[13]$1955 ($dff) from module tt_um_moein_maleki_arm16 (D = \arm16_datapath_unit.register_file_unit.write_data_in, Q = \arm16_datapath_unit.register_file_unit.regs[13]).
Adding EN signal on $memory\arm16_datapath_unit.register_file_unit.regs[14]$1957 ($dff) from module tt_um_moein_maleki_arm16 (D = \arm16_datapath_unit.register_file_unit.write_data_in, Q = \arm16_datapath_unit.register_file_unit.regs[14]).

15.21.16. Executing OPT_CLEAN pass (remove unused cells and wires).
Finding unused cells or wires in module \tt_um_moein_maleki_arm16..
Removed 15 unused cells and 25 unused wires.
<suppressed ~16 debug messages>

15.21.17. Executing OPT_EXPR pass (perform const folding).
Optimizing module tt_um_moein_maleki_arm16.
<suppressed ~2 debug messages>

15.21.18. Rerunning OPT passes. (Maybe there is more to do..)

15.21.19. Executing OPT_MUXTREE pass (detect dead branches in mux trees).
Running muxtree optimizer on module \tt_um_moein_maleki_arm16..
  Creating internal representation of mux trees.
  Evaluating internal representation of mux trees.
  Analyzing evaluation results.
Removed 0 multiplexer ports.
<suppressed ~175 debug messages>

15.21.20. Executing OPT_REDUCE pass (consolidate $*mux and $reduce_* inputs).
  Optimizing cells in module \tt_um_moein_maleki_arm16.
Performed a total of 0 changes.

15.21.21. Executing OPT_MERGE pass (detect identical cells).
Finding identical cells in module `\tt_um_moein_maleki_arm16'.
Computing hashes of 600 cells of `\tt_um_moein_maleki_arm16'.
Finding duplicate cells in `\tt_um_moein_maleki_arm16'.
Removed a total of 0 cells.

15.21.22. Executing OPT_SHARE pass.

15.21.23. Executing OPT_DFF pass (perform DFF optimizations).

15.21.24. Executing OPT_CLEAN pass (remove unused cells and wires).
Finding unused cells or wires in module \tt_um_moein_maleki_arm16..
Removed 0 unused cells and 2 unused wires.
<suppressed ~1 debug messages>

15.21.25. Executing OPT_EXPR pass (perform const folding).
Optimizing module tt_um_moein_maleki_arm16.

15.21.26. Rerunning OPT passes. (Maybe there is more to do..)

15.21.27. Executing OPT_MUXTREE pass (detect dead branches in mux trees).
Running muxtree optimizer on module \tt_um_moein_maleki_arm16..
  Creating internal representation of mux trees.
  Evaluating internal representation of mux trees.
  Analyzing evaluation results.
Removed 0 multiplexer ports.
<suppressed ~175 debug messages>

15.21.28. Executing OPT_REDUCE pass (consolidate $*mux and $reduce_* inputs).
  Optimizing cells in module \tt_um_moein_maleki_arm16.
Performed a total of 0 changes.

15.21.29. Executing OPT_MERGE pass (detect identical cells).
Finding identical cells in module `\tt_um_moein_maleki_arm16'.
Computing hashes of 600 cells of `\tt_um_moein_maleki_arm16'.
Finding duplicate cells in `\tt_um_moein_maleki_arm16'.
Removed a total of 0 cells.

15.21.30. Executing OPT_SHARE pass.

15.21.31. Executing OPT_DFF pass (perform DFF optimizations).

15.21.32. Executing OPT_CLEAN pass (remove unused cells and wires).
Finding unused cells or wires in module \tt_um_moein_maleki_arm16..

15.21.33. Executing OPT_EXPR pass (perform const folding).
Optimizing module tt_um_moein_maleki_arm16.

15.21.34. Finished fast OPT passes. (There is nothing left to do.)

15.22. Executing TECHMAP pass (map to technology primitives).

15.22.1. Executing Verilog-2005 frontend: /home/moein/oss-cad-suite/lib/../share/yosys/techmap.v
Parsing Verilog input from `/home/moein/oss-cad-suite/lib/../share/yosys/techmap.v' to AST representation.
Generating RTLIL representation for module `\_90_simplemap_bool_ops'.
Generating RTLIL representation for module `\_90_simplemap_reduce_ops'.
Generating RTLIL representation for module `\_90_simplemap_logic_ops'.
Generating RTLIL representation for module `\_90_simplemap_compare_ops'.
Generating RTLIL representation for module `\_90_simplemap_various'.
Generating RTLIL representation for module `\_90_simplemap_registers'.
Generating RTLIL representation for module `\_90_shift_ops_shr_shl_sshl_sshr'.
Generating RTLIL representation for module `\_90_shift_shiftx'.
Generating RTLIL representation for module `\_90_fa'.
Generating RTLIL representation for module `\_90_lcu_brent_kung'.
Generating RTLIL representation for module `\_90_alu'.
Generating RTLIL representation for module `\_90_macc'.
Generating RTLIL representation for module `\_90_alumacc'.
Generating RTLIL representation for module `$__div_mod_u'.
Generating RTLIL representation for module `$__div_mod_trunc'.
Generating RTLIL representation for module `\_90_div'.
Generating RTLIL representation for module `\_90_mod'.
Generating RTLIL representation for module `$__div_mod_floor'.
Generating RTLIL representation for module `\_90_divfloor'.
Generating RTLIL representation for module `\_90_modfloor'.
Generating RTLIL representation for module `\_90_pow'.
Generating RTLIL representation for module `\_90_demux'.
Generating RTLIL representation for module `\_90_lut'.
Generating RTLIL representation for module `$connect'.
Generating RTLIL representation for module `$input_port'.
Successfully finished Verilog frontend.

15.22.2. Continuing TECHMAP pass.
Using extmapper simplemap for cells of type $dffe.
Using extmapper simplemap for cells of type $mux.
Using extmapper simplemap for cells of type $reduce_or.
Using extmapper simplemap for cells of type $pmux.
Using extmapper simplemap for cells of type $and.
Using extmapper simplemap for cells of type $not.
Using extmapper simplemap for cells of type $sdffe.
Using extmapper simplemap for cells of type $reduce_and.
Using template $paramod$constmap:c3f9db2ed086131a46ea635902d682d06f2a96c0$paramod$7354c247b305eda7a69b0d7d9e3b06c015b65190\_90_shift_ops_shr_shl_sshl_sshr for cells of type $shl.
Using extmapper simplemap for cells of type $eq.
Using template $paramod$constmap:4cec2553f7c03927bb859f413bbb2aa3a8ff75f7$paramod$fb9d380efec7abdcae0fb1c8e312791feef7c95c\_90_shift_ops_shr_shl_sshl_sshr for cells of type $shr.
Using extmapper simplemap for cells of type $logic_not.
Using template $paramod$713617589782cfade849bb573b5c36106c4b708f\_90_alu for cells of type $alu.
Using template $paramod$215440792383f7884e57d9c95f84e9552d0bf4ac\_90_alu for cells of type $alu.
Using template $paramod$b8c0a997bce700f23568a5ada79cc6781d1f5ca0\_90_alu for cells of type $alu.
Using template $paramod$78e969f2586efcf3a5b0b0440bcca0db83d5cca2\_90_alu for cells of type $alu.
Using template $paramod$754650b284649a026620fc6856e5b6886cbfe794\_90_alu for cells of type $alu.
Using template $paramod$081ba1a4a7201ecdb44563d3c3bd7013d1ebf4eb\_90_alu for cells of type $alu.
Using template $paramod$18205a5da979f93ffab44671dcc4a48cf14e25e2\_90_alu for cells of type $alu.
Using template $paramod$dad13a281fa6a9ffd6dd427a87dc9a952e80e9ea\_90_alu for cells of type $alu.
Using template $paramod$2af30114e9bd4ccb04dad757b3f0a8f6bf0615b0\_90_alu for cells of type $alu.
Using template $paramod$befd47b1c77b68561d11d0cb61a0fae29b79f34c\_90_alu for cells of type $alu.
Using extmapper simplemap for cells of type $or.
Using template $paramod$cd54e322aa4265ca236096fe4bb634aaec4e39b4\_90_alu for cells of type $alu.
Using template $paramod$00298f3f8094950cb9a5ff2fda48d0d8bde8806c\_90_alu for cells of type $alu.
Using template $paramod$f956edc9fe4df758d9fdb10bfc518a364c99e75e\_90_alu for cells of type $alu.
Using template $paramod$8b1a36ab2238111d2a0f4cb4ef2e14f2a55fc1f9\_90_alu for cells of type $alu.
Using template $paramod$740b056ede97228d3eae64ea2fdc81f0a33e0fe7\_90_alu for cells of type $alu.
Using template $paramod$8742280fdebca84e1c87f2a86ed84f62d558f4cc\_90_alu for cells of type $alu.
Using extmapper maccmap for cells of type $macc_v2.
  add \arm16_datapath_unit.ex_pc (16 bits, unsigned)
  add { \arm16_datapath_unit.ex_branch_imm [13:0] 2'00 } (16 bits, unsigned)
  add 16'0000000000001000 (16 bits, unsigned)
Using extmapper simplemap for cells of type $reduce_bool.
Using extmapper simplemap for cells of type $sdff.
Using extmapper simplemap for cells of type $dff.
Using extmapper simplemap for cells of type $xor.
Using extmapper simplemap for cells of type $ne.
Using extmapper simplemap for cells of type $adff.
Using template $paramod\_90_fa\WIDTH=32'00000000000000000000000000010000 for cells of type $fa.
Using template $paramod$6df0329addda9228fcc2546de2aaf14ad26c98e1\_90_alu for cells of type $alu.
Using extmapper simplemap for cells of type $pos.
Using template $paramod\_90_fa\WIDTH=32'00000000000000000000000000001101 for cells of type $fa.
Using template $paramod\_90_lcu_brent_kung\WIDTH=32'00000000000000000000000000001101 for cells of type $lcu.
Using template $paramod\_90_fa\WIDTH=32'00000000000000000000000000000100 for cells of type $fa.
Using template $paramod\_90_lcu_brent_kung\WIDTH=32'00000000000000000000000000000100 for cells of type $lcu.
Using template $paramod\_90_fa\WIDTH=32'00000000000000000000000000000101 for cells of type $fa.
Using template $paramod\_90_lcu_brent_kung\WIDTH=32'00000000000000000000000000000101 for cells of type $lcu.
Using template $paramod\_90_fa\WIDTH=32'00000000000000000000000000001110 for cells of type $fa.
Using template $paramod\_90_lcu_brent_kung\WIDTH=32'00000000000000000000000000001110 for cells of type $lcu.
Using template $paramod\_90_fa\WIDTH=32'00000000000000000000000000000011 for cells of type $fa.
Using template $paramod\_90_lcu_brent_kung\WIDTH=32'00000000000000000000000000000011 for cells of type $lcu.
Using template $paramod\_90_fa\WIDTH=32'00000000000000000000000000000110 for cells of type $fa.
Using template $paramod\_90_lcu_brent_kung\WIDTH=32'00000000000000000000000000000110 for cells of type $lcu.
Using template $paramod\_90_fa\WIDTH=32'00000000000000000000000000001001 for cells of type $fa.
Using template $paramod\_90_lcu_brent_kung\WIDTH=32'00000000000000000000000000001001 for cells of type $lcu.
Using template $paramod\_90_fa\WIDTH=32'00000000000000000000000000001000 for cells of type $fa.
Using template $paramod\_90_lcu_brent_kung\WIDTH=32'00000000000000000000000000001000 for cells of type $lcu.
Using template $paramod\_90_lcu_brent_kung\WIDTH=32'00000000000000000000000000010000 for cells of type $lcu.
Using template $paramod\_90_fa\WIDTH=32'00000000000000000000000000010001 for cells of type $fa.
Using template $paramod\_90_lcu_brent_kung\WIDTH=32'00000000000000000000000000010001 for cells of type $lcu.
Using template $paramod\_90_fa\WIDTH=32'00000000000000000000000000001010 for cells of type $fa.
Using template $paramod\_90_lcu_brent_kung\WIDTH=32'00000000000000000000000000001010 for cells of type $lcu.
No more expansions possible.
<suppressed ~4166 debug messages>

15.23. Executing OPT pass (performing simple optimizations).

15.23.1. Executing OPT_EXPR pass (perform const folding).
Optimizing module tt_um_moein_maleki_arm16.
<suppressed ~2501 debug messages>

15.23.2. Executing OPT_MERGE pass (detect identical cells).
Finding identical cells in module `\tt_um_moein_maleki_arm16'.
Computing hashes of 4596 cells of `\tt_um_moein_maleki_arm16'.
Finding duplicate cells in `\tt_um_moein_maleki_arm16'.
Computing hashes of 4246 cells of `\tt_um_moein_maleki_arm16'.
Finding duplicate cells in `\tt_um_moein_maleki_arm16'.
Computing hashes of 4157 cells of `\tt_um_moein_maleki_arm16'.
Finding duplicate cells in `\tt_um_moein_maleki_arm16'.
Computing hashes of 4145 cells of `\tt_um_moein_maleki_arm16'.
Finding duplicate cells in `\tt_um_moein_maleki_arm16'.
Computing hashes of 4133 cells of `\tt_um_moein_maleki_arm16'.
Finding duplicate cells in `\tt_um_moein_maleki_arm16'.
Computing hashes of 4126 cells of `\tt_um_moein_maleki_arm16'.
Finding duplicate cells in `\tt_um_moein_maleki_arm16'.
Computing hashes of 4125 cells of `\tt_um_moein_maleki_arm16'.
Finding duplicate cells in `\tt_um_moein_maleki_arm16'.
<suppressed ~1413 debug messages>
Removed a total of 471 cells.

15.23.3. Executing OPT_DFF pass (perform DFF optimizations).

15.23.4. Executing OPT_CLEAN pass (remove unused cells and wires).
Finding unused cells or wires in module \tt_um_moein_maleki_arm16..
Removed 214 unused cells and 1977 unused wires.
<suppressed ~216 debug messages>

15.23.5. Finished fast OPT passes.

15.24. Executing ABC pass (technology mapping using ABC).

15.24.1. Extracting gate netlist of module `\tt_um_moein_maleki_arm16' to `<abc-temp-dir>/input.blif'..
Replacing 2 occurrences of constant undef bits with constant zero bits

15.24.1.1. Executed ABC.
Extracted 3312 gates and 3890 wires to a netlist network with 575 inputs and 257 outputs.
Running ABC script: <abc-temp-dir>/abc.script
ABC: UC Berkeley, ABC 1.01 (compiled Jul 16 2026 03:52:11)
ABC: abc 01> empty
ABC: abc 01> source <abc-temp-dir>/abc.script
ABC: + read_blif <abc-temp-dir>/input.blif 
ABC: + read_library <abc-temp-dir>/stdcells.genlib 
ABC: + strash 
ABC: + &get -n 
ABC: + &fraig -x 
ABC: + &put 
ABC: + scorr 
ABC: Warning: The network is combinational (run "fraig" or "fraig_sweep").
ABC: + dc2 
ABC: + dretime 
ABC: + strash 
ABC: + &get -n 
ABC: + &dch -f 
ABC: + &nf 
ABC: + &put 
ABC: + write_blif <abc-temp-dir>/output.blif 
ABC: 
ABC: YOSYS_ABC_DONE 

15.24.1.2. Re-integrating ABC results.
ABC RESULTS:               AND cells:      680
ABC RESULTS:            ANDNOT cells:      166
ABC RESULTS:               MUX cells:      413
ABC RESULTS:              NAND cells:      887
ABC RESULTS:               NOR cells:       85
ABC RESULTS:               NOT cells:       31
ABC RESULTS:                OR cells:      296
ABC RESULTS:             ORNOT cells:      154
ABC RESULTS:              XNOR cells:       91
ABC RESULTS:               XOR cells:       88
ABC RESULTS:        internal signals:     3058
ABC RESULTS:           input signals:      575
ABC RESULTS:          output signals:      257
Removing temp directory.
Removing global temp directory.

15.25. Executing OPT pass (performing simple optimizations).

15.25.1. Executing OPT_EXPR pass (perform const folding).
Optimizing module tt_um_moein_maleki_arm16.
<suppressed ~2 debug messages>

15.25.2. Executing OPT_MERGE pass (detect identical cells).
Finding identical cells in module `\tt_um_moein_maleki_arm16'.
Computing hashes of 3490 cells of `\tt_um_moein_maleki_arm16'.
Finding duplicate cells in `\tt_um_moein_maleki_arm16'.
Removed a total of 0 cells.

15.25.3. Executing OPT_DFF pass (perform DFF optimizations).

15.25.4. Executing OPT_CLEAN pass (remove unused cells and wires).
Finding unused cells or wires in module \tt_um_moein_maleki_arm16..
Removed 14 unused cells and 2294 unused wires.
<suppressed ~124 debug messages>

15.25.5. Finished fast OPT passes.

15.26. Executing HIERARCHY pass (managing design hierarchy).
Attribute `top' found on module `tt_um_moein_maleki_arm16'. Setting top module to tt_um_moein_maleki_arm16.

15.26.1. Analyzing design hierarchy..
Top module:  \tt_um_moein_maleki_arm16

15.26.2. Analyzing design hierarchy..
Top module:  \tt_um_moein_maleki_arm16
Removed 0 unused modules.

15.27. Printing statistics.

=== tt_um_moein_maleki_arm16 ===

        +----------Local Count, excluding submodules.
        | 
     2980 wires
     4431 wire bits
      266 public wires
     1654 public wire bits
        8 ports
       43 port bits
     3476 cells
      165   $_ANDNOT_
      678   $_AND_
      240   $_DFFE_NP_
        2   $_DFFE_PP_
        2   $_DFF_PN1_
       18   $_DFF_P_
      411   $_MUX_
      883   $_NAND_
       85   $_NOR_
       31   $_NOT_
      154   $_ORNOT_
      295   $_OR_
        2   $_SDFFE_NP0P_
      160   $_SDFFE_PP0N_
      129   $_SDFFE_PP0P_
       13   $_SDFFE_PP1P_
        6   $_SDFF_PN0_
       10   $_SDFF_PP0_
        1   $_SDFF_PP1_
       91   $_XNOR_
       87   $_XOR_
       13   $scopeinfo

15.28. Executing CHECK pass (checking for obvious problems).
Checking module tt_um_moein_maleki_arm16...
Found and reported 0 problems.

16. Executing DFFLIBMAP pass (mapping DFF cells to sequential cells from liberty file).
  cell sky130_fd_sc_hd__dfxtp_1 (noninv, pins=3, area=20.02) is a direct match for cell type $_DFF_P_.
  cell sky130_fd_sc_hd__dfrtn_1 (noninv, pins=4, area=25.02) is a direct match for cell type $_DFF_NN0_.
  cell sky130_fd_sc_hd__dfrtp_1 (noninv, pins=4, area=25.02) is a direct match for cell type $_DFF_PN0_.
  cell sky130_fd_sc_hd__dfstp_2 (noninv, pins=4, area=26.28) is a direct match for cell type $_DFF_PN1_.
  cell sky130_fd_sc_hd__edfxtp_1 (noninv, pins=4, area=30.03) is a direct match for cell type $_DFFE_PP_.
  cell sky130_fd_sc_hd__dfbbn_1 (noninv, pins=6, area=32.53) is a direct match for cell type $_DFFSR_NNN_.
  cell sky130_fd_sc_hd__dfbbp_1 (noninv, pins=6, area=32.53) is a direct match for cell type $_DFFSR_PNN_.
  final dff cell mappings:
    unmapped dff cell: $_DFF_N_
    \sky130_fd_sc_hd__dfxtp_1 _DFF_P_ (.CLK( C), .D( D), .Q( Q));
    \sky130_fd_sc_hd__dfrtn_1 _DFF_NN0_ (.CLK_N( C), .D( D), .Q( Q), .RESET_B( R));
    unmapped dff cell: $_DFF_NN1_
    unmapped dff cell: $_DFF_NP0_
    unmapped dff cell: $_DFF_NP1_
    \sky130_fd_sc_hd__dfrtp_1 _DFF_PN0_ (.CLK( C), .D( D), .Q( Q), .RESET_B( R));
    \sky130_fd_sc_hd__dfstp_2 _DFF_PN1_ (.CLK( C), .D( D), .Q( Q), .SET_B( R));
    unmapped dff cell: $_DFF_PP0_
    unmapped dff cell: $_DFF_PP1_
    unmapped dff cell: $_DFFE_NN_
    unmapped dff cell: $_DFFE_NP_
    unmapped dff cell: $_DFFE_PN_
    \sky130_fd_sc_hd__edfxtp_1 _DFFE_PP_ (.CLK( C), .D( D), .DE( E), .Q( Q));
    \sky130_fd_sc_hd__dfbbn_1 _DFFSR_NNN_ (.CLK_N( C), .D( D), .Q( Q), .Q_N(~Q), .RESET_B( R), .SET_B( S));
    unmapped dff cell: $_DFFSR_NNP_
    unmapped dff cell: $_DFFSR_NPN_
    unmapped dff cell: $_DFFSR_NPP_
    \sky130_fd_sc_hd__dfbbp_1 _DFFSR_PNN_ (.CLK( C), .D( D), .Q( Q), .Q_N(~Q), .RESET_B( R), .SET_B( S));
    unmapped dff cell: $_DFFSR_PNP_
    unmapped dff cell: $_DFFSR_PPN_
    unmapped dff cell: $_DFFSR_PPP_

16.1. Executing DFFLEGALIZE pass (convert FFs to types supported by the target).
<suppressed ~24 debug messages>
Mapping DFF cells in module `\tt_um_moein_maleki_arm16':
  mapped 242 $_DFFE_PP_ cells to \sky130_fd_sc_hd__edfxtp_1 cells.
  mapped 2 $_DFF_PN1_ cells to \sky130_fd_sc_hd__dfstp_2 cells.
  mapped 339 $_DFF_P_ cells to \sky130_fd_sc_hd__dfxtp_1 cells.

17. Executing ABC pass (technology mapping using ABC).

17.1. Extracting gate netlist of module `\tt_um_moein_maleki_arm16' to `<abc-temp-dir>/input.blif'..
ABC: using cached merged SCL: /tmp/yosys-liberty-scl-cache/yosys_merged_26d78acf.scl (1 files)

17.1.1. Executed ABC.
Extracted 3747 gates and 4339 wires to a netlist network with 590 inputs and 618 outputs.
Running ABC script: <abc-temp-dir>/abc.script
ABC: UC Berkeley, ABC 1.01 (compiled Jul 16 2026 03:52:11)
ABC: abc 01> empty
ABC: abc 01> source <abc-temp-dir>/abc.script
ABC: + read_blif <abc-temp-dir>/input.blif 
ABC: + read_scl /tmp/yosys-liberty-scl-cache/yosys_merged_26d78acf.scl 
ABC: Warning: Detected 9 multi-output cells (for example, "sky130_fd_sc_hd__fa_1").
ABC: + strash 
ABC: + &get -n 
ABC: + &fraig -x 
ABC: + &put 
ABC: + scorr 
ABC: Warning: The network is combinational (run "fraig" or "fraig_sweep").
ABC: + dc2 
ABC: + dretime 
ABC: + strash 
ABC: + &get -n 
ABC: + &dch -f 
ABC: + &nf 
ABC: + &put 
ABC: + write_blif <abc-temp-dir>/output.blif 
ABC: 
ABC: YOSYS_ABC_DONE 

17.1.2. Re-integrating ABC results.
ABC RESULTS:   sky130_fd_sc_hd__a2111o_1 cells:        1
ABC RESULTS:   sky130_fd_sc_hd__a2111oi_0 cells:        9
ABC RESULTS:   sky130_fd_sc_hd__a211o_1 cells:        2
ABC RESULTS:   sky130_fd_sc_hd__a211oi_1 cells:       57
ABC RESULTS:   sky130_fd_sc_hd__a21boi_0 cells:        4
ABC RESULTS:   sky130_fd_sc_hd__a21o_1 cells:       19
ABC RESULTS:   sky130_fd_sc_hd__a21oi_1 cells:      324
ABC RESULTS:   sky130_fd_sc_hd__a221o_1 cells:       11
ABC RESULTS:   sky130_fd_sc_hd__a221oi_1 cells:       34
ABC RESULTS:   sky130_fd_sc_hd__a222oi_1 cells:       46
ABC RESULTS:   sky130_fd_sc_hd__a22o_1 cells:       52
ABC RESULTS:   sky130_fd_sc_hd__a22oi_1 cells:       46
ABC RESULTS:   sky130_fd_sc_hd__a2bb2oi_1 cells:        2
ABC RESULTS:   sky130_fd_sc_hd__a311oi_1 cells:       10
ABC RESULTS:   sky130_fd_sc_hd__a31o_1 cells:        2
ABC RESULTS:   sky130_fd_sc_hd__a31oi_1 cells:       24
ABC RESULTS:   sky130_fd_sc_hd__a32o_1 cells:        2
ABC RESULTS:   sky130_fd_sc_hd__a32oi_1 cells:        4
ABC RESULTS:   sky130_fd_sc_hd__a41o_1 cells:        1
ABC RESULTS:   sky130_fd_sc_hd__a41oi_1 cells:        1
ABC RESULTS:   sky130_fd_sc_hd__and2_0 cells:       41
ABC RESULTS:   sky130_fd_sc_hd__and3_1 cells:       28
ABC RESULTS:   sky130_fd_sc_hd__and3b_1 cells:        1
ABC RESULTS:   sky130_fd_sc_hd__and4_1 cells:        6
ABC RESULTS:   sky130_fd_sc_hd__clkinv_1 cells:      296
ABC RESULTS:   sky130_fd_sc_hd__lpflow_inputiso1p_1 cells:       22
ABC RESULTS:   sky130_fd_sc_hd__lpflow_isobufsrc_1 cells:       31
ABC RESULTS:   sky130_fd_sc_hd__maj3_1 cells:       15
ABC RESULTS:   sky130_fd_sc_hd__mux2_1 cells:       28
ABC RESULTS:   sky130_fd_sc_hd__mux2i_1 cells:       76
ABC RESULTS:   sky130_fd_sc_hd__mux4_2 cells:       20
ABC RESULTS:   sky130_fd_sc_hd__nand2_1 cells:      432
ABC RESULTS:   sky130_fd_sc_hd__nand2b_1 cells:       33
ABC RESULTS:   sky130_fd_sc_hd__nand3_1 cells:       74
ABC RESULTS:   sky130_fd_sc_hd__nand3b_1 cells:        5
ABC RESULTS:   sky130_fd_sc_hd__nand4_1 cells:       16
ABC RESULTS:   sky130_fd_sc_hd__nand4b_1 cells:        2
ABC RESULTS:   sky130_fd_sc_hd__nor2_1 cells:      347
ABC RESULTS:   sky130_fd_sc_hd__nor2b_1 cells:        5
ABC RESULTS:   sky130_fd_sc_hd__nor3_1 cells:      123
ABC RESULTS:   sky130_fd_sc_hd__nor3b_1 cells:        8
ABC RESULTS:   sky130_fd_sc_hd__nor4_1 cells:       13
ABC RESULTS:   sky130_fd_sc_hd__nor4b_1 cells:        1
ABC RESULTS:   sky130_fd_sc_hd__o2111ai_1 cells:       11
ABC RESULTS:   sky130_fd_sc_hd__o211a_1 cells:        3
ABC RESULTS:   sky130_fd_sc_hd__o211ai_1 cells:       11
ABC RESULTS:   sky130_fd_sc_hd__o21a_1 cells:       13
ABC RESULTS:   sky130_fd_sc_hd__o21ai_0 cells:      179
ABC RESULTS:   sky130_fd_sc_hd__o21ba_1 cells:        1
ABC RESULTS:   sky130_fd_sc_hd__o21bai_1 cells:        4
ABC RESULTS:   sky130_fd_sc_hd__o221a_1 cells:        5
ABC RESULTS:   sky130_fd_sc_hd__o221ai_1 cells:       22
ABC RESULTS:   sky130_fd_sc_hd__o22ai_1 cells:       77
ABC RESULTS:   sky130_fd_sc_hd__o2bb2ai_1 cells:        1
ABC RESULTS:   sky130_fd_sc_hd__o311a_1 cells:        2
ABC RESULTS:   sky130_fd_sc_hd__o311ai_0 cells:        4
ABC RESULTS:   sky130_fd_sc_hd__o31a_1 cells:        2
ABC RESULTS:   sky130_fd_sc_hd__o31ai_1 cells:       11
ABC RESULTS:   sky130_fd_sc_hd__o32a_1 cells:        2
ABC RESULTS:   sky130_fd_sc_hd__o32ai_1 cells:        3
ABC RESULTS:   sky130_fd_sc_hd__o41ai_1 cells:        3
ABC RESULTS:   sky130_fd_sc_hd__or3_1 cells:       15
ABC RESULTS:   sky130_fd_sc_hd__or3b_1 cells:        2
ABC RESULTS:   sky130_fd_sc_hd__or4_1 cells:        1
ABC RESULTS:   sky130_fd_sc_hd__xnor2_1 cells:       70
ABC RESULTS:   sky130_fd_sc_hd__xor2_1 cells:       51
ABC RESULTS:        internal signals:     3131
ABC RESULTS:           input signals:      590
ABC RESULTS:          output signals:      618
Removing temp directory.
Removing global temp directory.

18. Executing OPT_CLEAN pass (remove unused cells and wires).
Finding unused cells or wires in module \tt_um_moein_maleki_arm16..
Removed 13 unused cells and 4371 unused wires.
<suppressed ~190 debug messages>

19. Printing statistics.

=== tt_um_moein_maleki_arm16 ===

        +----------Local Count, excluding submodules.
        |        +-Local Area, excluding submodules.
        |        | 
     2833        - wires
     3495        - wire bits
       90        - public wires
      752        - public wire bits
        8        - ports
       43        - port bits
     3350 2.99E+04 cells
        1   11.261   sky130_fd_sc_hd__a2111o_1
        9   78.826   sky130_fd_sc_hd__a2111oi_0
        2   17.517   sky130_fd_sc_hd__a211o_1
       57   427.91   sky130_fd_sc_hd__a211oi_1
        4   30.029   sky130_fd_sc_hd__a21boi_0
       19  142.637   sky130_fd_sc_hd__a21o_1
      324 1.62E+03   sky130_fd_sc_hd__a21oi_1
       11  110.106   sky130_fd_sc_hd__a221o_1
       34  297.786   sky130_fd_sc_hd__a221oi_1
       46  460.442   sky130_fd_sc_hd__a222oi_1
       52  455.437   sky130_fd_sc_hd__a22o_1
       46  345.331   sky130_fd_sc_hd__a22oi_1
        2   17.517   sky130_fd_sc_hd__a2bb2oi_1
       10   87.584   sky130_fd_sc_hd__a311oi_1
        2   17.517   sky130_fd_sc_hd__a31o_1
       24  150.144   sky130_fd_sc_hd__a31oi_1
        2   20.019   sky130_fd_sc_hd__a32o_1
        4   35.034   sky130_fd_sc_hd__a32oi_1
        1    10.01   sky130_fd_sc_hd__a41o_1
        1    8.758   sky130_fd_sc_hd__a41oi_1
       41  256.496   sky130_fd_sc_hd__and2_0
       28  175.168   sky130_fd_sc_hd__and3_1
        1    8.758   sky130_fd_sc_hd__and3b_1
        6    52.55   sky130_fd_sc_hd__and4_1
      296 1.11E+03   sky130_fd_sc_hd__clkinv_1
        2    52.55   sky130_fd_sc_hd__dfstp_2
      339 6.79E+03   sky130_fd_sc_hd__dfxtp_1
      242  7266.97   sky130_fd_sc_hd__edfxtp_1
       22  137.632   sky130_fd_sc_hd__lpflow_inputiso1p_1
       31  193.936   sky130_fd_sc_hd__lpflow_isobufsrc_1
       15  150.144   sky130_fd_sc_hd__maj3_1
       28  315.302   sky130_fd_sc_hd__mux2_1
       76   760.73   sky130_fd_sc_hd__mux2i_1
       20  450.432   sky130_fd_sc_hd__mux4_2
      432 1.62E+03   sky130_fd_sc_hd__nand2_1
       33  206.448   sky130_fd_sc_hd__nand2b_1
       74  370.355   sky130_fd_sc_hd__nand3_1
        5   37.536   sky130_fd_sc_hd__nand3b_1
       16  100.096   sky130_fd_sc_hd__nand4_1
        2   17.517   sky130_fd_sc_hd__nand4b_1
      347  1.3E+03   sky130_fd_sc_hd__nor2_1
        5    31.28   sky130_fd_sc_hd__nor2b_1
      123   615.59   sky130_fd_sc_hd__nor3_1
        8   60.058   sky130_fd_sc_hd__nor3b_1
       13   81.328   sky130_fd_sc_hd__nor4_1
        1    8.758   sky130_fd_sc_hd__nor4b_1
       11   96.342   sky130_fd_sc_hd__o2111ai_1
        3   30.029   sky130_fd_sc_hd__o211a_1
       11   82.579   sky130_fd_sc_hd__o211ai_1
       13   97.594   sky130_fd_sc_hd__o21a_1
      179  895.859   sky130_fd_sc_hd__o21ai_0
        1    10.01   sky130_fd_sc_hd__o21ba_1
        4   30.029   sky130_fd_sc_hd__o21bai_1
        5   56.304   sky130_fd_sc_hd__o221a_1
       22  192.685   sky130_fd_sc_hd__o221ai_1
       77  481.712   sky130_fd_sc_hd__o22ai_1
        1    8.758   sky130_fd_sc_hd__o2bb2ai_1
        2   20.019   sky130_fd_sc_hd__o311a_1
        4   35.034   sky130_fd_sc_hd__o311ai_0
        2   17.517   sky130_fd_sc_hd__o31a_1
       11   82.579   sky130_fd_sc_hd__o31ai_1
        2   20.019   sky130_fd_sc_hd__o32a_1
        3   26.275   sky130_fd_sc_hd__o32ai_1
        3   26.275   sky130_fd_sc_hd__o41ai_1
       15    93.84   sky130_fd_sc_hd__or3_1
        2   17.517   sky130_fd_sc_hd__or3b_1
        1    7.507   sky130_fd_sc_hd__or4_1
       70  613.088   sky130_fd_sc_hd__xnor2_1
       51  446.678   sky130_fd_sc_hd__xor2_1

   Chip area for module '\tt_um_moein_maleki_arm16': 29904.931200
     of which used for sequential elements: 14106.028800 (47.17%)

End of script. Logfile hash: 13ed742966, time: 1.28s, user: 0.57s, system: 0.03s, MEM: 53.25 MB peak
Yosys 0.67+40 (git sha1 45ea2b8d6-dirty, Release, Clang /usr/bin/clang++ 18.1.8)
Time spent: 57% 2x abc (0 sec), 7% 34x opt_clean (0 sec), ...
